{"msg":"Mounting /mnt/lima-afsadata/afs-delivery/dfs-delete-6d-20261007-r1/mount/dfs","level":"INFO","ts":"2026-10-06T23:54:01.47639221Z","instance":"dfs-a-r1","service_name":"afs-node"}
{"msg":"node.ready","level":"INFO","ts":"2026-10-06T23:54:01.483854236Z","instance":"dfs-a-r1","service_name":"afs-node","dfs":true,"ownerfs":false,"uds":"/mnt/lima-afsadata/afs-delivery/dfs-delete-6d-20261007-r1/run/node.sock","rest":"0.0.0.0:24001","grpc":"0.0.0.0:24000"}
{"msg":"FUSE request failed","level":"ERRO","ts":"2026-10-06T23:56:16.919812756Z","instance":"dfs-a-r1","service_name":"afs-node","message":"DFS dentry not found","kind":"NotFound","code":34078721}
{"msg":"FUSE request failed","level":"ERRO","ts":"2026-10-06T23:56:16.920293882Z","instance":"dfs-a-r1","service_name":"afs-node","message":"DFS dentry not found","kind":"NotFound","code":34078721}
{"msg":"FUSE request failed","level":"ERRO","ts":"2026-10-06T23:56:16.920672091Z","instance":"dfs-a-r1","service_name":"afs-node","message":"DFS dentry not found","kind":"NotFound","code":34078721}
{"msg":"FUSE request failed","level":"ERRO","ts":"2026-10-06T23:56:16.937817928Z","instance":"dfs-a-r1","service_name":"afs-node","message":"DFS dentry not found","kind":"NotFound","code":34078721}
{"msg":"fuse.create","level":"INFO","ts":"2026-10-06T23:56:16.937823136Z","instance":"dfs-a-r1","service_name":"afs-node","name":"entry-0000.bin","parent":2}
{"msg":"FUSE request failed","level":"ERRO","ts":"2026-10-06T23:56:16.94495078Z","instance":"dfs-a-r1","service_name":"afs-node","message":"DFS currently supports only user.* xattrs","kind":"FailedPrecondition","code":67305489}
{"msg":"FUSE request failed","level":"ERRO","ts":"2026-10-06T23:56:16.970207138Z","instance":"dfs-a-r1","service_name":"afs-node","message":"DFS dentry not found","kind":"NotFound","code":34078721}
{"msg":"fuse.create","level":"INFO","ts":"2026-10-06T23:56:16.970237138Z","instance":"dfs-a-r1","service_name":"afs-node","name":"entry-0001.bin","parent":2}
{"msg":"FUSE request failed","level":"ERRO","ts":"2026-10-06T23:56:16.977926908Z","instance":"dfs-a-r1","service_name":"afs-node","message":"DFS currently supports only user.* xattrs","kind":"FailedPrecondition","code":67305489}
{"msg":"FUSE request failed","level":"ERRO","ts":"2026-10-06T23:56:16.992384405Z","instance":"dfs-a-r1","service_name":"afs-node","message":"DFS dentry not found","kind":"NotFound","code":34078721}
{"msg":"fuse.create","level":"INFO","ts":"2026-10-06T23:56:16.992471572Z","instance":"dfs-a-r1","service_name":"afs-node","name":"entry-0002.bin","parent":2}
{"msg":"FUSE request failed","level":"ERRO","ts":"2026-10-06T23:56:16.999525298Z","instance":"dfs-a-r1","service_name":"afs-node","message":"DFS currently supports only user.* xattrs","kind":"FailedPrecondition","code":67305489}
{"msg":"FUSE request failed","level":"ERRO","ts":"2026-10-06T23:56:17.015388215Z","instance":"dfs-a-r1","service_name":"afs-node","message":"DFS dentry not found","kind":"NotFound","code":34078721}
{"msg":"fuse.create","level":"INFO","ts":"2026-10-06T23:56:17.01541534Z","instance":"dfs-a-r1","service_name":"afs-node","name":"entry-0003.bin","parent":2}
{"msg":"FUSE request failed","level":"ERRO","ts":"2026-10-06T23:56:17.022317192Z","instance":"dfs-a-r1","service_name":"afs-node","message":"DFS currently supports only user.* xattrs","kind":"FailedPrecondition","code":67305489}
{"msg":"FUSE request failed","level":"ERRO","ts":"2026-10-06T23:56:17.036967105Z","instance":"dfs-a-r1","service_name":"afs-node","message":"DFS dentry not found","kind":"NotFound","code":34078721}
{"msg":"fuse.create","level":"INFO","ts":"2026-10-06T23:56:17.037025355Z","instance":"dfs-a-r1","service_name":"afs-node","name":"entry-0004.bin","parent":2}
{"msg":"FUSE request failed","level":"ERRO","ts":"2026-10-06T23:56:17.04399229Z","instance":"dfs-a-r1","service_name":"afs-node","message":"DFS currently supports only user.* xattrs","kind":"FailedPrecondition","code":67305489}
{"msg":"FUSE request failed","level":"ERRO","ts":"2026-10-06T23:56:17.056743698Z","instance":"dfs-a-r1","service_name":"afs-node","message":"DFS dentry not found","kind":"NotFound","code":34078721}
{"msg":"fuse.create","level":"INFO","ts":"2026-10-06T23:56:17.056762949Z","instance":"dfs-a-r1","service_name":"afs-node","name":"entry-0005.bin","parent":2}
{"msg":"FUSE request failed","level":"ERRO","ts":"2026-10-06T23:56:17.063776009Z","instance":"dfs-a-r1","service_name":"afs-node","message":"DFS currently supports only user.* xattrs","kind":"FailedPrecondition","code":67305489}
{"msg":"FUSE request failed","level":"ERRO","ts":"2026-10-06T23:56:17.076574084Z","instance":"dfs-a-r1","service_name":"afs-node","message":"DFS dentry not found","kind":"NotFound","code":34078721}
{"msg":"fuse.create","level":"INFO","ts":"2026-10-06T23:56:17.076578209Z","instance":"dfs-a-r1","service_name":"afs-node","name":"entry-0006.bin","parent":2}
{"msg":"FUSE request failed","level":"ERRO","ts":"2026-10-06T23:56:17.083624644Z","instance":"dfs-a-r1","service_name":"afs-node","message":"DFS currently supports only user.* xattrs","kind":"FailedPrecondition","code":67305489}
{"msg":"FUSE request failed","level":"ERRO","ts":"2026-10-06T23:56:17.098150474Z","instance":"dfs-a-r1","service_name":"afs-node","message":"DFS dentry not found","kind":"NotFound","code":34078721}
{"msg":"fuse.create","level":"INFO","ts":"2026-10-06T23:56:17.098212724Z","instance":"dfs-a-r1","service_name":"afs-node","name":"entry-0007.bin","parent":2}
{"msg":"FUSE request failed","level":"ERRO","ts":"2026-10-06T23:56:17.10547991Z","instance":"dfs-a-r1","service_name":"afs-node","message":"DFS currently supports only user.* xattrs","kind":"FailedPrecondition","code":67305489}
{"msg":"FUSE request failed","level":"ERRO","ts":"2026-10-06T23:56:17.118928653Z","instance":"dfs-a-r1","service_name":"afs-node","message":"DFS dentry not found","kind":"NotFound","code":34078721}
{"msg":"fuse.create","level":"INFO","ts":"2026-10-06T23:56:17.118933403Z","instance":"dfs-a-r1","service_name":"afs-node","name":"entry-0008.bin","parent":2}
{"msg":"FUSE request failed","level":"ERRO","ts":"2026-10-06T23:56:17.12711305Z","instance":"dfs-a-r1","service_name":"afs-node","message":"DFS currently supports only user.* xattrs","kind":"FailedPrecondition","code":67305489}
{"msg":"FUSE request failed","level":"ERRO","ts":"2026-10-06T23:56:17.140935878Z","instance":"dfs-a-r1","service_name":"afs-node","message":"DFS dentry not found","kind":"NotFound","code":34078721}
{"msg":"fuse.create","level":"INFO","ts":"2026-10-06T23:56:17.140939128Z","instance":"dfs-a-r1","service_name":"afs-node","name":"entry-0009.bin","parent":2}
{"msg":"FUSE request failed","level":"ERRO","ts":"2026-10-06T23:56:17.149826109Z","instance":"dfs-a-r1","service_name":"afs-node","message":"DFS currently supports only user.* xattrs","kind":"FailedPrecondition","code":67305489}
{"msg":"FUSE request failed","level":"ERRO","ts":"2026-10-06T23:56:17.16291231Z","instance":"dfs-a-r1","service_name":"afs-node","message":"DFS dentry not found","kind":"NotFound","code":34078721}
{"msg":"fuse.create","level":"INFO","ts":"2026-10-06T23:56:17.162970269Z","instance":"dfs-a-r1","service_name":"afs-node","name":"entry-0010.bin","parent":2}
{"msg":"FUSE request failed","level":"ERRO","ts":"2026-10-06T23:56:17.172189001Z","instance":"dfs-a-r1","service_name":"afs-node","message":"DFS currently supports only user.* xattrs","kind":"FailedPrecondition","code":67305489}
{"msg":"FUSE request failed","level":"ERRO","ts":"2026-10-06T23:56:17.192789513Z","instance":"dfs-a-r1","service_name":"afs-node","message":"DFS dentry not found","kind":"NotFound","code":34078721}
{"msg":"fuse.create","level":"INFO","ts":"2026-10-06T23:56:17.192804097Z","instance":"dfs-a-r1","service_name":"afs-node","name":"entry-0011.bin","parent":2}
{"msg":"FUSE request failed","level":"ERRO","ts":"2026-10-06T23:56:17.197330609Z","instance":"dfs-a-r1","service_name":"afs-node","message":"DFS currently supports only user.* xattrs","kind":"FailedPrecondition","code":67305489}
{"msg":"FUSE request failed","level":"ERRO","ts":"2026-10-06T23:56:17.208584597Z","instance":"dfs-a-r1","service_name":"afs-node","message":"DFS dentry not found","kind":"NotFound","code":34078721}
{"msg":"fuse.create","level":"INFO","ts":"2026-10-06T23:56:17.208591763Z","instance":"dfs-a-r1","service_name":"afs-node","name":"entry-0012.bin","parent":2}
{"msg":"FUSE request failed","level":"ERRO","ts":"2026-10-06T23:56:17.21291965Z","instance":"dfs-a-r1","service_name":"afs-node","message":"DFS currently supports only user.* xattrs","kind":"FailedPrecondition","code":67305489}
{"msg":"FUSE request failed","level":"ERRO","ts":"2026-10-06T23:56:17.224378888Z","instance":"dfs-a-r1","service_name":"afs-node","message":"DFS dentry not found","kind":"NotFound","code":34078721}
{"msg":"fuse.create","level":"INFO","ts":"2026-10-06T23:56:17.224385471Z","instance":"dfs-a-r1","service_name":"afs-node","name":"entry-0013.bin","parent":2}
{"msg":"FUSE request failed","level":"ERRO","ts":"2026-10-06T23:56:17.229502401Z","instance":"dfs-a-r1","service_name":"afs-node","message":"DFS currently supports only user.* xattrs","kind":"FailedPrecondition","code":67305489}
{"msg":"FUSE request failed","level":"ERRO","ts":"2026-10-06T23:56:17.240652889Z","instance":"dfs-a-r1","service_name":"afs-node","message":"DFS dentry not found","kind":"NotFound","code":34078721}
{"msg":"fuse.create","level":"INFO","ts":"2026-10-06T23:56:17.240672389Z","instance":"dfs-a-r1","service_name":"afs-node","name":"entry-0014.bin","parent":2}
{"msg":"FUSE request failed","level":"ERRO","ts":"2026-10-06T23:56:17.246012195Z","instance":"dfs-a-r1","service_name":"afs-node","message":"DFS currently supports only user.* xattrs","kind":"FailedPrecondition","code":67305489}
{"msg":"FUSE request failed","level":"ERRO","ts":"2026-10-06T23:56:17.259401813Z","instance":"dfs-a-r1","service_name":"afs-node","message":"DFS dentry not found","kind":"NotFound","code":34078721}
{"msg":"fuse.create","level":"INFO","ts":"2026-10-06T23:56:17.25942073Z","instance":"dfs-a-r1","service_name":"afs-node","name":"entry-0015.bin","parent":2}
{"msg":"FUSE request failed","level":"ERRO","ts":"2026-10-06T23:56:17.265517371Z","instance":"dfs-a-r1","service_name":"afs-node","message":"DFS currently supports only user.* xattrs","kind":"FailedPrecondition","code":67305489}
{"msg":"FUSE request failed","level":"ERRO","ts":"2026-10-06T23:56:17.275644897Z","instance":"dfs-a-r1","service_name":"afs-node","message":"DFS dentry not found","kind":"NotFound","code":34078721}
{"msg":"fuse.create","level":"INFO","ts":"2026-10-06T23:56:17.275674897Z","instance":"dfs-a-r1","service_name":"afs-node","name":"entry-0016.bin","parent":2}
{"msg":"FUSE request failed","level":"ERRO","ts":"2026-10-06T23:56:17.282061581Z","instance":"dfs-a-r1","service_name":"afs-node","message":"DFS currently supports only user.* xattrs","kind":"FailedPrecondition","code":67305489}
{"msg":"FUSE request failed","level":"ERRO","ts":"2026-10-06T23:56:17.295196115Z","instance":"dfs-a-r1","service_name":"afs-node","message":"DFS dentry not found","kind":"NotFound","code":34078721}
{"msg":"fuse.create","level":"INFO","ts":"2026-10-06T23:56:17.295200199Z","instance":"dfs-a-r1","service_name":"afs-node","name":"entry-0017.bin","parent":2}
{"msg":"FUSE request failed","level":"ERRO","ts":"2026-10-06T23:56:17.303354928Z","instance":"dfs-a-r1","service_name":"afs-node","message":"DFS currently supports only user.* xattrs","kind":"FailedPrecondition","code":67305489}
{"msg":"FUSE request failed","level":"ERRO","ts":"2026-10-06T23:56:17.31550571Z","instance":"dfs-a-r1","service_name":"afs-node","message":"DFS dentry not found","kind":"NotFound","code":34078721}
{"msg":"fuse.create","level":"INFO","ts":"2026-10-06T23:56:17.315515835Z","instance":"dfs-a-r1","service_name":"afs-node","name":"entry-0018.bin","parent":2}
{"msg":"FUSE request failed","level":"ERRO","ts":"2026-10-06T23:56:17.32321573Z","instance":"dfs-a-r1","service_name":"afs-node","message":"DFS currently supports only user.* xattrs","kind":"FailedPrecondition","code":67305489}
{"msg":"FUSE request failed","level":"ERRO","ts":"2026-10-06T23:56:17.351983347Z","instance":"dfs-a-r1","service_name":"afs-node","message":"DFS dentry not found","kind":"NotFound","code":34078721}
{"msg":"fuse.create","level":"INFO","ts":"2026-10-06T23:56:17.351994972Z","instance":"dfs-a-r1","service_name":"afs-node","name":"entry-0019.bin","parent":2}
{"msg":"FUSE request failed","level":"ERRO","ts":"2026-10-06T23:56:17.360680995Z","instance":"dfs-a-r1","service_name":"afs-node","message":"DFS currently supports only user.* xattrs","kind":"FailedPrecondition","code":67305489}
{"msg":"FUSE request failed","level":"ERRO","ts":"2026-10-06T23:56:17.374329114Z","instance":"dfs-a-r1","service_name":"afs-node","message":"DFS dentry not found","kind":"NotFound","code":34078721}
{"msg":"fuse.create","level":"INFO","ts":"2026-10-06T23:56:17.374344239Z","instance":"dfs-a-r1","service_name":"afs-node","name":"entry-0020.bin","parent":2}
{"msg":"FUSE request failed","level":"ERRO","ts":"2026-10-06T23:56:17.3848666Z","instance":"dfs-a-r1","service_name":"afs-node","message":"DFS currently supports only user.* xattrs","kind":"FailedPrecondition","code":67305489}
{"msg":"FUSE request failed","level":"ERRO","ts":"2026-10-06T23:56:17.401300227Z","instance":"dfs-a-r1","service_name":"afs-node","message":"DFS dentry not found","kind":"NotFound","code":34078721}
{"msg":"fuse.create","level":"INFO","ts":"2026-10-06T23:56:17.401326893Z","instance":"dfs-a-r1","service_name":"afs-node","name":"entry-0021.bin","parent":2}
{"msg":"FUSE request failed","level":"ERRO","ts":"2026-10-06T23:56:17.412662173Z","instance":"dfs-a-r1","service_name":"afs-node","message":"DFS currently supports only user.* xattrs","kind":"FailedPrecondition","code":67305489}
{"msg":"FUSE request failed","level":"ERRO","ts":"2026-10-06T23:56:17.429454801Z","instance":"dfs-a-r1","service_name":"afs-node","message":"DFS dentry not found","kind":"NotFound","code":34078721}
{"msg":"fuse.create","level":"INFO","ts":"2026-10-06T23:56:17.429496009Z","instance":"dfs-a-r1","service_name":"afs-node","name":"entry-0022.bin","parent":2}
{"msg":"FUSE request failed","level":"ERRO","ts":"2026-10-06T23:56:17.440503454Z","instance":"dfs-a-r1","service_name":"afs-node","message":"DFS currently supports only user.* xattrs","kind":"FailedPrecondition","code":67305489}
{"msg":"FUSE request failed","level":"ERRO","ts":"2026-10-06T23:56:17.457607749Z","instance":"dfs-a-r1","service_name":"afs-node","message":"DFS dentry not found","kind":"NotFound","code":34078721}
{"msg":"fuse.create","level":"INFO","ts":"2026-10-06T23:56:17.457639791Z","instance":"dfs-a-r1","service_name":"afs-node","name":"entry-0023.bin","parent":2}
{"msg":"FUSE request failed","level":"ERRO","ts":"2026-10-06T23:56:17.469142946Z","instance":"dfs-a-r1","service_name":"afs-node","message":"DFS currently supports only user.* xattrs","kind":"FailedPrecondition","code":67305489}
{"msg":"FUSE request failed","level":"ERRO","ts":"2026-10-06T23:56:17.48915804Z","instance":"dfs-a-r1","service_name":"afs-node","message":"DFS dentry not found","kind":"NotFound","code":34078721}
{"msg":"fuse.create","level":"INFO","ts":"2026-10-06T23:56:17.489184124Z","instance":"dfs-a-r1","service_name":"afs-node","name":"entry-0024.bin","parent":2}
{"msg":"FUSE request failed","level":"ERRO","ts":"2026-10-06T23:56:17.50220345Z","instance":"dfs-a-r1","service_name":"afs-node","message":"DFS currently supports only user.* xattrs","kind":"FailedPrecondition","code":67305489}
{"msg":"FUSE request failed","level":"ERRO","ts":"2026-10-06T23:56:17.520564539Z","instance":"dfs-a-r1","service_name":"afs-node","message":"DFS dentry not found","kind":"NotFound","code":34078721}
{"msg":"fuse.create","level":"INFO","ts":"2026-10-06T23:56:17.520603748Z","instance":"dfs-a-r1","service_name":"afs-node","name":"entry-0025.bin","parent":2}
{"msg":"FUSE request failed","level":"ERRO","ts":"2026-10-06T23:56:17.538016585Z","instance":"dfs-a-r1","service_name":"afs-node","message":"DFS currently supports only user.* xattrs","kind":"FailedPrecondition","code":67305489}
{"msg":"FUSE request failed","level":"ERRO","ts":"2026-10-06T23:56:17.546252898Z","instance":"dfs-a-r1","service_name":"afs-node","message":"DFS dentry not found","kind":"NotFound","code":34078721}
{"msg":"fuse.create","level":"INFO","ts":"2026-10-06T23:56:17.546287732Z","instance":"dfs-a-r1","service_name":"afs-node","name":"entry-0026.bin","parent":2}
{"msg":"FUSE request failed","level":"ERRO","ts":"2026-10-06T23:56:17.551155161Z","instance":"dfs-a-r1","service_name":"afs-node","message":"DFS currently supports only user.* xattrs","kind":"FailedPrecondition","code":67305489}
{"msg":"FUSE request failed","level":"ERRO","ts":"2026-10-06T23:56:17.564277279Z","instance":"dfs-a-r1","service_name":"afs-node","message":"DFS dentry not found","kind":"NotFound","code":34078721}
{"msg":"fuse.create","level":"INFO","ts":"2026-10-06T23:56:17.564303362Z","instance":"dfs-a-r1","service_name":"afs-node","name":"entry-0027.bin","parent":2}
{"msg":"FUSE request failed","level":"ERRO","ts":"2026-10-06T23:56:17.571009005Z","instance":"dfs-a-r1","service_name":"afs-node","message":"DFS currently supports only user.* xattrs","kind":"FailedPrecondition","code":67305489}
{"msg":"FUSE request failed","level":"ERRO","ts":"2026-10-06T23:56:17.584431707Z","instance":"dfs-a-r1","service_name":"afs-node","message":"DFS dentry not found","kind":"NotFound","code":34078721}
{"msg":"fuse.create","level":"INFO","ts":"2026-10-06T23:56:17.58445854Z","instance":"dfs-a-r1","service_name":"afs-node","name":"entry-0028.bin","parent":2}
{"msg":"FUSE request failed","level":"ERRO","ts":"2026-10-06T23:56:17.591585726Z","instance":"dfs-a-r1","service_name":"afs-node","message":"DFS currently supports only user.* xattrs","kind":"FailedPrecondition","code":67305489}
{"msg":"FUSE request failed","level":"ERRO","ts":"2026-10-06T23:56:17.605223761Z","instance":"dfs-a-r1","service_name":"afs-node","message":"DFS dentry not found","kind":"NotFound","code":34078721}
{"msg":"fuse.create","level":"INFO","ts":"2026-10-06T23:56:17.605237178Z","instance":"dfs-a-r1","service_name":"afs-node","name":"entry-0029.bin","parent":2}
{"msg":"FUSE request failed","level":"ERRO","ts":"2026-10-06T23:56:17.613835742Z","instance":"dfs-a-r1","service_name":"afs-node","message":"DFS currently supports only user.* xattrs","kind":"FailedPrecondition","code":67305489}
{"msg":"FUSE request failed","level":"ERRO","ts":"2026-10-06T23:56:17.629873368Z","instance":"dfs-a-r1","service_name":"afs-node","message":"DFS dentry not found","kind":"NotFound","code":34078721}
{"msg":"fuse.create","level":"INFO","ts":"2026-10-06T23:56:17.629888159Z","instance":"dfs-a-r1","service_name":"afs-node","name":"entry-0030.bin","parent":2}
{"msg":"FUSE request failed","level":"ERRO","ts":"2026-10-06T23:56:17.639260226Z","instance":"dfs-a-r1","service_name":"afs-node","message":"DFS currently supports only user.* xattrs","kind":"FailedPrecondition","code":67305489}
{"msg":"FUSE request failed","level":"ERRO","ts":"2026-10-06T23:56:17.658088483Z","instance":"dfs-a-r1","service_name":"afs-node","message":"DFS dentry not found","kind":"NotFound","code":34078721}
{"msg":"fuse.create","level":"INFO","ts":"2026-10-06T23:56:17.658097817Z","instance":"dfs-a-r1","service_name":"afs-node","name":"entry-0031.bin","parent":2}
{"msg":"FUSE request failed","level":"ERRO","ts":"2026-10-06T23:56:17.667474133Z","instance":"dfs-a-r1","service_name":"afs-node","message":"DFS currently supports only user.* xattrs","kind":"FailedPrecondition","code":67305489}
{"msg":"FUSE request failed","level":"ERRO","ts":"2026-10-06T23:56:17.686348599Z","instance":"dfs-a-r1","service_name":"afs-node","message":"DFS dentry not found","kind":"NotFound","code":34078721}
{"msg":"fuse.create","level":"INFO","ts":"2026-10-06T23:56:17.686366766Z","instance":"dfs-a-r1","service_name":"afs-node","name":"entry-0032.bin","parent":2}
{"msg":"FUSE request failed","level":"ERRO","ts":"2026-10-06T23:56:17.696958293Z","instance":"dfs-a-r1","service_name":"afs-node","message":"DFS currently supports only user.* xattrs","kind":"FailedPrecondition","code":67305489}
{"msg":"FUSE request failed","level":"ERRO","ts":"2026-10-06T23:56:17.715841593Z","instance":"dfs-a-r1","service_name":"afs-node","message":"DFS dentry not found","kind":"NotFound","code":34078721}
{"msg":"fuse.create","level":"INFO","ts":"2026-10-06T23:56:17.715907593Z","instance":"dfs-a-r1","service_name":"afs-node","name":"entry-0033.bin","parent":2}
{"msg":"FUSE request failed","level":"ERRO","ts":"2026-10-06T23:56:17.727501374Z","instance":"dfs-a-r1","service_name":"afs-node","message":"DFS currently supports only user.* xattrs","kind":"FailedPrecondition","code":67305489}
{"msg":"FUSE request failed","level":"ERRO","ts":"2026-10-06T23:56:17.744876169Z","instance":"dfs-a-r1","service_name":"afs-node","message":"DFS dentry not found","kind":"NotFound","code":34078721}
{"msg":"fuse.create","level":"INFO","ts":"2026-10-06T23:56:17.744890669Z","instance":"dfs-a-r1","service_name":"afs-node","name":"entry-0034.bin","parent":2}
{"msg":"FUSE request failed","level":"ERRO","ts":"2026-10-06T23:56:17.757152368Z","instance":"dfs-a-r1","service_name":"afs-node","message":"DFS currently supports only user.* xattrs","kind":"FailedPrecondition","code":67305489}
{"msg":"FUSE request failed","level":"ERRO","ts":"2026-10-06T23:56:17.778569966Z","instance":"dfs-a-r1","service_name":"afs-node","message":"DFS dentry not found","kind":"NotFound","code":34078721}
{"msg":"fuse.create","level":"INFO","ts":"2026-10-06T23:56:17.778592174Z","instance":"dfs-a-r1","service_name":"afs-node","name":"entry-0035.bin","parent":2}
{"msg":"FUSE request failed","level":"ERRO","ts":"2026-10-06T23:56:17.783468687Z","instance":"dfs-a-r1","service_name":"afs-node","message":"DFS currently supports only user.* xattrs","kind":"FailedPrecondition","code":67305489}
{"msg":"FUSE request failed","level":"ERRO","ts":"2026-10-06T23:56:17.793275129Z","instance":"dfs-a-r1","service_name":"afs-node","message":"DFS dentry not found","kind":"NotFound","code":34078721}
{"msg":"fuse.create","level":"INFO","ts":"2026-10-06T23:56:17.793324171Z","instance":"dfs-a-r1","service_name":"afs-node","name":"entry-0036.bin","parent":2}
{"msg":"FUSE request failed","level":"ERRO","ts":"2026-10-06T23:56:17.80042594Z","instance":"dfs-a-r1","service_name":"afs-node","message":"DFS currently supports only user.* xattrs","kind":"FailedPrecondition","code":67305489}
{"msg":"FUSE request failed","level":"ERRO","ts":"2026-10-06T23:56:17.810974509Z","instance":"dfs-a-r1","service_name":"afs-node","message":"DFS dentry not found","kind":"NotFound","code":34078721}
{"msg":"fuse.create","level":"INFO","ts":"2026-10-06T23:56:17.810978717Z","instance":"dfs-a-r1","service_name":"afs-node","name":"entry-0037.bin","parent":2}
{"msg":"FUSE request failed","level":"ERRO","ts":"2026-10-06T23:56:17.818624196Z","instance":"dfs-a-r1","service_name":"afs-node","message":"DFS currently supports only user.* xattrs","kind":"FailedPrecondition","code":67305489}
{"msg":"FUSE request failed","level":"ERRO","ts":"2026-10-06T23:56:17.831942064Z","instance":"dfs-a-r1","service_name":"afs-node","message":"DFS dentry not found","kind":"NotFound","code":34078721}
{"msg":"fuse.create","level":"INFO","ts":"2026-10-06T23:56:17.831960397Z","instance":"dfs-a-r1","service_name":"afs-node","name":"entry-0038.bin","parent":2}
{"msg":"FUSE request failed","level":"ERRO","ts":"2026-10-06T23:56:17.840532003Z","instance":"dfs-a-r1","service_name":"afs-node","message":"DFS currently supports only user.* xattrs","kind":"FailedPrecondition","code":67305489}
{"msg":"FUSE request failed","level":"ERRO","ts":"2026-10-06T23:56:17.853924913Z","instance":"dfs-a-r1","service_name":"afs-node","message":"DFS dentry not found","kind":"NotFound","code":34078721}
{"msg":"fuse.create","level":"INFO","ts":"2026-10-06T23:56:17.853939747Z","instance":"dfs-a-r1","service_name":"afs-node","name":"entry-0039.bin","parent":2}
{"msg":"FUSE request failed","level":"ERRO","ts":"2026-10-06T23:56:17.863822773Z","instance":"dfs-a-r1","service_name":"afs-node","message":"DFS currently supports only user.* xattrs","kind":"FailedPrecondition","code":67305489}
{"msg":"FUSE request failed","level":"ERRO","ts":"2026-10-06T23:56:17.882419113Z","instance":"dfs-a-r1","service_name":"afs-node","message":"DFS dentry not found","kind":"NotFound","code":34078721}
{"msg":"fuse.create","level":"INFO","ts":"2026-10-06T23:56:17.88245653Z","instance":"dfs-a-r1","service_name":"afs-node","name":"entry-0040.bin","parent":2}
{"msg":"FUSE request failed","level":"ERRO","ts":"2026-10-06T23:56:17.893486559Z","instance":"dfs-a-r1","service_name":"afs-node","message":"DFS currently supports only user.* xattrs","kind":"FailedPrecondition","code":67305489}
{"msg":"FUSE request failed","level":"ERRO","ts":"2026-10-06T23:56:17.911386397Z","instance":"dfs-a-r1","service_name":"afs-node","message":"DFS dentry not found","kind":"NotFound","code":34078721}
{"msg":"fuse.create","level":"INFO","ts":"2026-10-06T23:56:17.911402772Z","instance":"dfs-a-r1","service_name":"afs-node","name":"entry-0041.bin","parent":2}
{"msg":"FUSE request failed","level":"ERRO","ts":"2026-10-06T23:56:17.924673515Z","instance":"dfs-a-r1","service_name":"afs-node","message":"DFS currently supports only user.* xattrs","kind":"FailedPrecondition","code":67305489}
{"msg":"FUSE request failed","level":"ERRO","ts":"2026-10-06T23:56:17.945533112Z","instance":"dfs-a-r1","service_name":"afs-node","message":"DFS dentry not found","kind":"NotFound","code":34078721}
{"msg":"fuse.create","level":"INFO","ts":"2026-10-06T23:56:17.945569237Z","instance":"dfs-a-r1","service_name":"afs-node","name":"entry-0042.bin","parent":2}
{"msg":"FUSE request failed","level":"ERRO","ts":"2026-10-06T23:56:17.959822066Z","instance":"dfs-a-r1","service_name":"afs-node","message":"DFS currently supports only user.* xattrs","kind":"FailedPrecondition","code":67305489}
{"msg":"FUSE request failed","level":"ERRO","ts":"2026-10-06T23:56:17.984080421Z","instance":"dfs-a-r1","service_name":"afs-node","message":"DFS dentry not found","kind":"NotFound","code":34078721}
{"msg":"fuse.create","level":"INFO","ts":"2026-10-06T23:56:17.984135588Z","instance":"dfs-a-r1","service_name":"afs-node","name":"entry-0043.bin","parent":2}
{"msg":"FUSE request failed","level":"ERRO","ts":"2026-10-06T23:56:17.991119815Z","instance":"dfs-a-r1","service_name":"afs-node","message":"DFS currently supports only user.* xattrs","kind":"FailedPrecondition","code":67305489}
{"msg":"FUSE request failed","level":"ERRO","ts":"2026-10-06T23:56:18.005396144Z","instance":"dfs-a-r1","service_name":"afs-node","message":"DFS dentry not found","kind":"NotFound","code":34078721}
{"msg":"fuse.create","level":"INFO","ts":"2026-10-06T23:56:18.00541706Z","instance":"dfs-a-r1","service_name":"afs-node","name":"entry-0044.bin","parent":2}
{"msg":"FUSE request failed","level":"ERRO","ts":"2026-10-06T23:56:18.012805246Z","instance":"dfs-a-r1","service_name":"afs-node","message":"DFS currently supports only user.* xattrs","kind":"FailedPrecondition","code":67305489}
{"msg":"FUSE request failed","level":"ERRO","ts":"2026-10-06T23:56:18.029277498Z","instance":"dfs-a-r1","service_name":"afs-node","message":"DFS dentry not found","kind":"NotFound","code":34078721}
{"msg":"fuse.create","level":"INFO","ts":"2026-10-06T23:56:18.029305665Z","instance":"dfs-a-r1","service_name":"afs-node","name":"entry-0045.bin","parent":2}
{"msg":"FUSE request failed","level":"ERRO","ts":"2026-10-06T23:56:18.037763062Z","instance":"dfs-a-r1","service_name":"afs-node","message":"DFS currently supports only user.* xattrs","kind":"FailedPrecondition","code":67305489}
{"msg":"FUSE request failed","level":"ERRO","ts":"2026-10-06T23:56:18.055734525Z","instance":"dfs-a-r1","service_name":"afs-node","message":"DFS dentry not found","kind":"NotFound","code":34078721}
{"msg":"fuse.create","level":"INFO","ts":"2026-10-06T23:56:18.055750192Z","instance":"dfs-a-r1","service_name":"afs-node","name":"entry-0046.bin","parent":2}
{"msg":"FUSE request failed","level":"ERRO","ts":"2026-10-06T23:56:18.066070844Z","instance":"dfs-a-r1","service_name":"afs-node","message":"DFS currently supports only user.* xattrs","kind":"FailedPrecondition","code":67305489}
{"msg":"FUSE request failed","level":"ERRO","ts":"2026-10-06T23:56:18.084682726Z","instance":"dfs-a-r1","service_name":"afs-node","message":"DFS dentry not found","kind":"NotFound","code":34078721}
{"msg":"fuse.create","level":"INFO","ts":"2026-10-06T23:56:18.084702351Z","instance":"dfs-a-r1","service_name":"afs-node","name":"entry-0047.bin","parent":2}
{"msg":"FUSE request failed","level":"ERRO","ts":"2026-10-06T23:56:18.096067131Z","instance":"dfs-a-r1","service_name":"afs-node","message":"DFS currently supports only user.* xattrs","kind":"FailedPrecondition","code":67305489}
{"msg":"FUSE request failed","level":"ERRO","ts":"2026-10-06T23:56:18.114441846Z","instance":"dfs-a-r1","service_name":"afs-node","message":"DFS dentry not found","kind":"NotFound","code":34078721}
{"msg":"fuse.create","level":"INFO","ts":"2026-10-06T23:56:18.114457346Z","instance":"dfs-a-r1","service_name":"afs-node","name":"entry-0048.bin","parent":2}
{"msg":"FUSE request failed","level":"ERRO","ts":"2026-10-06T23:56:18.127590463Z","instance":"dfs-a-r1","service_name":"afs-node","message":"DFS currently supports only user.* xattrs","kind":"FailedPrecondition","code":67305489}
{"msg":"FUSE request failed","level":"ERRO","ts":"2026-10-06T23:56:18.150419148Z","instance":"dfs-a-r1","service_name":"afs-node","message":"DFS dentry not found","kind":"NotFound","code":34078721}
{"msg":"fuse.create","level":"INFO","ts":"2026-10-06T23:56:18.150474023Z","instance":"dfs-a-r1","service_name":"afs-node","name":"entry-0049.bin","parent":2}
{"msg":"FUSE request failed","level":"ERRO","ts":"2026-10-06T23:56:18.16569673Z","instance":"dfs-a-r1","service_name":"afs-node","message":"DFS currently supports only user.* xattrs","kind":"FailedPrecondition","code":67305489}
{"msg":"FUSE request failed","level":"ERRO","ts":"2026-10-06T23:56:18.192019132Z","instance":"dfs-a-r1","service_name":"afs-node","message":"DFS dentry not found","kind":"NotFound","code":34078721}
{"msg":"fuse.create","level":"INFO","ts":"2026-10-06T23:56:18.192045299Z","instance":"dfs-a-r1","service_name":"afs-node","name":"entry-0050.bin","parent":2}
{"msg":"FUSE request failed","level":"ERRO","ts":"2026-10-06T23:56:18.198424899Z","instance":"dfs-a-r1","service_name":"afs-node","message":"DFS currently supports only user.* xattrs","kind":"FailedPrecondition","code":67305489}
{"msg":"FUSE request failed","level":"ERRO","ts":"2026-10-06T23:56:18.21036118Z","instance":"dfs-a-r1","service_name":"afs-node","message":"DFS dentry not found","kind":"NotFound","code":34078721}
{"msg":"fuse.create","level":"INFO","ts":"2026-10-06T23:56:18.210368638Z","instance":"dfs-a-r1","service_name":"afs-node","name":"entry-0051.bin","parent":2}
{"msg":"FUSE request failed","level":"ERRO","ts":"2026-10-06T23:56:18.219013828Z","instance":"dfs-a-r1","service_name":"afs-node","message":"DFS currently supports only user.* xattrs","kind":"FailedPrecondition","code":67305489}
{"msg":"FUSE request failed","level":"ERRO","ts":"2026-10-06T23:56:18.233564741Z","instance":"dfs-a-r1","service_name":"afs-node","message":"DFS dentry not found","kind":"NotFound","code":34078721}
{"msg":"fuse.create","level":"INFO","ts":"2026-10-06T23:56:18.233595199Z","instance":"dfs-a-r1","service_name":"afs-node","name":"entry-0052.bin","parent":2}
{"msg":"FUSE request failed","level":"ERRO","ts":"2026-10-06T23:56:18.242500347Z","instance":"dfs-a-r1","service_name":"afs-node","message":"DFS currently supports only user.* xattrs","kind":"FailedPrecondition","code":67305489}
{"msg":"FUSE request failed","level":"ERRO","ts":"2026-10-06T23:56:18.260111893Z","instance":"dfs-a-r1","service_name":"afs-node","message":"DFS dentry not found","kind":"NotFound","code":34078721}
{"msg":"fuse.create","level":"INFO","ts":"2026-10-06T23:56:18.26014681Z","instance":"dfs-a-r1","service_name":"afs-node","name":"entry-0053.bin","parent":2}
{"msg":"FUSE request failed","level":"ERRO","ts":"2026-10-06T23:56:18.271374798Z","instance":"dfs-a-r1","service_name":"afs-node","message":"DFS currently supports only user.* xattrs","kind":"FailedPrecondition","code":67305489}
{"msg":"FUSE request failed","level":"ERRO","ts":"2026-10-06T23:56:18.287217756Z","instance":"dfs-a-r1","service_name":"afs-node","message":"DFS dentry not found","kind":"NotFound","code":34078721}
{"msg":"fuse.create","level":"INFO","ts":"2026-10-06T23:56:18.287240548Z","instance":"dfs-a-r1","service_name":"afs-node","name":"entry-0054.bin","parent":2}
{"msg":"FUSE request failed","level":"ERRO","ts":"2026-10-06T23:56:18.299929998Z","instance":"dfs-a-r1","service_name":"afs-node","message":"DFS currently supports only user.* xattrs","kind":"FailedPrecondition","code":67305489}
{"msg":"FUSE request failed","level":"ERRO","ts":"2026-10-06T23:56:18.318332462Z","instance":"dfs-a-r1","service_name":"afs-node","message":"DFS dentry not found","kind":"NotFound","code":34078721}
{"msg":"fuse.create","level":"INFO","ts":"2026-10-06T23:56:18.318374546Z","instance":"dfs-a-r1","service_name":"afs-node","name":"entry-0055.bin","parent":2}
{"msg":"FUSE request failed","level":"ERRO","ts":"2026-10-06T23:56:18.33285725Z","instance":"dfs-a-r1","service_name":"afs-node","message":"DFS currently supports only user.* xattrs","kind":"FailedPrecondition","code":67305489}
{"msg":"FUSE request failed","level":"ERRO","ts":"2026-10-06T23:56:18.358380067Z","instance":"dfs-a-r1","service_name":"afs-node","message":"DFS dentry not found","kind":"NotFound","code":34078721}
{"msg":"fuse.create","level":"INFO","ts":"2026-10-06T23:56:18.358391401Z","instance":"dfs-a-r1","service_name":"afs-node","name":"entry-0056.bin","parent":2}
{"msg":"FUSE request failed","level":"ERRO","ts":"2026-10-06T23:56:18.365008584Z","instance":"dfs-a-r1","service_name":"afs-node","message":"DFS currently supports only user.* xattrs","kind":"FailedPrecondition","code":67305489}
{"msg":"FUSE request failed","level":"ERRO","ts":"2026-10-06T23:56:18.378771537Z","instance":"dfs-a-r1","service_name":"afs-node","message":"DFS dentry not found","kind":"NotFound","code":34078721}
{"msg":"fuse.create","level":"INFO","ts":"2026-10-06T23:56:18.378793162Z","instance":"dfs-a-r1","service_name":"afs-node","name":"entry-0057.bin","parent":2}
{"msg":"FUSE request failed","level":"ERRO","ts":"2026-10-06T23:56:18.386597266Z","instance":"dfs-a-r1","service_name":"afs-node","message":"DFS currently supports only user.* xattrs","kind":"FailedPrecondition","code":67305489}
{"msg":"FUSE request failed","level":"ERRO","ts":"2026-10-06T23:56:18.400214593Z","instance":"dfs-a-r1","service_name":"afs-node","message":"DFS dentry not found","kind":"NotFound","code":34078721}
{"msg":"fuse.create","level":"INFO","ts":"2026-10-06T23:56:18.400235343Z","instance":"dfs-a-r1","service_name":"afs-node","name":"entry-0058.bin","parent":2}
{"msg":"FUSE request failed","level":"ERRO","ts":"2026-10-06T23:56:18.409820368Z","instance":"dfs-a-r1","service_name":"afs-node","message":"DFS currently supports only user.* xattrs","kind":"FailedPrecondition","code":67305489}
{"msg":"FUSE request failed","level":"ERRO","ts":"2026-10-06T23:56:18.424786658Z","instance":"dfs-a-r1","service_name":"afs-node","message":"DFS dentry not found","kind":"NotFound","code":34078721}
{"msg":"fuse.create","level":"INFO","ts":"2026-10-06T23:56:18.424801199Z","instance":"dfs-a-r1","service_name":"afs-node","name":"entry-0059.bin","parent":2}
{"msg":"FUSE request failed","level":"ERRO","ts":"2026-10-06T23:56:18.436288521Z","instance":"dfs-a-r1","service_name":"afs-node","message":"DFS currently supports only user.* xattrs","kind":"FailedPrecondition","code":67305489}
{"msg":"FUSE request failed","level":"ERRO","ts":"2026-10-06T23:56:18.454202109Z","instance":"dfs-a-r1","service_name":"afs-node","message":"DFS dentry not found","kind":"NotFound","code":34078721}
{"msg":"fuse.create","level":"INFO","ts":"2026-10-06T23:56:18.454231193Z","instance":"dfs-a-r1","service_name":"afs-node","name":"entry-0060.bin","parent":2}
{"msg":"FUSE request failed","level":"ERRO","ts":"2026-10-06T23:56:18.468288021Z","instance":"dfs-a-r1","service_name":"afs-node","message":"DFS currently supports only user.* xattrs","kind":"FailedPrecondition","code":67305489}
{"msg":"FUSE request failed","level":"ERRO","ts":"2026-10-06T23:56:18.486313319Z","instance":"dfs-a-r1","service_name":"afs-node","message":"DFS dentry not found","kind":"NotFound","code":34078721}
{"msg":"fuse.create","level":"INFO","ts":"2026-10-06T23:56:18.48634861Z","instance":"dfs-a-r1","service_name":"afs-node","name":"entry-0061.bin","parent":2}
{"msg":"FUSE request failed","level":"ERRO","ts":"2026-10-06T23:56:18.504396657Z","instance":"dfs-a-r1","service_name":"afs-node","message":"DFS currently supports only user.* xattrs","kind":"FailedPrecondition","code":67305489}
{"msg":"FUSE request failed","level":"ERRO","ts":"2026-10-06T23:56:18.516597606Z","instance":"dfs-a-r1","service_name":"afs-node","message":"DFS dentry not found","kind":"NotFound","code":34078721}
{"msg":"fuse.create","level":"INFO","ts":"2026-10-06T23:56:18.516607023Z","instance":"dfs-a-r1","service_name":"afs-node","name":"entry-0062.bin","parent":2}
{"msg":"FUSE request failed","level":"ERRO","ts":"2026-10-06T23:56:18.524183918Z","instance":"dfs-a-r1","service_name":"afs-node","message":"DFS currently supports only user.* xattrs","kind":"FailedPrecondition","code":67305489}
{"msg":"FUSE request failed","level":"ERRO","ts":"2026-10-06T23:56:18.540647169Z","instance":"dfs-a-r1","service_name":"afs-node","message":"DFS dentry not found","kind":"NotFound","code":34078721}
{"msg":"fuse.create","level":"INFO","ts":"2026-10-06T23:56:18.540650502Z","instance":"dfs-a-r1","service_name":"afs-node","name":"entry-0063.bin","parent":2}
{"msg":"FUSE request failed","level":"ERRO","ts":"2026-10-06T23:56:18.549493109Z","instance":"dfs-a-r1","service_name":"afs-node","message":"DFS currently supports only user.* xattrs","kind":"FailedPrecondition","code":67305489}
{"msg":"FUSE request failed","level":"ERRO","ts":"2026-10-06T23:56:18.566348986Z","instance":"dfs-a-r1","service_name":"afs-node","message":"DFS dentry not found","kind":"NotFound","code":34078721}
{"msg":"fuse.create","level":"INFO","ts":"2026-10-06T23:56:18.566353153Z","instance":"dfs-a-r1","service_name":"afs-node","name":"entry-0064.bin","parent":2}
{"msg":"FUSE request failed","level":"ERRO","ts":"2026-10-06T23:56:18.578091475Z","instance":"dfs-a-r1","service_name":"afs-node","message":"DFS currently supports only user.* xattrs","kind":"FailedPrecondition","code":67305489}
{"msg":"FUSE request failed","level":"ERRO","ts":"2026-10-06T23:56:18.595357437Z","instance":"dfs-a-r1","service_name":"afs-node","message":"DFS dentry not found","kind":"NotFound","code":34078721}
{"msg":"fuse.create","level":"INFO","ts":"2026-10-06T23:56:18.595373687Z","instance":"dfs-a-r1","service_name":"afs-node","name":"entry-0065.bin","parent":2}
{"msg":"FUSE request failed","level":"ERRO","ts":"2026-10-06T23:56:18.607772303Z","instance":"dfs-a-r1","service_name":"afs-node","message":"DFS currently supports only user.* xattrs","kind":"FailedPrecondition","code":67305489}
{"msg":"FUSE request failed","level":"ERRO","ts":"2026-10-06T23:56:18.625927517Z","instance":"dfs-a-r1","service_name":"afs-node","message":"DFS dentry not found","kind":"NotFound","code":34078721}
{"msg":"fuse.create","level":"INFO","ts":"2026-10-06T23:56:18.625945767Z","instance":"dfs-a-r1","service_name":"afs-node","name":"entry-0066.bin","parent":2}
{"msg":"FUSE request failed","level":"ERRO","ts":"2026-10-06T23:56:18.643568022Z","instance":"dfs-a-r1","service_name":"afs-node","message":"DFS currently supports only user.* xattrs","kind":"FailedPrecondition","code":67305489}
{"msg":"FUSE request failed","level":"ERRO","ts":"2026-10-06T23:56:18.655822387Z","instance":"dfs-a-r1","service_name":"afs-node","message":"DFS dentry not found","kind":"NotFound","code":34078721}
{"msg":"fuse.create","level":"INFO","ts":"2026-10-06T23:56:18.655839637Z","instance":"dfs-a-r1","service_name":"afs-node","name":"entry-0067.bin","parent":2}
{"msg":"FUSE request failed","level":"ERRO","ts":"2026-10-06T23:56:18.663484449Z","instance":"dfs-a-r1","service_name":"afs-node","message":"DFS currently supports only user.* xattrs","kind":"FailedPrecondition","code":67305489}
{"msg":"FUSE request failed","level":"ERRO","ts":"2026-10-06T23:56:18.679163865Z","instance":"dfs-a-r1","service_name":"afs-node","message":"DFS dentry not found","kind":"NotFound","code":34078721}
{"msg":"fuse.create","level":"INFO","ts":"2026-10-06T23:56:18.679197823Z","instance":"dfs-a-r1","service_name":"afs-node","name":"entry-0068.bin","parent":2}
{"msg":"FUSE request failed","level":"ERRO","ts":"2026-10-06T23:56:18.688990932Z","instance":"dfs-a-r1","service_name":"afs-node","message":"DFS currently supports only user.* xattrs","kind":"FailedPrecondition","code":67305489}
{"msg":"FUSE request failed","level":"ERRO","ts":"2026-10-06T23:56:18.703171178Z","instance":"dfs-a-r1","service_name":"afs-node","message":"DFS dentry not found","kind":"NotFound","code":34078721}
{"msg":"fuse.create","level":"INFO","ts":"2026-10-06T23:56:18.703192594Z","instance":"dfs-a-r1","service_name":"afs-node","name":"entry-0069.bin","parent":2}
{"msg":"FUSE request failed","level":"ERRO","ts":"2026-10-06T23:56:18.715124875Z","instance":"dfs-a-r1","service_name":"afs-node","message":"DFS currently supports only user.* xattrs","kind":"FailedPrecondition","code":67305489}
{"msg":"FUSE request failed","level":"ERRO","ts":"2026-10-06T23:56:18.732482838Z","instance":"dfs-a-r1","service_name":"afs-node","message":"DFS dentry not found","kind":"NotFound","code":34078721}
{"msg":"fuse.create","level":"INFO","ts":"2026-10-06T23:56:18.732497546Z","instance":"dfs-a-r1","service_name":"afs-node","name":"entry-0070.bin","parent":2}
{"msg":"FUSE request failed","level":"ERRO","ts":"2026-10-06T23:56:18.745763664Z","instance":"dfs-a-r1","service_name":"afs-node","message":"DFS currently supports only user.* xattrs","kind":"FailedPrecondition","code":67305489}
{"msg":"FUSE request failed","level":"ERRO","ts":"2026-10-06T23:56:18.76797368Z","instance":"dfs-a-r1","service_name":"afs-node","message":"DFS dentry not found","kind":"NotFound","code":34078721}
{"msg":"fuse.create","level":"INFO","ts":"2026-10-06T23:56:18.767995889Z","instance":"dfs-a-r1","service_name":"afs-node","name":"entry-0071.bin","parent":2}
{"msg":"FUSE request failed","level":"ERRO","ts":"2026-10-06T23:56:18.788177983Z","instance":"dfs-a-r1","service_name":"afs-node","message":"DFS currently supports only user.* xattrs","kind":"FailedPrecondition","code":67305489}
{"msg":"FUSE request failed","level":"ERRO","ts":"2026-10-06T23:56:18.799339262Z","instance":"dfs-a-r1","service_name":"afs-node","message":"DFS dentry not found","kind":"NotFound","code":34078721}
{"msg":"fuse.create","level":"INFO","ts":"2026-10-06T23:56:18.799356179Z","instance":"dfs-a-r1","service_name":"afs-node","name":"entry-0072.bin","parent":2}
{"msg":"FUSE request failed","level":"ERRO","ts":"2026-10-06T23:56:18.807777326Z","instance":"dfs-a-r1","service_name":"afs-node","message":"DFS currently supports only user.* xattrs","kind":"FailedPrecondition","code":67305489}
{"msg":"FUSE request failed","level":"ERRO","ts":"2026-10-06T23:56:18.820696943Z","instance":"dfs-a-r1","service_name":"afs-node","message":"DFS dentry not found","kind":"NotFound","code":34078721}
{"msg":"fuse.create","level":"INFO","ts":"2026-10-06T23:56:18.820701402Z","instance":"dfs-a-r1","service_name":"afs-node","name":"entry-0073.bin","parent":2}
{"msg":"FUSE request failed","level":"ERRO","ts":"2026-10-06T23:56:18.830794928Z","instance":"dfs-a-r1","service_name":"afs-node","message":"DFS currently supports only user.* xattrs","kind":"FailedPrecondition","code":67305489}
{"msg":"FUSE request failed","level":"ERRO","ts":"2026-10-06T23:56:18.848891142Z","instance":"dfs-a-r1","service_name":"afs-node","message":"DFS dentry not found","kind":"NotFound","code":34078721}
{"msg":"fuse.create","level":"INFO","ts":"2026-10-06T23:56:18.848901809Z","instance":"dfs-a-r1","service_name":"afs-node","name":"entry-0074.bin","parent":2}
{"msg":"FUSE request failed","level":"ERRO","ts":"2026-10-06T23:56:18.860790215Z","instance":"dfs-a-r1","service_name":"afs-node","message":"DFS currently supports only user.* xattrs","kind":"FailedPrecondition","code":67305489}
{"msg":"FUSE request failed","level":"ERRO","ts":"2026-10-06T23:56:18.881771478Z","instance":"dfs-a-r1","service_name":"afs-node","message":"DFS dentry not found","kind":"NotFound","code":34078721}
{"msg":"fuse.create","level":"INFO","ts":"2026-10-06T23:56:18.881777395Z","instance":"dfs-a-r1","service_name":"afs-node","name":"entry-0075.bin","parent":2}
{"msg":"FUSE request failed","level":"ERRO","ts":"2026-10-06T23:56:18.895758306Z","instance":"dfs-a-r1","service_name":"afs-node","message":"DFS currently supports only user.* xattrs","kind":"FailedPrecondition","code":67305489}
{"msg":"FUSE request failed","level":"ERRO","ts":"2026-10-06T23:56:18.921123498Z","instance":"dfs-a-r1","service_name":"afs-node","message":"DFS dentry not found","kind":"NotFound","code":34078721}
{"msg":"fuse.create","level":"INFO","ts":"2026-10-06T23:56:18.921128748Z","instance":"dfs-a-r1","service_name":"afs-node","name":"entry-0076.bin","parent":2}
{"msg":"FUSE request failed","level":"ERRO","ts":"2026-10-06T23:56:18.927881099Z","instance":"dfs-a-r1","service_name":"afs-node","message":"DFS currently supports only user.* xattrs","kind":"FailedPrecondition","code":67305489}
{"msg":"FUSE request failed","level":"ERRO","ts":"2026-10-06T23:56:18.941575093Z","instance":"dfs-a-r1","service_name":"afs-node","message":"DFS dentry not found","kind":"NotFound","code":34078721}
{"msg":"fuse.create","level":"INFO","ts":"2026-10-06T23:56:18.941579885Z","instance":"dfs-a-r1","service_name":"afs-node","name":"entry-0077.bin","parent":2}
{"msg":"FUSE request failed","level":"ERRO","ts":"2026-10-06T23:56:18.950494616Z","instance":"dfs-a-r1","service_name":"afs-node","message":"DFS currently supports only user.* xattrs","kind":"FailedPrecondition","code":67305489}
{"msg":"FUSE request failed","level":"ERRO","ts":"2026-10-06T23:56:18.966171407Z","instance":"dfs-a-r1","service_name":"afs-node","message":"DFS dentry not found","kind":"NotFound","code":34078721}
{"msg":"fuse.create","level":"INFO","ts":"2026-10-06T23:56:18.966175366Z","instance":"dfs-a-r1","service_name":"afs-node","name":"entry-0078.bin","parent":2}
{"msg":"FUSE request failed","level":"ERRO","ts":"2026-10-06T23:56:18.977498145Z","instance":"dfs-a-r1","service_name":"afs-node","message":"DFS currently supports only user.* xattrs","kind":"FailedPrecondition","code":67305489}
{"msg":"FUSE request failed","level":"ERRO","ts":"2026-10-06T23:56:18.996090277Z","instance":"dfs-a-r1","service_name":"afs-node","message":"DFS dentry not found","kind":"NotFound","code":34078721}
{"msg":"fuse.create","level":"INFO","ts":"2026-10-06T23:56:18.996094736Z","instance":"dfs-a-r1","service_name":"afs-node","name":"entry-0079.bin","parent":2}
{"msg":"FUSE request failed","level":"ERRO","ts":"2026-10-06T23:56:19.009947897Z","instance":"dfs-a-r1","service_name":"afs-node","message":"DFS currently supports only user.* xattrs","kind":"FailedPrecondition","code":67305489}
{"msg":"FUSE request failed","level":"ERRO","ts":"2026-10-06T23:56:19.033634834Z","instance":"dfs-a-r1","service_name":"afs-node","message":"DFS dentry not found","kind":"NotFound","code":34078721}
{"msg":"fuse.create","level":"INFO","ts":"2026-10-06T23:56:19.03366075Z","instance":"dfs-a-r1","service_name":"afs-node","name":"entry-0080.bin","parent":2}
{"msg":"FUSE request failed","level":"ERRO","ts":"2026-10-06T23:56:19.053487677Z","instance":"dfs-a-r1","service_name":"afs-node","message":"DFS currently supports only user.* xattrs","kind":"FailedPrecondition","code":67305489}
{"msg":"FUSE request failed","level":"ERRO","ts":"2026-10-06T23:56:19.066988587Z","instance":"dfs-a-r1","service_name":"afs-node","message":"DFS dentry not found","kind":"NotFound","code":34078721}
{"msg":"fuse.create","level":"INFO","ts":"2026-10-06T23:56:19.067005004Z","instance":"dfs-a-r1","service_name":"afs-node","name":"entry-0081.bin","parent":2}
{"msg":"FUSE request failed","level":"ERRO","ts":"2026-10-06T23:56:19.075730985Z","instance":"dfs-a-r1","service_name":"afs-node","message":"DFS currently supports only user.* xattrs","kind":"FailedPrecondition","code":67305489}
{"msg":"FUSE request failed","level":"ERRO","ts":"2026-10-06T23:56:19.090437565Z","instance":"dfs-a-r1","service_name":"afs-node","message":"DFS dentry not found","kind":"NotFound","code":34078721}
{"msg":"fuse.create","level":"INFO","ts":"2026-10-06T23:56:19.090461565Z","instance":"dfs-a-r1","service_name":"afs-node","name":"entry-0082.bin","parent":2}
{"msg":"FUSE request failed","level":"ERRO","ts":"2026-10-06T23:56:19.100463633Z","instance":"dfs-a-r1","service_name":"afs-node","message":"DFS currently supports only user.* xattrs","kind":"FailedPrecondition","code":67305489}
{"msg":"FUSE request failed","level":"ERRO","ts":"2026-10-06T23:56:19.117603178Z","instance":"dfs-a-r1","service_name":"afs-node","message":"DFS dentry not found","kind":"NotFound","code":34078721}
{"msg":"fuse.create","level":"INFO","ts":"2026-10-06T23:56:19.117629886Z","instance":"dfs-a-r1","service_name":"afs-node","name":"entry-0083.bin","parent":2}
{"msg":"FUSE request failed","level":"ERRO","ts":"2026-10-06T23:56:19.130170794Z","instance":"dfs-a-r1","service_name":"afs-node","message":"DFS currently supports only user.* xattrs","kind":"FailedPrecondition","code":67305489}
{"msg":"FUSE request failed","level":"ERRO","ts":"2026-10-06T23:56:19.152022976Z","instance":"dfs-a-r1","service_name":"afs-node","message":"DFS dentry not found","kind":"NotFound","code":34078721}
{"msg":"fuse.create","level":"INFO","ts":"2026-10-06T23:56:19.152029809Z","instance":"dfs-a-r1","service_name":"afs-node","name":"entry-0084.bin","parent":2}
{"msg":"FUSE request failed","level":"ERRO","ts":"2026-10-06T23:56:19.171030984Z","instance":"dfs-a-r1","service_name":"afs-node","message":"DFS currently supports only user.* xattrs","kind":"FailedPrecondition","code":67305489}
{"msg":"FUSE request failed","level":"ERRO","ts":"2026-10-06T23:56:19.185431563Z","instance":"dfs-a-r1","service_name":"afs-node","message":"DFS dentry not found","kind":"NotFound","code":34078721}
{"msg":"fuse.create","level":"INFO","ts":"2026-10-06T23:56:19.18544798Z","instance":"dfs-a-r1","service_name":"afs-node","name":"entry-0085.bin","parent":2}
{"msg":"FUSE request failed","level":"ERRO","ts":"2026-10-06T23:56:19.193855627Z","instance":"dfs-a-r1","service_name":"afs-node","message":"DFS currently supports only user.* xattrs","kind":"FailedPrecondition","code":67305489}
{"msg":"FUSE request failed","level":"ERRO","ts":"2026-10-06T23:56:19.211051422Z","instance":"dfs-a-r1","service_name":"afs-node","message":"DFS dentry not found","kind":"NotFound","code":34078721}
{"msg":"fuse.create","level":"INFO","ts":"2026-10-06T23:56:19.211070005Z","instance":"dfs-a-r1","service_name":"afs-node","name":"entry-0086.bin","parent":2}
{"msg":"FUSE request failed","level":"ERRO","ts":"2026-10-06T23:56:19.221710408Z","instance":"dfs-a-r1","service_name":"afs-node","message":"DFS currently supports only user.* xattrs","kind":"FailedPrecondition","code":67305489}
{"msg":"FUSE request failed","level":"ERRO","ts":"2026-10-06T23:56:19.242380795Z","instance":"dfs-a-r1","service_name":"afs-node","message":"DFS dentry not found","kind":"NotFound","code":34078721}
{"msg":"fuse.create","level":"INFO","ts":"2026-10-06T23:56:19.24239342Z","instance":"dfs-a-r1","service_name":"afs-node","name":"entry-0087.bin","parent":2}
{"msg":"FUSE request failed","level":"ERRO","ts":"2026-10-06T23:56:19.255765164Z","instance":"dfs-a-r1","service_name":"afs-node","message":"DFS currently supports only user.* xattrs","kind":"FailedPrecondition","code":67305489}
{"msg":"FUSE request failed","level":"ERRO","ts":"2026-10-06T23:56:19.276910052Z","instance":"dfs-a-r1","service_name":"afs-node","message":"DFS dentry not found","kind":"NotFound","code":34078721}
{"msg":"fuse.create","level":"INFO","ts":"2026-10-06T23:56:19.276925094Z","instance":"dfs-a-r1","service_name":"afs-node","name":"entry-0088.bin","parent":2}
{"msg":"FUSE request failed","level":"ERRO","ts":"2026-10-06T23:56:19.296191936Z","instance":"dfs-a-r1","service_name":"afs-node","message":"DFS currently supports only user.* xattrs","kind":"FailedPrecondition","code":67305489}
{"msg":"FUSE request failed","level":"ERRO","ts":"2026-10-06T23:56:19.307762674Z","instance":"dfs-a-r1","service_name":"afs-node","message":"DFS dentry not found","kind":"NotFound","code":34078721}
{"msg":"fuse.create","level":"INFO","ts":"2026-10-06T23:56:19.307785508Z","instance":"dfs-a-r1","service_name":"afs-node","name":"entry-0089.bin","parent":2}
{"msg":"FUSE request failed","level":"ERRO","ts":"2026-10-06T23:56:19.316375489Z","instance":"dfs-a-r1","service_name":"afs-node","message":"DFS currently supports only user.* xattrs","kind":"FailedPrecondition","code":67305489}
{"msg":"FUSE request failed","level":"ERRO","ts":"2026-10-06T23:56:19.331354069Z","instance":"dfs-a-r1","service_name":"afs-node","message":"DFS dentry not found","kind":"NotFound","code":34078721}
{"msg":"fuse.create","level":"INFO","ts":"2026-10-06T23:56:19.331378736Z","instance":"dfs-a-r1","service_name":"afs-node","name":"entry-0090.bin","parent":2}
{"msg":"FUSE request failed","level":"ERRO","ts":"2026-10-06T23:56:19.343136975Z","instance":"dfs-a-r1","service_name":"afs-node","message":"DFS currently supports only user.* xattrs","kind":"FailedPrecondition","code":67305489}
{"msg":"FUSE request failed","level":"ERRO","ts":"2026-10-06T23:56:19.361395023Z","instance":"dfs-a-r1","service_name":"afs-node","message":"DFS dentry not found","kind":"NotFound","code":34078721}
{"msg":"fuse.create","level":"INFO","ts":"2026-10-06T23:56:19.361430564Z","instance":"dfs-a-r1","service_name":"afs-node","name":"entry-0091.bin","parent":2}
{"msg":"FUSE request failed","level":"ERRO","ts":"2026-10-06T23:56:19.37616227Z","instance":"dfs-a-r1","service_name":"afs-node","message":"DFS currently supports only user.* xattrs","kind":"FailedPrecondition","code":67305489}
{"msg":"FUSE request failed","level":"ERRO","ts":"2026-10-06T23:56:19.397860535Z","instance":"dfs-a-r1","service_name":"afs-node","message":"DFS dentry not found","kind":"NotFound","code":34078721}
{"msg":"fuse.create","level":"INFO","ts":"2026-10-06T23:56:19.397870451Z","instance":"dfs-a-r1","service_name":"afs-node","name":"entry-0092.bin","parent":2}
{"msg":"FUSE request failed","level":"ERRO","ts":"2026-10-06T23:56:19.420373593Z","instance":"dfs-a-r1","service_name":"afs-node","message":"DFS currently supports only user.* xattrs","kind":"FailedPrecondition","code":67305489}
{"msg":"FUSE request failed","level":"ERRO","ts":"2026-10-06T23:56:19.431534456Z","instance":"dfs-a-r1","service_name":"afs-node","message":"DFS dentry not found","kind":"NotFound","code":34078721}
{"msg":"fuse.create","level":"INFO","ts":"2026-10-06T23:56:19.431569789Z","instance":"dfs-a-r1","service_name":"afs-node","name":"entry-0093.bin","parent":2}
{"msg":"FUSE request failed","level":"ERRO","ts":"2026-10-06T23:56:19.440471021Z","instance":"dfs-a-r1","service_name":"afs-node","message":"DFS currently supports only user.* xattrs","kind":"FailedPrecondition","code":67305489}
{"msg":"FUSE request failed","level":"ERRO","ts":"2026-10-06T23:56:19.456513896Z","instance":"dfs-a-r1","service_name":"afs-node","message":"DFS dentry not found","kind":"NotFound","code":34078721}
{"msg":"fuse.create","level":"INFO","ts":"2026-10-06T23:56:19.456528979Z","instance":"dfs-a-r1","service_name":"afs-node","name":"entry-0094.bin","parent":2}
{"msg":"FUSE request failed","level":"ERRO","ts":"2026-10-06T23:56:19.467693675Z","instance":"dfs-a-r1","service_name":"afs-node","message":"DFS currently supports only user.* xattrs","kind":"FailedPrecondition","code":67305489}
{"msg":"FUSE request failed","level":"ERRO","ts":"2026-10-06T23:56:19.488927522Z","instance":"dfs-a-r1","service_name":"afs-node","message":"DFS dentry not found","kind":"NotFound","code":34078721}
{"msg":"fuse.create","level":"INFO","ts":"2026-10-06T23:56:19.488931814Z","instance":"dfs-a-r1","service_name":"afs-node","name":"entry-0095.bin","parent":2}
{"msg":"FUSE request failed","level":"ERRO","ts":"2026-10-06T23:56:19.504262437Z","instance":"dfs-a-r1","service_name":"afs-node","message":"DFS currently supports only user.* xattrs","kind":"FailedPrecondition","code":67305489}
{"msg":"FUSE request failed","level":"ERRO","ts":"2026-10-06T23:56:19.531771801Z","instance":"dfs-a-r1","service_name":"afs-node","message":"DFS dentry not found","kind":"NotFound","code":34078721}
{"msg":"fuse.create","level":"INFO","ts":"2026-10-06T23:56:19.531827718Z","instance":"dfs-a-r1","service_name":"afs-node","name":"entry-0096.bin","parent":2}
{"msg":"FUSE request failed","level":"ERRO","ts":"2026-10-06T23:56:19.539299279Z","instance":"dfs-a-r1","service_name":"afs-node","message":"DFS currently supports only user.* xattrs","kind":"FailedPrecondition","code":67305489}
{"msg":"FUSE request failed","level":"ERRO","ts":"2026-10-06T23:56:19.557627243Z","instance":"dfs-a-r1","service_name":"afs-node","message":"DFS dentry not found","kind":"NotFound","code":34078721}
{"msg":"fuse.create","level":"INFO","ts":"2026-10-06T23:56:19.557631327Z","instance":"dfs-a-r1","service_name":"afs-node","name":"entry-0097.bin","parent":2}
{"msg":"FUSE request failed","level":"ERRO","ts":"2026-10-06T23:56:19.567754312Z","instance":"dfs-a-r1","service_name":"afs-node","message":"DFS currently supports only user.* xattrs","kind":"FailedPrecondition","code":67305489}
{"msg":"FUSE request failed","level":"ERRO","ts":"2026-10-06T23:56:19.585345274Z","instance":"dfs-a-r1","service_name":"afs-node","message":"DFS dentry not found","kind":"NotFound","code":34078721}
{"msg":"fuse.create","level":"INFO","ts":"2026-10-06T23:56:19.585367316Z","instance":"dfs-a-r1","service_name":"afs-node","name":"entry-0098.bin","parent":2}
{"msg":"FUSE request failed","level":"ERRO","ts":"2026-10-06T23:56:19.597909807Z","instance":"dfs-a-r1","service_name":"afs-node","message":"DFS currently supports only user.* xattrs","kind":"FailedPrecondition","code":67305489}
{"msg":"FUSE request failed","level":"ERRO","ts":"2026-10-06T23:56:19.620322657Z","instance":"dfs-a-r1","service_name":"afs-node","message":"DFS dentry not found","kind":"NotFound","code":34078721}
{"msg":"fuse.create","level":"INFO","ts":"2026-10-06T23:56:19.620328032Z","instance":"dfs-a-r1","service_name":"afs-node","name":"entry-0099.bin","parent":2}
{"msg":"FUSE request failed","level":"ERRO","ts":"2026-10-06T23:56:19.642182589Z","instance":"dfs-a-r1","service_name":"afs-node","message":"DFS currently supports only user.* xattrs","kind":"FailedPrecondition","code":67305489}
{"msg":"[Not Implemented] ioctl(ino: 0x3, fh: 103, flags: 0, cmd: 21505, in_data.len(): 0, out_size: 0)","level":"WARN","ts":"2026-10-06T23:56:19.655486541Z","instance":"dfs-a-r1","service_name":"afs-node"}
{"msg":"[Not Implemented] ioctl(ino: 0x4, fh: 104, flags: 0, cmd: 21505, in_data.len(): 0, out_size: 0)","level":"WARN","ts":"2026-10-06T23:56:19.657307754Z","instance":"dfs-a-r1","service_name":"afs-node"}
{"msg":"[Not Implemented] ioctl(ino: 0x5, fh: 105, flags: 0, cmd: 21505, in_data.len(): 0, out_size: 0)","level":"WARN","ts":"2026-10-06T23:56:19.659055133Z","instance":"dfs-a-r1","service_name":"afs-node"}
{"msg":"[Not Implemented] ioctl(ino: 0x6, fh: 106, flags: 0, cmd: 21505, in_data.len(): 0, out_size: 0)","level":"WARN","ts":"2026-10-06T23:56:19.660765971Z","instance":"dfs-a-r1","service_name":"afs-node"}
{"msg":"[Not Implemented] ioctl(ino: 0x7, fh: 107, flags: 0, cmd: 21505, in_data.len(): 0, out_size: 0)","level":"WARN","ts":"2026-10-06T23:56:19.662720851Z","instance":"dfs-a-r1","service_name":"afs-node"}
{"msg":"[Not Implemented] ioctl(ino: 0x8, fh: 108, flags: 0, cmd: 21505, in_data.len(): 0, out_size: 0)","level":"WARN","ts":"2026-10-06T23:56:19.664691356Z","instance":"dfs-a-r1","service_name":"afs-node"}
{"msg":"[Not Implemented] ioctl(ino: 0x9, fh: 109, flags: 0, cmd: 21505, in_data.len(): 0, out_size: 0)","level":"WARN","ts":"2026-10-06T23:56:19.666658278Z","instance":"dfs-a-r1","service_name":"afs-node"}
{"msg":"[Not Implemented] ioctl(ino: 0xa, fh: 110, flags: 0, cmd: 21505, in_data.len(): 0, out_size: 0)","level":"WARN","ts":"2026-10-06T23:56:19.668621658Z","instance":"dfs-a-r1","service_name":"afs-node"}
{"msg":"[Not Implemented] ioctl(ino: 0xb, fh: 111, flags: 0, cmd: 21505, in_data.len(): 0, out_size: 0)","level":"WARN","ts":"2026-10-06T23:56:19.670487996Z","instance":"dfs-a-r1","service_name":"afs-node"}
{"msg":"[Not Implemented] ioctl(ino: 0xc, fh: 112, flags: 0, cmd: 21505, in_data.len(): 0, out_size: 0)","level":"WARN","ts":"2026-10-06T23:56:19.672506918Z","instance":"dfs-a-r1","service_name":"afs-node"}
{"msg":"[Not Implemented] ioctl(ino: 0xd, fh: 113, flags: 0, cmd: 21505, in_data.len(): 0, out_size: 0)","level":"WARN","ts":"2026-10-06T23:56:19.674485007Z","instance":"dfs-a-r1","service_name":"afs-node"}
{"msg":"[Not Implemented] ioctl(ino: 0xe, fh: 114, flags: 0, cmd: 21505, in_data.len(): 0, out_size: 0)","level":"WARN","ts":"2026-10-06T23:56:19.676306303Z","instance":"dfs-a-r1","service_name":"afs-node"}
{"msg":"[Not Implemented] ioctl(ino: 0xf, fh: 115, flags: 0, cmd: 21505, in_data.len(): 0, out_size: 0)","level":"WARN","ts":"2026-10-06T23:56:19.678236975Z","instance":"dfs-a-r1","service_name":"afs-node"}
{"msg":"[Not Implemented] ioctl(ino: 0x10, fh: 116, flags: 0, cmd: 21505, in_data.len(): 0, out_size: 0)","level":"WARN","ts":"2026-10-06T23:56:19.680235814Z","instance":"dfs-a-r1","service_name":"afs-node"}
{"msg":"[Not Implemented] ioctl(ino: 0x11, fh: 117, flags: 0, cmd: 21505, in_data.len(): 0, out_size: 0)","level":"WARN","ts":"2026-10-06T23:56:19.682246527Z","instance":"dfs-a-r1","service_name":"afs-node"}
{"msg":"[Not Implemented] ioctl(ino: 0x12, fh: 118, flags: 0, cmd: 21505, in_data.len(): 0, out_size: 0)","level":"WARN","ts":"2026-10-06T23:56:19.684074824Z","instance":"dfs-a-r1","service_name":"afs-node"}
{"msg":"[Not Implemented] ioctl(ino: 0x13, fh: 119, flags: 0, cmd: 21505, in_data.len(): 0, out_size: 0)","level":"WARN","ts":"2026-10-06T23:56:19.68597887Z","instance":"dfs-a-r1","service_name":"afs-node"}
{"msg":"[Not Implemented] ioctl(ino: 0x14, fh: 120, flags: 0, cmd: 21505, in_data.len(): 0, out_size: 0)","level":"WARN","ts":"2026-10-06T23:56:19.688013334Z","instance":"dfs-a-r1","service_name":"afs-node"}
{"msg":"[Not Implemented] ioctl(ino: 0x15, fh: 121, flags: 0, cmd: 21505, in_data.len(): 0, out_size: 0)","level":"WARN","ts":"2026-10-06T23:56:19.689943881Z","instance":"dfs-a-r1","service_name":"afs-node"}
{"msg":"[Not Implemented] ioctl(ino: 0x16, fh: 122, flags: 0, cmd: 21505, in_data.len(): 0, out_size: 0)","level":"WARN","ts":"2026-10-06T23:56:19.691822844Z","instance":"dfs-a-r1","service_name":"afs-node"}
{"msg":"[Not Implemented] ioctl(ino: 0x17, fh: 123, flags: 0, cmd: 21505, in_data.len(): 0, out_size: 0)","level":"WARN","ts":"2026-10-06T23:56:19.693751891Z","instance":"dfs-a-r1","service_name":"afs-node"}
{"msg":"[Not Implemented] ioctl(ino: 0x18, fh: 124, flags: 0, cmd: 21505, in_data.len(): 0, out_size: 0)","level":"WARN","ts":"2026-10-06T23:56:19.695701937Z","instance":"dfs-a-r1","service_name":"afs-node"}
{"msg":"[Not Implemented] ioctl(ino: 0x19, fh: 125, flags: 0, cmd: 21505, in_data.len(): 0, out_size: 0)","level":"WARN","ts":"2026-10-06T23:56:19.697665317Z","instance":"dfs-a-r1","service_name":"afs-node"}
{"msg":"[Not Implemented] ioctl(ino: 0x1a, fh: 126, flags: 0, cmd: 21505, in_data.len(): 0, out_size: 0)","level":"WARN","ts":"2026-10-06T23:56:19.699596406Z","instance":"dfs-a-r1","service_name":"afs-node"}
{"msg":"[Not Implemented] ioctl(ino: 0x1b, fh: 127, flags: 0, cmd: 21505, in_data.len(): 0, out_size: 0)","level":"WARN","ts":"2026-10-06T23:56:19.701629453Z","instance":"dfs-a-r1","service_name":"afs-node"}
{"msg":"[Not Implemented] ioctl(ino: 0x1c, fh: 128, flags: 0, cmd: 21505, in_data.len(): 0, out_size: 0)","level":"WARN","ts":"2026-10-06T23:56:19.703513874Z","instance":"dfs-a-r1","service_name":"afs-node"}
{"msg":"[Not Implemented] ioctl(ino: 0x1d, fh: 129, flags: 0, cmd: 21505, in_data.len(): 0, out_size: 0)","level":"WARN","ts":"2026-10-06T23:56:19.705528588Z","instance":"dfs-a-r1","service_name":"afs-node"}
{"msg":"[Not Implemented] ioctl(ino: 0x1e, fh: 130, flags: 0, cmd: 21505, in_data.len(): 0, out_size: 0)","level":"WARN","ts":"2026-10-06T23:56:19.70743776Z","instance":"dfs-a-r1","service_name":"afs-node"}
{"msg":"[Not Implemented] ioctl(ino: 0x1f, fh: 131, flags: 0, cmd: 21505, in_data.len(): 0, out_size: 0)","level":"WARN","ts":"2026-10-06T23:56:19.709436806Z","instance":"dfs-a-r1","service_name":"afs-node"}
{"msg":"[Not Implemented] ioctl(ino: 0x20, fh: 132, flags: 0, cmd: 21505, in_data.len(): 0, out_size: 0)","level":"WARN","ts":"2026-10-06T23:56:19.711446437Z","instance":"dfs-a-r1","service_name":"afs-node"}
{"msg":"[Not Implemented] ioctl(ino: 0x21, fh: 133, flags: 0, cmd: 21505, in_data.len(): 0, out_size: 0)","level":"WARN","ts":"2026-10-06T23:56:19.713323775Z","instance":"dfs-a-r1","service_name":"afs-node"}
{"msg":"[Not Implemented] ioctl(ino: 0x22, fh: 134, flags: 0, cmd: 21505, in_data.len(): 0, out_size: 0)","level":"WARN","ts":"2026-10-06T23:56:19.71523728Z","instance":"dfs-a-r1","service_name":"afs-node"}
{"msg":"[Not Implemented] ioctl(ino: 0x23, fh: 135, flags: 0, cmd: 21505, in_data.len(): 0, out_size: 0)","level":"WARN","ts":"2026-10-06T23:56:19.717150202Z","instance":"dfs-a-r1","service_name":"afs-node"}
{"msg":"[Not Implemented] ioctl(ino: 0x24, fh: 136, flags: 0, cmd: 21505, in_data.len(): 0, out_size: 0)","level":"WARN","ts":"2026-10-06T23:56:19.719045957Z","instance":"dfs-a-r1","service_name":"afs-node"}
{"msg":"[Not Implemented] ioctl(ino: 0x25, fh: 137, flags: 0, cmd: 21505, in_data.len(): 0, out_size: 0)","level":"WARN","ts":"2026-10-06T23:56:19.720903378Z","instance":"dfs-a-r1","service_name":"afs-node"}
{"msg":"[Not Implemented] ioctl(ino: 0x26, fh: 138, flags: 0, cmd: 21505, in_data.len(): 0, out_size: 0)","level":"WARN","ts":"2026-10-06T23:56:19.722771675Z","instance":"dfs-a-r1","service_name":"afs-node"}
{"msg":"[Not Implemented] ioctl(ino: 0x27, fh: 139, flags: 0, cmd: 21505, in_data.len(): 0, out_size: 0)","level":"WARN","ts":"2026-10-06T23:56:19.72471643Z","instance":"dfs-a-r1","service_name":"afs-node"}
{"msg":"[Not Implemented] ioctl(ino: 0x28, fh: 140, flags: 0, cmd: 21505, in_data.len(): 0, out_size: 0)","level":"WARN","ts":"2026-10-06T23:56:19.726674851Z","instance":"dfs-a-r1","service_name":"afs-node"}
{"msg":"[Not Implemented] ioctl(ino: 0x29, fh: 141, flags: 0, cmd: 21505, in_data.len(): 0, out_size: 0)","level":"WARN","ts":"2026-10-06T23:56:19.728581565Z","instance":"dfs-a-r1","service_name":"afs-node"}
{"msg":"[Not Implemented] ioctl(ino: 0x2a, fh: 142, flags: 0, cmd: 21505, in_data.len(): 0, out_size: 0)","level":"WARN","ts":"2026-10-06T23:56:19.730453736Z","instance":"dfs-a-r1","service_name":"afs-node"}
{"msg":"[Not Implemented] ioctl(ino: 0x2b, fh: 143, flags: 0, cmd: 21505, in_data.len(): 0, out_size: 0)","level":"WARN","ts":"2026-10-06T23:56:19.732347783Z","instance":"dfs-a-r1","service_name":"afs-node"}
{"msg":"[Not Implemented] ioctl(ino: 0x2c, fh: 144, flags: 0, cmd: 21505, in_data.len(): 0, out_size: 0)","level":"WARN","ts":"2026-10-06T23:56:19.734210121Z","instance":"dfs-a-r1","service_name":"afs-node"}
{"msg":"[Not Implemented] ioctl(ino: 0x2d, fh: 145, flags: 0, cmd: 21505, in_data.len(): 0, out_size: 0)","level":"WARN","ts":"2026-10-06T23:56:19.736145126Z","instance":"dfs-a-r1","service_name":"afs-node"}
{"msg":"[Not Implemented] ioctl(ino: 0x2e, fh: 146, flags: 0, cmd: 21505, in_data.len(): 0, out_size: 0)","level":"WARN","ts":"2026-10-06T23:56:19.737930339Z","instance":"dfs-a-r1","service_name":"afs-node"}
{"msg":"[Not Implemented] ioctl(ino: 0x2f, fh: 147, flags: 0, cmd: 21505, in_data.len(): 0, out_size: 0)","level":"WARN","ts":"2026-10-06T23:56:19.739925511Z","instance":"dfs-a-r1","service_name":"afs-node"}
{"msg":"[Not Implemented] ioctl(ino: 0x30, fh: 148, flags: 0, cmd: 21505, in_data.len(): 0, out_size: 0)","level":"WARN","ts":"2026-10-06T23:56:19.741890933Z","instance":"dfs-a-r1","service_name":"afs-node"}
{"msg":"[Not Implemented] ioctl(ino: 0x31, fh: 149, flags: 0, cmd: 21505, in_data.len(): 0, out_size: 0)","level":"WARN","ts":"2026-10-06T23:56:19.743782813Z","instance":"dfs-a-r1","service_name":"afs-node"}
{"msg":"[Not Implemented] ioctl(ino: 0x32, fh: 150, flags: 0, cmd: 21505, in_data.len(): 0, out_size: 0)","level":"WARN","ts":"2026-10-06T23:56:19.745726151Z","instance":"dfs-a-r1","service_name":"afs-node"}
{"msg":"[Not Implemented] ioctl(ino: 0x33, fh: 151, flags: 0, cmd: 21505, in_data.len(): 0, out_size: 0)","level":"WARN","ts":"2026-10-06T23:56:19.747654531Z","instance":"dfs-a-r1","service_name":"afs-node"}
{"msg":"[Not Implemented] ioctl(ino: 0x34, fh: 152, flags: 0, cmd: 21505, in_data.len(): 0, out_size: 0)","level":"WARN","ts":"2026-10-06T23:56:19.749561953Z","instance":"dfs-a-r1","service_name":"afs-node"}
{"msg":"[Not Implemented] ioctl(ino: 0x35, fh: 153, flags: 0, cmd: 21505, in_data.len(): 0, out_size: 0)","level":"WARN","ts":"2026-10-06T23:56:19.751504416Z","instance":"dfs-a-r1","service_name":"afs-node"}
{"msg":"[Not Implemented] ioctl(ino: 0x36, fh: 154, flags: 0, cmd: 21505, in_data.len(): 0, out_size: 0)","level":"WARN","ts":"2026-10-06T23:56:19.753401213Z","instance":"dfs-a-r1","service_name":"afs-node"}
{"msg":"[Not Implemented] ioctl(ino: 0x37, fh: 155, flags: 0, cmd: 21505, in_data.len(): 0, out_size: 0)","level":"WARN","ts":"2026-10-06T23:56:19.755293718Z","instance":"dfs-a-r1","service_name":"afs-node"}
{"msg":"[Not Implemented] ioctl(ino: 0x38, fh: 156, flags: 0, cmd: 21505, in_data.len(): 0, out_size: 0)","level":"WARN","ts":"2026-10-06T23:56:19.757148431Z","instance":"dfs-a-r1","service_name":"afs-node"}
{"msg":"[Not Implemented] ioctl(ino: 0x39, fh: 157, flags: 0, cmd: 21505, in_data.len(): 0, out_size: 0)","level":"WARN","ts":"2026-10-06T23:56:19.759044519Z","instance":"dfs-a-r1","service_name":"afs-node"}
{"msg":"[Not Implemented] ioctl(ino: 0x3a, fh: 158, flags: 0, cmd: 21505, in_data.len(): 0, out_size: 0)","level":"WARN","ts":"2026-10-06T23:56:19.760918066Z","instance":"dfs-a-r1","service_name":"afs-node"}
{"msg":"[Not Implemented] ioctl(ino: 0x3b, fh: 159, flags: 0, cmd: 21505, in_data.len(): 0, out_size: 0)","level":"WARN","ts":"2026-10-06T23:56:19.762864029Z","instance":"dfs-a-r1","service_name":"afs-node"}
{"msg":"[Not Implemented] ioctl(ino: 0x3c, fh: 160, flags: 0, cmd: 21505, in_data.len(): 0, out_size: 0)","level":"WARN","ts":"2026-10-06T23:56:19.764791826Z","instance":"dfs-a-r1","service_name":"afs-node"}
{"msg":"[Not Implemented] ioctl(ino: 0x3d, fh: 161, flags: 0, cmd: 21505, in_data.len(): 0, out_size: 0)","level":"WARN","ts":"2026-10-06T23:56:19.766751248Z","instance":"dfs-a-r1","service_name":"afs-node"}
{"msg":"[Not Implemented] ioctl(ino: 0x3e, fh: 162, flags: 0, cmd: 21505, in_data.len(): 0, out_size: 0)","level":"WARN","ts":"2026-10-06T23:56:19.768681836Z","instance":"dfs-a-r1","service_name":"afs-node"}
{"msg":"[Not Implemented] ioctl(ino: 0x3f, fh: 163, flags: 0, cmd: 21505, in_data.len(): 0, out_size: 0)","level":"WARN","ts":"2026-10-06T23:56:19.770594799Z","instance":"dfs-a-r1","service_name":"afs-node"}
{"msg":"[Not Implemented] ioctl(ino: 0x40, fh: 164, flags: 0, cmd: 21505, in_data.len(): 0, out_size: 0)","level":"WARN","ts":"2026-10-06T23:56:19.772545388Z","instance":"dfs-a-r1","service_name":"afs-node"}
{"msg":"[Not Implemented] ioctl(ino: 0x41, fh: 165, flags: 0, cmd: 21505, in_data.len(): 0, out_size: 0)","level":"WARN","ts":"2026-10-06T23:56:19.774395226Z","instance":"dfs-a-r1","service_name":"afs-node"}
{"msg":"[Not Implemented] ioctl(ino: 0x42, fh: 166, flags: 0, cmd: 21505, in_data.len(): 0, out_size: 0)","level":"WARN","ts":"2026-10-06T23:56:19.776291856Z","instance":"dfs-a-r1","service_name":"afs-node"}
{"msg":"[Not Implemented] ioctl(ino: 0x43, fh: 167, flags: 0, cmd: 21505, in_data.len(): 0, out_size: 0)","level":"WARN","ts":"2026-10-06T23:56:19.778274653Z","instance":"dfs-a-r1","service_name":"afs-node"}
{"msg":"[Not Implemented] ioctl(ino: 0x44, fh: 168, flags: 0, cmd: 21505, in_data.len(): 0, out_size: 0)","level":"WARN","ts":"2026-10-06T23:56:19.780141283Z","instance":"dfs-a-r1","service_name":"afs-node"}
{"msg":"[Not Implemented] ioctl(ino: 0x45, fh: 169, flags: 0, cmd: 21505, in_data.len(): 0, out_size: 0)","level":"WARN","ts":"2026-10-06T23:56:19.782046954Z","instance":"dfs-a-r1","service_name":"afs-node"}
{"msg":"[Not Implemented] ioctl(ino: 0x46, fh: 170, flags: 0, cmd: 21505, in_data.len(): 0, out_size: 0)","level":"WARN","ts":"2026-10-06T23:56:19.783954626Z","instance":"dfs-a-r1","service_name":"afs-node"}
{"msg":"[Not Implemented] ioctl(ino: 0x47, fh: 171, flags: 0, cmd: 21505, in_data.len(): 0, out_size: 0)","level":"WARN","ts":"2026-10-06T23:56:19.785824214Z","instance":"dfs-a-r1","service_name":"afs-node"}
{"msg":"[Not Implemented] ioctl(ino: 0x48, fh: 172, flags: 0, cmd: 21505, in_data.len(): 0, out_size: 0)","level":"WARN","ts":"2026-10-06T23:56:19.787727886Z","instance":"dfs-a-r1","service_name":"afs-node"}
{"msg":"[Not Implemented] ioctl(ino: 0x49, fh: 173, flags: 0, cmd: 21505, in_data.len(): 0, out_size: 0)","level":"WARN","ts":"2026-10-06T23:56:19.789577682Z","instance":"dfs-a-r1","service_name":"afs-node"}
{"msg":"[Not Implemented] ioctl(ino: 0x4a, fh: 174, flags: 0, cmd: 21505, in_data.len(): 0, out_size: 0)","level":"WARN","ts":"2026-10-06T23:56:19.791480937Z","instance":"dfs-a-r1","service_name":"afs-node"}
{"msg":"[Not Implemented] ioctl(ino: 0x4b, fh: 175, flags: 0, cmd: 21505, in_data.len(): 0, out_size: 0)","level":"WARN","ts":"2026-10-06T23:56:19.793414776Z","instance":"dfs-a-r1","service_name":"afs-node"}
{"msg":"[Not Implemented] ioctl(ino: 0x4c, fh: 176, flags: 0, cmd: 21505, in_data.len(): 0, out_size: 0)","level":"WARN","ts":"2026-10-06T23:56:19.795343822Z","instance":"dfs-a-r1","service_name":"afs-node"}
{"msg":"[Not Implemented] ioctl(ino: 0x4d, fh: 177, flags: 0, cmd: 21505, in_data.len(): 0, out_size: 0)","level":"WARN","ts":"2026-10-06T23:56:19.797301494Z","instance":"dfs-a-r1","service_name":"afs-node"}
{"msg":"[Not Implemented] ioctl(ino: 0x4e, fh: 178, flags: 0, cmd: 21505, in_data.len(): 0, out_size: 0)","level":"WARN","ts":"2026-10-06T23:56:19.799264708Z","instance":"dfs-a-r1","service_name":"afs-node"}
{"msg":"[Not Implemented] ioctl(ino: 0x4f, fh: 179, flags: 0, cmd: 21505, in_data.len(): 0, out_size: 0)","level":"WARN","ts":"2026-10-06T23:56:19.801225463Z","instance":"dfs-a-r1","service_name":"afs-node"}
{"msg":"[Not Implemented] ioctl(ino: 0x50, fh: 180, flags: 0, cmd: 21505, in_data.len(): 0, out_size: 0)","level":"WARN","ts":"2026-10-06T23:56:19.803175135Z","instance":"dfs-a-r1","service_name":"afs-node"}
{"msg":"[Not Implemented] ioctl(ino: 0x51, fh: 181, flags: 0, cmd: 21505, in_data.len(): 0, out_size: 0)","level":"WARN","ts":"2026-10-06T23:56:19.805039223Z","instance":"dfs-a-r1","service_name":"afs-node"}
{"msg":"[Not Implemented] ioctl(ino: 0x52, fh: 182, flags: 0, cmd: 21505, in_data.len(): 0, out_size: 0)","level":"WARN","ts":"2026-10-06T23:56:19.806939228Z","instance":"dfs-a-r1","service_name":"afs-node"}
{"msg":"[Not Implemented] ioctl(ino: 0x53, fh: 183, flags: 0, cmd: 21505, in_data.len(): 0, out_size: 0)","level":"WARN","ts":"2026-10-06T23:56:19.808808816Z","instance":"dfs-a-r1","service_name":"afs-node"}
{"msg":"[Not Implemented] ioctl(ino: 0x54, fh: 184, flags: 0, cmd: 21505, in_data.len(): 0, out_size: 0)","level":"WARN","ts":"2026-10-06T23:56:19.810748321Z","instance":"dfs-a-r1","service_name":"afs-node"}
{"msg":"[Not Implemented] ioctl(ino: 0x55, fh: 185, flags: 0, cmd: 21505, in_data.len(): 0, out_size: 0)","level":"WARN","ts":"2026-10-06T23:56:19.812661368Z","instance":"dfs-a-r1","service_name":"afs-node"}
{"msg":"[Not Implemented] ioctl(ino: 0x56, fh: 186, flags: 0, cmd: 21505, in_data.len(): 0, out_size: 0)","level":"WARN","ts":"2026-10-06T23:56:19.814540414Z","instance":"dfs-a-r1","service_name":"afs-node"}
{"msg":"[Not Implemented] ioctl(ino: 0x57, fh: 187, flags: 0, cmd: 21505, in_data.len(): 0, out_size: 0)","level":"WARN","ts":"2026-10-06T23:56:19.816398127Z","instance":"dfs-a-r1","service_name":"afs-node"}
{"msg":"[Not Implemented] ioctl(ino: 0x58, fh: 188, flags: 0, cmd: 21505, in_data.len(): 0, out_size: 0)","level":"WARN","ts":"2026-10-06T23:56:19.818265341Z","instance":"dfs-a-r1","service_name":"afs-node"}
{"msg":"[Not Implemented] ioctl(ino: 0x59, fh: 189, flags: 0, cmd: 21505, in_data.len(): 0, out_size: 0)","level":"WARN","ts":"2026-10-06T23:56:19.820135304Z","instance":"dfs-a-r1","service_name":"afs-node"}
{"msg":"[Not Implemented] ioctl(ino: 0x5a, fh: 190, flags: 0, cmd: 21505, in_data.len(): 0, out_size: 0)","level":"WARN","ts":"2026-10-06T23:56:19.822034975Z","instance":"dfs-a-r1","service_name":"afs-node"}
{"msg":"[Not Implemented] ioctl(ino: 0x5b, fh: 191, flags: 0, cmd: 21505, in_data.len(): 0, out_size: 0)","level":"WARN","ts":"2026-10-06T23:56:19.82394748Z","instance":"dfs-a-r1","service_name":"afs-node"}
{"msg":"[Not Implemented] ioctl(ino: 0x5c, fh: 192, flags: 0, cmd: 21505, in_data.len(): 0, out_size: 0)","level":"WARN","ts":"2026-10-06T23:56:19.825775694Z","instance":"dfs-a-r1","service_name":"afs-node"}
{"msg":"[Not Implemented] ioctl(ino: 0x5d, fh: 193, flags: 0, cmd: 21505, in_data.len(): 0, out_size: 0)","level":"WARN","ts":"2026-10-06T23:56:19.82775549Z","instance":"dfs-a-r1","service_name":"afs-node"}
{"msg":"[Not Implemented] ioctl(ino: 0x5e, fh: 194, flags: 0, cmd: 21505, in_data.len(): 0, out_size: 0)","level":"WARN","ts":"2026-10-06T23:56:19.829634829Z","instance":"dfs-a-r1","service_name":"afs-node"}
{"msg":"[Not Implemented] ioctl(ino: 0x5f, fh: 195, flags: 0, cmd: 21505, in_data.len(): 0, out_size: 0)","level":"WARN","ts":"2026-10-06T23:56:19.831538417Z","instance":"dfs-a-r1","service_name":"afs-node"}
{"msg":"[Not Implemented] ioctl(ino: 0x60, fh: 196, flags: 0, cmd: 21505, in_data.len(): 0, out_size: 0)","level":"WARN","ts":"2026-10-06T23:56:19.833418464Z","instance":"dfs-a-r1","service_name":"afs-node"}
{"msg":"[Not Implemented] ioctl(ino: 0x61, fh: 197, flags: 0, cmd: 21505, in_data.len(): 0, out_size: 0)","level":"WARN","ts":"2026-10-06T23:56:19.835284843Z","instance":"dfs-a-r1","service_name":"afs-node"}
{"msg":"[Not Implemented] ioctl(ino: 0x62, fh: 198, flags: 0, cmd: 21505, in_data.len(): 0, out_size: 0)","level":"WARN","ts":"2026-10-06T23:56:19.837211848Z","instance":"dfs-a-r1","service_name":"afs-node"}
{"msg":"[Not Implemented] ioctl(ino: 0x63, fh: 199, flags: 0, cmd: 21505, in_data.len(): 0, out_size: 0)","level":"WARN","ts":"2026-10-06T23:56:19.839132437Z","instance":"dfs-a-r1","service_name":"afs-node"}
{"msg":"[Not Implemented] ioctl(ino: 0x64, fh: 200, flags: 0, cmd: 21505, in_data.len(): 0, out_size: 0)","level":"WARN","ts":"2026-10-06T23:56:19.840952358Z","instance":"dfs-a-r1","service_name":"afs-node"}
{"msg":"[Not Implemented] ioctl(ino: 0x65, fh: 201, flags: 0, cmd: 21505, in_data.len(): 0, out_size: 0)","level":"WARN","ts":"2026-10-06T23:56:19.842882863Z","instance":"dfs-a-r1","service_name":"afs-node"}
{"msg":"[Not Implemented] ioctl(ino: 0x66, fh: 202, flags: 0, cmd: 21505, in_data.len(): 0, out_size: 0)","level":"WARN","ts":"2026-10-06T23:56:19.844777535Z","instance":"dfs-a-r1","service_name":"afs-node"}
{"msg":"FUSE request failed","level":"ERRO","ts":"2026-10-06T23:56:21.244616265Z","instance":"dfs-a-r1","service_name":"afs-node","message":"DFS dentry not found","kind":"NotFound","code":34078721}
{"msg":"FUSE request failed","level":"ERRO","ts":"2026-10-06T23:56:21.244981933Z","instance":"dfs-a-r1","service_name":"afs-node","message":"DFS dentry not found","kind":"NotFound","code":34078721}
{"msg":"FUSE request failed","level":"ERRO","ts":"2026-10-06T23:56:21.245298267Z","instance":"dfs-a-r1","service_name":"afs-node","message":"DFS dentry not found","kind":"NotFound","code":34078721}
{"msg":"FUSE request failed","level":"ERRO","ts":"2026-10-06T23:56:21.255798711Z","instance":"dfs-a-r1","service_name":"afs-node","message":"DFS dentry not found","kind":"NotFound","code":34078721}
{"msg":"fuse.create","level":"INFO","ts":"2026-10-06T23:56:21.255817628Z","instance":"dfs-a-r1","service_name":"afs-node","name":"entry-0000.bin","parent":103}
{"msg":"FUSE request failed","level":"ERRO","ts":"2026-10-06T23:56:21.267133657Z","instance":"dfs-a-r1","service_name":"afs-node","message":"DFS currently supports only user.* xattrs","kind":"FailedPrecondition","code":67305489}
{"msg":"FUSE request failed","level":"ERRO","ts":"2026-10-06T23:56:21.288689672Z","instance":"dfs-a-r1","service_name":"afs-node","message":"DFS dentry not found","kind":"NotFound","code":34078721}
{"msg":"fuse.create","level":"INFO","ts":"2026-10-06T23:56:21.288697422Z","instance":"dfs-a-r1","service_name":"afs-node","name":"entry-0001.bin","parent":103}
{"msg":"FUSE request failed","level":"ERRO","ts":"2026-10-06T23:56:21.302647208Z","instance":"dfs-a-r1","service_name":"afs-node","message":"DFS currently supports only user.* xattrs","kind":"FailedPrecondition","code":67305489}
{"msg":"FUSE request failed","level":"ERRO","ts":"2026-10-06T23:56:21.330235863Z","instance":"dfs-a-r1","service_name":"afs-node","message":"DFS dentry not found","kind":"NotFound","code":34078721}
{"msg":"fuse.create","level":"INFO","ts":"2026-10-06T23:56:21.330245071Z","instance":"dfs-a-r1","service_name":"afs-node","name":"entry-0002.bin","parent":103}
{"msg":"FUSE request failed","level":"ERRO","ts":"2026-10-06T23:56:21.338330801Z","instance":"dfs-a-r1","service_name":"afs-node","message":"DFS currently supports only user.* xattrs","kind":"FailedPrecondition","code":67305489}
{"msg":"FUSE request failed","level":"ERRO","ts":"2026-10-06T23:56:21.353857591Z","instance":"dfs-a-r1","service_name":"afs-node","message":"DFS dentry not found","kind":"NotFound","code":34078721}
{"msg":"fuse.create","level":"INFO","ts":"2026-10-06T23:56:21.353889091Z","instance":"dfs-a-r1","service_name":"afs-node","name":"entry-0003.bin","parent":103}
{"msg":"FUSE request failed","level":"ERRO","ts":"2026-10-06T23:56:21.365460121Z","instance":"dfs-a-r1","service_name":"afs-node","message":"DFS currently supports only user.* xattrs","kind":"FailedPrecondition","code":67305489}
{"msg":"FUSE request failed","level":"ERRO","ts":"2026-10-06T23:56:21.383990878Z","instance":"dfs-a-r1","service_name":"afs-node","message":"DFS dentry not found","kind":"NotFound","code":34078721}
{"msg":"fuse.create","level":"INFO","ts":"2026-10-06T23:56:21.38399692Z","instance":"dfs-a-r1","service_name":"afs-node","name":"entry-0004.bin","parent":103}
{"msg":"FUSE request failed","level":"ERRO","ts":"2026-10-06T23:56:21.399161334Z","instance":"dfs-a-r1","service_name":"afs-node","message":"DFS currently supports only user.* xattrs","kind":"FailedPrecondition","code":67305489}
{"msg":"FUSE request failed","level":"ERRO","ts":"2026-10-06T23:56:21.423118271Z","instance":"dfs-a-r1","service_name":"afs-node","message":"DFS dentry not found","kind":"NotFound","code":34078721}
{"msg":"fuse.create","level":"INFO","ts":"2026-10-06T23:56:21.42313998Z","instance":"dfs-a-r1","service_name":"afs-node","name":"entry-0005.bin","parent":103}
{"msg":"FUSE request failed","level":"ERRO","ts":"2026-10-06T23:56:21.431395043Z","instance":"dfs-a-r1","service_name":"afs-node","message":"DFS currently supports only user.* xattrs","kind":"FailedPrecondition","code":67305489}
{"msg":"FUSE request failed","level":"ERRO","ts":"2026-10-06T23:56:21.446232956Z","instance":"dfs-a-r1","service_name":"afs-node","message":"DFS dentry not found","kind":"NotFound","code":34078721}
{"msg":"fuse.create","level":"INFO","ts":"2026-10-06T23:56:21.446242331Z","instance":"dfs-a-r1","service_name":"afs-node","name":"entry-0006.bin","parent":103}
{"msg":"FUSE request failed","level":"ERRO","ts":"2026-10-06T23:56:21.458202196Z","instance":"dfs-a-r1","service_name":"afs-node","message":"DFS currently supports only user.* xattrs","kind":"FailedPrecondition","code":67305489}
{"msg":"FUSE request failed","level":"ERRO","ts":"2026-10-06T23:56:21.477512579Z","instance":"dfs-a-r1","service_name":"afs-node","message":"DFS dentry not found","kind":"NotFound","code":34078721}
{"msg":"fuse.create","level":"INFO","ts":"2026-10-06T23:56:21.477517038Z","instance":"dfs-a-r1","service_name":"afs-node","name":"entry-0007.bin","parent":103}
{"msg":"FUSE request failed","level":"ERRO","ts":"2026-10-06T23:56:21.491914617Z","instance":"dfs-a-r1","service_name":"afs-node","message":"DFS currently supports only user.* xattrs","kind":"FailedPrecondition","code":67305489}
{"msg":"FUSE request failed","level":"ERRO","ts":"2026-10-06T23:56:21.520100357Z","instance":"dfs-a-r1","service_name":"afs-node","message":"DFS dentry not found","kind":"NotFound","code":34078721}
{"msg":"fuse.create","level":"INFO","ts":"2026-10-06T23:56:21.520120232Z","instance":"dfs-a-r1","service_name":"afs-node","name":"entry-0008.bin","parent":103}
{"msg":"FUSE request failed","level":"ERRO","ts":"2026-10-06T23:56:21.530858718Z","instance":"dfs-a-r1","service_name":"afs-node","message":"DFS currently supports only user.* xattrs","kind":"FailedPrecondition","code":67305489}
{"msg":"FUSE request failed","level":"ERRO","ts":"2026-10-06T23:56:21.549052224Z","instance":"dfs-a-r1","service_name":"afs-node","message":"DFS dentry not found","kind":"NotFound","code":34078721}
{"msg":"fuse.create","level":"INFO","ts":"2026-10-06T23:56:21.549086349Z","instance":"dfs-a-r1","service_name":"afs-node","name":"entry-0009.bin","parent":103}
{"msg":"FUSE request failed","level":"ERRO","ts":"2026-10-06T23:56:21.560987338Z","instance":"dfs-a-r1","service_name":"afs-node","message":"DFS currently supports only user.* xattrs","kind":"FailedPrecondition","code":67305489}
{"msg":"FUSE request failed","level":"ERRO","ts":"2026-10-06T23:56:21.581812309Z","instance":"dfs-a-r1","service_name":"afs-node","message":"DFS dentry not found","kind":"NotFound","code":34078721}
{"msg":"fuse.create","level":"INFO","ts":"2026-10-06T23:56:21.581838392Z","instance":"dfs-a-r1","service_name":"afs-node","name":"entry-0010.bin","parent":103}
{"msg":"FUSE request failed","level":"ERRO","ts":"2026-10-06T23:56:21.598049101Z","instance":"dfs-a-r1","service_name":"afs-node","message":"DFS currently supports only user.* xattrs","kind":"FailedPrecondition","code":67305489}
{"msg":"FUSE request failed","level":"ERRO","ts":"2026-10-06T23:56:21.623933127Z","instance":"dfs-a-r1","service_name":"afs-node","message":"DFS dentry not found","kind":"NotFound","code":34078721}
{"msg":"fuse.create","level":"INFO","ts":"2026-10-06T23:56:21.623942627Z","instance":"dfs-a-r1","service_name":"afs-node","name":"entry-0011.bin","parent":103}
{"msg":"FUSE request failed","level":"ERRO","ts":"2026-10-06T23:56:21.632074898Z","instance":"dfs-a-r1","service_name":"afs-node","message":"DFS currently supports only user.* xattrs","kind":"FailedPrecondition","code":67305489}
{"msg":"FUSE request failed","level":"ERRO","ts":"2026-10-06T23:56:21.651186614Z","instance":"dfs-a-r1","service_name":"afs-node","message":"DFS dentry not found","kind":"NotFound","code":34078721}
{"msg":"fuse.create","level":"INFO","ts":"2026-10-06T23:56:21.651205656Z","instance":"dfs-a-r1","service_name":"afs-node","name":"entry-0012.bin","parent":103}
{"msg":"FUSE request failed","level":"ERRO","ts":"2026-10-06T23:56:21.663825856Z","instance":"dfs-a-r1","service_name":"afs-node","message":"DFS currently supports only user.* xattrs","kind":"FailedPrecondition","code":67305489}
{"msg":"FUSE request failed","level":"ERRO","ts":"2026-10-06T23:56:21.686511581Z","instance":"dfs-a-r1","service_name":"afs-node","message":"DFS dentry not found","kind":"NotFound","code":34078721}
{"msg":"fuse.create","level":"INFO","ts":"2026-10-06T23:56:21.686515873Z","instance":"dfs-a-r1","service_name":"afs-node","name":"entry-0013.bin","parent":103}
{"msg":"FUSE request failed","level":"ERRO","ts":"2026-10-06T23:56:21.701824913Z","instance":"dfs-a-r1","service_name":"afs-node","message":"DFS currently supports only user.* xattrs","kind":"FailedPrecondition","code":67305489}
{"msg":"FUSE request failed","level":"ERRO","ts":"2026-10-06T23:56:21.731760449Z","instance":"dfs-a-r1","service_name":"afs-node","message":"DFS dentry not found","kind":"NotFound","code":34078721}
{"msg":"fuse.create","level":"INFO","ts":"2026-10-06T23:56:21.731800657Z","instance":"dfs-a-r1","service_name":"afs-node","name":"entry-0014.bin","parent":103}
{"msg":"FUSE request failed","level":"ERRO","ts":"2026-10-06T23:56:21.740156346Z","instance":"dfs-a-r1","service_name":"afs-node","message":"DFS currently supports only user.* xattrs","kind":"FailedPrecondition","code":67305489}
{"msg":"FUSE request failed","level":"ERRO","ts":"2026-10-06T23:56:21.757818642Z","instance":"dfs-a-r1","service_name":"afs-node","message":"DFS dentry not found","kind":"NotFound","code":34078721}
{"msg":"fuse.create","level":"INFO","ts":"2026-10-06T23:56:21.757838808Z","instance":"dfs-a-r1","service_name":"afs-node","name":"entry-0015.bin","parent":103}
{"msg":"FUSE request failed","level":"ERRO","ts":"2026-10-06T23:56:21.772146012Z","instance":"dfs-a-r1","service_name":"afs-node","message":"DFS currently supports only user.* xattrs","kind":"FailedPrecondition","code":67305489}
{"msg":"FUSE request failed","level":"ERRO","ts":"2026-10-06T23:56:21.792888608Z","instance":"dfs-a-r1","service_name":"afs-node","message":"DFS dentry not found","kind":"NotFound","code":34078721}
{"msg":"fuse.create","level":"INFO","ts":"2026-10-06T23:56:21.792910858Z","instance":"dfs-a-r1","service_name":"afs-node","name":"entry-0016.bin","parent":103}
{"msg":"FUSE request failed","level":"ERRO","ts":"2026-10-06T23:56:21.808833649Z","instance":"dfs-a-r1","service_name":"afs-node","message":"DFS currently supports only user.* xattrs","kind":"FailedPrecondition","code":67305489}
{"msg":"FUSE request failed","level":"ERRO","ts":"2026-10-06T23:56:21.846957665Z","instance":"dfs-a-r1","service_name":"afs-node","message":"DFS dentry not found","kind":"NotFound","code":34078721}
{"msg":"fuse.create","level":"INFO","ts":"2026-10-06T23:56:21.846967957Z","instance":"dfs-a-r1","service_name":"afs-node","name":"entry-0017.bin","parent":103}
{"msg":"FUSE request failed","level":"ERRO","ts":"2026-10-06T23:56:21.859173405Z","instance":"dfs-a-r1","service_name":"afs-node","message":"DFS currently supports only user.* xattrs","kind":"FailedPrecondition","code":67305489}
{"msg":"FUSE request failed","level":"ERRO","ts":"2026-10-06T23:56:21.876380825Z","instance":"dfs-a-r1","service_name":"afs-node","message":"DFS dentry not found","kind":"NotFound","code":34078721}
{"msg":"fuse.create","level":"INFO","ts":"2026-10-06T23:56:21.876388075Z","instance":"dfs-a-r1","service_name":"afs-node","name":"entry-0018.bin","parent":103}
{"msg":"FUSE request failed","level":"ERRO","ts":"2026-10-06T23:56:21.891049363Z","instance":"dfs-a-r1","service_name":"afs-node","message":"DFS currently supports only user.* xattrs","kind":"FailedPrecondition","code":67305489}
{"msg":"FUSE request failed","level":"ERRO","ts":"2026-10-06T23:56:21.910753164Z","instance":"dfs-a-r1","service_name":"afs-node","message":"DFS dentry not found","kind":"NotFound","code":34078721}
{"msg":"fuse.create","level":"INFO","ts":"2026-10-06T23:56:21.910795706Z","instance":"dfs-a-r1","service_name":"afs-node","name":"entry-0019.bin","parent":103}
{"msg":"FUSE request failed","level":"ERRO","ts":"2026-10-06T23:56:21.933398223Z","instance":"dfs-a-r1","service_name":"afs-node","message":"DFS currently supports only user.* xattrs","kind":"FailedPrecondition","code":67305489}
{"msg":"FUSE request failed","level":"ERRO","ts":"2026-10-06T23:56:21.947456677Z","instance":"dfs-a-r1","service_name":"afs-node","message":"DFS dentry not found","kind":"NotFound","code":34078721}
{"msg":"fuse.create","level":"INFO","ts":"2026-10-06T23:56:21.94747276Z","instance":"dfs-a-r1","service_name":"afs-node","name":"entry-0020.bin","parent":103}
{"msg":"FUSE request failed","level":"ERRO","ts":"2026-10-06T23:56:21.958461622Z","instance":"dfs-a-r1","service_name":"afs-node","message":"DFS currently supports only user.* xattrs","kind":"FailedPrecondition","code":67305489}
{"msg":"FUSE request failed","level":"ERRO","ts":"2026-10-06T23:56:21.976832295Z","instance":"dfs-a-r1","service_name":"afs-node","message":"DFS dentry not found","kind":"NotFound","code":34078721}
{"msg":"fuse.create","level":"INFO","ts":"2026-10-06T23:56:21.976855711Z","instance":"dfs-a-r1","service_name":"afs-node","name":"entry-0021.bin","parent":103}
{"msg":"FUSE request failed","level":"ERRO","ts":"2026-10-06T23:56:21.991042373Z","instance":"dfs-a-r1","service_name":"afs-node","message":"DFS currently supports only user.* xattrs","kind":"FailedPrecondition","code":67305489}
{"msg":"FUSE request failed","level":"ERRO","ts":"2026-10-06T23:56:22.017538525Z","instance":"dfs-a-r1","service_name":"afs-node","message":"DFS dentry not found","kind":"NotFound","code":34078721}
{"msg":"fuse.create","level":"INFO","ts":"2026-10-06T23:56:22.017547317Z","instance":"dfs-a-r1","service_name":"afs-node","name":"entry-0022.bin","parent":103}
{"msg":"FUSE request failed","level":"ERRO","ts":"2026-10-06T23:56:22.028842055Z","instance":"dfs-a-r1","service_name":"afs-node","message":"DFS currently supports only user.* xattrs","kind":"FailedPrecondition","code":67305489}
{"msg":"FUSE request failed","level":"ERRO","ts":"2026-10-06T23:56:22.043881969Z","instance":"dfs-a-r1","service_name":"afs-node","message":"DFS dentry not found","kind":"NotFound","code":34078721}
{"msg":"fuse.create","level":"INFO","ts":"2026-10-06T23:56:22.043904261Z","instance":"dfs-a-r1","service_name":"afs-node","name":"entry-0023.bin","parent":103}
{"msg":"FUSE request failed","level":"ERRO","ts":"2026-10-06T23:56:22.056849211Z","instance":"dfs-a-r1","service_name":"afs-node","message":"DFS currently supports only user.* xattrs","kind":"FailedPrecondition","code":67305489}
{"msg":"FUSE request failed","level":"ERRO","ts":"2026-10-06T23:56:22.079347561Z","instance":"dfs-a-r1","service_name":"afs-node","message":"DFS dentry not found","kind":"NotFound","code":34078721}
{"msg":"fuse.create","level":"INFO","ts":"2026-10-06T23:56:22.079366186Z","instance":"dfs-a-r1","service_name":"afs-node","name":"entry-0024.bin","parent":103}
{"msg":"FUSE request failed","level":"ERRO","ts":"2026-10-06T23:56:22.100428824Z","instance":"dfs-a-r1","service_name":"afs-node","message":"DFS currently supports only user.* xattrs","kind":"FailedPrecondition","code":67305489}
{"msg":"FUSE request failed","level":"ERRO","ts":"2026-10-06T23:56:22.114411985Z","instance":"dfs-a-r1","service_name":"afs-node","message":"DFS dentry not found","kind":"NotFound","code":34078721}
{"msg":"fuse.create","level":"INFO","ts":"2026-10-06T23:56:22.114444902Z","instance":"dfs-a-r1","service_name":"afs-node","name":"entry-0025.bin","parent":103}
{"msg":"FUSE request failed","level":"ERRO","ts":"2026-10-06T23:56:22.12526193Z","instance":"dfs-a-r1","service_name":"afs-node","message":"DFS currently supports only user.* xattrs","kind":"FailedPrecondition","code":67305489}
{"msg":"FUSE request failed","level":"ERRO","ts":"2026-10-06T23:56:22.145828733Z","instance":"dfs-a-r1","service_name":"afs-node","message":"DFS dentry not found","kind":"NotFound","code":34078721}
{"msg":"fuse.create","level":"INFO","ts":"2026-10-06T23:56:22.145855775Z","instance":"dfs-a-r1","service_name":"afs-node","name":"entry-0026.bin","parent":103}
{"msg":"FUSE request failed","level":"ERRO","ts":"2026-10-06T23:56:22.160665605Z","instance":"dfs-a-r1","service_name":"afs-node","message":"DFS currently supports only user.* xattrs","kind":"FailedPrecondition","code":67305489}
{"msg":"FUSE request failed","level":"ERRO","ts":"2026-10-06T23:56:22.186896882Z","instance":"dfs-a-r1","service_name":"afs-node","message":"DFS dentry not found","kind":"NotFound","code":34078721}
{"msg":"fuse.create","level":"INFO","ts":"2026-10-06T23:56:22.186924173Z","instance":"dfs-a-r1","service_name":"afs-node","name":"entry-0027.bin","parent":103}
{"msg":"FUSE request failed","level":"ERRO","ts":"2026-10-06T23:56:22.19647049Z","instance":"dfs-a-r1","service_name":"afs-node","message":"DFS currently supports only user.* xattrs","kind":"FailedPrecondition","code":67305489}
{"msg":"FUSE request failed","level":"ERRO","ts":"2026-10-06T23:56:22.211848405Z","instance":"dfs-a-r1","service_name":"afs-node","message":"DFS dentry not found","kind":"NotFound","code":34078721}
{"msg":"fuse.create","level":"INFO","ts":"2026-10-06T23:56:22.211868405Z","instance":"dfs-a-r1","service_name":"afs-node","name":"entry-0028.bin","parent":103}
{"msg":"FUSE request failed","level":"ERRO","ts":"2026-10-06T23:56:22.225003022Z","instance":"dfs-a-r1","service_name":"afs-node","message":"DFS currently supports only user.* xattrs","kind":"FailedPrecondition","code":67305489}
{"msg":"FUSE request failed","level":"ERRO","ts":"2026-10-06T23:56:22.246140785Z","instance":"dfs-a-r1","service_name":"afs-node","message":"DFS dentry not found","kind":"NotFound","code":34078721}
{"msg":"fuse.create","level":"INFO","ts":"2026-10-06T23:56:22.246145744Z","instance":"dfs-a-r1","service_name":"afs-node","name":"entry-0029.bin","parent":103}
{"msg":"FUSE request failed","level":"ERRO","ts":"2026-10-06T23:56:22.26862476Z","instance":"dfs-a-r1","service_name":"afs-node","message":"DFS currently supports only user.* xattrs","kind":"FailedPrecondition","code":67305489}
{"msg":"FUSE request failed","level":"ERRO","ts":"2026-10-06T23:56:22.286791974Z","instance":"dfs-a-r1","service_name":"afs-node","message":"DFS dentry not found","kind":"NotFound","code":34078721}
{"msg":"fuse.create","level":"INFO","ts":"2026-10-06T23:56:22.286796849Z","instance":"dfs-a-r1","service_name":"afs-node","name":"entry-0030.bin","parent":103}
{"msg":"FUSE request failed","level":"ERRO","ts":"2026-10-06T23:56:22.298469505Z","instance":"dfs-a-r1","service_name":"afs-node","message":"DFS currently supports only user.* xattrs","kind":"FailedPrecondition","code":67305489}
{"msg":"FUSE request failed","level":"ERRO","ts":"2026-10-06T23:56:22.319159225Z","instance":"dfs-a-r1","service_name":"afs-node","message":"DFS dentry not found","kind":"NotFound","code":34078721}
{"msg":"fuse.create","level":"INFO","ts":"2026-10-06T23:56:22.3191631Z","instance":"dfs-a-r1","service_name":"afs-node","name":"entry-0031.bin","parent":103}
{"msg":"FUSE request failed","level":"ERRO","ts":"2026-10-06T23:56:22.334357723Z","instance":"dfs-a-r1","service_name":"afs-node","message":"DFS currently supports only user.* xattrs","kind":"FailedPrecondition","code":67305489}
{"msg":"FUSE request failed","level":"ERRO","ts":"2026-10-06T23:56:22.360841833Z","instance":"dfs-a-r1","service_name":"afs-node","message":"DFS dentry not found","kind":"NotFound","code":34078721}
{"msg":"fuse.create","level":"INFO","ts":"2026-10-06T23:56:22.360849833Z","instance":"dfs-a-r1","service_name":"afs-node","name":"entry-0032.bin","parent":103}
{"msg":"FUSE request failed","level":"ERRO","ts":"2026-10-06T23:56:22.371037985Z","instance":"dfs-a-r1","service_name":"afs-node","message":"DFS currently supports only user.* xattrs","kind":"FailedPrecondition","code":67305489}
{"msg":"FUSE request failed","level":"ERRO","ts":"2026-10-06T23:56:22.392688291Z","instance":"dfs-a-r1","service_name":"afs-node","message":"DFS dentry not found","kind":"NotFound","code":34078721}
{"msg":"fuse.create","level":"INFO","ts":"2026-10-06T23:56:22.392713583Z","instance":"dfs-a-r1","service_name":"afs-node","name":"entry-0033.bin","parent":103}
{"msg":"FUSE request failed","level":"ERRO","ts":"2026-10-06T23:56:22.405911033Z","instance":"dfs-a-r1","service_name":"afs-node","message":"DFS currently supports only user.* xattrs","kind":"FailedPrecondition","code":67305489}
{"msg":"FUSE request failed","level":"ERRO","ts":"2026-10-06T23:56:22.425947877Z","instance":"dfs-a-r1","service_name":"afs-node","message":"DFS dentry not found","kind":"NotFound","code":34078721}
{"msg":"fuse.create","level":"INFO","ts":"2026-10-06T23:56:22.425964544Z","instance":"dfs-a-r1","service_name":"afs-node","name":"entry-0034.bin","parent":103}
{"msg":"FUSE request failed","level":"ERRO","ts":"2026-10-06T23:56:22.449016604Z","instance":"dfs-a-r1","service_name":"afs-node","message":"DFS currently supports only user.* xattrs","kind":"FailedPrecondition","code":67305489}
{"msg":"FUSE request failed","level":"ERRO","ts":"2026-10-06T23:56:22.466249482Z","instance":"dfs-a-r1","service_name":"afs-node","message":"DFS dentry not found","kind":"NotFound","code":34078721}
{"msg":"fuse.create","level":"INFO","ts":"2026-10-06T23:56:22.466279648Z","instance":"dfs-a-r1","service_name":"afs-node","name":"entry-0035.bin","parent":103}
{"msg":"FUSE request failed","level":"ERRO","ts":"2026-10-06T23:56:22.478355971Z","instance":"dfs-a-r1","service_name":"afs-node","message":"DFS currently supports only user.* xattrs","kind":"FailedPrecondition","code":67305489}
{"msg":"FUSE request failed","level":"ERRO","ts":"2026-10-06T23:56:22.499328484Z","instance":"dfs-a-r1","service_name":"afs-node","message":"DFS dentry not found","kind":"NotFound","code":34078721}
{"msg":"fuse.create","level":"INFO","ts":"2026-10-06T23:56:22.499343443Z","instance":"dfs-a-r1","service_name":"afs-node","name":"entry-0036.bin","parent":103}
{"msg":"FUSE request failed","level":"ERRO","ts":"2026-10-06T23:56:22.515292567Z","instance":"dfs-a-r1","service_name":"afs-node","message":"DFS currently supports only user.* xattrs","kind":"FailedPrecondition","code":67305489}
{"msg":"FUSE request failed","level":"ERRO","ts":"2026-10-06T23:56:22.544622852Z","instance":"dfs-a-r1","service_name":"afs-node","message":"DFS dentry not found","kind":"NotFound","code":34078721}
{"msg":"fuse.create","level":"INFO","ts":"2026-10-06T23:56:22.544654394Z","instance":"dfs-a-r1","service_name":"afs-node","name":"entry-0037.bin","parent":103}
{"msg":"FUSE request failed","level":"ERRO","ts":"2026-10-06T23:56:22.554946795Z","instance":"dfs-a-r1","service_name":"afs-node","message":"DFS currently supports only user.* xattrs","kind":"FailedPrecondition","code":67305489}
{"msg":"FUSE request failed","level":"ERRO","ts":"2026-10-06T23:56:22.575603724Z","instance":"dfs-a-r1","service_name":"afs-node","message":"DFS dentry not found","kind":"NotFound","code":34078721}
{"msg":"fuse.create","level":"INFO","ts":"2026-10-06T23:56:22.575638891Z","instance":"dfs-a-r1","service_name":"afs-node","name":"entry-0038.bin","parent":103}
{"msg":"FUSE request failed","level":"ERRO","ts":"2026-10-06T23:56:22.589042884Z","instance":"dfs-a-r1","service_name":"afs-node","message":"DFS currently supports only user.* xattrs","kind":"FailedPrecondition","code":67305489}
{"msg":"FUSE request failed","level":"ERRO","ts":"2026-10-06T23:56:22.612456695Z","instance":"dfs-a-r1","service_name":"afs-node","message":"DFS dentry not found","kind":"NotFound","code":34078721}
{"msg":"fuse.create","level":"INFO","ts":"2026-10-06T23:56:22.61249307Z","instance":"dfs-a-r1","service_name":"afs-node","name":"entry-0039.bin","parent":103}
{"msg":"FUSE request failed","level":"ERRO","ts":"2026-10-06T23:56:22.63502617Z","instance":"dfs-a-r1","service_name":"afs-node","message":"DFS currently supports only user.* xattrs","kind":"FailedPrecondition","code":67305489}
{"msg":"FUSE request failed","level":"ERRO","ts":"2026-10-06T23:56:22.652195673Z","instance":"dfs-a-r1","service_name":"afs-node","message":"DFS dentry not found","kind":"NotFound","code":34078721}
{"msg":"fuse.create","level":"INFO","ts":"2026-10-06T23:56:22.652200131Z","instance":"dfs-a-r1","service_name":"afs-node","name":"entry-0040.bin","parent":103}
{"msg":"FUSE request failed","level":"ERRO","ts":"2026-10-06T23:56:22.664430788Z","instance":"dfs-a-r1","service_name":"afs-node","message":"DFS currently supports only user.* xattrs","kind":"FailedPrecondition","code":67305489}
{"msg":"FUSE request failed","level":"ERRO","ts":"2026-10-06T23:56:22.68641497Z","instance":"dfs-a-r1","service_name":"afs-node","message":"DFS dentry not found","kind":"NotFound","code":34078721}
{"msg":"fuse.create","level":"INFO","ts":"2026-10-06T23:56:22.686418762Z","instance":"dfs-a-r1","service_name":"afs-node","name":"entry-0041.bin","parent":103}
{"msg":"FUSE request failed","level":"ERRO","ts":"2026-10-06T23:56:22.702765262Z","instance":"dfs-a-r1","service_name":"afs-node","message":"DFS currently supports only user.* xattrs","kind":"FailedPrecondition","code":67305489}
{"msg":"FUSE request failed","level":"ERRO","ts":"2026-10-06T23:56:22.731579879Z","instance":"dfs-a-r1","service_name":"afs-node","message":"DFS dentry not found","kind":"NotFound","code":34078721}
{"msg":"fuse.create","level":"INFO","ts":"2026-10-06T23:56:22.731590337Z","instance":"dfs-a-r1","service_name":"afs-node","name":"entry-0042.bin","parent":103}
{"msg":"FUSE request failed","level":"ERRO","ts":"2026-10-06T23:56:22.742122906Z","instance":"dfs-a-r1","service_name":"afs-node","message":"DFS currently supports only user.* xattrs","kind":"FailedPrecondition","code":67305489}
{"msg":"FUSE request failed","level":"ERRO","ts":"2026-10-06T23:56:22.758687616Z","instance":"dfs-a-r1","service_name":"afs-node","message":"DFS dentry not found","kind":"NotFound","code":34078721}
{"msg":"fuse.create","level":"INFO","ts":"2026-10-06T23:56:22.758692866Z","instance":"dfs-a-r1","service_name":"afs-node","name":"entry-0043.bin","parent":103}
{"msg":"FUSE request failed","level":"ERRO","ts":"2026-10-06T23:56:22.772413443Z","instance":"dfs-a-r1","service_name":"afs-node","message":"DFS currently supports only user.* xattrs","kind":"FailedPrecondition","code":67305489}
{"msg":"FUSE request failed","level":"ERRO","ts":"2026-10-06T23:56:22.793998457Z","instance":"dfs-a-r1","service_name":"afs-node","message":"DFS dentry not found","kind":"NotFound","code":34078721}
{"msg":"fuse.create","level":"INFO","ts":"2026-10-06T23:56:22.794070708Z","instance":"dfs-a-r1","service_name":"afs-node","name":"entry-0044.bin","parent":103}
{"msg":"FUSE request failed","level":"ERRO","ts":"2026-10-06T23:56:22.819399982Z","instance":"dfs-a-r1","service_name":"afs-node","message":"DFS currently supports only user.* xattrs","kind":"FailedPrecondition","code":67305489}
{"msg":"FUSE request failed","level":"ERRO","ts":"2026-10-06T23:56:22.837039944Z","instance":"dfs-a-r1","service_name":"afs-node","message":"DFS dentry not found","kind":"NotFound","code":34078721}
{"msg":"fuse.create","level":"INFO","ts":"2026-10-06T23:56:22.837051986Z","instance":"dfs-a-r1","service_name":"afs-node","name":"entry-0045.bin","parent":103}
{"msg":"FUSE request failed","level":"ERRO","ts":"2026-10-06T23:56:22.849362893Z","instance":"dfs-a-r1","service_name":"afs-node","message":"DFS currently supports only user.* xattrs","kind":"FailedPrecondition","code":67305489}
{"msg":"FUSE request failed","level":"ERRO","ts":"2026-10-06T23:56:22.867458481Z","instance":"dfs-a-r1","service_name":"afs-node","message":"DFS dentry not found","kind":"NotFound","code":34078721}
{"msg":"fuse.create","level":"INFO","ts":"2026-10-06T23:56:22.86748219Z","instance":"dfs-a-r1","service_name":"afs-node","name":"entry-0046.bin","parent":103}
{"msg":"FUSE request failed","level":"ERRO","ts":"2026-10-06T23:56:22.883367314Z","instance":"dfs-a-r1","service_name":"afs-node","message":"DFS currently supports only user.* xattrs","kind":"FailedPrecondition","code":67305489}
{"msg":"FUSE request failed","level":"ERRO","ts":"2026-10-06T23:56:22.915810899Z","instance":"dfs-a-r1","service_name":"afs-node","message":"DFS dentry not found","kind":"NotFound","code":34078721}
{"msg":"fuse.create","level":"INFO","ts":"2026-10-06T23:56:22.915831732Z","instance":"dfs-a-r1","service_name":"afs-node","name":"entry-0047.bin","parent":103}
{"msg":"FUSE request failed","level":"ERRO","ts":"2026-10-06T23:56:22.925282506Z","instance":"dfs-a-r1","service_name":"afs-node","message":"DFS currently supports only user.* xattrs","kind":"FailedPrecondition","code":67305489}
{"msg":"FUSE request failed","level":"ERRO","ts":"2026-10-06T23:56:22.941125423Z","instance":"dfs-a-r1","service_name":"afs-node","message":"DFS dentry not found","kind":"NotFound","code":34078721}
{"msg":"fuse.create","level":"INFO","ts":"2026-10-06T23:56:22.941153298Z","instance":"dfs-a-r1","service_name":"afs-node","name":"entry-0048.bin","parent":103}
{"msg":"FUSE request failed","level":"ERRO","ts":"2026-10-06T23:56:22.95606267Z","instance":"dfs-a-r1","service_name":"afs-node","message":"DFS currently supports only user.* xattrs","kind":"FailedPrecondition","code":67305489}
{"msg":"FUSE request failed","level":"ERRO","ts":"2026-10-06T23:56:22.977629559Z","instance":"dfs-a-r1","service_name":"afs-node","message":"DFS dentry not found","kind":"NotFound","code":34078721}
{"msg":"fuse.create","level":"INFO","ts":"2026-10-06T23:56:22.977650226Z","instance":"dfs-a-r1","service_name":"afs-node","name":"entry-0049.bin","parent":103}
{"msg":"FUSE request failed","level":"ERRO","ts":"2026-10-06T23:56:23.0030875Z","instance":"dfs-a-r1","service_name":"afs-node","message":"DFS currently supports only user.* xattrs","kind":"FailedPrecondition","code":67305489}
{"msg":"FUSE request failed","level":"ERRO","ts":"2026-10-06T23:56:23.018523832Z","instance":"dfs-a-r1","service_name":"afs-node","message":"DFS dentry not found","kind":"NotFound","code":34078721}
{"msg":"fuse.create","level":"INFO","ts":"2026-10-06T23:56:23.018529498Z","instance":"dfs-a-r1","service_name":"afs-node","name":"entry-0050.bin","parent":103}
{"msg":"FUSE request failed","level":"ERRO","ts":"2026-10-06T23:56:23.031052572Z","instance":"dfs-a-r1","service_name":"afs-node","message":"DFS currently supports only user.* xattrs","kind":"FailedPrecondition","code":67305489}
{"msg":"FUSE request failed","level":"ERRO","ts":"2026-10-06T23:56:23.051062583Z","instance":"dfs-a-r1","service_name":"afs-node","message":"DFS dentry not found","kind":"NotFound","code":34078721}
{"msg":"fuse.create","level":"INFO","ts":"2026-10-06T23:56:23.051069541Z","instance":"dfs-a-r1","service_name":"afs-node","name":"entry-0051.bin","parent":103}
{"msg":"FUSE request failed","level":"ERRO","ts":"2026-10-06T23:56:23.067681376Z","instance":"dfs-a-r1","service_name":"afs-node","message":"DFS currently supports only user.* xattrs","kind":"FailedPrecondition","code":67305489}
{"msg":"FUSE request failed","level":"ERRO","ts":"2026-10-06T23:56:23.099798584Z","instance":"dfs-a-r1","service_name":"afs-node","message":"DFS dentry not found","kind":"NotFound","code":34078721}
{"msg":"fuse.create","level":"INFO","ts":"2026-10-06T23:56:23.099804751Z","instance":"dfs-a-r1","service_name":"afs-node","name":"entry-0052.bin","parent":103}
{"msg":"FUSE request failed","level":"ERRO","ts":"2026-10-06T23:56:23.111289364Z","instance":"dfs-a-r1","service_name":"afs-node","message":"DFS currently supports only user.* xattrs","kind":"FailedPrecondition","code":67305489}
{"msg":"FUSE request failed","level":"ERRO","ts":"2026-10-06T23:56:23.129791162Z","instance":"dfs-a-r1","service_name":"afs-node","message":"DFS dentry not found","kind":"NotFound","code":34078721}
{"msg":"fuse.create","level":"INFO","ts":"2026-10-06T23:56:23.129816495Z","instance":"dfs-a-r1","service_name":"afs-node","name":"entry-0053.bin","parent":103}
{"msg":"FUSE request failed","level":"ERRO","ts":"2026-10-06T23:56:23.144583408Z","instance":"dfs-a-r1","service_name":"afs-node","message":"DFS currently supports only user.* xattrs","kind":"FailedPrecondition","code":67305489}
{"msg":"FUSE request failed","level":"ERRO","ts":"2026-10-06T23:56:23.165448587Z","instance":"dfs-a-r1","service_name":"afs-node","message":"DFS dentry not found","kind":"NotFound","code":34078721}
{"msg":"fuse.create","level":"INFO","ts":"2026-10-06T23:56:23.165472921Z","instance":"dfs-a-r1","service_name":"afs-node","name":"entry-0054.bin","parent":103}
{"msg":"FUSE request failed","level":"ERRO","ts":"2026-10-06T23:56:23.191058529Z","instance":"dfs-a-r1","service_name":"afs-node","message":"DFS currently supports only user.* xattrs","kind":"FailedPrecondition","code":67305489}
{"msg":"FUSE request failed","level":"ERRO","ts":"2026-10-06T23:56:23.210085411Z","instance":"dfs-a-r1","service_name":"afs-node","message":"DFS dentry not found","kind":"NotFound","code":34078721}
{"msg":"fuse.create","level":"INFO","ts":"2026-10-06T23:56:23.21009037Z","instance":"dfs-a-r1","service_name":"afs-node","name":"entry-0055.bin","parent":103}
{"msg":"FUSE request failed","level":"ERRO","ts":"2026-10-06T23:56:23.223018028Z","instance":"dfs-a-r1","service_name":"afs-node","message":"DFS currently supports only user.* xattrs","kind":"FailedPrecondition","code":67305489}
{"msg":"FUSE request failed","level":"ERRO","ts":"2026-10-06T23:56:23.246658964Z","instance":"dfs-a-r1","service_name":"afs-node","message":"DFS dentry not found","kind":"NotFound","code":34078721}
{"msg":"fuse.create","level":"INFO","ts":"2026-10-06T23:56:23.246663589Z","instance":"dfs-a-r1","service_name":"afs-node","name":"entry-0056.bin","parent":103}
{"msg":"FUSE request failed","level":"ERRO","ts":"2026-10-06T23:56:23.268322395Z","instance":"dfs-a-r1","service_name":"afs-node","message":"DFS currently supports only user.* xattrs","kind":"FailedPrecondition","code":67305489}
{"msg":"FUSE request failed","level":"ERRO","ts":"2026-10-06T23:56:23.283612268Z","instance":"dfs-a-r1","service_name":"afs-node","message":"DFS dentry not found","kind":"NotFound","code":34078721}
{"msg":"fuse.create","level":"INFO","ts":"2026-10-06T23:56:23.283647227Z","instance":"dfs-a-r1","service_name":"afs-node","name":"entry-0057.bin","parent":103}
{"msg":"FUSE request failed","level":"ERRO","ts":"2026-10-06T23:56:23.297136303Z","instance":"dfs-a-r1","service_name":"afs-node","message":"DFS currently supports only user.* xattrs","kind":"FailedPrecondition","code":67305489}
{"msg":"FUSE request failed","level":"ERRO","ts":"2026-10-06T23:56:23.319618487Z","instance":"dfs-a-r1","service_name":"afs-node","message":"DFS dentry not found","kind":"NotFound","code":34078721}
{"msg":"fuse.create","level":"INFO","ts":"2026-10-06T23:56:23.319633903Z","instance":"dfs-a-r1","service_name":"afs-node","name":"entry-0058.bin","parent":103}
{"msg":"FUSE request failed","level":"ERRO","ts":"2026-10-06T23:56:23.342243587Z","instance":"dfs-a-r1","service_name":"afs-node","message":"DFS currently supports only user.* xattrs","kind":"FailedPrecondition","code":67305489}
{"msg":"FUSE request failed","level":"ERRO","ts":"2026-10-06T23:56:23.359168089Z","instance":"dfs-a-r1","service_name":"afs-node","message":"DFS dentry not found","kind":"NotFound","code":34078721}
{"msg":"fuse.create","level":"INFO","ts":"2026-10-06T23:56:23.359192547Z","instance":"dfs-a-r1","service_name":"afs-node","name":"entry-0059.bin","parent":103}
{"msg":"FUSE request failed","level":"ERRO","ts":"2026-10-06T23:56:23.372542749Z","instance":"dfs-a-r1","service_name":"afs-node","message":"DFS currently supports only user.* xattrs","kind":"FailedPrecondition","code":67305489}
{"msg":"FUSE request failed","level":"ERRO","ts":"2026-10-06T23:56:23.399872153Z","instance":"dfs-a-r1","service_name":"afs-node","message":"DFS dentry not found","kind":"NotFound","code":34078721}
{"msg":"fuse.create","level":"INFO","ts":"2026-10-06T23:56:23.399885903Z","instance":"dfs-a-r1","service_name":"afs-node","name":"entry-0060.bin","parent":103}
{"msg":"FUSE request failed","level":"ERRO","ts":"2026-10-06T23:56:23.423058296Z","instance":"dfs-a-r1","service_name":"afs-node","message":"DFS currently supports only user.* xattrs","kind":"FailedPrecondition","code":67305489}
{"msg":"FUSE request failed","level":"ERRO","ts":"2026-10-06T23:56:23.439506714Z","instance":"dfs-a-r1","service_name":"afs-node","message":"DFS dentry not found","kind":"NotFound","code":34078721}
{"msg":"fuse.create","level":"INFO","ts":"2026-10-06T23:56:23.439526881Z","instance":"dfs-a-r1","service_name":"afs-node","name":"entry-0061.bin","parent":103}
{"msg":"FUSE request failed","level":"ERRO","ts":"2026-10-06T23:56:23.45218358Z","instance":"dfs-a-r1","service_name":"afs-node","message":"DFS currently supports only user.* xattrs","kind":"FailedPrecondition","code":67305489}
{"msg":"FUSE request failed","level":"ERRO","ts":"2026-10-06T23:56:23.472013965Z","instance":"dfs-a-r1","service_name":"afs-node","message":"DFS dentry not found","kind":"NotFound","code":34078721}
{"msg":"fuse.create","level":"INFO","ts":"2026-10-06T23:56:23.472031423Z","instance":"dfs-a-r1","service_name":"afs-node","name":"entry-0062.bin","parent":103}
{"msg":"FUSE request failed","level":"ERRO","ts":"2026-10-06T23:56:23.495351025Z","instance":"dfs-a-r1","service_name":"afs-node","message":"DFS currently supports only user.* xattrs","kind":"FailedPrecondition","code":67305489}
{"msg":"FUSE request failed","level":"ERRO","ts":"2026-10-06T23:56:23.513454572Z","instance":"dfs-a-r1","service_name":"afs-node","message":"DFS dentry not found","kind":"NotFound","code":34078721}
{"msg":"fuse.create","level":"INFO","ts":"2026-10-06T23:56:23.513459489Z","instance":"dfs-a-r1","service_name":"afs-node","name":"entry-0063.bin","parent":103}
{"msg":"FUSE request failed","level":"ERRO","ts":"2026-10-06T23:56:23.526971899Z","instance":"dfs-a-r1","service_name":"afs-node","message":"DFS currently supports only user.* xattrs","kind":"FailedPrecondition","code":67305489}
{"msg":"FUSE request failed","level":"ERRO","ts":"2026-10-06T23:56:23.552001422Z","instance":"dfs-a-r1","service_name":"afs-node","message":"DFS dentry not found","kind":"NotFound","code":34078721}
{"msg":"fuse.create","level":"INFO","ts":"2026-10-06T23:56:23.552008172Z","instance":"dfs-a-r1","service_name":"afs-node","name":"entry-0064.bin","parent":103}
{"msg":"FUSE request failed","level":"ERRO","ts":"2026-10-06T23:56:23.576369318Z","instance":"dfs-a-r1","service_name":"afs-node","message":"DFS currently supports only user.* xattrs","kind":"FailedPrecondition","code":67305489}
{"msg":"FUSE request failed","level":"ERRO","ts":"2026-10-06T23:56:23.591590441Z","instance":"dfs-a-r1","service_name":"afs-node","message":"DFS dentry not found","kind":"NotFound","code":34078721}
{"msg":"fuse.create","level":"INFO","ts":"2026-10-06T23:56:23.591615024Z","instance":"dfs-a-r1","service_name":"afs-node","name":"entry-0065.bin","parent":103}
{"msg":"FUSE request failed","level":"ERRO","ts":"2026-10-06T23:56:23.605491769Z","instance":"dfs-a-r1","service_name":"afs-node","message":"DFS currently supports only user.* xattrs","kind":"FailedPrecondition","code":67305489}
{"msg":"FUSE request failed","level":"ERRO","ts":"2026-10-06T23:56:23.627232367Z","instance":"dfs-a-r1","service_name":"afs-node","message":"DFS dentry not found","kind":"NotFound","code":34078721}
{"msg":"fuse.create","level":"INFO","ts":"2026-10-06T23:56:23.62724095Z","instance":"dfs-a-r1","service_name":"afs-node","name":"entry-0066.bin","parent":103}
{"msg":"FUSE request failed","level":"ERRO","ts":"2026-10-06T23:56:23.651457721Z","instance":"dfs-a-r1","service_name":"afs-node","message":"DFS currently supports only user.* xattrs","kind":"FailedPrecondition","code":67305489}
{"msg":"FUSE request failed","level":"ERRO","ts":"2026-10-06T23:56:23.668595224Z","instance":"dfs-a-r1","service_name":"afs-node","message":"DFS dentry not found","kind":"NotFound","code":34078721}
{"msg":"fuse.create","level":"INFO","ts":"2026-10-06T23:56:23.668619724Z","instance":"dfs-a-r1","service_name":"afs-node","name":"entry-0067.bin","parent":103}
{"msg":"FUSE request failed","level":"ERRO","ts":"2026-10-06T23:56:23.682027884Z","instance":"dfs-a-r1","service_name":"afs-node","message":"DFS currently supports only user.* xattrs","kind":"FailedPrecondition","code":67305489}
{"msg":"FUSE request failed","level":"ERRO","ts":"2026-10-06T23:56:23.705066068Z","instance":"dfs-a-r1","service_name":"afs-node","message":"DFS dentry not found","kind":"NotFound","code":34078721}
{"msg":"fuse.create","level":"INFO","ts":"2026-10-06T23:56:23.705071152Z","instance":"dfs-a-r1","service_name":"afs-node","name":"entry-0068.bin","parent":103}
{"msg":"FUSE request failed","level":"ERRO","ts":"2026-10-06T23:56:23.72880163Z","instance":"dfs-a-r1","service_name":"afs-node","message":"DFS currently supports only user.* xattrs","kind":"FailedPrecondition","code":67305489}
{"msg":"FUSE request failed","level":"ERRO","ts":"2026-10-06T23:56:23.743920794Z","instance":"dfs-a-r1","service_name":"afs-node","message":"DFS dentry not found","kind":"NotFound","code":34078721}
{"msg":"fuse.create","level":"INFO","ts":"2026-10-06T23:56:23.743926877Z","instance":"dfs-a-r1","service_name":"afs-node","name":"entry-0069.bin","parent":103}
{"msg":"FUSE request failed","level":"ERRO","ts":"2026-10-06T23:56:23.757662455Z","instance":"dfs-a-r1","service_name":"afs-node","message":"DFS currently supports only user.* xattrs","kind":"FailedPrecondition","code":67305489}
{"msg":"FUSE request failed","level":"ERRO","ts":"2026-10-06T23:56:23.777416297Z","instance":"dfs-a-r1","service_name":"afs-node","message":"DFS dentry not found","kind":"NotFound","code":34078721}
{"msg":"fuse.create","level":"INFO","ts":"2026-10-06T23:56:23.777437422Z","instance":"dfs-a-r1","service_name":"afs-node","name":"entry-0070.bin","parent":103}
{"msg":"FUSE request failed","level":"ERRO","ts":"2026-10-06T23:56:23.802216528Z","instance":"dfs-a-r1","service_name":"afs-node","message":"DFS currently supports only user.* xattrs","kind":"FailedPrecondition","code":67305489}
{"msg":"FUSE request failed","level":"ERRO","ts":"2026-10-06T23:56:23.822479747Z","instance":"dfs-a-r1","service_name":"afs-node","message":"DFS dentry not found","kind":"NotFound","code":34078721}
{"msg":"fuse.create","level":"INFO","ts":"2026-10-06T23:56:23.822500248Z","instance":"dfs-a-r1","service_name":"afs-node","name":"entry-0071.bin","parent":103}
{"msg":"FUSE request failed","level":"ERRO","ts":"2026-10-06T23:56:23.836459367Z","instance":"dfs-a-r1","service_name":"afs-node","message":"DFS currently supports only user.* xattrs","kind":"FailedPrecondition","code":67305489}
{"msg":"FUSE request failed","level":"ERRO","ts":"2026-10-06T23:56:23.857526838Z","instance":"dfs-a-r1","service_name":"afs-node","message":"DFS dentry not found","kind":"NotFound","code":34078721}
{"msg":"fuse.create","level":"INFO","ts":"2026-10-06T23:56:23.857567547Z","instance":"dfs-a-r1","service_name":"afs-node","name":"entry-0072.bin","parent":103}
{"msg":"FUSE request failed","level":"ERRO","ts":"2026-10-06T23:56:23.879828979Z","instance":"dfs-a-r1","service_name":"afs-node","message":"DFS currently supports only user.* xattrs","kind":"FailedPrecondition","code":67305489}
{"msg":"FUSE request failed","level":"ERRO","ts":"2026-10-06T23:56:23.898477278Z","instance":"dfs-a-r1","service_name":"afs-node","message":"DFS dentry not found","kind":"NotFound","code":34078721}
{"msg":"fuse.create","level":"INFO","ts":"2026-10-06T23:56:23.898529319Z","instance":"dfs-a-r1","service_name":"afs-node","name":"entry-0073.bin","parent":103}
{"msg":"FUSE request failed","level":"ERRO","ts":"2026-10-06T23:56:23.912747356Z","instance":"dfs-a-r1","service_name":"afs-node","message":"DFS currently supports only user.* xattrs","kind":"FailedPrecondition","code":67305489}
{"msg":"FUSE request failed","level":"ERRO","ts":"2026-10-06T23:56:23.935736249Z","instance":"dfs-a-r1","service_name":"afs-node","message":"DFS dentry not found","kind":"NotFound","code":34078721}
{"msg":"fuse.create","level":"INFO","ts":"2026-10-06T23:56:23.935763499Z","instance":"dfs-a-r1","service_name":"afs-node","name":"entry-0074.bin","parent":103}
{"msg":"FUSE request failed","level":"ERRO","ts":"2026-10-06T23:56:23.959544519Z","instance":"dfs-a-r1","service_name":"afs-node","message":"DFS currently supports only user.* xattrs","kind":"FailedPrecondition","code":67305489}
{"msg":"FUSE request failed","level":"ERRO","ts":"2026-10-06T23:56:23.981169284Z","instance":"dfs-a-r1","service_name":"afs-node","message":"DFS dentry not found","kind":"NotFound","code":34078721}
{"msg":"fuse.create","level":"INFO","ts":"2026-10-06T23:56:23.981181825Z","instance":"dfs-a-r1","service_name":"afs-node","name":"entry-0075.bin","parent":103}
{"msg":"FUSE request failed","level":"ERRO","ts":"2026-10-06T23:56:23.996064697Z","instance":"dfs-a-r1","service_name":"afs-node","message":"DFS currently supports only user.* xattrs","kind":"FailedPrecondition","code":67305489}
{"msg":"FUSE request failed","level":"ERRO","ts":"2026-10-06T23:56:24.024624771Z","instance":"dfs-a-r1","service_name":"afs-node","message":"DFS dentry not found","kind":"NotFound","code":34078721}
{"msg":"fuse.create","level":"INFO","ts":"2026-10-06T23:56:24.024669188Z","instance":"dfs-a-r1","service_name":"afs-node","name":"entry-0076.bin","parent":103}
{"msg":"FUSE request failed","level":"ERRO","ts":"2026-10-06T23:56:24.050307671Z","instance":"dfs-a-r1","service_name":"afs-node","message":"DFS currently supports only user.* xattrs","kind":"FailedPrecondition","code":67305489}
{"msg":"FUSE request failed","level":"ERRO","ts":"2026-10-06T23:56:24.07067464Z","instance":"dfs-a-r1","service_name":"afs-node","message":"DFS dentry not found","kind":"NotFound","code":34078721}
{"msg":"fuse.create","level":"INFO","ts":"2026-10-06T23:56:24.07073789Z","instance":"dfs-a-r1","service_name":"afs-node","name":"entry-0077.bin","parent":103}
{"msg":"FUSE request failed","level":"ERRO","ts":"2026-10-06T23:56:24.085237761Z","instance":"dfs-a-r1","service_name":"afs-node","message":"DFS currently supports only user.* xattrs","kind":"FailedPrecondition","code":67305489}
{"msg":"FUSE request failed","level":"ERRO","ts":"2026-10-06T23:56:24.105878773Z","instance":"dfs-a-r1","service_name":"afs-node","message":"DFS dentry not found","kind":"NotFound","code":34078721}
{"msg":"fuse.create","level":"INFO","ts":"2026-10-06T23:56:24.105913231Z","instance":"dfs-a-r1","service_name":"afs-node","name":"entry-0078.bin","parent":103}
{"msg":"FUSE request failed","level":"ERRO","ts":"2026-10-06T23:56:24.132023715Z","instance":"dfs-a-r1","service_name":"afs-node","message":"DFS currently supports only user.* xattrs","kind":"FailedPrecondition","code":67305489}
{"msg":"FUSE request failed","level":"ERRO","ts":"2026-10-06T23:56:24.150816847Z","instance":"dfs-a-r1","service_name":"afs-node","message":"DFS dentry not found","kind":"NotFound","code":34078721}
{"msg":"fuse.create","level":"INFO","ts":"2026-10-06T23:56:24.150846222Z","instance":"dfs-a-r1","service_name":"afs-node","name":"entry-0079.bin","parent":103}
{"msg":"FUSE request failed","level":"ERRO","ts":"2026-10-06T23:56:24.165988886Z","instance":"dfs-a-r1","service_name":"afs-node","message":"DFS currently supports only user.* xattrs","kind":"FailedPrecondition","code":67305489}
{"msg":"FUSE request failed","level":"ERRO","ts":"2026-10-06T23:56:24.189988448Z","instance":"dfs-a-r1","service_name":"afs-node","message":"DFS dentry not found","kind":"NotFound","code":34078721}
{"msg":"fuse.create","level":"INFO","ts":"2026-10-06T23:56:24.190024865Z","instance":"dfs-a-r1","service_name":"afs-node","name":"entry-0080.bin","parent":103}
{"msg":"FUSE request failed","level":"ERRO","ts":"2026-10-06T23:56:24.216548184Z","instance":"dfs-a-r1","service_name":"afs-node","message":"DFS currently supports only user.* xattrs","kind":"FailedPrecondition","code":67305489}
{"msg":"FUSE request failed","level":"ERRO","ts":"2026-10-06T23:56:24.235658858Z","instance":"dfs-a-r1","service_name":"afs-node","message":"DFS dentry not found","kind":"NotFound","code":34078721}
{"msg":"fuse.create","level":"INFO","ts":"2026-10-06T23:56:24.2356714Z","instance":"dfs-a-r1","service_name":"afs-node","name":"entry-0081.bin","parent":103}
{"msg":"FUSE request failed","level":"ERRO","ts":"2026-10-06T23:56:24.249877937Z","instance":"dfs-a-r1","service_name":"afs-node","message":"DFS currently supports only user.* xattrs","kind":"FailedPrecondition","code":67305489}
{"msg":"FUSE request failed","level":"ERRO","ts":"2026-10-06T23:56:24.27249387Z","instance":"dfs-a-r1","service_name":"afs-node","message":"DFS dentry not found","kind":"NotFound","code":34078721}
{"msg":"fuse.create","level":"INFO","ts":"2026-10-06T23:56:24.272536787Z","instance":"dfs-a-r1","service_name":"afs-node","name":"entry-0082.bin","parent":103}
{"msg":"FUSE request failed","level":"ERRO","ts":"2026-10-06T23:56:24.297627393Z","instance":"dfs-a-r1","service_name":"afs-node","message":"DFS currently supports only user.* xattrs","kind":"FailedPrecondition","code":67305489}
{"msg":"FUSE request failed","level":"ERRO","ts":"2026-10-06T23:56:24.314176853Z","instance":"dfs-a-r1","service_name":"afs-node","message":"DFS dentry not found","kind":"NotFound","code":34078721}
{"msg":"fuse.create","level":"INFO","ts":"2026-10-06T23:56:24.314183853Z","instance":"dfs-a-r1","service_name":"afs-node","name":"entry-0083.bin","parent":103}
{"msg":"FUSE request failed","level":"ERRO","ts":"2026-10-06T23:56:24.329626559Z","instance":"dfs-a-r1","service_name":"afs-node","message":"DFS currently supports only user.* xattrs","kind":"FailedPrecondition","code":67305489}
{"msg":"FUSE request failed","level":"ERRO","ts":"2026-10-06T23:56:24.354361915Z","instance":"dfs-a-r1","service_name":"afs-node","message":"DFS dentry not found","kind":"NotFound","code":34078721}
{"msg":"fuse.create","level":"INFO","ts":"2026-10-06T23:56:24.35439704Z","instance":"dfs-a-r1","service_name":"afs-node","name":"entry-0084.bin","parent":103}
{"msg":"FUSE request failed","level":"ERRO","ts":"2026-10-06T23:56:24.383778991Z","instance":"dfs-a-r1","service_name":"afs-node","message":"DFS currently supports only user.* xattrs","kind":"FailedPrecondition","code":67305489}
{"msg":"FUSE request failed","level":"ERRO","ts":"2026-10-06T23:56:24.401430995Z","instance":"dfs-a-r1","service_name":"afs-node","message":"DFS dentry not found","kind":"NotFound","code":34078721}
{"msg":"fuse.create","level":"INFO","ts":"2026-10-06T23:56:24.401457078Z","instance":"dfs-a-r1","service_name":"afs-node","name":"entry-0085.bin","parent":103}
{"msg":"FUSE request failed","level":"ERRO","ts":"2026-10-06T23:56:24.417174286Z","instance":"dfs-a-r1","service_name":"afs-node","message":"DFS currently supports only user.* xattrs","kind":"FailedPrecondition","code":67305489}
{"msg":"FUSE request failed","level":"ERRO","ts":"2026-10-06T23:56:24.440998514Z","instance":"dfs-a-r1","service_name":"afs-node","message":"DFS dentry not found","kind":"NotFound","code":34078721}
{"msg":"fuse.create","level":"INFO","ts":"2026-10-06T23:56:24.441056931Z","instance":"dfs-a-r1","service_name":"afs-node","name":"entry-0086.bin","parent":103}
{"msg":"FUSE request failed","level":"ERRO","ts":"2026-10-06T23:56:24.470520632Z","instance":"dfs-a-r1","service_name":"afs-node","message":"DFS currently supports only user.* xattrs","kind":"FailedPrecondition","code":67305489}
{"msg":"FUSE request failed","level":"ERRO","ts":"2026-10-06T23:56:24.492502939Z","instance":"dfs-a-r1","service_name":"afs-node","message":"DFS dentry not found","kind":"NotFound","code":34078721}
{"msg":"fuse.create","level":"INFO","ts":"2026-10-06T23:56:24.492544106Z","instance":"dfs-a-r1","service_name":"afs-node","name":"entry-0087.bin","parent":103}
{"msg":"FUSE request failed","level":"ERRO","ts":"2026-10-06T23:56:24.509140648Z","instance":"dfs-a-r1","service_name":"afs-node","message":"DFS currently supports only user.* xattrs","kind":"FailedPrecondition","code":67305489}
{"msg":"FUSE request failed","level":"ERRO","ts":"2026-10-06T23:56:24.539060184Z","instance":"dfs-a-r1","service_name":"afs-node","message":"DFS dentry not found","kind":"NotFound","code":34078721}
{"msg":"fuse.create","level":"INFO","ts":"2026-10-06T23:56:24.539075518Z","instance":"dfs-a-r1","service_name":"afs-node","name":"entry-0088.bin","parent":103}
{"msg":"FUSE request failed","level":"ERRO","ts":"2026-10-06T23:56:24.56972693Z","instance":"dfs-a-r1","service_name":"afs-node","message":"DFS currently supports only user.* xattrs","kind":"FailedPrecondition","code":67305489}
{"msg":"FUSE request failed","level":"ERRO","ts":"2026-10-06T23:56:24.589808899Z","instance":"dfs-a-r1","service_name":"afs-node","message":"DFS dentry not found","kind":"NotFound","code":34078721}
{"msg":"fuse.create","level":"INFO","ts":"2026-10-06T23:56:24.589826357Z","instance":"dfs-a-r1","service_name":"afs-node","name":"entry-0089.bin","parent":103}
{"msg":"FUSE request failed","level":"ERRO","ts":"2026-10-06T23:56:24.607630653Z","instance":"dfs-a-r1","service_name":"afs-node","message":"DFS currently supports only user.* xattrs","kind":"FailedPrecondition","code":67305489}
{"msg":"FUSE request failed","level":"ERRO","ts":"2026-10-06T23:56:24.635688934Z","instance":"dfs-a-r1","service_name":"afs-node","message":"DFS dentry not found","kind":"NotFound","code":34078721}
{"msg":"fuse.create","level":"INFO","ts":"2026-10-06T23:56:24.635737976Z","instance":"dfs-a-r1","service_name":"afs-node","name":"entry-0090.bin","parent":103}
{"msg":"FUSE request failed","level":"ERRO","ts":"2026-10-06T23:56:24.664358633Z","instance":"dfs-a-r1","service_name":"afs-node","message":"DFS currently supports only user.* xattrs","kind":"FailedPrecondition","code":67305489}
{"msg":"FUSE request failed","level":"ERRO","ts":"2026-10-06T23:56:24.684531394Z","instance":"dfs-a-r1","service_name":"afs-node","message":"DFS dentry not found","kind":"NotFound","code":34078721}
{"msg":"fuse.create","level":"INFO","ts":"2026-10-06T23:56:24.684568477Z","instance":"dfs-a-r1","service_name":"afs-node","name":"entry-0091.bin","parent":103}
{"msg":"FUSE request failed","level":"ERRO","ts":"2026-10-06T23:56:24.701473771Z","instance":"dfs-a-r1","service_name":"afs-node","message":"DFS currently supports only user.* xattrs","kind":"FailedPrecondition","code":67305489}
{"msg":"FUSE request failed","level":"ERRO","ts":"2026-10-06T23:56:24.728326048Z","instance":"dfs-a-r1","service_name":"afs-node","message":"DFS dentry not found","kind":"NotFound","code":34078721}
{"msg":"fuse.create","level":"INFO","ts":"2026-10-06T23:56:24.728360382Z","instance":"dfs-a-r1","service_name":"afs-node","name":"entry-0092.bin","parent":103}
{"msg":"FUSE request failed","level":"ERRO","ts":"2026-10-06T23:56:24.758846711Z","instance":"dfs-a-r1","service_name":"afs-node","message":"DFS currently supports only user.* xattrs","kind":"FailedPrecondition","code":67305489}
{"msg":"FUSE request failed","level":"ERRO","ts":"2026-10-06T23:56:24.779775765Z","instance":"dfs-a-r1","service_name":"afs-node","message":"DFS dentry not found","kind":"NotFound","code":34078721}
{"msg":"fuse.create","level":"INFO","ts":"2026-10-06T23:56:24.779792681Z","instance":"dfs-a-r1","service_name":"afs-node","name":"entry-0093.bin","parent":103}
{"msg":"FUSE request failed","level":"ERRO","ts":"2026-10-06T23:56:24.796268516Z","instance":"dfs-a-r1","service_name":"afs-node","message":"DFS currently supports only user.* xattrs","kind":"FailedPrecondition","code":67305489}
{"msg":"FUSE request failed","level":"ERRO","ts":"2026-10-06T23:56:24.823269919Z","instance":"dfs-a-r1","service_name":"afs-node","message":"DFS dentry not found","kind":"NotFound","code":34078721}
{"msg":"fuse.create","level":"INFO","ts":"2026-10-06T23:56:24.823310836Z","instance":"dfs-a-r1","service_name":"afs-node","name":"entry-0094.bin","parent":103}
{"msg":"FUSE request failed","level":"ERRO","ts":"2026-10-06T23:56:24.853000496Z","instance":"dfs-a-r1","service_name":"afs-node","message":"DFS currently supports only user.* xattrs","kind":"FailedPrecondition","code":67305489}
{"msg":"FUSE request failed","level":"ERRO","ts":"2026-10-06T23:56:24.875669013Z","instance":"dfs-a-r1","service_name":"afs-node","message":"DFS dentry not found","kind":"NotFound","code":34078721}
{"msg":"fuse.create","level":"INFO","ts":"2026-10-06T23:56:24.875685346Z","instance":"dfs-a-r1","service_name":"afs-node","name":"entry-0095.bin","parent":103}
{"msg":"FUSE request failed","level":"ERRO","ts":"2026-10-06T23:56:24.894620603Z","instance":"dfs-a-r1","service_name":"afs-node","message":"DFS currently supports only user.* xattrs","kind":"FailedPrecondition","code":67305489}
{"msg":"FUSE request failed","level":"ERRO","ts":"2026-10-06T23:56:24.92162609Z","instance":"dfs-a-r1","service_name":"afs-node","message":"DFS dentry not found","kind":"NotFound","code":34078721}
{"msg":"fuse.create","level":"INFO","ts":"2026-10-06T23:56:24.921676215Z","instance":"dfs-a-r1","service_name":"afs-node","name":"entry-0096.bin","parent":103}
{"msg":"FUSE request failed","level":"ERRO","ts":"2026-10-06T23:56:24.950318956Z","instance":"dfs-a-r1","service_name":"afs-node","message":"DFS currently supports only user.* xattrs","kind":"FailedPrecondition","code":67305489}
{"msg":"FUSE request failed","level":"ERRO","ts":"2026-10-06T23:56:24.972303262Z","instance":"dfs-a-r1","service_name":"afs-node","message":"DFS dentry not found","kind":"NotFound","code":34078721}
{"msg":"fuse.create","level":"INFO","ts":"2026-10-06T23:56:24.972361304Z","instance":"dfs-a-r1","service_name":"afs-node","name":"entry-0097.bin","parent":103}
{"msg":"FUSE request failed","level":"ERRO","ts":"2026-10-06T23:56:24.989097598Z","instance":"dfs-a-r1","service_name":"afs-node","message":"DFS currently supports only user.* xattrs","kind":"FailedPrecondition","code":67305489}
{"msg":"FUSE request failed","level":"ERRO","ts":"2026-10-06T23:56:25.016493043Z","instance":"dfs-a-r1","service_name":"afs-node","message":"DFS dentry not found","kind":"NotFound","code":34078721}
{"msg":"fuse.create","level":"INFO","ts":"2026-10-06T23:56:25.01654721Z","instance":"dfs-a-r1","service_name":"afs-node","name":"entry-0098.bin","parent":103}
{"msg":"FUSE request failed","level":"ERRO","ts":"2026-10-06T23:56:25.044957492Z","instance":"dfs-a-r1","service_name":"afs-node","message":"DFS currently supports only user.* xattrs","kind":"FailedPrecondition","code":67305489}
{"msg":"FUSE request failed","level":"ERRO","ts":"2026-10-06T23:56:25.063098747Z","instance":"dfs-a-r1","service_name":"afs-node","message":"DFS dentry not found","kind":"NotFound","code":34078721}
{"msg":"fuse.create","level":"INFO","ts":"2026-10-06T23:56:25.063122205Z","instance":"dfs-a-r1","service_name":"afs-node","name":"entry-0099.bin","parent":103}
{"msg":"FUSE request failed","level":"ERRO","ts":"2026-10-06T23:56:25.081266335Z","instance":"dfs-a-r1","service_name":"afs-node","message":"DFS currently supports only user.* xattrs","kind":"FailedPrecondition","code":67305489}
{"msg":"[Not Implemented] ioctl(ino: 0x68, fh: 307, flags: 0, cmd: 21505, in_data.len(): 0, out_size: 0)","level":"WARN","ts":"2026-10-06T23:56:25.107117777Z","instance":"dfs-a-r1","service_name":"afs-node"}
{"msg":"[Not Implemented] ioctl(ino: 0x69, fh: 308, flags: 0, cmd: 21505, in_data.len(): 0, out_size: 0)","level":"WARN","ts":"2026-10-06T23:56:25.109551325Z","instance":"dfs-a-r1","service_name":"afs-node"}
{"msg":"[Not Implemented] ioctl(ino: 0x6a, fh: 309, flags: 0, cmd: 21505, in_data.len(): 0, out_size: 0)","level":"WARN","ts":"2026-10-06T23:56:25.111753456Z","instance":"dfs-a-r1","service_name":"afs-node"}
{"msg":"[Not Implemented] ioctl(ino: 0x6b, fh: 310, flags: 0, cmd: 21505, in_data.len(): 0, out_size: 0)","level":"WARN","ts":"2026-10-06T23:56:25.11387667Z","instance":"dfs-a-r1","service_name":"afs-node"}
{"msg":"[Not Implemented] ioctl(ino: 0x6c, fh: 311, flags: 0, cmd: 21505, in_data.len(): 0, out_size: 0)","level":"WARN","ts":"2026-10-06T23:56:25.1160053Z","instance":"dfs-a-r1","service_name":"afs-node"}
{"msg":"[Not Implemented] ioctl(ino: 0x6d, fh: 312, flags: 0, cmd: 21505, in_data.len(): 0, out_size: 0)","level":"WARN","ts":"2026-10-06T23:56:25.118015472Z","instance":"dfs-a-r1","service_name":"afs-node"}
{"msg":"[Not Implemented] ioctl(ino: 0x6e, fh: 313, flags: 0, cmd: 21505, in_data.len(): 0, out_size: 0)","level":"WARN","ts":"2026-10-06T23:56:25.120069019Z","instance":"dfs-a-r1","service_name":"afs-node"}
{"msg":"[Not Implemented] ioctl(ino: 0x6f, fh: 314, flags: 0, cmd: 21505, in_data.len(): 0, out_size: 0)","level":"WARN","ts":"2026-10-06T23:56:25.122305233Z","instance":"dfs-a-r1","service_name":"afs-node"}
{"msg":"[Not Implemented] ioctl(ino: 0x70, fh: 315, flags: 0, cmd: 21505, in_data.len(): 0, out_size: 0)","level":"WARN","ts":"2026-10-06T23:56:25.124371738Z","instance":"dfs-a-r1","service_name":"afs-node"}
{"msg":"[Not Implemented] ioctl(ino: 0x71, fh: 316, flags: 0, cmd: 21505, in_data.len(): 0, out_size: 0)","level":"WARN","ts":"2026-10-06T23:56:25.126427119Z","instance":"dfs-a-r1","service_name":"afs-node"}
{"msg":"[Not Implemented] ioctl(ino: 0x72, fh: 317, flags: 0, cmd: 21505, in_data.len(): 0, out_size: 0)","level":"WARN","ts":"2026-10-06T23:56:25.128560916Z","instance":"dfs-a-r1","service_name":"afs-node"}
{"msg":"[Not Implemented] ioctl(ino: 0x73, fh: 318, flags: 0, cmd: 21505, in_data.len(): 0, out_size: 0)","level":"WARN","ts":"2026-10-06T23:56:25.131209714Z","instance":"dfs-a-r1","service_name":"afs-node"}
{"msg":"[Not Implemented] ioctl(ino: 0x74, fh: 319, flags: 0, cmd: 21505, in_data.len(): 0, out_size: 0)","level":"WARN","ts":"2026-10-06T23:56:25.133311595Z","instance":"dfs-a-r1","service_name":"afs-node"}
{"msg":"[Not Implemented] ioctl(ino: 0x75, fh: 320, flags: 0, cmd: 21505, in_data.len(): 0, out_size: 0)","level":"WARN","ts":"2026-10-06T23:56:25.1355586Z","instance":"dfs-a-r1","service_name":"afs-node"}
{"msg":"[Not Implemented] ioctl(ino: 0x76, fh: 321, flags: 0, cmd: 21505, in_data.len(): 0, out_size: 0)","level":"WARN","ts":"2026-10-06T23:56:25.137693106Z","instance":"dfs-a-r1","service_name":"afs-node"}
{"msg":"[Not Implemented] ioctl(ino: 0x77, fh: 322, flags: 0, cmd: 21505, in_data.len(): 0, out_size: 0)","level":"WARN","ts":"2026-10-06T23:56:25.139713778Z","instance":"dfs-a-r1","service_name":"afs-node"}
{"msg":"[Not Implemented] ioctl(ino: 0x78, fh: 323, flags: 0, cmd: 21505, in_data.len(): 0, out_size: 0)","level":"WARN","ts":"2026-10-06T23:56:25.141923367Z","instance":"dfs-a-r1","service_name":"afs-node"}
{"msg":"[Not Implemented] ioctl(ino: 0x79, fh: 324, flags: 0, cmd: 21505, in_data.len(): 0, out_size: 0)","level":"WARN","ts":"2026-10-06T23:56:25.143952289Z","instance":"dfs-a-r1","service_name":"afs-node"}
{"msg":"[Not Implemented] ioctl(ino: 0x7a, fh: 325, flags: 0, cmd: 21505, in_data.len(): 0, out_size: 0)","level":"WARN","ts":"2026-10-06T23:56:25.146072836Z","instance":"dfs-a-r1","service_name":"afs-node"}
{"msg":"[Not Implemented] ioctl(ino: 0x7b, fh: 326, flags: 0, cmd: 21505, in_data.len(): 0, out_size: 0)","level":"WARN","ts":"2026-10-06T23:56:25.148214925Z","instance":"dfs-a-r1","service_name":"afs-node"}
{"msg":"[Not Implemented] ioctl(ino: 0x7c, fh: 327, flags: 0, cmd: 21505, in_data.len(): 0, out_size: 0)","level":"WARN","ts":"2026-10-06T23:56:25.150304055Z","instance":"dfs-a-r1","service_name":"afs-node"}
{"msg":"[Not Implemented] ioctl(ino: 0x7d, fh: 328, flags: 0, cmd: 21505, in_data.len(): 0, out_size: 0)","level":"WARN","ts":"2026-10-06T23:56:25.152294394Z","instance":"dfs-a-r1","service_name":"afs-node"}
{"msg":"[Not Implemented] ioctl(ino: 0x7e, fh: 329, flags: 0, cmd: 21505, in_data.len(): 0, out_size: 0)","level":"WARN","ts":"2026-10-06T23:56:25.154507691Z","instance":"dfs-a-r1","service_name":"afs-node"}
{"msg":"[Not Implemented] ioctl(ino: 0x7f, fh: 330, flags: 0, cmd: 21505, in_data.len(): 0, out_size: 0)","level":"WARN","ts":"2026-10-06T23:56:25.156666363Z","instance":"dfs-a-r1","service_name":"afs-node"}
{"msg":"[Not Implemented] ioctl(ino: 0x80, fh: 331, flags: 0, cmd: 21505, in_data.len(): 0, out_size: 0)","level":"WARN","ts":"2026-10-06T23:56:25.158817036Z","instance":"dfs-a-r1","service_name":"afs-node"}
{"msg":"[Not Implemented] ioctl(ino: 0x81, fh: 332, flags: 0, cmd: 21505, in_data.len(): 0, out_size: 0)","level":"WARN","ts":"2026-10-06T23:56:25.160928833Z","instance":"dfs-a-r1","service_name":"afs-node"}
{"msg":"[Not Implemented] ioctl(ino: 0x82, fh: 333, flags: 0, cmd: 21505, in_data.len(): 0, out_size: 0)","level":"WARN","ts":"2026-10-06T23:56:25.163088755Z","instance":"dfs-a-r1","service_name":"afs-node"}
{"msg":"[Not Implemented] ioctl(ino: 0x83, fh: 334, flags: 0, cmd: 21505, in_data.len(): 0, out_size: 0)","level":"WARN","ts":"2026-10-06T23:56:25.165035968Z","instance":"dfs-a-r1","service_name":"afs-node"}
{"msg":"[Not Implemented] ioctl(ino: 0x84, fh: 335, flags: 0, cmd: 21505, in_data.len(): 0, out_size: 0)","level":"WARN","ts":"2026-10-06T23:56:25.167055973Z","instance":"dfs-a-r1","service_name":"afs-node"}
{"msg":"[Not Implemented] ioctl(ino: 0x85, fh: 336, flags: 0, cmd: 21505, in_data.len(): 0, out_size: 0)","level":"WARN","ts":"2026-10-06T23:56:25.169280896Z","instance":"dfs-a-r1","service_name":"afs-node"}
{"msg":"[Not Implemented] ioctl(ino: 0x86, fh: 337, flags: 0, cmd: 21505, in_data.len(): 0, out_size: 0)","level":"WARN","ts":"2026-10-06T23:56:25.17141336Z","instance":"dfs-a-r1","service_name":"afs-node"}
{"msg":"[Not Implemented] ioctl(ino: 0x87, fh: 338, flags: 0, cmd: 21505, in_data.len(): 0, out_size: 0)","level":"WARN","ts":"2026-10-06T23:56:25.17333074Z","instance":"dfs-a-r1","service_name":"afs-node"}
{"msg":"[Not Implemented] ioctl(ino: 0x88, fh: 339, flags: 0, cmd: 21505, in_data.len(): 0, out_size: 0)","level":"WARN","ts":"2026-10-06T23:56:25.175516704Z","instance":"dfs-a-r1","service_name":"afs-node"}
{"msg":"[Not Implemented] ioctl(ino: 0x89, fh: 340, flags: 0, cmd: 21505, in_data.len(): 0, out_size: 0)","level":"WARN","ts":"2026-10-06T23:56:25.177707293Z","instance":"dfs-a-r1","service_name":"afs-node"}
{"msg":"[Not Implemented] ioctl(ino: 0x8a, fh: 341, flags: 0, cmd: 21505, in_data.len(): 0, out_size: 0)","level":"WARN","ts":"2026-10-06T23:56:25.179877423Z","instance":"dfs-a-r1","service_name":"afs-node"}
{"msg":"[Not Implemented] ioctl(ino: 0x8b, fh: 342, flags: 0, cmd: 21505, in_data.len(): 0, out_size: 0)","level":"WARN","ts":"2026-10-06T23:56:25.182202971Z","instance":"dfs-a-r1","service_name":"afs-node"}
{"msg":"[Not Implemented] ioctl(ino: 0x8c, fh: 343, flags: 0, cmd: 21505, in_data.len(): 0, out_size: 0)","level":"WARN","ts":"2026-10-06T23:56:25.184575019Z","instance":"dfs-a-r1","service_name":"afs-node"}
{"msg":"[Not Implemented] ioctl(ino: 0x8d, fh: 344, flags: 0, cmd: 21505, in_data.len(): 0, out_size: 0)","level":"WARN","ts":"2026-10-06T23:56:25.186664232Z","instance":"dfs-a-r1","service_name":"afs-node"}
{"msg":"[Not Implemented] ioctl(ino: 0x8e, fh: 345, flags: 0, cmd: 21505, in_data.len(): 0, out_size: 0)","level":"WARN","ts":"2026-10-06T23:56:25.188730363Z","instance":"dfs-a-r1","service_name":"afs-node"}
{"msg":"[Not Implemented] ioctl(ino: 0x8f, fh: 346, flags: 0, cmd: 21505, in_data.len(): 0, out_size: 0)","level":"WARN","ts":"2026-10-06T23:56:25.190892243Z","instance":"dfs-a-r1","service_name":"afs-node"}
{"msg":"[Not Implemented] ioctl(ino: 0x90, fh: 347, flags: 0, cmd: 21505, in_data.len(): 0, out_size: 0)","level":"WARN","ts":"2026-10-06T23:56:25.193125041Z","instance":"dfs-a-r1","service_name":"afs-node"}
{"msg":"[Not Implemented] ioctl(ino: 0x91, fh: 348, flags: 0, cmd: 21505, in_data.len(): 0, out_size: 0)","level":"WARN","ts":"2026-10-06T23:56:25.195346755Z","instance":"dfs-a-r1","service_name":"afs-node"}
{"msg":"[Not Implemented] ioctl(ino: 0x92, fh: 349, flags: 0, cmd: 21505, in_data.len(): 0, out_size: 0)","level":"WARN","ts":"2026-10-06T23:56:25.19757651Z","instance":"dfs-a-r1","service_name":"afs-node"}
{"msg":"[Not Implemented] ioctl(ino: 0x93, fh: 350, flags: 0, cmd: 21505, in_data.len(): 0, out_size: 0)","level":"WARN","ts":"2026-10-06T23:56:25.199752974Z","instance":"dfs-a-r1","service_name":"afs-node"}
{"msg":"[Not Implemented] ioctl(ino: 0x94, fh: 351, flags: 0, cmd: 21505, in_data.len(): 0, out_size: 0)","level":"WARN","ts":"2026-10-06T23:56:25.201947563Z","instance":"dfs-a-r1","service_name":"afs-node"}
{"msg":"[Not Implemented] ioctl(ino: 0x95, fh: 352, flags: 0, cmd: 21505, in_data.len(): 0, out_size: 0)","level":"WARN","ts":"2026-10-06T23:56:25.204227028Z","instance":"dfs-a-r1","service_name":"afs-node"}
{"msg":"[Not Implemented] ioctl(ino: 0x96, fh: 353, flags: 0, cmd: 21505, in_data.len(): 0, out_size: 0)","level":"WARN","ts":"2026-10-06T23:56:25.206405408Z","instance":"dfs-a-r1","service_name":"afs-node"}
{"msg":"[Not Implemented] ioctl(ino: 0x97, fh: 354, flags: 0, cmd: 21505, in_data.len(): 0, out_size: 0)","level":"WARN","ts":"2026-10-06T23:56:25.208679039Z","instance":"dfs-a-r1","service_name":"afs-node"}
{"msg":"[Not Implemented] ioctl(ino: 0x98, fh: 355, flags: 0, cmd: 21505, in_data.len(): 0, out_size: 0)","level":"WARN","ts":"2026-10-06T23:56:25.210948795Z","instance":"dfs-a-r1","service_name":"afs-node"}
{"msg":"[Not Implemented] ioctl(ino: 0x99, fh: 356, flags: 0, cmd: 21505, in_data.len(): 0, out_size: 0)","level":"WARN","ts":"2026-10-06T23:56:25.213250843Z","instance":"dfs-a-r1","service_name":"afs-node"}
{"msg":"[Not Implemented] ioctl(ino: 0x9a, fh: 357, flags: 0, cmd: 21505, in_data.len(): 0, out_size: 0)","level":"WARN","ts":"2026-10-06T23:56:25.215544182Z","instance":"dfs-a-r1","service_name":"afs-node"}
{"msg":"[Not Implemented] ioctl(ino: 0x9b, fh: 358, flags: 0, cmd: 21505, in_data.len(): 0, out_size: 0)","level":"WARN","ts":"2026-10-06T23:56:25.217794854Z","instance":"dfs-a-r1","service_name":"afs-node"}
{"msg":"[Not Implemented] ioctl(ino: 0x9c, fh: 359, flags: 0, cmd: 21505, in_data.len(): 0, out_size: 0)","level":"WARN","ts":"2026-10-06T23:56:25.22002486Z","instance":"dfs-a-r1","service_name":"afs-node"}
{"msg":"[Not Implemented] ioctl(ino: 0x9d, fh: 360, flags: 0, cmd: 21505, in_data.len(): 0, out_size: 0)","level":"WARN","ts":"2026-10-06T23:56:25.22204699Z","instance":"dfs-a-r1","service_name":"afs-node"}
{"msg":"[Not Implemented] ioctl(ino: 0x9e, fh: 361, flags: 0, cmd: 21505, in_data.len(): 0, out_size: 0)","level":"WARN","ts":"2026-10-06T23:56:25.224137287Z","instance":"dfs-a-r1","service_name":"afs-node"}
{"msg":"[Not Implemented] ioctl(ino: 0x9f, fh: 362, flags: 0, cmd: 21505, in_data.len(): 0, out_size: 0)","level":"WARN","ts":"2026-10-06T23:56:25.226442293Z","instance":"dfs-a-r1","service_name":"afs-node"}
{"msg":"[Not Implemented] ioctl(ino: 0xa0, fh: 363, flags: 0, cmd: 21505, in_data.len(): 0, out_size: 0)","level":"WARN","ts":"2026-10-06T23:56:25.228610507Z","instance":"dfs-a-r1","service_name":"afs-node"}
{"msg":"[Not Implemented] ioctl(ino: 0xa1, fh: 364, flags: 0, cmd: 21505, in_data.len(): 0, out_size: 0)","level":"WARN","ts":"2026-10-06T23:56:25.23082568Z","instance":"dfs-a-r1","service_name":"afs-node"}
{"msg":"[Not Implemented] ioctl(ino: 0xa2, fh: 365, flags: 0, cmd: 21505, in_data.len(): 0, out_size: 0)","level":"WARN","ts":"2026-10-06T23:56:25.232886935Z","instance":"dfs-a-r1","service_name":"afs-node"}
{"msg":"[Not Implemented] ioctl(ino: 0xa3, fh: 366, flags: 0, cmd: 21505, in_data.len(): 0, out_size: 0)","level":"WARN","ts":"2026-10-06T23:56:25.234940607Z","instance":"dfs-a-r1","service_name":"afs-node"}
{"msg":"[Not Implemented] ioctl(ino: 0xa4, fh: 367, flags: 0, cmd: 21505, in_data.len(): 0, out_size: 0)","level":"WARN","ts":"2026-10-06T23:56:25.237037487Z","instance":"dfs-a-r1","service_name":"afs-node"}
{"msg":"[Not Implemented] ioctl(ino: 0xa5, fh: 368, flags: 0, cmd: 21505, in_data.len(): 0, out_size: 0)","level":"WARN","ts":"2026-10-06T23:56:25.239110534Z","instance":"dfs-a-r1","service_name":"afs-node"}
{"msg":"[Not Implemented] ioctl(ino: 0xa6, fh: 369, flags: 0, cmd: 21505, in_data.len(): 0, out_size: 0)","level":"WARN","ts":"2026-10-06T23:56:25.24131404Z","instance":"dfs-a-r1","service_name":"afs-node"}
{"msg":"[Not Implemented] ioctl(ino: 0xa7, fh: 370, flags: 0, cmd: 21505, in_data.len(): 0, out_size: 0)","level":"WARN","ts":"2026-10-06T23:56:25.243539296Z","instance":"dfs-a-r1","service_name":"afs-node"}
{"msg":"[Not Implemented] ioctl(ino: 0xa8, fh: 371, flags: 0, cmd: 21505, in_data.len(): 0, out_size: 0)","level":"WARN","ts":"2026-10-06T23:56:25.245683593Z","instance":"dfs-a-r1","service_name":"afs-node"}
{"msg":"[Not Implemented] ioctl(ino: 0xa9, fh: 372, flags: 0, cmd: 21505, in_data.len(): 0, out_size: 0)","level":"WARN","ts":"2026-10-06T23:56:25.247848807Z","instance":"dfs-a-r1","service_name":"afs-node"}
{"msg":"[Not Implemented] ioctl(ino: 0xaa, fh: 373, flags: 0, cmd: 21505, in_data.len(): 0, out_size: 0)","level":"WARN","ts":"2026-10-06T23:56:25.250002062Z","instance":"dfs-a-r1","service_name":"afs-node"}
{"msg":"[Not Implemented] ioctl(ino: 0xab, fh: 374, flags: 0, cmd: 21505, in_data.len(): 0, out_size: 0)","level":"WARN","ts":"2026-10-06T23:56:25.252072026Z","instance":"dfs-a-r1","service_name":"afs-node"}
{"msg":"[Not Implemented] ioctl(ino: 0xac, fh: 375, flags: 0, cmd: 21505, in_data.len(): 0, out_size: 0)","level":"WARN","ts":"2026-10-06T23:56:25.254228282Z","instance":"dfs-a-r1","service_name":"afs-node"}
{"msg":"[Not Implemented] ioctl(ino: 0xad, fh: 376, flags: 0, cmd: 21505, in_data.len(): 0, out_size: 0)","level":"WARN","ts":"2026-10-06T23:56:25.256374121Z","instance":"dfs-a-r1","service_name":"afs-node"}
{"msg":"[Not Implemented] ioctl(ino: 0xae, fh: 377, flags: 0, cmd: 21505, in_data.len(): 0, out_size: 0)","level":"WARN","ts":"2026-10-06T23:56:25.258539668Z","instance":"dfs-a-r1","service_name":"afs-node"}
{"msg":"[Not Implemented] ioctl(ino: 0xaf, fh: 378, flags: 0, cmd: 21505, in_data.len(): 0, out_size: 0)","level":"WARN","ts":"2026-10-06T23:56:25.260634132Z","instance":"dfs-a-r1","service_name":"afs-node"}
{"msg":"[Not Implemented] ioctl(ino: 0xb0, fh: 379, flags: 0, cmd: 21505, in_data.len(): 0, out_size: 0)","level":"WARN","ts":"2026-10-06T23:56:25.267811067Z","instance":"dfs-a-r1","service_name":"afs-node"}
{"msg":"[Not Implemented] ioctl(ino: 0xb1, fh: 380, flags: 0, cmd: 21505, in_data.len(): 0, out_size: 0)","level":"WARN","ts":"2026-10-06T23:56:25.271560285Z","instance":"dfs-a-r1","service_name":"afs-node"}
{"msg":"[Not Implemented] ioctl(ino: 0xb2, fh: 381, flags: 0, cmd: 21505, in_data.len(): 0, out_size: 0)","level":"WARN","ts":"2026-10-06T23:56:25.273924041Z","instance":"dfs-a-r1","service_name":"afs-node"}
{"msg":"[Not Implemented] ioctl(ino: 0xb3, fh: 382, flags: 0, cmd: 21505, in_data.len(): 0, out_size: 0)","level":"WARN","ts":"2026-10-06T23:56:25.27607663Z","instance":"dfs-a-r1","service_name":"afs-node"}
{"msg":"[Not Implemented] ioctl(ino: 0xb4, fh: 383, flags: 0, cmd: 21505, in_data.len(): 0, out_size: 0)","level":"WARN","ts":"2026-10-06T23:56:25.27825101Z","instance":"dfs-a-r1","service_name":"afs-node"}
{"msg":"[Not Implemented] ioctl(ino: 0xb5, fh: 384, flags: 0, cmd: 21505, in_data.len(): 0, out_size: 0)","level":"WARN","ts":"2026-10-06T23:56:25.280543225Z","instance":"dfs-a-r1","service_name":"afs-node"}
{"msg":"[Not Implemented] ioctl(ino: 0xb6, fh: 385, flags: 0, cmd: 21505, in_data.len(): 0, out_size: 0)","level":"WARN","ts":"2026-10-06T23:56:25.282661438Z","instance":"dfs-a-r1","service_name":"afs-node"}
{"msg":"[Not Implemented] ioctl(ino: 0xb7, fh: 386, flags: 0, cmd: 21505, in_data.len(): 0, out_size: 0)","level":"WARN","ts":"2026-10-06T23:56:25.286893366Z","instance":"dfs-a-r1","service_name":"afs-node"}
{"msg":"[Not Implemented] ioctl(ino: 0xb8, fh: 387, flags: 0, cmd: 21505, in_data.len(): 0, out_size: 0)","level":"WARN","ts":"2026-10-06T23:56:25.291495378Z","instance":"dfs-a-r1","service_name":"afs-node"}
{"msg":"[Not Implemented] ioctl(ino: 0xb9, fh: 388, flags: 0, cmd: 21505, in_data.len(): 0, out_size: 0)","level":"WARN","ts":"2026-10-06T23:56:25.293814425Z","instance":"dfs-a-r1","service_name":"afs-node"}
{"msg":"[Not Implemented] ioctl(ino: 0xba, fh: 389, flags: 0, cmd: 21505, in_data.len(): 0, out_size: 0)","level":"WARN","ts":"2026-10-06T23:56:25.29874798Z","instance":"dfs-a-r1","service_name":"afs-node"}
{"msg":"[Not Implemented] ioctl(ino: 0xbb, fh: 390, flags: 0, cmd: 21505, in_data.len(): 0, out_size: 0)","level":"WARN","ts":"2026-10-06T23:56:25.301995697Z","instance":"dfs-a-r1","service_name":"afs-node"}
{"msg":"[Not Implemented] ioctl(ino: 0xbc, fh: 391, flags: 0, cmd: 21505, in_data.len(): 0, out_size: 0)","level":"WARN","ts":"2026-10-06T23:56:25.306514583Z","instance":"dfs-a-r1","service_name":"afs-node"}
{"msg":"[Not Implemented] ioctl(ino: 0xbd, fh: 392, flags: 0, cmd: 21505, in_data.len(): 0, out_size: 0)","level":"WARN","ts":"2026-10-06T23:56:25.31233289Z","instance":"dfs-a-r1","service_name":"afs-node"}
{"msg":"[Not Implemented] ioctl(ino: 0xbe, fh: 393, flags: 0, cmd: 21505, in_data.len(): 0, out_size: 0)","level":"WARN","ts":"2026-10-06T23:56:25.317565153Z","instance":"dfs-a-r1","service_name":"afs-node"}
{"msg":"[Not Implemented] ioctl(ino: 0xbf, fh: 394, flags: 0, cmd: 21505, in_data.len(): 0, out_size: 0)","level":"WARN","ts":"2026-10-06T23:56:25.322501833Z","instance":"dfs-a-r1","service_name":"afs-node"}
{"msg":"[Not Implemented] ioctl(ino: 0xc0, fh: 395, flags: 0, cmd: 21505, in_data.len(): 0, out_size: 0)","level":"WARN","ts":"2026-10-06T23:56:25.326934594Z","instance":"dfs-a-r1","service_name":"afs-node"}
{"msg":"[Not Implemented] ioctl(ino: 0xc1, fh: 396, flags: 0, cmd: 21505, in_data.len(): 0, out_size: 0)","level":"WARN","ts":"2026-10-06T23:56:25.331052522Z","instance":"dfs-a-r1","service_name":"afs-node"}
{"msg":"[Not Implemented] ioctl(ino: 0xc2, fh: 397, flags: 0, cmd: 21505, in_data.len(): 0, out_size: 0)","level":"WARN","ts":"2026-10-06T23:56:25.33365382Z","instance":"dfs-a-r1","service_name":"afs-node"}
{"msg":"[Not Implemented] ioctl(ino: 0xc3, fh: 398, flags: 0, cmd: 21505, in_data.len(): 0, out_size: 0)","level":"WARN","ts":"2026-10-06T23:56:25.335713284Z","instance":"dfs-a-r1","service_name":"afs-node"}
{"msg":"[Not Implemented] ioctl(ino: 0xc4, fh: 399, flags: 0, cmd: 21505, in_data.len(): 0, out_size: 0)","level":"WARN","ts":"2026-10-06T23:56:25.337836456Z","instance":"dfs-a-r1","service_name":"afs-node"}
{"msg":"[Not Implemented] ioctl(ino: 0xc5, fh: 400, flags: 0, cmd: 21505, in_data.len(): 0, out_size: 0)","level":"WARN","ts":"2026-10-06T23:56:25.339928128Z","instance":"dfs-a-r1","service_name":"afs-node"}
{"msg":"[Not Implemented] ioctl(ino: 0xc6, fh: 401, flags: 0, cmd: 21505, in_data.len(): 0, out_size: 0)","level":"WARN","ts":"2026-10-06T23:56:25.341972675Z","instance":"dfs-a-r1","service_name":"afs-node"}
{"msg":"[Not Implemented] ioctl(ino: 0xc7, fh: 402, flags: 0, cmd: 21505, in_data.len(): 0, out_size: 0)","level":"WARN","ts":"2026-10-06T23:56:25.34408018Z","instance":"dfs-a-r1","service_name":"afs-node"}
{"msg":"[Not Implemented] ioctl(ino: 0xc8, fh: 403, flags: 0, cmd: 21505, in_data.len(): 0, out_size: 0)","level":"WARN","ts":"2026-10-06T23:56:25.346045894Z","instance":"dfs-a-r1","service_name":"afs-node"}
{"msg":"[Not Implemented] ioctl(ino: 0xc9, fh: 404, flags: 0, cmd: 21505, in_data.len(): 0, out_size: 0)","level":"WARN","ts":"2026-10-06T23:56:25.348151066Z","instance":"dfs-a-r1","service_name":"afs-node"}
{"msg":"[Not Implemented] ioctl(ino: 0xca, fh: 405, flags: 0, cmd: 21505, in_data.len(): 0, out_size: 0)","level":"WARN","ts":"2026-10-06T23:56:25.350178071Z","instance":"dfs-a-r1","service_name":"afs-node"}
{"msg":"[Not Implemented] ioctl(ino: 0xcb, fh: 406, flags: 0, cmd: 21505, in_data.len(): 0, out_size: 0)","level":"WARN","ts":"2026-10-06T23:56:25.352177409Z","instance":"dfs-a-r1","service_name":"afs-node"}
{"msg":"FUSE request failed","level":"ERRO","ts":"2026-10-06T23:56:27.312987918Z","instance":"dfs-a-r1","service_name":"afs-node","message":"DFS dentry not found","kind":"NotFound","code":34078721}
{"msg":"FUSE request failed","level":"ERRO","ts":"2026-10-06T23:56:27.313334669Z","instance":"dfs-a-r1","service_name":"afs-node","message":"DFS dentry not found","kind":"NotFound","code":34078721}
{"msg":"FUSE request failed","level":"ERRO","ts":"2026-10-06T23:56:27.313678545Z","instance":"dfs-a-r1","service_name":"afs-node","message":"DFS dentry not found","kind":"NotFound","code":34078721}
{"msg":"FUSE request failed","level":"ERRO","ts":"2026-10-06T23:56:27.327990165Z","instance":"dfs-a-r1","service_name":"afs-node","message":"DFS dentry not found","kind":"NotFound","code":34078721}
{"msg":"fuse.create","level":"INFO","ts":"2026-10-06T23:56:27.328015832Z","instance":"dfs-a-r1","service_name":"afs-node","name":"entry-0000.bin","parent":204}
{"msg":"FUSE request failed","level":"ERRO","ts":"2026-10-06T23:56:27.344178123Z","instance":"dfs-a-r1","service_name":"afs-node","message":"DFS currently supports only user.* xattrs","kind":"FailedPrecondition","code":67305489}
{"msg":"FUSE request failed","level":"ERRO","ts":"2026-10-06T23:56:27.374844994Z","instance":"dfs-a-r1","service_name":"afs-node","message":"DFS dentry not found","kind":"NotFound","code":34078721}
{"msg":"fuse.create","level":"INFO","ts":"2026-10-06T23:56:27.374868744Z","instance":"dfs-a-r1","service_name":"afs-node","name":"entry-0001.bin","parent":204}
{"msg":"FUSE request failed","level":"ERRO","ts":"2026-10-06T23:56:27.387660485Z","instance":"dfs-a-r1","service_name":"afs-node","message":"DFS currently supports only user.* xattrs","kind":"FailedPrecondition","code":67305489}
{"msg":"FUSE request failed","level":"ERRO","ts":"2026-10-06T23:56:27.410184585Z","instance":"dfs-a-r1","service_name":"afs-node","message":"DFS dentry not found","kind":"NotFound","code":34078721}
{"msg":"fuse.create","level":"INFO","ts":"2026-10-06T23:56:27.410219793Z","instance":"dfs-a-r1","service_name":"afs-node","name":"entry-0002.bin","parent":204}
{"msg":"FUSE request failed","level":"ERRO","ts":"2026-10-06T23:56:27.435301607Z","instance":"dfs-a-r1","service_name":"afs-node","message":"DFS currently supports only user.* xattrs","kind":"FailedPrecondition","code":67305489}
{"msg":"FUSE request failed","level":"ERRO","ts":"2026-10-06T23:56:27.453085653Z","instance":"dfs-a-r1","service_name":"afs-node","message":"DFS dentry not found","kind":"NotFound","code":34078721}
{"msg":"fuse.create","level":"INFO","ts":"2026-10-06T23:56:27.45309207Z","instance":"dfs-a-r1","service_name":"afs-node","name":"entry-0003.bin","parent":204}
{"msg":"FUSE request failed","level":"ERRO","ts":"2026-10-06T23:56:27.469300695Z","instance":"dfs-a-r1","service_name":"afs-node","message":"DFS currently supports only user.* xattrs","kind":"FailedPrecondition","code":67305489}
{"msg":"FUSE request failed","level":"ERRO","ts":"2026-10-06T23:56:27.504378327Z","instance":"dfs-a-r1","service_name":"afs-node","message":"DFS dentry not found","kind":"NotFound","code":34078721}
{"msg":"fuse.create","level":"INFO","ts":"2026-10-06T23:56:27.504463243Z","instance":"dfs-a-r1","service_name":"afs-node","name":"entry-0004.bin","parent":204}
{"msg":"FUSE request failed","level":"ERRO","ts":"2026-10-06T23:56:27.518445863Z","instance":"dfs-a-r1","service_name":"afs-node","message":"DFS currently supports only user.* xattrs","kind":"FailedPrecondition","code":67305489}
{"msg":"FUSE request failed","level":"ERRO","ts":"2026-10-06T23:56:27.538986249Z","instance":"dfs-a-r1","service_name":"afs-node","message":"DFS dentry not found","kind":"NotFound","code":34078721}
{"msg":"fuse.create","level":"INFO","ts":"2026-10-06T23:56:27.538993749Z","instance":"dfs-a-r1","service_name":"afs-node","name":"entry-0005.bin","parent":204}
{"msg":"FUSE request failed","level":"ERRO","ts":"2026-10-06T23:56:27.564664856Z","instance":"dfs-a-r1","service_name":"afs-node","message":"DFS currently supports only user.* xattrs","kind":"FailedPrecondition","code":67305489}
{"msg":"FUSE request failed","level":"ERRO","ts":"2026-10-06T23:56:27.583900656Z","instance":"dfs-a-r1","service_name":"afs-node","message":"DFS dentry not found","kind":"NotFound","code":34078721}
{"msg":"fuse.create","level":"INFO","ts":"2026-10-06T23:56:27.583909364Z","instance":"dfs-a-r1","service_name":"afs-node","name":"entry-0006.bin","parent":204}
{"msg":"FUSE request failed","level":"ERRO","ts":"2026-10-06T23:56:27.600149031Z","instance":"dfs-a-r1","service_name":"afs-node","message":"DFS currently supports only user.* xattrs","kind":"FailedPrecondition","code":67305489}
{"msg":"FUSE request failed","level":"ERRO","ts":"2026-10-06T23:56:27.634310452Z","instance":"dfs-a-r1","service_name":"afs-node","message":"DFS dentry not found","kind":"NotFound","code":34078721}
{"msg":"fuse.create","level":"INFO","ts":"2026-10-06T23:56:27.634333536Z","instance":"dfs-a-r1","service_name":"afs-node","name":"entry-0007.bin","parent":204}
{"msg":"FUSE request failed","level":"ERRO","ts":"2026-10-06T23:56:27.648097363Z","instance":"dfs-a-r1","service_name":"afs-node","message":"DFS currently supports only user.* xattrs","kind":"FailedPrecondition","code":67305489}
{"msg":"FUSE request failed","level":"ERRO","ts":"2026-10-06T23:56:27.671544381Z","instance":"dfs-a-r1","service_name":"afs-node","message":"DFS dentry not found","kind":"NotFound","code":34078721}
{"msg":"fuse.create","level":"INFO","ts":"2026-10-06T23:56:27.671569173Z","instance":"dfs-a-r1","service_name":"afs-node","name":"entry-0008.bin","parent":204}
{"msg":"FUSE request failed","level":"ERRO","ts":"2026-10-06T23:56:27.699280202Z","instance":"dfs-a-r1","service_name":"afs-node","message":"DFS currently supports only user.* xattrs","kind":"FailedPrecondition","code":67305489}
{"msg":"FUSE request failed","level":"ERRO","ts":"2026-10-06T23:56:27.717875375Z","instance":"dfs-a-r1","service_name":"afs-node","message":"DFS dentry not found","kind":"NotFound","code":34078721}
{"msg":"fuse.create","level":"INFO","ts":"2026-10-06T23:56:27.7179005Z","instance":"dfs-a-r1","service_name":"afs-node","name":"entry-0009.bin","parent":204}
{"msg":"FUSE request failed","level":"ERRO","ts":"2026-10-06T23:56:27.734342043Z","instance":"dfs-a-r1","service_name":"afs-node","message":"DFS currently supports only user.* xattrs","kind":"FailedPrecondition","code":67305489}
{"msg":"FUSE request failed","level":"ERRO","ts":"2026-10-06T23:56:27.768725548Z","instance":"dfs-a-r1","service_name":"afs-node","message":"DFS dentry not found","kind":"NotFound","code":34078721}
{"msg":"fuse.create","level":"INFO","ts":"2026-10-06T23:56:27.768750298Z","instance":"dfs-a-r1","service_name":"afs-node","name":"entry-0010.bin","parent":204}
{"msg":"FUSE request failed","level":"ERRO","ts":"2026-10-06T23:56:27.782784959Z","instance":"dfs-a-r1","service_name":"afs-node","message":"DFS currently supports only user.* xattrs","kind":"FailedPrecondition","code":67305489}
{"msg":"FUSE request failed","level":"ERRO","ts":"2026-10-06T23:56:27.806403269Z","instance":"dfs-a-r1","service_name":"afs-node","message":"DFS dentry not found","kind":"NotFound","code":34078721}
{"msg":"fuse.create","level":"INFO","ts":"2026-10-06T23:56:27.806415853Z","instance":"dfs-a-r1","service_name":"afs-node","name":"entry-0011.bin","parent":204}
{"msg":"FUSE request failed","level":"ERRO","ts":"2026-10-06T23:56:27.832718004Z","instance":"dfs-a-r1","service_name":"afs-node","message":"DFS currently supports only user.* xattrs","kind":"FailedPrecondition","code":67305489}
{"msg":"FUSE request failed","level":"ERRO","ts":"2026-10-06T23:56:27.856889982Z","instance":"dfs-a-r1","service_name":"afs-node","message":"DFS dentry not found","kind":"NotFound","code":34078721}
{"msg":"fuse.create","level":"INFO","ts":"2026-10-06T23:56:27.856896274Z","instance":"dfs-a-r1","service_name":"afs-node","name":"entry-0012.bin","parent":204}
{"msg":"FUSE request failed","level":"ERRO","ts":"2026-10-06T23:56:27.873130816Z","instance":"dfs-a-r1","service_name":"afs-node","message":"DFS currently supports only user.* xattrs","kind":"FailedPrecondition","code":67305489}
{"msg":"FUSE request failed","level":"ERRO","ts":"2026-10-06T23:56:27.908170448Z","instance":"dfs-a-r1","service_name":"afs-node","message":"DFS dentry not found","kind":"NotFound","code":34078721}
{"msg":"fuse.create","level":"INFO","ts":"2026-10-06T23:56:27.908195864Z","instance":"dfs-a-r1","service_name":"afs-node","name":"entry-0013.bin","parent":204}
{"msg":"FUSE request failed","level":"ERRO","ts":"2026-10-06T23:56:27.92126744Z","instance":"dfs-a-r1","service_name":"afs-node","message":"DFS currently supports only user.* xattrs","kind":"FailedPrecondition","code":67305489}
{"msg":"FUSE request failed","level":"ERRO","ts":"2026-10-06T23:56:27.942809412Z","instance":"dfs-a-r1","service_name":"afs-node","message":"DFS dentry not found","kind":"NotFound","code":34078721}
{"msg":"fuse.create","level":"INFO","ts":"2026-10-06T23:56:27.94283137Z","instance":"dfs-a-r1","service_name":"afs-node","name":"entry-0014.bin","parent":204}
{"msg":"FUSE request failed","level":"ERRO","ts":"2026-10-06T23:56:27.969210854Z","instance":"dfs-a-r1","service_name":"afs-node","message":"DFS currently supports only user.* xattrs","kind":"FailedPrecondition","code":67305489}
{"msg":"FUSE request failed","level":"ERRO","ts":"2026-10-06T23:56:27.989939449Z","instance":"dfs-a-r1","service_name":"afs-node","message":"DFS dentry not found","kind":"NotFound","code":34078721}
{"msg":"fuse.create","level":"INFO","ts":"2026-10-06T23:56:27.989959949Z","instance":"dfs-a-r1","service_name":"afs-node","name":"entry-0015.bin","parent":204}
{"msg":"FUSE request failed","level":"ERRO","ts":"2026-10-06T23:56:28.006540867Z","instance":"dfs-a-r1","service_name":"afs-node","message":"DFS currently supports only user.* xattrs","kind":"FailedPrecondition","code":67305489}
{"msg":"FUSE request failed","level":"ERRO","ts":"2026-10-06T23:56:28.041126622Z","instance":"dfs-a-r1","service_name":"afs-node","message":"DFS dentry not found","kind":"NotFound","code":34078721}
{"msg":"fuse.create","level":"INFO","ts":"2026-10-06T23:56:28.041153414Z","instance":"dfs-a-r1","service_name":"afs-node","name":"entry-0016.bin","parent":204}
{"msg":"FUSE request failed","level":"ERRO","ts":"2026-10-06T23:56:28.055148367Z","instance":"dfs-a-r1","service_name":"afs-node","message":"DFS currently supports only user.* xattrs","kind":"FailedPrecondition","code":67305489}
{"msg":"FUSE request failed","level":"ERRO","ts":"2026-10-06T23:56:28.079362929Z","instance":"dfs-a-r1","service_name":"afs-node","message":"DFS dentry not found","kind":"NotFound","code":34078721}
{"msg":"fuse.create","level":"INFO","ts":"2026-10-06T23:56:28.07937172Z","instance":"dfs-a-r1","service_name":"afs-node","name":"entry-0017.bin","parent":204}
{"msg":"FUSE request failed","level":"ERRO","ts":"2026-10-06T23:56:28.108421003Z","instance":"dfs-a-r1","service_name":"afs-node","message":"DFS currently supports only user.* xattrs","kind":"FailedPrecondition","code":67305489}
{"msg":"FUSE request failed","level":"ERRO","ts":"2026-10-06T23:56:28.129743641Z","instance":"dfs-a-r1","service_name":"afs-node","message":"DFS dentry not found","kind":"NotFound","code":34078721}
{"msg":"fuse.create","level":"INFO","ts":"2026-10-06T23:56:28.1297476Z","instance":"dfs-a-r1","service_name":"afs-node","name":"entry-0018.bin","parent":204}
{"msg":"FUSE request failed","level":"ERRO","ts":"2026-10-06T23:56:28.1461761Z","instance":"dfs-a-r1","service_name":"afs-node","message":"DFS currently supports only user.* xattrs","kind":"FailedPrecondition","code":67305489}
{"msg":"FUSE request failed","level":"ERRO","ts":"2026-10-06T23:56:28.178778517Z","instance":"dfs-a-r1","service_name":"afs-node","message":"DFS dentry not found","kind":"NotFound","code":34078721}
{"msg":"fuse.create","level":"INFO","ts":"2026-10-06T23:56:28.178803725Z","instance":"dfs-a-r1","service_name":"afs-node","name":"entry-0019.bin","parent":204}
{"msg":"FUSE request failed","level":"ERRO","ts":"2026-10-06T23:56:28.191097215Z","instance":"dfs-a-r1","service_name":"afs-node","message":"DFS currently supports only user.* xattrs","kind":"FailedPrecondition","code":67305489}
{"msg":"FUSE request failed","level":"ERRO","ts":"2026-10-06T23:56:28.216251946Z","instance":"dfs-a-r1","service_name":"afs-node","message":"DFS dentry not found","kind":"NotFound","code":34078721}
{"msg":"fuse.create","level":"INFO","ts":"2026-10-06T23:56:28.21625853Z","instance":"dfs-a-r1","service_name":"afs-node","name":"entry-0020.bin","parent":204}
{"msg":"FUSE request failed","level":"ERRO","ts":"2026-10-06T23:56:28.243298474Z","instance":"dfs-a-r1","service_name":"afs-node","message":"DFS currently supports only user.* xattrs","kind":"FailedPrecondition","code":67305489}
{"msg":"FUSE request failed","level":"ERRO","ts":"2026-10-06T23:56:28.260294184Z","instance":"dfs-a-r1","service_name":"afs-node","message":"DFS dentry not found","kind":"NotFound","code":34078721}
{"msg":"fuse.create","level":"INFO","ts":"2026-10-06T23:56:28.260301601Z","instance":"dfs-a-r1","service_name":"afs-node","name":"entry-0021.bin","parent":204}
{"msg":"FUSE request failed","level":"ERRO","ts":"2026-10-06T23:56:28.280020277Z","instance":"dfs-a-r1","service_name":"afs-node","message":"DFS currently supports only user.* xattrs","kind":"FailedPrecondition","code":67305489}
{"msg":"FUSE request failed","level":"ERRO","ts":"2026-10-06T23:56:28.312822694Z","instance":"dfs-a-r1","service_name":"afs-node","message":"DFS dentry not found","kind":"NotFound","code":34078721}
{"msg":"fuse.create","level":"INFO","ts":"2026-10-06T23:56:28.312846569Z","instance":"dfs-a-r1","service_name":"afs-node","name":"entry-0022.bin","parent":204}
{"msg":"FUSE request failed","level":"ERRO","ts":"2026-10-06T23:56:28.326948064Z","instance":"dfs-a-r1","service_name":"afs-node","message":"DFS currently supports only user.* xattrs","kind":"FailedPrecondition","code":67305489}
{"msg":"FUSE request failed","level":"ERRO","ts":"2026-10-06T23:56:28.347992451Z","instance":"dfs-a-r1","service_name":"afs-node","message":"DFS dentry not found","kind":"NotFound","code":34078721}
{"msg":"fuse.create","level":"INFO","ts":"2026-10-06T23:56:28.347999534Z","instance":"dfs-a-r1","service_name":"afs-node","name":"entry-0023.bin","parent":204}
{"msg":"FUSE request failed","level":"ERRO","ts":"2026-10-06T23:56:28.376412232Z","instance":"dfs-a-r1","service_name":"afs-node","message":"DFS currently supports only user.* xattrs","kind":"FailedPrecondition","code":67305489}
{"msg":"FUSE request failed","level":"ERRO","ts":"2026-10-06T23:56:28.395373031Z","instance":"dfs-a-r1","service_name":"afs-node","message":"DFS dentry not found","kind":"NotFound","code":34078721}
{"msg":"fuse.create","level":"INFO","ts":"2026-10-06T23:56:28.395412573Z","instance":"dfs-a-r1","service_name":"afs-node","name":"entry-0024.bin","parent":204}
{"msg":"FUSE request failed","level":"ERRO","ts":"2026-10-06T23:56:28.412932743Z","instance":"dfs-a-r1","service_name":"afs-node","message":"DFS currently supports only user.* xattrs","kind":"FailedPrecondition","code":67305489}
{"msg":"FUSE request failed","level":"ERRO","ts":"2026-10-06T23:56:28.444769366Z","instance":"dfs-a-r1","service_name":"afs-node","message":"DFS dentry not found","kind":"NotFound","code":34078721}
{"msg":"fuse.create","level":"INFO","ts":"2026-10-06T23:56:28.444780783Z","instance":"dfs-a-r1","service_name":"afs-node","name":"entry-0025.bin","parent":204}
{"msg":"FUSE request failed","level":"ERRO","ts":"2026-10-06T23:56:28.458049775Z","instance":"dfs-a-r1","service_name":"afs-node","message":"DFS currently supports only user.* xattrs","kind":"FailedPrecondition","code":67305489}
{"msg":"FUSE request failed","level":"ERRO","ts":"2026-10-06T23:56:28.481132584Z","instance":"dfs-a-r1","service_name":"afs-node","message":"DFS dentry not found","kind":"NotFound","code":34078721}
{"msg":"fuse.create","level":"INFO","ts":"2026-10-06T23:56:28.481139751Z","instance":"dfs-a-r1","service_name":"afs-node","name":"entry-0026.bin","parent":204}
{"msg":"FUSE request failed","level":"ERRO","ts":"2026-10-06T23:56:28.508256529Z","instance":"dfs-a-r1","service_name":"afs-node","message":"DFS currently supports only user.* xattrs","kind":"FailedPrecondition","code":67305489}
{"msg":"FUSE request failed","level":"ERRO","ts":"2026-10-06T23:56:28.525816032Z","instance":"dfs-a-r1","service_name":"afs-node","message":"DFS dentry not found","kind":"NotFound","code":34078721}
{"msg":"fuse.create","level":"INFO","ts":"2026-10-06T23:56:28.525824699Z","instance":"dfs-a-r1","service_name":"afs-node","name":"entry-0027.bin","parent":204}
{"msg":"FUSE request failed","level":"ERRO","ts":"2026-10-06T23:56:28.54376287Z","instance":"dfs-a-r1","service_name":"afs-node","message":"DFS currently supports only user.* xattrs","kind":"FailedPrecondition","code":67305489}
{"msg":"FUSE request failed","level":"ERRO","ts":"2026-10-06T23:56:28.581784342Z","instance":"dfs-a-r1","service_name":"afs-node","message":"DFS dentry not found","kind":"NotFound","code":34078721}
{"msg":"fuse.create","level":"INFO","ts":"2026-10-06T23:56:28.581797717Z","instance":"dfs-a-r1","service_name":"afs-node","name":"entry-0028.bin","parent":204}
{"msg":"FUSE request failed","level":"ERRO","ts":"2026-10-06T23:56:28.59648163Z","instance":"dfs-a-r1","service_name":"afs-node","message":"DFS currently supports only user.* xattrs","kind":"FailedPrecondition","code":67305489}
{"msg":"FUSE request failed","level":"ERRO","ts":"2026-10-06T23:56:28.618245852Z","instance":"dfs-a-r1","service_name":"afs-node","message":"DFS dentry not found","kind":"NotFound","code":34078721}
{"msg":"fuse.create","level":"INFO","ts":"2026-10-06T23:56:28.618252477Z","instance":"dfs-a-r1","service_name":"afs-node","name":"entry-0029.bin","parent":204}
{"msg":"FUSE request failed","level":"ERRO","ts":"2026-10-06T23:56:28.648123721Z","instance":"dfs-a-r1","service_name":"afs-node","message":"DFS currently supports only user.* xattrs","kind":"FailedPrecondition","code":67305489}
{"msg":"FUSE request failed","level":"ERRO","ts":"2026-10-06T23:56:28.667159769Z","instance":"dfs-a-r1","service_name":"afs-node","message":"DFS dentry not found","kind":"NotFound","code":34078721}
{"msg":"fuse.create","level":"INFO","ts":"2026-10-06T23:56:28.66717552Z","instance":"dfs-a-r1","service_name":"afs-node","name":"entry-0030.bin","parent":204}
{"msg":"FUSE request failed","level":"ERRO","ts":"2026-10-06T23:56:28.685261358Z","instance":"dfs-a-r1","service_name":"afs-node","message":"DFS currently supports only user.* xattrs","kind":"FailedPrecondition","code":67305489}
{"msg":"FUSE request failed","level":"ERRO","ts":"2026-10-06T23:56:28.717796608Z","instance":"dfs-a-r1","service_name":"afs-node","message":"DFS dentry not found","kind":"NotFound","code":34078721}
{"msg":"fuse.create","level":"INFO","ts":"2026-10-06T23:56:28.717809108Z","instance":"dfs-a-r1","service_name":"afs-node","name":"entry-0031.bin","parent":204}
{"msg":"FUSE request failed","level":"ERRO","ts":"2026-10-06T23:56:28.731483684Z","instance":"dfs-a-r1","service_name":"afs-node","message":"DFS currently supports only user.* xattrs","kind":"FailedPrecondition","code":67305489}
{"msg":"FUSE request failed","level":"ERRO","ts":"2026-10-06T23:56:28.756180039Z","instance":"dfs-a-r1","service_name":"afs-node","message":"DFS dentry not found","kind":"NotFound","code":34078721}
{"msg":"fuse.create","level":"INFO","ts":"2026-10-06T23:56:28.756222915Z","instance":"dfs-a-r1","service_name":"afs-node","name":"entry-0032.bin","parent":204}
{"msg":"FUSE request failed","level":"ERRO","ts":"2026-10-06T23:56:28.784238486Z","instance":"dfs-a-r1","service_name":"afs-node","message":"DFS currently supports only user.* xattrs","kind":"FailedPrecondition","code":67305489}
{"msg":"FUSE request failed","level":"ERRO","ts":"2026-10-06T23:56:28.808743049Z","instance":"dfs-a-r1","service_name":"afs-node","message":"DFS dentry not found","kind":"NotFound","code":34078721}
{"msg":"fuse.create","level":"INFO","ts":"2026-10-06T23:56:28.808781383Z","instance":"dfs-a-r1","service_name":"afs-node","name":"entry-0033.bin","parent":204}
{"msg":"FUSE request failed","level":"ERRO","ts":"2026-10-06T23:56:28.826034135Z","instance":"dfs-a-r1","service_name":"afs-node","message":"DFS currently supports only user.* xattrs","kind":"FailedPrecondition","code":67305489}
{"msg":"FUSE request failed","level":"ERRO","ts":"2026-10-06T23:56:28.861235351Z","instance":"dfs-a-r1","service_name":"afs-node","message":"DFS dentry not found","kind":"NotFound","code":34078721}
{"msg":"fuse.create","level":"INFO","ts":"2026-10-06T23:56:28.861248976Z","instance":"dfs-a-r1","service_name":"afs-node","name":"entry-0034.bin","parent":204}
{"msg":"FUSE request failed","level":"ERRO","ts":"2026-10-06T23:56:28.875885096Z","instance":"dfs-a-r1","service_name":"afs-node","message":"DFS currently supports only user.* xattrs","kind":"FailedPrecondition","code":67305489}
{"msg":"FUSE request failed","level":"ERRO","ts":"2026-10-06T23:56:28.901647621Z","instance":"dfs-a-r1","service_name":"afs-node","message":"DFS dentry not found","kind":"NotFound","code":34078721}
{"msg":"fuse.create","level":"INFO","ts":"2026-10-06T23:56:28.901675913Z","instance":"dfs-a-r1","service_name":"afs-node","name":"entry-0035.bin","parent":204}
{"msg":"FUSE request failed","level":"ERRO","ts":"2026-10-06T23:56:28.93142053Z","instance":"dfs-a-r1","service_name":"afs-node","message":"DFS currently supports only user.* xattrs","kind":"FailedPrecondition","code":67305489}
{"msg":"FUSE request failed","level":"ERRO","ts":"2026-10-06T23:56:28.954255047Z","instance":"dfs-a-r1","service_name":"afs-node","message":"DFS dentry not found","kind":"NotFound","code":34078721}
{"msg":"fuse.create","level":"INFO","ts":"2026-10-06T23:56:28.954262672Z","instance":"dfs-a-r1","service_name":"afs-node","name":"entry-0036.bin","parent":204}
{"msg":"FUSE request failed","level":"ERRO","ts":"2026-10-06T23:56:28.971988551Z","instance":"dfs-a-r1","service_name":"afs-node","message":"DFS currently supports only user.* xattrs","kind":"FailedPrecondition","code":67305489}
{"msg":"FUSE request failed","level":"ERRO","ts":"2026-10-06T23:56:29.005071969Z","instance":"dfs-a-r1","service_name":"afs-node","message":"DFS dentry not found","kind":"NotFound","code":34078721}
{"msg":"fuse.create","level":"INFO","ts":"2026-10-06T23:56:29.005082011Z","instance":"dfs-a-r1","service_name":"afs-node","name":"entry-0037.bin","parent":204}
{"msg":"FUSE request failed","level":"ERRO","ts":"2026-10-06T23:56:29.019129464Z","instance":"dfs-a-r1","service_name":"afs-node","message":"DFS currently supports only user.* xattrs","kind":"FailedPrecondition","code":67305489}
{"msg":"FUSE request failed","level":"ERRO","ts":"2026-10-06T23:56:29.045991157Z","instance":"dfs-a-r1","service_name":"afs-node","message":"DFS dentry not found","kind":"NotFound","code":34078721}
{"msg":"fuse.create","level":"INFO","ts":"2026-10-06T23:56:29.046019241Z","instance":"dfs-a-r1","service_name":"afs-node","name":"entry-0038.bin","parent":204}
{"msg":"FUSE request failed","level":"ERRO","ts":"2026-10-06T23:56:29.074189438Z","instance":"dfs-a-r1","service_name":"afs-node","message":"DFS currently supports only user.* xattrs","kind":"FailedPrecondition","code":67305489}
{"msg":"FUSE request failed","level":"ERRO","ts":"2026-10-06T23:56:29.092594735Z","instance":"dfs-a-r1","service_name":"afs-node","message":"DFS dentry not found","kind":"NotFound","code":34078721}
{"msg":"fuse.create","level":"INFO","ts":"2026-10-06T23:56:29.092602693Z","instance":"dfs-a-r1","service_name":"afs-node","name":"entry-0039.bin","parent":204}
{"msg":"FUSE request failed","level":"ERRO","ts":"2026-10-06T23:56:29.110207322Z","instance":"dfs-a-r1","service_name":"afs-node","message":"DFS currently supports only user.* xattrs","kind":"FailedPrecondition","code":67305489}
{"msg":"FUSE request failed","level":"ERRO","ts":"2026-10-06T23:56:29.147909668Z","instance":"dfs-a-r1","service_name":"afs-node","message":"DFS dentry not found","kind":"NotFound","code":34078721}
{"msg":"fuse.create","level":"INFO","ts":"2026-10-06T23:56:29.14794121Z","instance":"dfs-a-r1","service_name":"afs-node","name":"entry-0040.bin","parent":204}
{"msg":"FUSE request failed","level":"ERRO","ts":"2026-10-06T23:56:29.163195791Z","instance":"dfs-a-r1","service_name":"afs-node","message":"DFS currently supports only user.* xattrs","kind":"FailedPrecondition","code":67305489}
{"msg":"FUSE request failed","level":"ERRO","ts":"2026-10-06T23:56:29.188636564Z","instance":"dfs-a-r1","service_name":"afs-node","message":"DFS dentry not found","kind":"NotFound","code":34078721}
{"msg":"fuse.create","level":"INFO","ts":"2026-10-06T23:56:29.188684606Z","instance":"dfs-a-r1","service_name":"afs-node","name":"entry-0041.bin","parent":204}
{"msg":"FUSE request failed","level":"ERRO","ts":"2026-10-06T23:56:29.217240137Z","instance":"dfs-a-r1","service_name":"afs-node","message":"DFS currently supports only user.* xattrs","kind":"FailedPrecondition","code":67305489}
{"msg":"FUSE request failed","level":"ERRO","ts":"2026-10-06T23:56:29.239857529Z","instance":"dfs-a-r1","service_name":"afs-node","message":"DFS dentry not found","kind":"NotFound","code":34078721}
{"msg":"fuse.create","level":"INFO","ts":"2026-10-06T23:56:29.239896237Z","instance":"dfs-a-r1","service_name":"afs-node","name":"entry-0042.bin","parent":204}
{"msg":"FUSE request failed","level":"ERRO","ts":"2026-10-06T23:56:29.257840991Z","instance":"dfs-a-r1","service_name":"afs-node","message":"DFS currently supports only user.* xattrs","kind":"FailedPrecondition","code":67305489}
{"msg":"FUSE request failed","level":"ERRO","ts":"2026-10-06T23:56:29.293853833Z","instance":"dfs-a-r1","service_name":"afs-node","message":"DFS dentry not found","kind":"NotFound","code":34078721}
{"msg":"fuse.create","level":"INFO","ts":"2026-10-06T23:56:29.293866Z","instance":"dfs-a-r1","service_name":"afs-node","name":"entry-0043.bin","parent":204}
{"msg":"FUSE request failed","level":"ERRO","ts":"2026-10-06T23:56:29.308161203Z","instance":"dfs-a-r1","service_name":"afs-node","message":"DFS currently supports only user.* xattrs","kind":"FailedPrecondition","code":67305489}
{"msg":"FUSE request failed","level":"ERRO","ts":"2026-10-06T23:56:29.335633649Z","instance":"dfs-a-r1","service_name":"afs-node","message":"DFS dentry not found","kind":"NotFound","code":34078721}
{"msg":"fuse.create","level":"INFO","ts":"2026-10-06T23:56:29.33564594Z","instance":"dfs-a-r1","service_name":"afs-node","name":"entry-0044.bin","parent":204}
{"msg":"FUSE request failed","level":"ERRO","ts":"2026-10-06T23:56:29.364215097Z","instance":"dfs-a-r1","service_name":"afs-node","message":"DFS currently supports only user.* xattrs","kind":"FailedPrecondition","code":67305489}
{"msg":"FUSE request failed","level":"ERRO","ts":"2026-10-06T23:56:29.386813655Z","instance":"dfs-a-r1","service_name":"afs-node","message":"DFS dentry not found","kind":"NotFound","code":34078721}
{"msg":"fuse.create","level":"INFO","ts":"2026-10-06T23:56:29.38682053Z","instance":"dfs-a-r1","service_name":"afs-node","name":"entry-0045.bin","parent":204}
{"msg":"FUSE request failed","level":"ERRO","ts":"2026-10-06T23:56:29.405117993Z","instance":"dfs-a-r1","service_name":"afs-node","message":"DFS currently supports only user.* xattrs","kind":"FailedPrecondition","code":67305489}
{"msg":"FUSE request failed","level":"ERRO","ts":"2026-10-06T23:56:29.443201591Z","instance":"dfs-a-r1","service_name":"afs-node","message":"DFS dentry not found","kind":"NotFound","code":34078721}
{"msg":"fuse.create","level":"INFO","ts":"2026-10-06T23:56:29.443213132Z","instance":"dfs-a-r1","service_name":"afs-node","name":"entry-0046.bin","parent":204}
{"msg":"FUSE request failed","level":"ERRO","ts":"2026-10-06T23:56:29.458519172Z","instance":"dfs-a-r1","service_name":"afs-node","message":"DFS currently supports only user.* xattrs","kind":"FailedPrecondition","code":67305489}
{"msg":"FUSE request failed","level":"ERRO","ts":"2026-10-06T23:56:29.485470991Z","instance":"dfs-a-r1","service_name":"afs-node","message":"DFS dentry not found","kind":"NotFound","code":34078721}
{"msg":"fuse.create","level":"INFO","ts":"2026-10-06T23:56:29.485496366Z","instance":"dfs-a-r1","service_name":"afs-node","name":"entry-0047.bin","parent":204}
{"msg":"FUSE request failed","level":"ERRO","ts":"2026-10-06T23:56:29.515765943Z","instance":"dfs-a-r1","service_name":"afs-node","message":"DFS currently supports only user.* xattrs","kind":"FailedPrecondition","code":67305489}
{"msg":"FUSE request failed","level":"ERRO","ts":"2026-10-06T23:56:29.536979122Z","instance":"dfs-a-r1","service_name":"afs-node","message":"DFS dentry not found","kind":"NotFound","code":34078721}
{"msg":"fuse.create","level":"INFO","ts":"2026-10-06T23:56:29.537023081Z","instance":"dfs-a-r1","service_name":"afs-node","name":"entry-0048.bin","parent":204}
{"msg":"FUSE request failed","level":"ERRO","ts":"2026-10-06T23:56:29.556879882Z","instance":"dfs-a-r1","service_name":"afs-node","message":"DFS currently supports only user.* xattrs","kind":"FailedPrecondition","code":67305489}
{"msg":"FUSE request failed","level":"ERRO","ts":"2026-10-06T23:56:29.595891232Z","instance":"dfs-a-r1","service_name":"afs-node","message":"DFS dentry not found","kind":"NotFound","code":34078721}
{"msg":"fuse.create","level":"INFO","ts":"2026-10-06T23:56:29.59590594Z","instance":"dfs-a-r1","service_name":"afs-node","name":"entry-0049.bin","parent":204}
{"msg":"FUSE request failed","level":"ERRO","ts":"2026-10-06T23:56:29.610679644Z","instance":"dfs-a-r1","service_name":"afs-node","message":"DFS currently supports only user.* xattrs","kind":"FailedPrecondition","code":67305489}
{"msg":"FUSE request failed","level":"ERRO","ts":"2026-10-06T23:56:29.635330707Z","instance":"dfs-a-r1","service_name":"afs-node","message":"DFS dentry not found","kind":"NotFound","code":34078721}
{"msg":"fuse.create","level":"INFO","ts":"2026-10-06T23:56:29.635361958Z","instance":"dfs-a-r1","service_name":"afs-node","name":"entry-0050.bin","parent":204}
{"msg":"FUSE request failed","level":"ERRO","ts":"2026-10-06T23:56:29.665390826Z","instance":"dfs-a-r1","service_name":"afs-node","message":"DFS currently supports only user.* xattrs","kind":"FailedPrecondition","code":67305489}
{"msg":"FUSE request failed","level":"ERRO","ts":"2026-10-06T23:56:29.688445593Z","instance":"dfs-a-r1","service_name":"afs-node","message":"DFS dentry not found","kind":"NotFound","code":34078721}
{"msg":"fuse.create","level":"INFO","ts":"2026-10-06T23:56:29.688467177Z","instance":"dfs-a-r1","service_name":"afs-node","name":"entry-0051.bin","parent":204}
{"msg":"FUSE request failed","level":"ERRO","ts":"2026-10-06T23:56:29.708640312Z","instance":"dfs-a-r1","service_name":"afs-node","message":"DFS currently supports only user.* xattrs","kind":"FailedPrecondition","code":67305489}
{"msg":"FUSE request failed","level":"ERRO","ts":"2026-10-06T23:56:29.749165915Z","instance":"dfs-a-r1","service_name":"afs-node","message":"DFS dentry not found","kind":"NotFound","code":34078721}
{"msg":"fuse.create","level":"INFO","ts":"2026-10-06T23:56:29.749189416Z","instance":"dfs-a-r1","service_name":"afs-node","name":"entry-0052.bin","parent":204}
{"msg":"FUSE request failed","level":"ERRO","ts":"2026-10-06T23:56:29.76537829Z","instance":"dfs-a-r1","service_name":"afs-node","message":"DFS currently supports only user.* xattrs","kind":"FailedPrecondition","code":67305489}
{"msg":"FUSE request failed","level":"ERRO","ts":"2026-10-06T23:56:29.792734444Z","instance":"dfs-a-r1","service_name":"afs-node","message":"DFS dentry not found","kind":"NotFound","code":34078721}
{"msg":"fuse.create","level":"INFO","ts":"2026-10-06T23:56:29.792771527Z","instance":"dfs-a-r1","service_name":"afs-node","name":"entry-0053.bin","parent":204}
{"msg":"FUSE request failed","level":"ERRO","ts":"2026-10-06T23:56:29.823423731Z","instance":"dfs-a-r1","service_name":"afs-node","message":"DFS currently supports only user.* xattrs","kind":"FailedPrecondition","code":67305489}
{"msg":"FUSE request failed","level":"ERRO","ts":"2026-10-06T23:56:29.844231117Z","instance":"dfs-a-r1","service_name":"afs-node","message":"DFS dentry not found","kind":"NotFound","code":34078721}
{"msg":"fuse.create","level":"INFO","ts":"2026-10-06T23:56:29.84424195Z","instance":"dfs-a-r1","service_name":"afs-node","name":"entry-0054.bin","parent":204}
{"msg":"FUSE request failed","level":"ERRO","ts":"2026-10-06T23:56:29.864108251Z","instance":"dfs-a-r1","service_name":"afs-node","message":"DFS currently supports only user.* xattrs","kind":"FailedPrecondition","code":67305489}
{"msg":"FUSE request failed","level":"ERRO","ts":"2026-10-06T23:56:29.903632144Z","instance":"dfs-a-r1","service_name":"afs-node","message":"DFS dentry not found","kind":"NotFound","code":34078721}
{"msg":"fuse.create","level":"INFO","ts":"2026-10-06T23:56:29.903642728Z","instance":"dfs-a-r1","service_name":"afs-node","name":"entry-0055.bin","parent":204}
{"msg":"FUSE request failed","level":"ERRO","ts":"2026-10-06T23:56:29.918484307Z","instance":"dfs-a-r1","service_name":"afs-node","message":"DFS currently supports only user.* xattrs","kind":"FailedPrecondition","code":67305489}
{"msg":"FUSE request failed","level":"ERRO","ts":"2026-10-06T23:56:29.944716958Z","instance":"dfs-a-r1","service_name":"afs-node","message":"DFS dentry not found","kind":"NotFound","code":34078721}
{"msg":"fuse.create","level":"INFO","ts":"2026-10-06T23:56:29.944725124Z","instance":"dfs-a-r1","service_name":"afs-node","name":"entry-0056.bin","parent":204}
{"msg":"FUSE request failed","level":"ERRO","ts":"2026-10-06T23:56:29.97490741Z","instance":"dfs-a-r1","service_name":"afs-node","message":"DFS currently supports only user.* xattrs","kind":"FailedPrecondition","code":67305489}
{"msg":"FUSE request failed","level":"ERRO","ts":"2026-10-06T23:56:29.997779552Z","instance":"dfs-a-r1","service_name":"afs-node","message":"DFS dentry not found","kind":"NotFound","code":34078721}
{"msg":"fuse.create","level":"INFO","ts":"2026-10-06T23:56:29.997803552Z","instance":"dfs-a-r1","service_name":"afs-node","name":"entry-0057.bin","parent":204}
{"msg":"FUSE request failed","level":"ERRO","ts":"2026-10-06T23:56:30.01782702Z","instance":"dfs-a-r1","service_name":"afs-node","message":"DFS currently supports only user.* xattrs","kind":"FailedPrecondition","code":67305489}
{"msg":"FUSE request failed","level":"ERRO","ts":"2026-10-06T23:56:30.058229665Z","instance":"dfs-a-r1","service_name":"afs-node","message":"DFS dentry not found","kind":"NotFound","code":34078721}
{"msg":"fuse.create","level":"INFO","ts":"2026-10-06T23:56:30.058238956Z","instance":"dfs-a-r1","service_name":"afs-node","name":"entry-0058.bin","parent":204}
{"msg":"FUSE request failed","level":"ERRO","ts":"2026-10-06T23:56:30.074029247Z","instance":"dfs-a-r1","service_name":"afs-node","message":"DFS currently supports only user.* xattrs","kind":"FailedPrecondition","code":67305489}
{"msg":"FUSE request failed","level":"ERRO","ts":"2026-10-06T23:56:30.098192517Z","instance":"dfs-a-r1","service_name":"afs-node","message":"DFS dentry not found","kind":"NotFound","code":34078721}
{"msg":"fuse.create","level":"INFO","ts":"2026-10-06T23:56:30.0982226Z","instance":"dfs-a-r1","service_name":"afs-node","name":"entry-0059.bin","parent":204}
{"msg":"FUSE request failed","level":"ERRO","ts":"2026-10-06T23:56:30.129627389Z","instance":"dfs-a-r1","service_name":"afs-node","message":"DFS currently supports only user.* xattrs","kind":"FailedPrecondition","code":67305489}
{"msg":"FUSE request failed","level":"ERRO","ts":"2026-10-06T23:56:30.150809568Z","instance":"dfs-a-r1","service_name":"afs-node","message":"DFS dentry not found","kind":"NotFound","code":34078721}
{"msg":"fuse.create","level":"INFO","ts":"2026-10-06T23:56:30.150858735Z","instance":"dfs-a-r1","service_name":"afs-node","name":"entry-0060.bin","parent":204}
{"msg":"FUSE request failed","level":"ERRO","ts":"2026-10-06T23:56:30.170958869Z","instance":"dfs-a-r1","service_name":"afs-node","message":"DFS currently supports only user.* xattrs","kind":"FailedPrecondition","code":67305489}
{"msg":"FUSE request failed","level":"ERRO","ts":"2026-10-06T23:56:30.20962526Z","instance":"dfs-a-r1","service_name":"afs-node","message":"DFS dentry not found","kind":"NotFound","code":34078721}
{"msg":"fuse.create","level":"INFO","ts":"2026-10-06T23:56:30.209688885Z","instance":"dfs-a-r1","service_name":"afs-node","name":"entry-0061.bin","parent":204}
{"msg":"FUSE request failed","level":"ERRO","ts":"2026-10-06T23:56:30.224856632Z","instance":"dfs-a-r1","service_name":"afs-node","message":"DFS currently supports only user.* xattrs","kind":"FailedPrecondition","code":67305489}
{"msg":"FUSE request failed","level":"ERRO","ts":"2026-10-06T23:56:30.251857367Z","instance":"dfs-a-r1","service_name":"afs-node","message":"DFS dentry not found","kind":"NotFound","code":34078721}
{"msg":"fuse.create","level":"INFO","ts":"2026-10-06T23:56:30.251877743Z","instance":"dfs-a-r1","service_name":"afs-node","name":"entry-0062.bin","parent":204}
{"msg":"FUSE request failed","level":"ERRO","ts":"2026-10-06T23:56:30.282575029Z","instance":"dfs-a-r1","service_name":"afs-node","message":"DFS currently supports only user.* xattrs","kind":"FailedPrecondition","code":67305489}
{"msg":"FUSE request failed","level":"ERRO","ts":"2026-10-06T23:56:30.302084537Z","instance":"dfs-a-r1","service_name":"afs-node","message":"DFS dentry not found","kind":"NotFound","code":34078721}
{"msg":"fuse.create","level":"INFO","ts":"2026-10-06T23:56:30.302092162Z","instance":"dfs-a-r1","service_name":"afs-node","name":"entry-0063.bin","parent":204}
{"msg":"FUSE request failed","level":"ERRO","ts":"2026-10-06T23:56:30.322365798Z","instance":"dfs-a-r1","service_name":"afs-node","message":"DFS currently supports only user.* xattrs","kind":"FailedPrecondition","code":67305489}
{"msg":"FUSE request failed","level":"ERRO","ts":"2026-10-06T23:56:30.361436272Z","instance":"dfs-a-r1","service_name":"afs-node","message":"DFS dentry not found","kind":"NotFound","code":34078721}
{"msg":"fuse.create","level":"INFO","ts":"2026-10-06T23:56:30.361446814Z","instance":"dfs-a-r1","service_name":"afs-node","name":"entry-0064.bin","parent":204}
{"msg":"FUSE request failed","level":"ERRO","ts":"2026-10-06T23:56:30.377354813Z","instance":"dfs-a-r1","service_name":"afs-node","message":"DFS currently supports only user.* xattrs","kind":"FailedPrecondition","code":67305489}
{"msg":"FUSE request failed","level":"ERRO","ts":"2026-10-06T23:56:30.402521169Z","instance":"dfs-a-r1","service_name":"afs-node","message":"DFS dentry not found","kind":"NotFound","code":34078721}
{"msg":"fuse.create","level":"INFO","ts":"2026-10-06T23:56:30.402531961Z","instance":"dfs-a-r1","service_name":"afs-node","name":"entry-0065.bin","parent":204}
{"msg":"FUSE request failed","level":"ERRO","ts":"2026-10-06T23:56:30.434219625Z","instance":"dfs-a-r1","service_name":"afs-node","message":"DFS currently supports only user.* xattrs","kind":"FailedPrecondition","code":67305489}
{"msg":"FUSE request failed","level":"ERRO","ts":"2026-10-06T23:56:30.454237468Z","instance":"dfs-a-r1","service_name":"afs-node","message":"DFS dentry not found","kind":"NotFound","code":34078721}
{"msg":"fuse.create","level":"INFO","ts":"2026-10-06T23:56:30.454246384Z","instance":"dfs-a-r1","service_name":"afs-node","name":"entry-0066.bin","parent":204}
{"msg":"FUSE request failed","level":"ERRO","ts":"2026-10-06T23:56:30.475243355Z","instance":"dfs-a-r1","service_name":"afs-node","message":"DFS currently supports only user.* xattrs","kind":"FailedPrecondition","code":67305489}
{"msg":"FUSE request failed","level":"ERRO","ts":"2026-10-06T23:56:30.513375285Z","instance":"dfs-a-r1","service_name":"afs-node","message":"DFS dentry not found","kind":"NotFound","code":34078721}
{"msg":"fuse.create","level":"INFO","ts":"2026-10-06T23:56:30.513387411Z","instance":"dfs-a-r1","service_name":"afs-node","name":"entry-0067.bin","parent":204}
{"msg":"FUSE request failed","level":"ERRO","ts":"2026-10-06T23:56:30.529333618Z","instance":"dfs-a-r1","service_name":"afs-node","message":"DFS currently supports only user.* xattrs","kind":"FailedPrecondition","code":67305489}
{"msg":"FUSE request failed","level":"ERRO","ts":"2026-10-06T23:56:30.556160478Z","instance":"dfs-a-r1","service_name":"afs-node","message":"DFS dentry not found","kind":"NotFound","code":34078721}
{"msg":"fuse.create","level":"INFO","ts":"2026-10-06T23:56:30.556183061Z","instance":"dfs-a-r1","service_name":"afs-node","name":"entry-0068.bin","parent":204}
{"msg":"FUSE request failed","level":"ERRO","ts":"2026-10-06T23:56:30.5874226Z","instance":"dfs-a-r1","service_name":"afs-node","message":"DFS currently supports only user.* xattrs","kind":"FailedPrecondition","code":67305489}
{"msg":"FUSE request failed","level":"ERRO","ts":"2026-10-06T23:56:30.611029743Z","instance":"dfs-a-r1","service_name":"afs-node","message":"DFS dentry not found","kind":"NotFound","code":34078721}
{"msg":"fuse.create","level":"INFO","ts":"2026-10-06T23:56:30.611069118Z","instance":"dfs-a-r1","service_name":"afs-node","name":"entry-0069.bin","parent":204}
{"msg":"FUSE request failed","level":"ERRO","ts":"2026-10-06T23:56:30.631870713Z","instance":"dfs-a-r1","service_name":"afs-node","message":"DFS currently supports only user.* xattrs","kind":"FailedPrecondition","code":67305489}
{"msg":"FUSE request failed","level":"ERRO","ts":"2026-10-06T23:56:30.672474942Z","instance":"dfs-a-r1","service_name":"afs-node","message":"DFS dentry not found","kind":"NotFound","code":34078721}
{"msg":"fuse.create","level":"INFO","ts":"2026-10-06T23:56:30.672486025Z","instance":"dfs-a-r1","service_name":"afs-node","name":"entry-0070.bin","parent":204}
{"msg":"FUSE request failed","level":"ERRO","ts":"2026-10-06T23:56:30.690613363Z","instance":"dfs-a-r1","service_name":"afs-node","message":"DFS currently supports only user.* xattrs","kind":"FailedPrecondition","code":67305489}
{"msg":"FUSE request failed","level":"ERRO","ts":"2026-10-06T23:56:30.719352978Z","instance":"dfs-a-r1","service_name":"afs-node","message":"DFS dentry not found","kind":"NotFound","code":34078721}
{"msg":"fuse.create","level":"INFO","ts":"2026-10-06T23:56:30.719404895Z","instance":"dfs-a-r1","service_name":"afs-node","name":"entry-0071.bin","parent":204}
{"msg":"FUSE request failed","level":"ERRO","ts":"2026-10-06T23:56:30.75313144Z","instance":"dfs-a-r1","service_name":"afs-node","message":"DFS currently supports only user.* xattrs","kind":"FailedPrecondition","code":67305489}
{"msg":"FUSE request failed","level":"ERRO","ts":"2026-10-06T23:56:30.774210077Z","instance":"dfs-a-r1","service_name":"afs-node","message":"DFS dentry not found","kind":"NotFound","code":34078721}
{"msg":"fuse.create","level":"INFO","ts":"2026-10-06T23:56:30.77421916Z","instance":"dfs-a-r1","service_name":"afs-node","name":"entry-0072.bin","parent":204}
{"msg":"FUSE request failed","level":"ERRO","ts":"2026-10-06T23:56:30.794774879Z","instance":"dfs-a-r1","service_name":"afs-node","message":"DFS currently supports only user.* xattrs","kind":"FailedPrecondition","code":67305489}
{"msg":"FUSE request failed","level":"ERRO","ts":"2026-10-06T23:56:30.832288308Z","instance":"dfs-a-r1","service_name":"afs-node","message":"DFS dentry not found","kind":"NotFound","code":34078721}
{"msg":"fuse.create","level":"INFO","ts":"2026-10-06T23:56:30.832305975Z","instance":"dfs-a-r1","service_name":"afs-node","name":"entry-0073.bin","parent":204}
{"msg":"FUSE request failed","level":"ERRO","ts":"2026-10-06T23:56:30.847855598Z","instance":"dfs-a-r1","service_name":"afs-node","message":"DFS currently supports only user.* xattrs","kind":"FailedPrecondition","code":67305489}
{"msg":"FUSE request failed","level":"ERRO","ts":"2026-10-06T23:56:30.877110798Z","instance":"dfs-a-r1","service_name":"afs-node","message":"DFS dentry not found","kind":"NotFound","code":34078721}
{"msg":"fuse.create","level":"INFO","ts":"2026-10-06T23:56:30.877151131Z","instance":"dfs-a-r1","service_name":"afs-node","name":"entry-0074.bin","parent":204}
{"msg":"FUSE request failed","level":"ERRO","ts":"2026-10-06T23:56:30.908644212Z","instance":"dfs-a-r1","service_name":"afs-node","message":"DFS currently supports only user.* xattrs","kind":"FailedPrecondition","code":67305489}
{"msg":"FUSE request failed","level":"ERRO","ts":"2026-10-06T23:56:30.93192423Z","instance":"dfs-a-r1","service_name":"afs-node","message":"DFS dentry not found","kind":"NotFound","code":34078721}
{"msg":"fuse.create","level":"INFO","ts":"2026-10-06T23:56:30.931943771Z","instance":"dfs-a-r1","service_name":"afs-node","name":"entry-0075.bin","parent":204}
{"msg":"FUSE request failed","level":"ERRO","ts":"2026-10-06T23:56:30.954786746Z","instance":"dfs-a-r1","service_name":"afs-node","message":"DFS currently supports only user.* xattrs","kind":"FailedPrecondition","code":67305489}
{"msg":"FUSE request failed","level":"ERRO","ts":"2026-10-06T23:56:30.996592186Z","instance":"dfs-a-r1","service_name":"afs-node","message":"DFS dentry not found","kind":"NotFound","code":34078721}
{"msg":"fuse.create","level":"INFO","ts":"2026-10-06T23:56:30.996603436Z","instance":"dfs-a-r1","service_name":"afs-node","name":"entry-0076.bin","parent":204}
{"msg":"FUSE request failed","level":"ERRO","ts":"2026-10-06T23:56:31.01386548Z","instance":"dfs-a-r1","service_name":"afs-node","message":"DFS currently supports only user.* xattrs","kind":"FailedPrecondition","code":67305489}
{"msg":"FUSE request failed","level":"ERRO","ts":"2026-10-06T23:56:31.042274178Z","instance":"dfs-a-r1","service_name":"afs-node","message":"DFS dentry not found","kind":"NotFound","code":34078721}
{"msg":"fuse.create","level":"INFO","ts":"2026-10-06T23:56:31.042314845Z","instance":"dfs-a-r1","service_name":"afs-node","name":"entry-0077.bin","parent":204}
{"msg":"FUSE request failed","level":"ERRO","ts":"2026-10-06T23:56:31.077452643Z","instance":"dfs-a-r1","service_name":"afs-node","message":"DFS currently supports only user.* xattrs","kind":"FailedPrecondition","code":67305489}
{"msg":"FUSE request failed","level":"ERRO","ts":"2026-10-06T23:56:31.098655613Z","instance":"dfs-a-r1","service_name":"afs-node","message":"DFS dentry not found","kind":"NotFound","code":34078721}
{"msg":"fuse.create","level":"INFO","ts":"2026-10-06T23:56:31.098723697Z","instance":"dfs-a-r1","service_name":"afs-node","name":"entry-0078.bin","parent":204}
{"msg":"FUSE request failed","level":"ERRO","ts":"2026-10-06T23:56:31.119840167Z","instance":"dfs-a-r1","service_name":"afs-node","message":"DFS currently supports only user.* xattrs","kind":"FailedPrecondition","code":67305489}
{"msg":"FUSE request failed","level":"ERRO","ts":"2026-10-06T23:56:31.160181103Z","instance":"dfs-a-r1","service_name":"afs-node","message":"DFS dentry not found","kind":"NotFound","code":34078721}
{"msg":"fuse.create","level":"INFO","ts":"2026-10-06T23:56:31.160205979Z","instance":"dfs-a-r1","service_name":"afs-node","name":"entry-0079.bin","parent":204}
{"msg":"FUSE request failed","level":"ERRO","ts":"2026-10-06T23:56:31.175742768Z","instance":"dfs-a-r1","service_name":"afs-node","message":"DFS currently supports only user.* xattrs","kind":"FailedPrecondition","code":67305489}
{"msg":"FUSE request failed","level":"ERRO","ts":"2026-10-06T23:56:31.206037512Z","instance":"dfs-a-r1","service_name":"afs-node","message":"DFS dentry not found","kind":"NotFound","code":34078721}
{"msg":"fuse.create","level":"INFO","ts":"2026-10-06T23:56:31.206046429Z","instance":"dfs-a-r1","service_name":"afs-node","name":"entry-0080.bin","parent":204}
{"msg":"FUSE request failed","level":"ERRO","ts":"2026-10-06T23:56:31.238046844Z","instance":"dfs-a-r1","service_name":"afs-node","message":"DFS currently supports only user.* xattrs","kind":"FailedPrecondition","code":67305489}
{"msg":"FUSE request failed","level":"ERRO","ts":"2026-10-06T23:56:31.262351572Z","instance":"dfs-a-r1","service_name":"afs-node","message":"DFS dentry not found","kind":"NotFound","code":34078721}
{"msg":"fuse.create","level":"INFO","ts":"2026-10-06T23:56:31.262365322Z","instance":"dfs-a-r1","service_name":"afs-node","name":"entry-0081.bin","parent":204}
{"msg":"FUSE request failed","level":"ERRO","ts":"2026-10-06T23:56:31.284533462Z","instance":"dfs-a-r1","service_name":"afs-node","message":"DFS currently supports only user.* xattrs","kind":"FailedPrecondition","code":67305489}
{"msg":"FUSE request failed","level":"ERRO","ts":"2026-10-06T23:56:31.325798817Z","instance":"dfs-a-r1","service_name":"afs-node","message":"DFS dentry not found","kind":"NotFound","code":34078721}
{"msg":"fuse.create","level":"INFO","ts":"2026-10-06T23:56:31.325813901Z","instance":"dfs-a-r1","service_name":"afs-node","name":"entry-0082.bin","parent":204}
{"msg":"FUSE request failed","level":"ERRO","ts":"2026-10-06T23:56:31.342371235Z","instance":"dfs-a-r1","service_name":"afs-node","message":"DFS currently supports only user.* xattrs","kind":"FailedPrecondition","code":67305489}
{"msg":"FUSE request failed","level":"ERRO","ts":"2026-10-06T23:56:31.371207725Z","instance":"dfs-a-r1","service_name":"afs-node","message":"DFS dentry not found","kind":"NotFound","code":34078721}
{"msg":"fuse.create","level":"INFO","ts":"2026-10-06T23:56:31.37122635Z","instance":"dfs-a-r1","service_name":"afs-node","name":"entry-0083.bin","parent":204}
{"msg":"FUSE request failed","level":"ERRO","ts":"2026-10-06T23:56:31.404643393Z","instance":"dfs-a-r1","service_name":"afs-node","message":"DFS currently supports only user.* xattrs","kind":"FailedPrecondition","code":67305489}
{"msg":"FUSE request failed","level":"ERRO","ts":"2026-10-06T23:56:31.42831187Z","instance":"dfs-a-r1","service_name":"afs-node","message":"DFS dentry not found","kind":"NotFound","code":34078721}
{"msg":"fuse.create","level":"INFO","ts":"2026-10-06T23:56:31.428362495Z","instance":"dfs-a-r1","service_name":"afs-node","name":"entry-0084.bin","parent":204}
{"msg":"FUSE request failed","level":"ERRO","ts":"2026-10-06T23:56:31.449992884Z","instance":"dfs-a-r1","service_name":"afs-node","message":"DFS currently supports only user.* xattrs","kind":"FailedPrecondition","code":67305489}
{"msg":"FUSE request failed","level":"ERRO","ts":"2026-10-06T23:56:31.488628066Z","instance":"dfs-a-r1","service_name":"afs-node","message":"DFS dentry not found","kind":"NotFound","code":34078721}
{"msg":"fuse.create","level":"INFO","ts":"2026-10-06T23:56:31.488639566Z","instance":"dfs-a-r1","service_name":"afs-node","name":"entry-0085.bin","parent":204}
{"msg":"FUSE request failed","level":"ERRO","ts":"2026-10-06T23:56:31.505437442Z","instance":"dfs-a-r1","service_name":"afs-node","message":"DFS currently supports only user.* xattrs","kind":"FailedPrecondition","code":67305489}
{"msg":"FUSE request failed","level":"ERRO","ts":"2026-10-06T23:56:31.53622602Z","instance":"dfs-a-r1","service_name":"afs-node","message":"DFS dentry not found","kind":"NotFound","code":34078721}
{"msg":"fuse.create","level":"INFO","ts":"2026-10-06T23:56:31.536244145Z","instance":"dfs-a-r1","service_name":"afs-node","name":"entry-0086.bin","parent":204}
{"msg":"FUSE request failed","level":"ERRO","ts":"2026-10-06T23:56:31.568735062Z","instance":"dfs-a-r1","service_name":"afs-node","message":"DFS currently supports only user.* xattrs","kind":"FailedPrecondition","code":67305489}
{"msg":"FUSE request failed","level":"ERRO","ts":"2026-10-06T23:56:31.590201533Z","instance":"dfs-a-r1","service_name":"afs-node","message":"DFS dentry not found","kind":"NotFound","code":34078721}
{"msg":"fuse.create","level":"INFO","ts":"2026-10-06T23:56:31.590217366Z","instance":"dfs-a-r1","service_name":"afs-node","name":"entry-0087.bin","parent":204}
{"msg":"FUSE request failed","level":"ERRO","ts":"2026-10-06T23:56:31.612317214Z","instance":"dfs-a-r1","service_name":"afs-node","message":"DFS currently supports only user.* xattrs","kind":"FailedPrecondition","code":67305489}
{"msg":"FUSE request failed","level":"ERRO","ts":"2026-10-06T23:56:31.655991201Z","instance":"dfs-a-r1","service_name":"afs-node","message":"DFS dentry not found","kind":"NotFound","code":34078721}
{"msg":"fuse.create","level":"INFO","ts":"2026-10-06T23:56:31.656037076Z","instance":"dfs-a-r1","service_name":"afs-node","name":"entry-0088.bin","parent":204}
{"msg":"FUSE request failed","level":"ERRO","ts":"2026-10-06T23:56:31.672819535Z","instance":"dfs-a-r1","service_name":"afs-node","message":"DFS currently supports only user.* xattrs","kind":"FailedPrecondition","code":67305489}
{"msg":"FUSE request failed","level":"ERRO","ts":"2026-10-06T23:56:31.697890474Z","instance":"dfs-a-r1","service_name":"afs-node","message":"DFS dentry not found","kind":"NotFound","code":34078721}
{"msg":"fuse.create","level":"INFO","ts":"2026-10-06T23:56:31.697929849Z","instance":"dfs-a-r1","service_name":"afs-node","name":"entry-0089.bin","parent":204}
{"msg":"FUSE request failed","level":"ERRO","ts":"2026-10-06T23:56:31.73160306Z","instance":"dfs-a-r1","service_name":"afs-node","message":"DFS currently supports only user.* xattrs","kind":"FailedPrecondition","code":67305489}
{"msg":"FUSE request failed","level":"ERRO","ts":"2026-10-06T23:56:31.754735869Z","instance":"dfs-a-r1","service_name":"afs-node","message":"DFS dentry not found","kind":"NotFound","code":34078721}
{"msg":"fuse.create","level":"INFO","ts":"2026-10-06T23:56:31.754745911Z","instance":"dfs-a-r1","service_name":"afs-node","name":"entry-0090.bin","parent":204}
{"msg":"FUSE request failed","level":"ERRO","ts":"2026-10-06T23:56:31.776063257Z","instance":"dfs-a-r1","service_name":"afs-node","message":"DFS currently supports only user.* xattrs","kind":"FailedPrecondition","code":67305489}
{"msg":"FUSE request failed","level":"ERRO","ts":"2026-10-06T23:56:31.818185531Z","instance":"dfs-a-r1","service_name":"afs-node","message":"DFS dentry not found","kind":"NotFound","code":34078721}
{"msg":"fuse.create","level":"INFO","ts":"2026-10-06T23:56:31.818195114Z","instance":"dfs-a-r1","service_name":"afs-node","name":"entry-0091.bin","parent":204}
{"msg":"FUSE request failed","level":"ERRO","ts":"2026-10-06T23:56:31.835057449Z","instance":"dfs-a-r1","service_name":"afs-node","message":"DFS currently supports only user.* xattrs","kind":"FailedPrecondition","code":67305489}
{"msg":"FUSE request failed","level":"ERRO","ts":"2026-10-06T23:56:31.895580061Z","instance":"dfs-a-r1","service_name":"afs-node","message":"DFS dentry not found","kind":"NotFound","code":34078721}
{"msg":"fuse.create","level":"INFO","ts":"2026-10-06T23:56:31.895592562Z","instance":"dfs-a-r1","service_name":"afs-node","name":"entry-0092.bin","parent":204}
{"msg":"FUSE request failed","level":"ERRO","ts":"2026-10-06T23:56:31.912441563Z","instance":"dfs-a-r1","service_name":"afs-node","message":"DFS currently supports only user.* xattrs","kind":"FailedPrecondition","code":67305489}
{"msg":"FUSE request failed","level":"ERRO","ts":"2026-10-06T23:56:31.942229097Z","instance":"dfs-a-r1","service_name":"afs-node","message":"DFS dentry not found","kind":"NotFound","code":34078721}
{"msg":"fuse.create","level":"INFO","ts":"2026-10-06T23:56:31.942274264Z","instance":"dfs-a-r1","service_name":"afs-node","name":"entry-0093.bin","parent":204}
{"msg":"FUSE request failed","level":"ERRO","ts":"2026-10-06T23:56:31.977083019Z","instance":"dfs-a-r1","service_name":"afs-node","message":"DFS currently supports only user.* xattrs","kind":"FailedPrecondition","code":67305489}
{"msg":"FUSE request failed","level":"ERRO","ts":"2026-10-06T23:56:32.001003664Z","instance":"dfs-a-r1","service_name":"afs-node","message":"DFS dentry not found","kind":"NotFound","code":34078721}
{"msg":"fuse.create","level":"INFO","ts":"2026-10-06T23:56:32.001060997Z","instance":"dfs-a-r1","service_name":"afs-node","name":"entry-0094.bin","parent":204}
{"msg":"FUSE request failed","level":"ERRO","ts":"2026-10-06T23:56:32.021529882Z","instance":"dfs-a-r1","service_name":"afs-node","message":"DFS currently supports only user.* xattrs","kind":"FailedPrecondition","code":67305489}
{"msg":"FUSE request failed","level":"ERRO","ts":"2026-10-06T23:56:32.06563412Z","instance":"dfs-a-r1","service_name":"afs-node","message":"DFS dentry not found","kind":"NotFound","code":34078721}
{"msg":"fuse.create","level":"INFO","ts":"2026-10-06T23:56:32.065662078Z","instance":"dfs-a-r1","service_name":"afs-node","name":"entry-0095.bin","parent":204}
{"msg":"FUSE request failed","level":"ERRO","ts":"2026-10-06T23:56:32.083242581Z","instance":"dfs-a-r1","service_name":"afs-node","message":"DFS currently supports only user.* xattrs","kind":"FailedPrecondition","code":67305489}
{"msg":"FUSE request failed","level":"ERRO","ts":"2026-10-06T23:56:32.113210116Z","instance":"dfs-a-r1","service_name":"afs-node","message":"DFS dentry not found","kind":"NotFound","code":34078721}
{"msg":"fuse.create","level":"INFO","ts":"2026-10-06T23:56:32.113246282Z","instance":"dfs-a-r1","service_name":"afs-node","name":"entry-0096.bin","parent":204}
{"msg":"FUSE request failed","level":"ERRO","ts":"2026-10-06T23:56:32.146986077Z","instance":"dfs-a-r1","service_name":"afs-node","message":"DFS currently supports only user.* xattrs","kind":"FailedPrecondition","code":67305489}
{"msg":"FUSE request failed","level":"ERRO","ts":"2026-10-06T23:56:32.1692838Z","instance":"dfs-a-r1","service_name":"afs-node","message":"DFS dentry not found","kind":"NotFound","code":34078721}
{"msg":"fuse.create","level":"INFO","ts":"2026-10-06T23:56:32.169293258Z","instance":"dfs-a-r1","service_name":"afs-node","name":"entry-0097.bin","parent":204}
{"msg":"FUSE request failed","level":"ERRO","ts":"2026-10-06T23:56:32.192257192Z","instance":"dfs-a-r1","service_name":"afs-node","message":"DFS currently supports only user.* xattrs","kind":"FailedPrecondition","code":67305489}
{"msg":"FUSE request failed","level":"ERRO","ts":"2026-10-06T23:56:32.23102454Z","instance":"dfs-a-r1","service_name":"afs-node","message":"DFS dentry not found","kind":"NotFound","code":34078721}
{"msg":"fuse.create","level":"INFO","ts":"2026-10-06T23:56:32.23104679Z","instance":"dfs-a-r1","service_name":"afs-node","name":"entry-0098.bin","parent":204}
{"msg":"FUSE request failed","level":"ERRO","ts":"2026-10-06T23:56:32.247520082Z","instance":"dfs-a-r1","service_name":"afs-node","message":"DFS currently supports only user.* xattrs","kind":"FailedPrecondition","code":67305489}
{"msg":"FUSE request failed","level":"ERRO","ts":"2026-10-06T23:56:32.278983079Z","instance":"dfs-a-r1","service_name":"afs-node","message":"DFS dentry not found","kind":"NotFound","code":34078721}
{"msg":"fuse.create","level":"INFO","ts":"2026-10-06T23:56:32.278991579Z","instance":"dfs-a-r1","service_name":"afs-node","name":"entry-0099.bin","parent":204}
{"msg":"FUSE request failed","level":"ERRO","ts":"2026-10-06T23:56:32.316477758Z","instance":"dfs-a-r1","service_name":"afs-node","message":"DFS currently supports only user.* xattrs","kind":"FailedPrecondition","code":67305489}
{"msg":"[Not Implemented] ioctl(ino: 0xcd, fh: 511, flags: 0, cmd: 21505, in_data.len(): 0, out_size: 0)","level":"WARN","ts":"2026-10-06T23:56:32.343198617Z","instance":"dfs-a-r1","service_name":"afs-node"}
{"msg":"[Not Implemented] ioctl(ino: 0xce, fh: 512, flags: 0, cmd: 21505, in_data.len(): 0, out_size: 0)","level":"WARN","ts":"2026-10-06T23:56:32.345253581Z","instance":"dfs-a-r1","service_name":"afs-node"}
{"msg":"[Not Implemented] ioctl(ino: 0xcf, fh: 513, flags: 0, cmd: 21505, in_data.len(): 0, out_size: 0)","level":"WARN","ts":"2026-10-06T23:56:32.347272378Z","instance":"dfs-a-r1","service_name":"afs-node"}
{"msg":"[Not Implemented] ioctl(ino: 0xd0, fh: 514, flags: 0, cmd: 21505, in_data.len(): 0, out_size: 0)","level":"WARN","ts":"2026-10-06T23:56:32.349268925Z","instance":"dfs-a-r1","service_name":"afs-node"}
{"msg":"[Not Implemented] ioctl(ino: 0xd1, fh: 515, flags: 0, cmd: 21505, in_data.len(): 0, out_size: 0)","level":"WARN","ts":"2026-10-06T23:56:32.351206055Z","instance":"dfs-a-r1","service_name":"afs-node"}
{"msg":"[Not Implemented] ioctl(ino: 0xd2, fh: 516, flags: 0, cmd: 21505, in_data.len(): 0, out_size: 0)","level":"WARN","ts":"2026-10-06T23:56:32.353233101Z","instance":"dfs-a-r1","service_name":"afs-node"}
{"msg":"[Not Implemented] ioctl(ino: 0xd3, fh: 517, flags: 0, cmd: 21505, in_data.len(): 0, out_size: 0)","level":"WARN","ts":"2026-10-06T23:56:32.355127565Z","instance":"dfs-a-r1","service_name":"afs-node"}
{"msg":"[Not Implemented] ioctl(ino: 0xd4, fh: 518, flags: 0, cmd: 21505, in_data.len(): 0, out_size: 0)","level":"WARN","ts":"2026-10-06T23:56:32.357065653Z","instance":"dfs-a-r1","service_name":"afs-node"}
{"msg":"[Not Implemented] ioctl(ino: 0xd5, fh: 519, flags: 0, cmd: 21505, in_data.len(): 0, out_size: 0)","level":"WARN","ts":"2026-10-06T23:56:32.359035033Z","instance":"dfs-a-r1","service_name":"afs-node"}
{"msg":"[Not Implemented] ioctl(ino: 0xd6, fh: 520, flags: 0, cmd: 21505, in_data.len(): 0, out_size: 0)","level":"WARN","ts":"2026-10-06T23:56:32.360989246Z","instance":"dfs-a-r1","service_name":"afs-node"}
{"msg":"[Not Implemented] ioctl(ino: 0xd7, fh: 521, flags: 0, cmd: 21505, in_data.len(): 0, out_size: 0)","level":"WARN","ts":"2026-10-06T23:56:32.363009793Z","instance":"dfs-a-r1","service_name":"afs-node"}
{"msg":"[Not Implemented] ioctl(ino: 0xd8, fh: 522, flags: 0, cmd: 21505, in_data.len(): 0, out_size: 0)","level":"WARN","ts":"2026-10-06T23:56:32.364953798Z","instance":"dfs-a-r1","service_name":"afs-node"}
{"msg":"[Not Implemented] ioctl(ino: 0xd9, fh: 523, flags: 0, cmd: 21505, in_data.len(): 0, out_size: 0)","level":"WARN","ts":"2026-10-06T23:56:32.366898511Z","instance":"dfs-a-r1","service_name":"afs-node"}
{"msg":"[Not Implemented] ioctl(ino: 0xda, fh: 524, flags: 0, cmd: 21505, in_data.len(): 0, out_size: 0)","level":"WARN","ts":"2026-10-06T23:56:32.368894016Z","instance":"dfs-a-r1","service_name":"afs-node"}
{"msg":"[Not Implemented] ioctl(ino: 0xdb, fh: 525, flags: 0, cmd: 21505, in_data.len(): 0, out_size: 0)","level":"WARN","ts":"2026-10-06T23:56:32.370793854Z","instance":"dfs-a-r1","service_name":"afs-node"}
{"msg":"[Not Implemented] ioctl(ino: 0xdc, fh: 526, flags: 0, cmd: 21505, in_data.len(): 0, out_size: 0)","level":"WARN","ts":"2026-10-06T23:56:32.372780234Z","instance":"dfs-a-r1","service_name":"afs-node"}
{"msg":"[Not Implemented] ioctl(ino: 0xdd, fh: 527, flags: 0, cmd: 21505, in_data.len(): 0, out_size: 0)","level":"WARN","ts":"2026-10-06T23:56:32.374664448Z","instance":"dfs-a-r1","service_name":"afs-node"}
{"msg":"[Not Implemented] ioctl(ino: 0xde, fh: 528, flags: 0, cmd: 21505, in_data.len(): 0, out_size: 0)","level":"WARN","ts":"2026-10-06T23:56:32.376579911Z","instance":"dfs-a-r1","service_name":"afs-node"}
{"msg":"[Not Implemented] ioctl(ino: 0xdf, fh: 529, flags: 0, cmd: 21505, in_data.len(): 0, out_size: 0)","level":"WARN","ts":"2026-10-06T23:56:32.378562207Z","instance":"dfs-a-r1","service_name":"afs-node"}
{"msg":"[Not Implemented] ioctl(ino: 0xe0, fh: 530, flags: 0, cmd: 21505, in_data.len(): 0, out_size: 0)","level":"WARN","ts":"2026-10-06T23:56:32.380427546Z","instance":"dfs-a-r1","service_name":"afs-node"}
{"msg":"[Not Implemented] ioctl(ino: 0xe1, fh: 531, flags: 0, cmd: 21505, in_data.len(): 0, out_size: 0)","level":"WARN","ts":"2026-10-06T23:56:32.382399342Z","instance":"dfs-a-r1","service_name":"afs-node"}
{"msg":"[Not Implemented] ioctl(ino: 0xe2, fh: 532, flags: 0, cmd: 21505, in_data.len(): 0, out_size: 0)","level":"WARN","ts":"2026-10-06T23:56:32.384312222Z","instance":"dfs-a-r1","service_name":"afs-node"}
{"msg":"[Not Implemented] ioctl(ino: 0xe3, fh: 533, flags: 0, cmd: 21505, in_data.len(): 0, out_size: 0)","level":"WARN","ts":"2026-10-06T23:56:32.386212602Z","instance":"dfs-a-r1","service_name":"afs-node"}
{"msg":"[Not Implemented] ioctl(ino: 0xe4, fh: 534, flags: 0, cmd: 21505, in_data.len(): 0, out_size: 0)","level":"WARN","ts":"2026-10-06T23:56:32.388188815Z","instance":"dfs-a-r1","service_name":"afs-node"}
{"msg":"[Not Implemented] ioctl(ino: 0xe5, fh: 535, flags: 0, cmd: 21505, in_data.len(): 0, out_size: 0)","level":"WARN","ts":"2026-10-06T23:56:32.390182654Z","instance":"dfs-a-r1","service_name":"afs-node"}
{"msg":"[Not Implemented] ioctl(ino: 0xe6, fh: 536, flags: 0, cmd: 21505, in_data.len(): 0, out_size: 0)","level":"WARN","ts":"2026-10-06T23:56:32.392141409Z","instance":"dfs-a-r1","service_name":"afs-node"}
{"msg":"[Not Implemented] ioctl(ino: 0xe7, fh: 537, flags: 0, cmd: 21505, in_data.len(): 0, out_size: 0)","level":"WARN","ts":"2026-10-06T23:56:32.394108289Z","instance":"dfs-a-r1","service_name":"afs-node"}
{"msg":"[Not Implemented] ioctl(ino: 0xe8, fh: 538, flags: 0, cmd: 21505, in_data.len(): 0, out_size: 0)","level":"WARN","ts":"2026-10-06T23:56:32.396076585Z","instance":"dfs-a-r1","service_name":"afs-node"}
{"msg":"[Not Implemented] ioctl(ino: 0xe9, fh: 539, flags: 0, cmd: 21505, in_data.len(): 0, out_size: 0)","level":"WARN","ts":"2026-10-06T23:56:32.398007674Z","instance":"dfs-a-r1","service_name":"afs-node"}
{"msg":"[Not Implemented] ioctl(ino: 0xea, fh: 540, flags: 0, cmd: 21505, in_data.len(): 0, out_size: 0)","level":"WARN","ts":"2026-10-06T23:56:32.39989722Z","instance":"dfs-a-r1","service_name":"afs-node"}
{"msg":"[Not Implemented] ioctl(ino: 0xeb, fh: 541, flags: 0, cmd: 21505, in_data.len(): 0, out_size: 0)","level":"WARN","ts":"2026-10-06T23:56:32.401812225Z","instance":"dfs-a-r1","service_name":"afs-node"}
{"msg":"[Not Implemented] ioctl(ino: 0xec, fh: 542, flags: 0, cmd: 21505, in_data.len(): 0, out_size: 0)","level":"WARN","ts":"2026-10-06T23:56:32.403793647Z","instance":"dfs-a-r1","service_name":"afs-node"}
{"msg":"[Not Implemented] ioctl(ino: 0xed, fh: 543, flags: 0, cmd: 21505, in_data.len(): 0, out_size: 0)","level":"WARN","ts":"2026-10-06T23:56:32.40593461Z","instance":"dfs-a-r1","service_name":"afs-node"}
{"msg":"[Not Implemented] ioctl(ino: 0xee, fh: 544, flags: 0, cmd: 21505, in_data.len(): 0, out_size: 0)","level":"WARN","ts":"2026-10-06T23:56:32.413570005Z","instance":"dfs-a-r1","service_name":"afs-node"}
{"msg":"[Not Implemented] ioctl(ino: 0xef, fh: 545, flags: 0, cmd: 21505, in_data.len(): 0, out_size: 0)","level":"WARN","ts":"2026-10-06T23:56:32.415504676Z","instance":"dfs-a-r1","service_name":"afs-node"}
{"msg":"[Not Implemented] ioctl(ino: 0xf0, fh: 546, flags: 0, cmd: 21505, in_data.len(): 0, out_size: 0)","level":"WARN","ts":"2026-10-06T23:56:32.417343514Z","instance":"dfs-a-r1","service_name":"afs-node"}
{"msg":"[Not Implemented] ioctl(ino: 0xf1, fh: 547, flags: 0, cmd: 21505, in_data.len(): 0, out_size: 0)","level":"WARN","ts":"2026-10-06T23:56:32.419267436Z","instance":"dfs-a-r1","service_name":"afs-node"}
{"msg":"[Not Implemented] ioctl(ino: 0xf2, fh: 548, flags: 0, cmd: 21505, in_data.len(): 0, out_size: 0)","level":"WARN","ts":"2026-10-06T23:56:32.421189066Z","instance":"dfs-a-r1","service_name":"afs-node"}
{"msg":"[Not Implemented] ioctl(ino: 0xf3, fh: 549, flags: 0, cmd: 21505, in_data.len(): 0, out_size: 0)","level":"WARN","ts":"2026-10-06T23:56:32.423146154Z","instance":"dfs-a-r1","service_name":"afs-node"}
{"msg":"[Not Implemented] ioctl(ino: 0xf4, fh: 550, flags: 0, cmd: 21505, in_data.len(): 0, out_size: 0)","level":"WARN","ts":"2026-10-06T23:56:32.425020784Z","instance":"dfs-a-r1","service_name":"afs-node"}
{"msg":"[Not Implemented] ioctl(ino: 0xf5, fh: 551, flags: 0, cmd: 21505, in_data.len(): 0, out_size: 0)","level":"WARN","ts":"2026-10-06T23:56:32.426973372Z","instance":"dfs-a-r1","service_name":"afs-node"}
{"msg":"[Not Implemented] ioctl(ino: 0xf6, fh: 552, flags: 0, cmd: 21505, in_data.len(): 0, out_size: 0)","level":"WARN","ts":"2026-10-06T23:56:32.42888021Z","instance":"dfs-a-r1","service_name":"afs-node"}
{"msg":"[Not Implemented] ioctl(ino: 0xf7, fh: 553, flags: 0, cmd: 21505, in_data.len(): 0, out_size: 0)","level":"WARN","ts":"2026-10-06T23:56:32.43083059Z","instance":"dfs-a-r1","service_name":"afs-node"}
{"msg":"[Not Implemented] ioctl(ino: 0xf8, fh: 554, flags: 0, cmd: 21505, in_data.len(): 0, out_size: 0)","level":"WARN","ts":"2026-10-06T23:56:32.432807179Z","instance":"dfs-a-r1","service_name":"afs-node"}
{"msg":"[Not Implemented] ioctl(ino: 0xf9, fh: 555, flags: 0, cmd: 21505, in_data.len(): 0, out_size: 0)","level":"WARN","ts":"2026-10-06T23:56:32.434813892Z","instance":"dfs-a-r1","service_name":"afs-node"}
{"msg":"[Not Implemented] ioctl(ino: 0xfa, fh: 556, flags: 0, cmd: 21505, in_data.len(): 0, out_size: 0)","level":"WARN","ts":"2026-10-06T23:56:32.436855106Z","instance":"dfs-a-r1","service_name":"afs-node"}
{"msg":"[Not Implemented] ioctl(ino: 0xfb, fh: 557, flags: 0, cmd: 21505, in_data.len(): 0, out_size: 0)","level":"WARN","ts":"2026-10-06T23:56:32.438886944Z","instance":"dfs-a-r1","service_name":"afs-node"}
{"msg":"[Not Implemented] ioctl(ino: 0xfc, fh: 558, flags: 0, cmd: 21505, in_data.len(): 0, out_size: 0)","level":"WARN","ts":"2026-10-06T23:56:32.440921449Z","instance":"dfs-a-r1","service_name":"afs-node"}
{"msg":"[Not Implemented] ioctl(ino: 0xfd, fh: 559, flags: 0, cmd: 21505, in_data.len(): 0, out_size: 0)","level":"WARN","ts":"2026-10-06T23:56:32.442783288Z","instance":"dfs-a-r1","service_name":"afs-node"}
{"msg":"[Not Implemented] ioctl(ino: 0xfe, fh: 560, flags: 0, cmd: 21505, in_data.len(): 0, out_size: 0)","level":"WARN","ts":"2026-10-06T23:56:32.444716834Z","instance":"dfs-a-r1","service_name":"afs-node"}
{"msg":"[Not Implemented] ioctl(ino: 0xff, fh: 561, flags: 0, cmd: 21505, in_data.len(): 0, out_size: 0)","level":"WARN","ts":"2026-10-06T23:56:32.446756631Z","instance":"dfs-a-r1","service_name":"afs-node"}
{"msg":"[Not Implemented] ioctl(ino: 0x100, fh: 562, flags: 0, cmd: 21505, in_data.len(): 0, out_size: 0)","level":"WARN","ts":"2026-10-06T23:56:32.448771761Z","instance":"dfs-a-r1","service_name":"afs-node"}
{"msg":"[Not Implemented] ioctl(ino: 0x101, fh: 563, flags: 0, cmd: 21505, in_data.len(): 0, out_size: 0)","level":"WARN","ts":"2026-10-06T23:56:32.450745141Z","instance":"dfs-a-r1","service_name":"afs-node"}
{"msg":"[Not Implemented] ioctl(ino: 0x102, fh: 564, flags: 0, cmd: 21505, in_data.len(): 0, out_size: 0)","level":"WARN","ts":"2026-10-06T23:56:32.452653438Z","instance":"dfs-a-r1","service_name":"afs-node"}
{"msg":"[Not Implemented] ioctl(ino: 0x103, fh: 565, flags: 0, cmd: 21505, in_data.len(): 0, out_size: 0)","level":"WARN","ts":"2026-10-06T23:56:32.454764401Z","instance":"dfs-a-r1","service_name":"afs-node"}
{"msg":"[Not Implemented] ioctl(ino: 0x104, fh: 566, flags: 0, cmd: 21505, in_data.len(): 0, out_size: 0)","level":"WARN","ts":"2026-10-06T23:56:32.456670281Z","instance":"dfs-a-r1","service_name":"afs-node"}
{"msg":"[Not Implemented] ioctl(ino: 0x105, fh: 567, flags: 0, cmd: 21505, in_data.len(): 0, out_size: 0)","level":"WARN","ts":"2026-10-06T23:56:32.458575994Z","instance":"dfs-a-r1","service_name":"afs-node"}
{"msg":"[Not Implemented] ioctl(ino: 0x106, fh: 568, flags: 0, cmd: 21505, in_data.len(): 0, out_size: 0)","level":"WARN","ts":"2026-10-06T23:56:32.460697041Z","instance":"dfs-a-r1","service_name":"afs-node"}
{"msg":"[Not Implemented] ioctl(ino: 0x107, fh: 569, flags: 0, cmd: 21505, in_data.len(): 0, out_size: 0)","level":"WARN","ts":"2026-10-06T23:56:32.462563046Z","instance":"dfs-a-r1","service_name":"afs-node"}
{"msg":"[Not Implemented] ioctl(ino: 0x108, fh: 570, flags: 0, cmd: 21505, in_data.len(): 0, out_size: 0)","level":"WARN","ts":"2026-10-06T23:56:32.46455351Z","instance":"dfs-a-r1","service_name":"afs-node"}
{"msg":"[Not Implemented] ioctl(ino: 0x109, fh: 571, flags: 0, cmd: 21505, in_data.len(): 0, out_size: 0)","level":"WARN","ts":"2026-10-06T23:56:32.466467431Z","instance":"dfs-a-r1","service_name":"afs-node"}
{"msg":"[Not Implemented] ioctl(ino: 0x10a, fh: 572, flags: 0, cmd: 21505, in_data.len(): 0, out_size: 0)","level":"WARN","ts":"2026-10-06T23:56:32.468451728Z","instance":"dfs-a-r1","service_name":"afs-node"}
{"msg":"[Not Implemented] ioctl(ino: 0x10b, fh: 573, flags: 0, cmd: 21505, in_data.len(): 0, out_size: 0)","level":"WARN","ts":"2026-10-06T23:56:32.470284607Z","instance":"dfs-a-r1","service_name":"afs-node"}
{"msg":"[Not Implemented] ioctl(ino: 0x10c, fh: 574, flags: 0, cmd: 21505, in_data.len(): 0, out_size: 0)","level":"WARN","ts":"2026-10-06T23:56:32.472187029Z","instance":"dfs-a-r1","service_name":"afs-node"}
{"msg":"[Not Implemented] ioctl(ino: 0x10d, fh: 575, flags: 0, cmd: 21505, in_data.len(): 0, out_size: 0)","level":"WARN","ts":"2026-10-06T23:56:32.47442591Z","instance":"dfs-a-r1","service_name":"afs-node"}
{"msg":"[Not Implemented] ioctl(ino: 0x10e, fh: 576, flags: 0, cmd: 21505, in_data.len(): 0, out_size: 0)","level":"WARN","ts":"2026-10-06T23:56:32.476368998Z","instance":"dfs-a-r1","service_name":"afs-node"}
{"msg":"[Not Implemented] ioctl(ino: 0x10f, fh: 577, flags: 0, cmd: 21505, in_data.len(): 0, out_size: 0)","level":"WARN","ts":"2026-10-06T23:56:32.478317211Z","instance":"dfs-a-r1","service_name":"afs-node"}
{"msg":"[Not Implemented] ioctl(ino: 0x110, fh: 578, flags: 0, cmd: 21505, in_data.len(): 0, out_size: 0)","level":"WARN","ts":"2026-10-06T23:56:32.480037757Z","instance":"dfs-a-r1","service_name":"afs-node"}
{"msg":"[Not Implemented] ioctl(ino: 0x111, fh: 579, flags: 0, cmd: 21505, in_data.len(): 0, out_size: 0)","level":"WARN","ts":"2026-10-06T23:56:32.481962971Z","instance":"dfs-a-r1","service_name":"afs-node"}
{"msg":"[Not Implemented] ioctl(ino: 0x112, fh: 580, flags: 0, cmd: 21505, in_data.len(): 0, out_size: 0)","level":"WARN","ts":"2026-10-06T23:56:32.483919809Z","instance":"dfs-a-r1","service_name":"afs-node"}
{"msg":"[Not Implemented] ioctl(ino: 0x113, fh: 581, flags: 0, cmd: 21505, in_data.len(): 0, out_size: 0)","level":"WARN","ts":"2026-10-06T23:56:32.485836147Z","instance":"dfs-a-r1","service_name":"afs-node"}
{"msg":"[Not Implemented] ioctl(ino: 0x114, fh: 582, flags: 0, cmd: 21505, in_data.len(): 0, out_size: 0)","level":"WARN","ts":"2026-10-06T23:56:32.48770761Z","instance":"dfs-a-r1","service_name":"afs-node"}
{"msg":"[Not Implemented] ioctl(ino: 0x115, fh: 583, flags: 0, cmd: 21505, in_data.len(): 0, out_size: 0)","level":"WARN","ts":"2026-10-06T23:56:32.48963599Z","instance":"dfs-a-r1","service_name":"afs-node"}
{"msg":"[Not Implemented] ioctl(ino: 0x116, fh: 584, flags: 0, cmd: 21505, in_data.len(): 0, out_size: 0)","level":"WARN","ts":"2026-10-06T23:56:32.491540703Z","instance":"dfs-a-r1","service_name":"afs-node"}
{"msg":"[Not Implemented] ioctl(ino: 0x117, fh: 585, flags: 0, cmd: 21505, in_data.len(): 0, out_size: 0)","level":"WARN","ts":"2026-10-06T23:56:32.493561542Z","instance":"dfs-a-r1","service_name":"afs-node"}
{"msg":"[Not Implemented] ioctl(ino: 0x118, fh: 586, flags: 0, cmd: 21505, in_data.len(): 0, out_size: 0)","level":"WARN","ts":"2026-10-06T23:56:32.495556713Z","instance":"dfs-a-r1","service_name":"afs-node"}
{"msg":"[Not Implemented] ioctl(ino: 0x119, fh: 587, flags: 0, cmd: 21505, in_data.len(): 0, out_size: 0)","level":"WARN","ts":"2026-10-06T23:56:32.497426718Z","instance":"dfs-a-r1","service_name":"afs-node"}
{"msg":"[Not Implemented] ioctl(ino: 0x11a, fh: 588, flags: 0, cmd: 21505, in_data.len(): 0, out_size: 0)","level":"WARN","ts":"2026-10-06T23:56:32.499363431Z","instance":"dfs-a-r1","service_name":"afs-node"}
{"msg":"[Not Implemented] ioctl(ino: 0x11b, fh: 589, flags: 0, cmd: 21505, in_data.len(): 0, out_size: 0)","level":"WARN","ts":"2026-10-06T23:56:32.501252436Z","instance":"dfs-a-r1","service_name":"afs-node"}
{"msg":"[Not Implemented] ioctl(ino: 0x11c, fh: 590, flags: 0, cmd: 21505, in_data.len(): 0, out_size: 0)","level":"WARN","ts":"2026-10-06T23:56:32.503143441Z","instance":"dfs-a-r1","service_name":"afs-node"}
{"msg":"[Not Implemented] ioctl(ino: 0x11d, fh: 591, flags: 0, cmd: 21505, in_data.len(): 0, out_size: 0)","level":"WARN","ts":"2026-10-06T23:56:32.505056154Z","instance":"dfs-a-r1","service_name":"afs-node"}
{"msg":"[Not Implemented] ioctl(ino: 0x11e, fh: 592, flags: 0, cmd: 21505, in_data.len(): 0, out_size: 0)","level":"WARN","ts":"2026-10-06T23:56:32.506912451Z","instance":"dfs-a-r1","service_name":"afs-node"}
{"msg":"[Not Implemented] ioctl(ino: 0x11f, fh: 593, flags: 0, cmd: 21505, in_data.len(): 0, out_size: 0)","level":"WARN","ts":"2026-10-06T23:56:32.508867706Z","instance":"dfs-a-r1","service_name":"afs-node"}
{"msg":"[Not Implemented] ioctl(ino: 0x120, fh: 594, flags: 0, cmd: 21505, in_data.len(): 0, out_size: 0)","level":"WARN","ts":"2026-10-06T23:56:32.510811919Z","instance":"dfs-a-r1","service_name":"afs-node"}
{"msg":"[Not Implemented] ioctl(ino: 0x121, fh: 595, flags: 0, cmd: 21505, in_data.len(): 0, out_size: 0)","level":"WARN","ts":"2026-10-06T23:56:32.512755882Z","instance":"dfs-a-r1","service_name":"afs-node"}
{"msg":"[Not Implemented] ioctl(ino: 0x122, fh: 596, flags: 0, cmd: 21505, in_data.len(): 0, out_size: 0)","level":"WARN","ts":"2026-10-06T23:56:32.514670095Z","instance":"dfs-a-r1","service_name":"afs-node"}
{"msg":"[Not Implemented] ioctl(ino: 0x123, fh: 597, flags: 0, cmd: 21505, in_data.len(): 0, out_size: 0)","level":"WARN","ts":"2026-10-06T23:56:32.516674059Z","instance":"dfs-a-r1","service_name":"afs-node"}
{"msg":"[Not Implemented] ioctl(ino: 0x124, fh: 598, flags: 0, cmd: 21505, in_data.len(): 0, out_size: 0)","level":"WARN","ts":"2026-10-06T23:56:32.518484897Z","instance":"dfs-a-r1","service_name":"afs-node"}
{"msg":"[Not Implemented] ioctl(ino: 0x125, fh: 599, flags: 0, cmd: 21505, in_data.len(): 0, out_size: 0)","level":"WARN","ts":"2026-10-06T23:56:32.52035886Z","instance":"dfs-a-r1","service_name":"afs-node"}
{"msg":"[Not Implemented] ioctl(ino: 0x126, fh: 600, flags: 0, cmd: 21505, in_data.len(): 0, out_size: 0)","level":"WARN","ts":"2026-10-06T23:56:32.522254865Z","instance":"dfs-a-r1","service_name":"afs-node"}
{"msg":"[Not Implemented] ioctl(ino: 0x127, fh: 601, flags: 0, cmd: 21505, in_data.len(): 0, out_size: 0)","level":"WARN","ts":"2026-10-06T23:56:32.524175786Z","instance":"dfs-a-r1","service_name":"afs-node"}
{"msg":"[Not Implemented] ioctl(ino: 0x128, fh: 602, flags: 0, cmd: 21505, in_data.len(): 0, out_size: 0)","level":"WARN","ts":"2026-10-06T23:56:32.526161583Z","instance":"dfs-a-r1","service_name":"afs-node"}
{"msg":"[Not Implemented] ioctl(ino: 0x129, fh: 603, flags: 0, cmd: 21505, in_data.len(): 0, out_size: 0)","level":"WARN","ts":"2026-10-06T23:56:32.528066838Z","instance":"dfs-a-r1","service_name":"afs-node"}
{"msg":"[Not Implemented] ioctl(ino: 0x12a, fh: 604, flags: 0, cmd: 21505, in_data.len(): 0, out_size: 0)","level":"WARN","ts":"2026-10-06T23:56:32.529979759Z","instance":"dfs-a-r1","service_name":"afs-node"}
{"msg":"[Not Implemented] ioctl(ino: 0x12b, fh: 605, flags: 0, cmd: 21505, in_data.len(): 0, out_size: 0)","level":"WARN","ts":"2026-10-06T23:56:32.531932431Z","instance":"dfs-a-r1","service_name":"afs-node"}
{"msg":"[Not Implemented] ioctl(ino: 0x12c, fh: 606, flags: 0, cmd: 21505, in_data.len(): 0, out_size: 0)","level":"WARN","ts":"2026-10-06T23:56:32.533887978Z","instance":"dfs-a-r1","service_name":"afs-node"}
{"msg":"[Not Implemented] ioctl(ino: 0x12d, fh: 607, flags: 0, cmd: 21505, in_data.len(): 0, out_size: 0)","level":"WARN","ts":"2026-10-06T23:56:32.535777274Z","instance":"dfs-a-r1","service_name":"afs-node"}
{"msg":"[Not Implemented] ioctl(ino: 0x12e, fh: 608, flags: 0, cmd: 21505, in_data.len(): 0, out_size: 0)","level":"WARN","ts":"2026-10-06T23:56:32.537593695Z","instance":"dfs-a-r1","service_name":"afs-node"}
{"msg":"[Not Implemented] ioctl(ino: 0x12f, fh: 609, flags: 0, cmd: 21505, in_data.len(): 0, out_size: 0)","level":"WARN","ts":"2026-10-06T23:56:32.539405117Z","instance":"dfs-a-r1","service_name":"afs-node"}
{"msg":"[Not Implemented] ioctl(ino: 0x130, fh: 610, flags: 0, cmd: 21505, in_data.len(): 0, out_size: 0)","level":"WARN","ts":"2026-10-06T23:56:32.541313955Z","instance":"dfs-a-r1","service_name":"afs-node"}
{"msg":"FUSE request failed","level":"ERRO","ts":"2026-10-06T23:56:35.220117002Z","instance":"dfs-a-r1","service_name":"afs-node","message":"DFS dentry not found","kind":"NotFound","code":34078721}
{"msg":"FUSE request failed","level":"ERRO","ts":"2026-10-06T23:56:35.220434669Z","instance":"dfs-a-r1","service_name":"afs-node","message":"DFS dentry not found","kind":"NotFound","code":34078721}
{"msg":"FUSE request failed","level":"ERRO","ts":"2026-10-06T23:56:35.220733211Z","instance":"dfs-a-r1","service_name":"afs-node","message":"DFS dentry not found","kind":"NotFound","code":34078721}
{"msg":"FUSE request failed","level":"ERRO","ts":"2026-10-06T23:56:35.239649926Z","instance":"dfs-a-r1","service_name":"afs-node","message":"DFS dentry not found","kind":"NotFound","code":34078721}
{"msg":"fuse.create","level":"INFO","ts":"2026-10-06T23:56:35.239689884Z","instance":"dfs-a-r1","service_name":"afs-node","name":"entry-0000.bin","parent":305}
{"msg":"FUSE request failed","level":"ERRO","ts":"2026-10-06T23:56:35.261648148Z","instance":"dfs-a-r1","service_name":"afs-node","message":"DFS currently supports only user.* xattrs","kind":"FailedPrecondition","code":67305489}
{"msg":"FUSE request failed","level":"ERRO","ts":"2026-10-06T23:56:35.304071131Z","instance":"dfs-a-r1","service_name":"afs-node","message":"DFS dentry not found","kind":"NotFound","code":34078721}
{"msg":"fuse.create","level":"INFO","ts":"2026-10-06T23:56:35.304092839Z","instance":"dfs-a-r1","service_name":"afs-node","name":"entry-0001.bin","parent":305}
{"msg":"FUSE request failed","level":"ERRO","ts":"2026-10-06T23:56:35.32215976Z","instance":"dfs-a-r1","service_name":"afs-node","message":"DFS currently supports only user.* xattrs","kind":"FailedPrecondition","code":67305489}
{"msg":"FUSE request failed","level":"ERRO","ts":"2026-10-06T23:56:35.361766693Z","instance":"dfs-a-r1","service_name":"afs-node","message":"DFS dentry not found","kind":"NotFound","code":34078721}
{"msg":"fuse.create","level":"INFO","ts":"2026-10-06T23:56:35.361798152Z","instance":"dfs-a-r1","service_name":"afs-node","name":"entry-0002.bin","parent":305}
{"msg":"FUSE request failed","level":"ERRO","ts":"2026-10-06T23:56:35.379287529Z","instance":"dfs-a-r1","service_name":"afs-node","message":"DFS currently supports only user.* xattrs","kind":"FailedPrecondition","code":67305489}
{"msg":"FUSE request failed","level":"ERRO","ts":"2026-10-06T23:56:35.419493422Z","instance":"dfs-a-r1","service_name":"afs-node","message":"DFS dentry not found","kind":"NotFound","code":34078721}
{"msg":"fuse.create","level":"INFO","ts":"2026-10-06T23:56:35.419505506Z","instance":"dfs-a-r1","service_name":"afs-node","name":"entry-0003.bin","parent":305}
{"msg":"FUSE request failed","level":"ERRO","ts":"2026-10-06T23:56:35.440485434Z","instance":"dfs-a-r1","service_name":"afs-node","message":"DFS currently supports only user.* xattrs","kind":"FailedPrecondition","code":67305489}
{"msg":"FUSE request failed","level":"ERRO","ts":"2026-10-06T23:56:35.478817239Z","instance":"dfs-a-r1","service_name":"afs-node","message":"DFS dentry not found","kind":"NotFound","code":34078721}
{"msg":"fuse.create","level":"INFO","ts":"2026-10-06T23:56:35.478870156Z","instance":"dfs-a-r1","service_name":"afs-node","name":"entry-0004.bin","parent":305}
{"msg":"FUSE request failed","level":"ERRO","ts":"2026-10-06T23:56:35.496484909Z","instance":"dfs-a-r1","service_name":"afs-node","message":"DFS currently supports only user.* xattrs","kind":"FailedPrecondition","code":67305489}
{"msg":"FUSE request failed","level":"ERRO","ts":"2026-10-06T23:56:35.532847834Z","instance":"dfs-a-r1","service_name":"afs-node","message":"DFS dentry not found","kind":"NotFound","code":34078721}
{"msg":"fuse.create","level":"INFO","ts":"2026-10-06T23:56:35.532859709Z","instance":"dfs-a-r1","service_name":"afs-node","name":"entry-0005.bin","parent":305}
{"msg":"FUSE request failed","level":"ERRO","ts":"2026-10-06T23:56:35.550953547Z","instance":"dfs-a-r1","service_name":"afs-node","message":"DFS currently supports only user.* xattrs","kind":"FailedPrecondition","code":67305489}
{"msg":"FUSE request failed","level":"ERRO","ts":"2026-10-06T23:56:35.590065312Z","instance":"dfs-a-r1","service_name":"afs-node","message":"DFS dentry not found","kind":"NotFound","code":34078721}
{"msg":"fuse.create","level":"INFO","ts":"2026-10-06T23:56:35.590083895Z","instance":"dfs-a-r1","service_name":"afs-node","name":"entry-0006.bin","parent":305}
{"msg":"FUSE request failed","level":"ERRO","ts":"2026-10-06T23:56:35.608026649Z","instance":"dfs-a-r1","service_name":"afs-node","message":"DFS currently supports only user.* xattrs","kind":"FailedPrecondition","code":67305489}
{"msg":"FUSE request failed","level":"ERRO","ts":"2026-10-06T23:56:35.649151253Z","instance":"dfs-a-r1","service_name":"afs-node","message":"DFS dentry not found","kind":"NotFound","code":34078721}
{"msg":"fuse.create","level":"INFO","ts":"2026-10-06T23:56:35.649176003Z","instance":"dfs-a-r1","service_name":"afs-node","name":"entry-0007.bin","parent":305}
{"msg":"FUSE request failed","level":"ERRO","ts":"2026-10-06T23:56:35.668601261Z","instance":"dfs-a-r1","service_name":"afs-node","message":"DFS currently supports only user.* xattrs","kind":"FailedPrecondition","code":67305489}
{"msg":"FUSE request failed","level":"ERRO","ts":"2026-10-06T23:56:35.712202579Z","instance":"dfs-a-r1","service_name":"afs-node","message":"DFS dentry not found","kind":"NotFound","code":34078721}
{"msg":"fuse.create","level":"INFO","ts":"2026-10-06T23:56:35.712258496Z","instance":"dfs-a-r1","service_name":"afs-node","name":"entry-0008.bin","parent":305}
{"msg":"FUSE request failed","level":"ERRO","ts":"2026-10-06T23:56:35.73018325Z","instance":"dfs-a-r1","service_name":"afs-node","message":"DFS currently supports only user.* xattrs","kind":"FailedPrecondition","code":67305489}
{"msg":"FUSE request failed","level":"ERRO","ts":"2026-10-06T23:56:35.769399932Z","instance":"dfs-a-r1","service_name":"afs-node","message":"DFS dentry not found","kind":"NotFound","code":34078721}
{"msg":"fuse.create","level":"INFO","ts":"2026-10-06T23:56:35.769413766Z","instance":"dfs-a-r1","service_name":"afs-node","name":"entry-0009.bin","parent":305}
{"msg":"FUSE request failed","level":"ERRO","ts":"2026-10-06T23:56:35.787093685Z","instance":"dfs-a-r1","service_name":"afs-node","message":"DFS currently supports only user.* xattrs","kind":"FailedPrecondition","code":67305489}
{"msg":"FUSE request failed","level":"ERRO","ts":"2026-10-06T23:56:35.826427327Z","instance":"dfs-a-r1","service_name":"afs-node","message":"DFS dentry not found","kind":"NotFound","code":34078721}
{"msg":"fuse.create","level":"INFO","ts":"2026-10-06T23:56:35.82646691Z","instance":"dfs-a-r1","service_name":"afs-node","name":"entry-0010.bin","parent":305}
{"msg":"FUSE request failed","level":"ERRO","ts":"2026-10-06T23:56:35.844377539Z","instance":"dfs-a-r1","service_name":"afs-node","message":"DFS currently supports only user.* xattrs","kind":"FailedPrecondition","code":67305489}
{"msg":"FUSE request failed","level":"ERRO","ts":"2026-10-06T23:56:35.884597765Z","instance":"dfs-a-r1","service_name":"afs-node","message":"DFS dentry not found","kind":"NotFound","code":34078721}
{"msg":"fuse.create","level":"INFO","ts":"2026-10-06T23:56:35.884621599Z","instance":"dfs-a-r1","service_name":"afs-node","name":"entry-0011.bin","parent":305}
{"msg":"FUSE request failed","level":"ERRO","ts":"2026-10-06T23:56:35.904291898Z","instance":"dfs-a-r1","service_name":"afs-node","message":"DFS currently supports only user.* xattrs","kind":"FailedPrecondition","code":67305489}
{"msg":"FUSE request failed","level":"ERRO","ts":"2026-10-06T23:56:35.948307843Z","instance":"dfs-a-r1","service_name":"afs-node","message":"DFS dentry not found","kind":"NotFound","code":34078721}
{"msg":"fuse.create","level":"INFO","ts":"2026-10-06T23:56:35.948350052Z","instance":"dfs-a-r1","service_name":"afs-node","name":"entry-0012.bin","parent":305}
{"msg":"FUSE request failed","level":"ERRO","ts":"2026-10-06T23:56:35.966618431Z","instance":"dfs-a-r1","service_name":"afs-node","message":"DFS currently supports only user.* xattrs","kind":"FailedPrecondition","code":67305489}
{"msg":"FUSE request failed","level":"ERRO","ts":"2026-10-06T23:56:36.013047882Z","instance":"dfs-a-r1","service_name":"afs-node","message":"DFS dentry not found","kind":"NotFound","code":34078721}
{"msg":"fuse.create","level":"INFO","ts":"2026-10-06T23:56:36.013058757Z","instance":"dfs-a-r1","service_name":"afs-node","name":"entry-0013.bin","parent":305}
{"msg":"FUSE request failed","level":"ERRO","ts":"2026-10-06T23:56:36.031601262Z","instance":"dfs-a-r1","service_name":"afs-node","message":"DFS currently supports only user.* xattrs","kind":"FailedPrecondition","code":67305489}
{"msg":"FUSE request failed","level":"ERRO","ts":"2026-10-06T23:56:36.074217911Z","instance":"dfs-a-r1","service_name":"afs-node","message":"DFS dentry not found","kind":"NotFound","code":34078721}
{"msg":"fuse.create","level":"INFO","ts":"2026-10-06T23:56:36.07424687Z","instance":"dfs-a-r1","service_name":"afs-node","name":"entry-0014.bin","parent":305}
{"msg":"FUSE request failed","level":"ERRO","ts":"2026-10-06T23:56:36.092779583Z","instance":"dfs-a-r1","service_name":"afs-node","message":"DFS currently supports only user.* xattrs","kind":"FailedPrecondition","code":67305489}
{"msg":"FUSE request failed","level":"ERRO","ts":"2026-10-06T23:56:36.132379725Z","instance":"dfs-a-r1","service_name":"afs-node","message":"DFS dentry not found","kind":"NotFound","code":34078721}
{"msg":"fuse.create","level":"INFO","ts":"2026-10-06T23:56:36.132415183Z","instance":"dfs-a-r1","service_name":"afs-node","name":"entry-0015.bin","parent":305}
{"msg":"FUSE request failed","level":"ERRO","ts":"2026-10-06T23:56:36.15296286Z","instance":"dfs-a-r1","service_name":"afs-node","message":"DFS currently supports only user.* xattrs","kind":"FailedPrecondition","code":67305489}
{"msg":"FUSE request failed","level":"ERRO","ts":"2026-10-06T23:56:36.195246175Z","instance":"dfs-a-r1","service_name":"afs-node","message":"DFS dentry not found","kind":"NotFound","code":34078721}
{"msg":"fuse.create","level":"INFO","ts":"2026-10-06T23:56:36.195255092Z","instance":"dfs-a-r1","service_name":"afs-node","name":"entry-0016.bin","parent":305}
{"msg":"FUSE request failed","level":"ERRO","ts":"2026-10-06T23:56:36.213549096Z","instance":"dfs-a-r1","service_name":"afs-node","message":"DFS currently supports only user.* xattrs","kind":"FailedPrecondition","code":67305489}
{"msg":"FUSE request failed","level":"ERRO","ts":"2026-10-06T23:56:36.251501692Z","instance":"dfs-a-r1","service_name":"afs-node","message":"DFS dentry not found","kind":"NotFound","code":34078721}
{"msg":"fuse.create","level":"INFO","ts":"2026-10-06T23:56:36.251531859Z","instance":"dfs-a-r1","service_name":"afs-node","name":"entry-0017.bin","parent":305}
{"msg":"FUSE request failed","level":"ERRO","ts":"2026-10-06T23:56:36.269366112Z","instance":"dfs-a-r1","service_name":"afs-node","message":"DFS currently supports only user.* xattrs","kind":"FailedPrecondition","code":67305489}
{"msg":"FUSE request failed","level":"ERRO","ts":"2026-10-06T23:56:36.312767055Z","instance":"dfs-a-r1","service_name":"afs-node","message":"DFS dentry not found","kind":"NotFound","code":34078721}
{"msg":"fuse.create","level":"INFO","ts":"2026-10-06T23:56:36.31277918Z","instance":"dfs-a-r1","service_name":"afs-node","name":"entry-0018.bin","parent":305}
{"msg":"FUSE request failed","level":"ERRO","ts":"2026-10-06T23:56:36.330764309Z","instance":"dfs-a-r1","service_name":"afs-node","message":"DFS currently supports only user.* xattrs","kind":"FailedPrecondition","code":67305489}
{"msg":"FUSE request failed","level":"ERRO","ts":"2026-10-06T23:56:36.375461963Z","instance":"dfs-a-r1","service_name":"afs-node","message":"DFS dentry not found","kind":"NotFound","code":34078721}
{"msg":"fuse.create","level":"INFO","ts":"2026-10-06T23:56:36.375481547Z","instance":"dfs-a-r1","service_name":"afs-node","name":"entry-0019.bin","parent":305}
{"msg":"FUSE request failed","level":"ERRO","ts":"2026-10-06T23:56:36.396431558Z","instance":"dfs-a-r1","service_name":"afs-node","message":"DFS currently supports only user.* xattrs","kind":"FailedPrecondition","code":67305489}
{"msg":"FUSE request failed","level":"ERRO","ts":"2026-10-06T23:56:36.439254166Z","instance":"dfs-a-r1","service_name":"afs-node","message":"DFS dentry not found","kind":"NotFound","code":34078721}
{"msg":"fuse.create","level":"INFO","ts":"2026-10-06T23:56:36.439287291Z","instance":"dfs-a-r1","service_name":"afs-node","name":"entry-0020.bin","parent":305}
{"msg":"FUSE request failed","level":"ERRO","ts":"2026-10-06T23:56:36.458468589Z","instance":"dfs-a-r1","service_name":"afs-node","message":"DFS currently supports only user.* xattrs","kind":"FailedPrecondition","code":67305489}
{"msg":"FUSE request failed","level":"ERRO","ts":"2026-10-06T23:56:36.501667198Z","instance":"dfs-a-r1","service_name":"afs-node","message":"DFS dentry not found","kind":"NotFound","code":34078721}
{"msg":"fuse.create","level":"INFO","ts":"2026-10-06T23:56:36.501692823Z","instance":"dfs-a-r1","service_name":"afs-node","name":"entry-0021.bin","parent":305}
{"msg":"FUSE request failed","level":"ERRO","ts":"2026-10-06T23:56:36.519825619Z","instance":"dfs-a-r1","service_name":"afs-node","message":"DFS currently supports only user.* xattrs","kind":"FailedPrecondition","code":67305489}
{"msg":"FUSE request failed","level":"ERRO","ts":"2026-10-06T23:56:36.563128812Z","instance":"dfs-a-r1","service_name":"afs-node","message":"DFS dentry not found","kind":"NotFound","code":34078721}
{"msg":"fuse.create","level":"INFO","ts":"2026-10-06T23:56:36.56316527Z","instance":"dfs-a-r1","service_name":"afs-node","name":"entry-0022.bin","parent":305}
{"msg":"FUSE request failed","level":"ERRO","ts":"2026-10-06T23:56:36.58206211Z","instance":"dfs-a-r1","service_name":"afs-node","message":"DFS currently supports only user.* xattrs","kind":"FailedPrecondition","code":67305489}
{"msg":"FUSE request failed","level":"ERRO","ts":"2026-10-06T23:56:36.623101421Z","instance":"dfs-a-r1","service_name":"afs-node","message":"DFS dentry not found","kind":"NotFound","code":34078721}
{"msg":"fuse.create","level":"INFO","ts":"2026-10-06T23:56:36.62312513Z","instance":"dfs-a-r1","service_name":"afs-node","name":"entry-0023.bin","parent":305}
{"msg":"FUSE request failed","level":"ERRO","ts":"2026-10-06T23:56:36.642642554Z","instance":"dfs-a-r1","service_name":"afs-node","message":"DFS currently supports only user.* xattrs","kind":"FailedPrecondition","code":67305489}
{"msg":"FUSE request failed","level":"ERRO","ts":"2026-10-06T23:56:36.681057568Z","instance":"dfs-a-r1","service_name":"afs-node","message":"DFS dentry not found","kind":"NotFound","code":34078721}
{"msg":"fuse.create","level":"INFO","ts":"2026-10-06T23:56:36.681081901Z","instance":"dfs-a-r1","service_name":"afs-node","name":"entry-0024.bin","parent":305}
{"msg":"FUSE request failed","level":"ERRO","ts":"2026-10-06T23:56:36.699441197Z","instance":"dfs-a-r1","service_name":"afs-node","message":"DFS currently supports only user.* xattrs","kind":"FailedPrecondition","code":67305489}
{"msg":"FUSE request failed","level":"ERRO","ts":"2026-10-06T23:56:36.742097138Z","instance":"dfs-a-r1","service_name":"afs-node","message":"DFS dentry not found","kind":"NotFound","code":34078721}
{"msg":"fuse.create","level":"INFO","ts":"2026-10-06T23:56:36.742110972Z","instance":"dfs-a-r1","service_name":"afs-node","name":"entry-0025.bin","parent":305}
{"msg":"FUSE request failed","level":"ERRO","ts":"2026-10-06T23:56:36.760837102Z","instance":"dfs-a-r1","service_name":"afs-node","message":"DFS currently supports only user.* xattrs","kind":"FailedPrecondition","code":67305489}
{"msg":"FUSE request failed","level":"ERRO","ts":"2026-10-06T23:56:36.802101873Z","instance":"dfs-a-r1","service_name":"afs-node","message":"DFS dentry not found","kind":"NotFound","code":34078721}
{"msg":"fuse.create","level":"INFO","ts":"2026-10-06T23:56:36.802136165Z","instance":"dfs-a-r1","service_name":"afs-node","name":"entry-0026.bin","parent":305}
{"msg":"FUSE request failed","level":"ERRO","ts":"2026-10-06T23:56:36.820209627Z","instance":"dfs-a-r1","service_name":"afs-node","message":"DFS currently supports only user.* xattrs","kind":"FailedPrecondition","code":67305489}
{"msg":"FUSE request failed","level":"ERRO","ts":"2026-10-06T23:56:36.865110241Z","instance":"dfs-a-r1","service_name":"afs-node","message":"DFS dentry not found","kind":"NotFound","code":34078721}
{"msg":"fuse.create","level":"INFO","ts":"2026-10-06T23:56:36.865123199Z","instance":"dfs-a-r1","service_name":"afs-node","name":"entry-0027.bin","parent":305}
{"msg":"FUSE request failed","level":"ERRO","ts":"2026-10-06T23:56:36.885752001Z","instance":"dfs-a-r1","service_name":"afs-node","message":"DFS currently supports only user.* xattrs","kind":"FailedPrecondition","code":67305489}
{"msg":"FUSE request failed","level":"ERRO","ts":"2026-10-06T23:56:36.927173897Z","instance":"dfs-a-r1","service_name":"afs-node","message":"DFS dentry not found","kind":"NotFound","code":34078721}
{"msg":"fuse.create","level":"INFO","ts":"2026-10-06T23:56:36.927191147Z","instance":"dfs-a-r1","service_name":"afs-node","name":"entry-0028.bin","parent":305}
{"msg":"FUSE request failed","level":"ERRO","ts":"2026-10-06T23:56:36.945390527Z","instance":"dfs-a-r1","service_name":"afs-node","message":"DFS currently supports only user.* xattrs","kind":"FailedPrecondition","code":67305489}
{"msg":"FUSE request failed","level":"ERRO","ts":"2026-10-06T23:56:36.986090254Z","instance":"dfs-a-r1","service_name":"afs-node","message":"DFS dentry not found","kind":"NotFound","code":34078721}
{"msg":"fuse.create","level":"INFO","ts":"2026-10-06T23:56:36.986100588Z","instance":"dfs-a-r1","service_name":"afs-node","name":"entry-0029.bin","parent":305}
{"msg":"FUSE request failed","level":"ERRO","ts":"2026-10-06T23:56:37.004754926Z","instance":"dfs-a-r1","service_name":"afs-node","message":"DFS currently supports only user.* xattrs","kind":"FailedPrecondition","code":67305489}
{"msg":"FUSE request failed","level":"ERRO","ts":"2026-10-06T23:56:37.043486149Z","instance":"dfs-a-r1","service_name":"afs-node","message":"DFS dentry not found","kind":"NotFound","code":34078721}
{"msg":"fuse.create","level":"INFO","ts":"2026-10-06T23:56:37.043501691Z","instance":"dfs-a-r1","service_name":"afs-node","name":"entry-0030.bin","parent":305}
{"msg":"FUSE request failed","level":"ERRO","ts":"2026-10-06T23:56:37.061702236Z","instance":"dfs-a-r1","service_name":"afs-node","message":"DFS currently supports only user.* xattrs","kind":"FailedPrecondition","code":67305489}
{"msg":"FUSE request failed","level":"ERRO","ts":"2026-10-06T23:56:37.104038968Z","instance":"dfs-a-r1","service_name":"afs-node","message":"DFS dentry not found","kind":"NotFound","code":34078721}
{"msg":"fuse.create","level":"INFO","ts":"2026-10-06T23:56:37.104049176Z","instance":"dfs-a-r1","service_name":"afs-node","name":"entry-0031.bin","parent":305}
{"msg":"FUSE request failed","level":"ERRO","ts":"2026-10-06T23:56:37.122951974Z","instance":"dfs-a-r1","service_name":"afs-node","message":"DFS currently supports only user.* xattrs","kind":"FailedPrecondition","code":67305489}
{"msg":"FUSE request failed","level":"ERRO","ts":"2026-10-06T23:56:37.163768285Z","instance":"dfs-a-r1","service_name":"afs-node","message":"DFS dentry not found","kind":"NotFound","code":34078721}
{"msg":"fuse.create","level":"INFO","ts":"2026-10-06T23:56:37.163803494Z","instance":"dfs-a-r1","service_name":"afs-node","name":"entry-0032.bin","parent":305}
{"msg":"FUSE request failed","level":"ERRO","ts":"2026-10-06T23:56:37.183855336Z","instance":"dfs-a-r1","service_name":"afs-node","message":"DFS currently supports only user.* xattrs","kind":"FailedPrecondition","code":67305489}
{"msg":"FUSE request failed","level":"ERRO","ts":"2026-10-06T23:56:37.222608933Z","instance":"dfs-a-r1","service_name":"afs-node","message":"DFS dentry not found","kind":"NotFound","code":34078721}
{"msg":"fuse.create","level":"INFO","ts":"2026-10-06T23:56:37.222645517Z","instance":"dfs-a-r1","service_name":"afs-node","name":"entry-0033.bin","parent":305}
{"msg":"FUSE request failed","level":"ERRO","ts":"2026-10-06T23:56:37.241534648Z","instance":"dfs-a-r1","service_name":"afs-node","message":"DFS currently supports only user.* xattrs","kind":"FailedPrecondition","code":67305489}
{"msg":"FUSE request failed","level":"ERRO","ts":"2026-10-06T23:56:37.281869041Z","instance":"dfs-a-r1","service_name":"afs-node","message":"DFS dentry not found","kind":"NotFound","code":34078721}
{"msg":"fuse.create","level":"INFO","ts":"2026-10-06T23:56:37.281879874Z","instance":"dfs-a-r1","service_name":"afs-node","name":"entry-0034.bin","parent":305}
{"msg":"FUSE request failed","level":"ERRO","ts":"2026-10-06T23:56:37.301005464Z","instance":"dfs-a-r1","service_name":"afs-node","message":"DFS currently supports only user.* xattrs","kind":"FailedPrecondition","code":67305489}
{"msg":"FUSE request failed","level":"ERRO","ts":"2026-10-06T23:56:37.345502743Z","instance":"dfs-a-r1","service_name":"afs-node","message":"DFS dentry not found","kind":"NotFound","code":34078721}
{"msg":"fuse.create","level":"INFO","ts":"2026-10-06T23:56:37.345513785Z","instance":"dfs-a-r1","service_name":"afs-node","name":"entry-0035.bin","parent":305}
{"msg":"FUSE request failed","level":"ERRO","ts":"2026-10-06T23:56:37.365826419Z","instance":"dfs-a-r1","service_name":"afs-node","message":"DFS currently supports only user.* xattrs","kind":"FailedPrecondition","code":67305489}
{"msg":"FUSE request failed","level":"ERRO","ts":"2026-10-06T23:56:37.404302641Z","instance":"dfs-a-r1","service_name":"afs-node","message":"DFS dentry not found","kind":"NotFound","code":34078721}
{"msg":"fuse.create","level":"INFO","ts":"2026-10-06T23:56:37.404335391Z","instance":"dfs-a-r1","service_name":"afs-node","name":"entry-0036.bin","parent":305}
{"msg":"FUSE request failed","level":"ERRO","ts":"2026-10-06T23:56:37.422686729Z","instance":"dfs-a-r1","service_name":"afs-node","message":"DFS currently supports only user.* xattrs","kind":"FailedPrecondition","code":67305489}
{"msg":"FUSE request failed","level":"ERRO","ts":"2026-10-06T23:56:37.466544381Z","instance":"dfs-a-r1","service_name":"afs-node","message":"DFS dentry not found","kind":"NotFound","code":34078721}
{"msg":"fuse.create","level":"INFO","ts":"2026-10-06T23:56:37.466569881Z","instance":"dfs-a-r1","service_name":"afs-node","name":"entry-0037.bin","parent":305}
{"msg":"FUSE request failed","level":"ERRO","ts":"2026-10-06T23:56:37.486295514Z","instance":"dfs-a-r1","service_name":"afs-node","message":"DFS currently supports only user.* xattrs","kind":"FailedPrecondition","code":67305489}
{"msg":"FUSE request failed","level":"ERRO","ts":"2026-10-06T23:56:37.525947989Z","instance":"dfs-a-r1","service_name":"afs-node","message":"DFS dentry not found","kind":"NotFound","code":34078721}
{"msg":"fuse.create","level":"INFO","ts":"2026-10-06T23:56:37.525976448Z","instance":"dfs-a-r1","service_name":"afs-node","name":"entry-0038.bin","parent":305}
{"msg":"FUSE request failed","level":"ERRO","ts":"2026-10-06T23:56:37.544531994Z","instance":"dfs-a-r1","service_name":"afs-node","message":"DFS currently supports only user.* xattrs","kind":"FailedPrecondition","code":67305489}
{"msg":"FUSE request failed","level":"ERRO","ts":"2026-10-06T23:56:37.591602363Z","instance":"dfs-a-r1","service_name":"afs-node","message":"DFS dentry not found","kind":"NotFound","code":34078721}
{"msg":"fuse.create","level":"INFO","ts":"2026-10-06T23:56:37.591661446Z","instance":"dfs-a-r1","service_name":"afs-node","name":"entry-0039.bin","parent":305}
{"msg":"FUSE request failed","level":"ERRO","ts":"2026-10-06T23:56:37.614469504Z","instance":"dfs-a-r1","service_name":"afs-node","message":"DFS currently supports only user.* xattrs","kind":"FailedPrecondition","code":67305489}
{"msg":"FUSE request failed","level":"ERRO","ts":"2026-10-06T23:56:37.653632561Z","instance":"dfs-a-r1","service_name":"afs-node","message":"DFS dentry not found","kind":"NotFound","code":34078721}
{"msg":"fuse.create","level":"INFO","ts":"2026-10-06T23:56:37.653645228Z","instance":"dfs-a-r1","service_name":"afs-node","name":"entry-0040.bin","parent":305}
{"msg":"FUSE request failed","level":"ERRO","ts":"2026-10-06T23:56:37.672847693Z","instance":"dfs-a-r1","service_name":"afs-node","message":"DFS currently supports only user.* xattrs","kind":"FailedPrecondition","code":67305489}
{"msg":"FUSE request failed","level":"ERRO","ts":"2026-10-06T23:56:37.718747308Z","instance":"dfs-a-r1","service_name":"afs-node","message":"DFS dentry not found","kind":"NotFound","code":34078721}
{"msg":"fuse.create","level":"INFO","ts":"2026-10-06T23:56:37.718772142Z","instance":"dfs-a-r1","service_name":"afs-node","name":"entry-0041.bin","parent":305}
{"msg":"FUSE request failed","level":"ERRO","ts":"2026-10-06T23:56:37.738201815Z","instance":"dfs-a-r1","service_name":"afs-node","message":"DFS currently supports only user.* xattrs","kind":"FailedPrecondition","code":67305489}
{"msg":"FUSE request failed","level":"ERRO","ts":"2026-10-06T23:56:37.780476214Z","instance":"dfs-a-r1","service_name":"afs-node","message":"DFS dentry not found","kind":"NotFound","code":34078721}
{"msg":"fuse.create","level":"INFO","ts":"2026-10-06T23:56:37.780509255Z","instance":"dfs-a-r1","service_name":"afs-node","name":"entry-0042.bin","parent":305}
{"msg":"FUSE request failed","level":"ERRO","ts":"2026-10-06T23:56:37.800011805Z","instance":"dfs-a-r1","service_name":"afs-node","message":"DFS currently supports only user.* xattrs","kind":"FailedPrecondition","code":67305489}
{"msg":"FUSE request failed","level":"ERRO","ts":"2026-10-06T23:56:37.843613831Z","instance":"dfs-a-r1","service_name":"afs-node","message":"DFS dentry not found","kind":"NotFound","code":34078721}
{"msg":"fuse.create","level":"INFO","ts":"2026-10-06T23:56:37.843641081Z","instance":"dfs-a-r1","service_name":"afs-node","name":"entry-0043.bin","parent":305}
{"msg":"FUSE request failed","level":"ERRO","ts":"2026-10-06T23:56:37.871312651Z","instance":"dfs-a-r1","service_name":"afs-node","message":"DFS currently supports only user.* xattrs","kind":"FailedPrecondition","code":67305489}
{"msg":"FUSE request failed","level":"ERRO","ts":"2026-10-06T23:56:37.91925573Z","instance":"dfs-a-r1","service_name":"afs-node","message":"DFS dentry not found","kind":"NotFound","code":34078721}
{"msg":"fuse.create","level":"INFO","ts":"2026-10-06T23:56:37.919319105Z","instance":"dfs-a-r1","service_name":"afs-node","name":"entry-0044.bin","parent":305}
{"msg":"FUSE request failed","level":"ERRO","ts":"2026-10-06T23:56:37.942260621Z","instance":"dfs-a-r1","service_name":"afs-node","message":"DFS currently supports only user.* xattrs","kind":"FailedPrecondition","code":67305489}
{"msg":"FUSE request failed","level":"ERRO","ts":"2026-10-06T23:56:37.993522542Z","instance":"dfs-a-r1","service_name":"afs-node","message":"DFS dentry not found","kind":"NotFound","code":34078721}
{"msg":"fuse.create","level":"INFO","ts":"2026-10-06T23:56:37.993629584Z","instance":"dfs-a-r1","service_name":"afs-node","name":"entry-0045.bin","parent":305}
{"msg":"FUSE request failed","level":"ERRO","ts":"2026-10-06T23:56:38.015175346Z","instance":"dfs-a-r1","service_name":"afs-node","message":"DFS currently supports only user.* xattrs","kind":"FailedPrecondition","code":67305489}
{"msg":"FUSE request failed","level":"ERRO","ts":"2026-10-06T23:56:38.065768099Z","instance":"dfs-a-r1","service_name":"afs-node","message":"DFS dentry not found","kind":"NotFound","code":34078721}
{"msg":"fuse.create","level":"INFO","ts":"2026-10-06T23:56:38.065783057Z","instance":"dfs-a-r1","service_name":"afs-node","name":"entry-0046.bin","parent":305}
{"msg":"FUSE request failed","level":"ERRO","ts":"2026-10-06T23:56:38.089805659Z","instance":"dfs-a-r1","service_name":"afs-node","message":"DFS currently supports only user.* xattrs","kind":"FailedPrecondition","code":67305489}
{"msg":"FUSE request failed","level":"ERRO","ts":"2026-10-06T23:56:38.137081736Z","instance":"dfs-a-r1","service_name":"afs-node","message":"DFS dentry not found","kind":"NotFound","code":34078721}
{"msg":"fuse.create","level":"INFO","ts":"2026-10-06T23:56:38.137123486Z","instance":"dfs-a-r1","service_name":"afs-node","name":"entry-0047.bin","parent":305}
{"msg":"FUSE request failed","level":"ERRO","ts":"2026-10-06T23:56:38.159913585Z","instance":"dfs-a-r1","service_name":"afs-node","message":"DFS currently supports only user.* xattrs","kind":"FailedPrecondition","code":67305489}
{"msg":"FUSE request failed","level":"ERRO","ts":"2026-10-06T23:56:38.201332148Z","instance":"dfs-a-r1","service_name":"afs-node","message":"DFS dentry not found","kind":"NotFound","code":34078721}
{"msg":"fuse.create","level":"INFO","ts":"2026-10-06T23:56:38.201348398Z","instance":"dfs-a-r1","service_name":"afs-node","name":"entry-0048.bin","parent":305}
{"msg":"FUSE request failed","level":"ERRO","ts":"2026-10-06T23:56:38.220452362Z","instance":"dfs-a-r1","service_name":"afs-node","message":"DFS currently supports only user.* xattrs","kind":"FailedPrecondition","code":67305489}
{"msg":"FUSE request failed","level":"ERRO","ts":"2026-10-06T23:56:38.263415012Z","instance":"dfs-a-r1","service_name":"afs-node","message":"DFS dentry not found","kind":"NotFound","code":34078721}
{"msg":"fuse.create","level":"INFO","ts":"2026-10-06T23:56:38.263430095Z","instance":"dfs-a-r1","service_name":"afs-node","name":"entry-0049.bin","parent":305}
{"msg":"FUSE request failed","level":"ERRO","ts":"2026-10-06T23:56:38.28329877Z","instance":"dfs-a-r1","service_name":"afs-node","message":"DFS currently supports only user.* xattrs","kind":"FailedPrecondition","code":67305489}
{"msg":"FUSE request failed","level":"ERRO","ts":"2026-10-06T23:56:38.324621916Z","instance":"dfs-a-r1","service_name":"afs-node","message":"DFS dentry not found","kind":"NotFound","code":34078721}
{"msg":"fuse.create","level":"INFO","ts":"2026-10-06T23:56:38.324635874Z","instance":"dfs-a-r1","service_name":"afs-node","name":"entry-0050.bin","parent":305}
{"msg":"FUSE request failed","level":"ERRO","ts":"2026-10-06T23:56:38.344757258Z","instance":"dfs-a-r1","service_name":"afs-node","message":"DFS currently supports only user.* xattrs","kind":"FailedPrecondition","code":67305489}
{"msg":"FUSE request failed","level":"ERRO","ts":"2026-10-06T23:56:38.389155287Z","instance":"dfs-a-r1","service_name":"afs-node","message":"DFS dentry not found","kind":"NotFound","code":34078721}
{"msg":"fuse.create","level":"INFO","ts":"2026-10-06T23:56:38.389206787Z","instance":"dfs-a-r1","service_name":"afs-node","name":"entry-0051.bin","parent":305}
{"msg":"FUSE request failed","level":"ERRO","ts":"2026-10-06T23:56:38.409853797Z","instance":"dfs-a-r1","service_name":"afs-node","message":"DFS currently supports only user.* xattrs","kind":"FailedPrecondition","code":67305489}
{"msg":"FUSE request failed","level":"ERRO","ts":"2026-10-06T23:56:38.451292359Z","instance":"dfs-a-r1","service_name":"afs-node","message":"DFS dentry not found","kind":"NotFound","code":34078721}
{"msg":"fuse.create","level":"INFO","ts":"2026-10-06T23:56:38.451303943Z","instance":"dfs-a-r1","service_name":"afs-node","name":"entry-0052.bin","parent":305}
{"msg":"FUSE request failed","level":"ERRO","ts":"2026-10-06T23:56:38.470941284Z","instance":"dfs-a-r1","service_name":"afs-node","message":"DFS currently supports only user.* xattrs","kind":"FailedPrecondition","code":67305489}
{"msg":"FUSE request failed","level":"ERRO","ts":"2026-10-06T23:56:38.518227361Z","instance":"dfs-a-r1","service_name":"afs-node","message":"DFS dentry not found","kind":"NotFound","code":34078721}
{"msg":"fuse.create","level":"INFO","ts":"2026-10-06T23:56:38.518236319Z","instance":"dfs-a-r1","service_name":"afs-node","name":"entry-0053.bin","parent":305}
{"msg":"FUSE request failed","level":"ERRO","ts":"2026-10-06T23:56:38.538258536Z","instance":"dfs-a-r1","service_name":"afs-node","message":"DFS currently supports only user.* xattrs","kind":"FailedPrecondition","code":67305489}
{"msg":"FUSE request failed","level":"ERRO","ts":"2026-10-06T23:56:38.57899868Z","instance":"dfs-a-r1","service_name":"afs-node","message":"DFS dentry not found","kind":"NotFound","code":34078721}
{"msg":"fuse.create","level":"INFO","ts":"2026-10-06T23:56:38.579028681Z","instance":"dfs-a-r1","service_name":"afs-node","name":"entry-0054.bin","parent":305}
{"msg":"FUSE request failed","level":"ERRO","ts":"2026-10-06T23:56:38.598921606Z","instance":"dfs-a-r1","service_name":"afs-node","message":"DFS currently supports only user.* xattrs","kind":"FailedPrecondition","code":67305489}
{"msg":"FUSE request failed","level":"ERRO","ts":"2026-10-06T23:56:38.643303342Z","instance":"dfs-a-r1","service_name":"afs-node","message":"DFS dentry not found","kind":"NotFound","code":34078721}
{"msg":"fuse.create","level":"INFO","ts":"2026-10-06T23:56:38.643329425Z","instance":"dfs-a-r1","service_name":"afs-node","name":"entry-0055.bin","parent":305}
{"msg":"FUSE request failed","level":"ERRO","ts":"2026-10-06T23:56:38.664930271Z","instance":"dfs-a-r1","service_name":"afs-node","message":"DFS currently supports only user.* xattrs","kind":"FailedPrecondition","code":67305489}
{"msg":"FUSE request failed","level":"ERRO","ts":"2026-10-06T23:56:38.712239932Z","instance":"dfs-a-r1","service_name":"afs-node","message":"DFS dentry not found","kind":"NotFound","code":34078721}
{"msg":"fuse.create","level":"INFO","ts":"2026-10-06T23:56:38.71225114Z","instance":"dfs-a-r1","service_name":"afs-node","name":"entry-0056.bin","parent":305}
{"msg":"FUSE request failed","level":"ERRO","ts":"2026-10-06T23:56:38.732801275Z","instance":"dfs-a-r1","service_name":"afs-node","message":"DFS currently supports only user.* xattrs","kind":"FailedPrecondition","code":67305489}
{"msg":"FUSE request failed","level":"ERRO","ts":"2026-10-06T23:56:38.781963899Z","instance":"dfs-a-r1","service_name":"afs-node","message":"DFS dentry not found","kind":"NotFound","code":34078721}
{"msg":"fuse.create","level":"INFO","ts":"2026-10-06T23:56:38.781976566Z","instance":"dfs-a-r1","service_name":"afs-node","name":"entry-0057.bin","parent":305}
{"msg":"FUSE request failed","level":"ERRO","ts":"2026-10-06T23:56:38.802014949Z","instance":"dfs-a-r1","service_name":"afs-node","message":"DFS currently supports only user.* xattrs","kind":"FailedPrecondition","code":67305489}
{"msg":"FUSE request failed","level":"ERRO","ts":"2026-10-06T23:56:38.843734096Z","instance":"dfs-a-r1","service_name":"afs-node","message":"DFS dentry not found","kind":"NotFound","code":34078721}
{"msg":"fuse.create","level":"INFO","ts":"2026-10-06T23:56:38.843746721Z","instance":"dfs-a-r1","service_name":"afs-node","name":"entry-0058.bin","parent":305}
{"msg":"FUSE request failed","level":"ERRO","ts":"2026-10-06T23:56:38.863206895Z","instance":"dfs-a-r1","service_name":"afs-node","message":"DFS currently supports only user.* xattrs","kind":"FailedPrecondition","code":67305489}
{"msg":"FUSE request failed","level":"ERRO","ts":"2026-10-06T23:56:38.913868981Z","instance":"dfs-a-r1","service_name":"afs-node","message":"DFS dentry not found","kind":"NotFound","code":34078721}
{"msg":"fuse.create","level":"INFO","ts":"2026-10-06T23:56:38.913935147Z","instance":"dfs-a-r1","service_name":"afs-node","name":"entry-0059.bin","parent":305}
{"msg":"FUSE request failed","level":"ERRO","ts":"2026-10-06T23:56:38.934337949Z","instance":"dfs-a-r1","service_name":"afs-node","message":"DFS currently supports only user.* xattrs","kind":"FailedPrecondition","code":67305489}
{"msg":"FUSE request failed","level":"ERRO","ts":"2026-10-06T23:56:38.98007823Z","instance":"dfs-a-r1","service_name":"afs-node","message":"DFS dentry not found","kind":"NotFound","code":34078721}
{"msg":"fuse.create","level":"INFO","ts":"2026-10-06T23:56:38.980154231Z","instance":"dfs-a-r1","service_name":"afs-node","name":"entry-0060.bin","parent":305}
{"msg":"FUSE request failed","level":"ERRO","ts":"2026-10-06T23:56:39.000197573Z","instance":"dfs-a-r1","service_name":"afs-node","message":"DFS currently supports only user.* xattrs","kind":"FailedPrecondition","code":67305489}
{"msg":"FUSE request failed","level":"ERRO","ts":"2026-10-06T23:56:39.045852895Z","instance":"dfs-a-r1","service_name":"afs-node","message":"DFS dentry not found","kind":"NotFound","code":34078721}
{"msg":"fuse.create","level":"INFO","ts":"2026-10-06T23:56:39.045863146Z","instance":"dfs-a-r1","service_name":"afs-node","name":"entry-0061.bin","parent":305}
{"msg":"FUSE request failed","level":"ERRO","ts":"2026-10-06T23:56:39.065903196Z","instance":"dfs-a-r1","service_name":"afs-node","message":"DFS currently supports only user.* xattrs","kind":"FailedPrecondition","code":67305489}
{"msg":"FUSE request failed","level":"ERRO","ts":"2026-10-06T23:56:39.113280398Z","instance":"dfs-a-r1","service_name":"afs-node","message":"DFS dentry not found","kind":"NotFound","code":34078721}
{"msg":"fuse.create","level":"INFO","ts":"2026-10-06T23:56:39.113291565Z","instance":"dfs-a-r1","service_name":"afs-node","name":"entry-0062.bin","parent":305}
{"msg":"FUSE request failed","level":"ERRO","ts":"2026-10-06T23:56:39.134093284Z","instance":"dfs-a-r1","service_name":"afs-node","message":"DFS currently supports only user.* xattrs","kind":"FailedPrecondition","code":67305489}
{"msg":"FUSE request failed","level":"ERRO","ts":"2026-10-06T23:56:39.180071899Z","instance":"dfs-a-r1","service_name":"afs-node","message":"DFS dentry not found","kind":"NotFound","code":34078721}
{"msg":"fuse.create","level":"INFO","ts":"2026-10-06T23:56:39.180112149Z","instance":"dfs-a-r1","service_name":"afs-node","name":"entry-0063.bin","parent":305}
{"msg":"FUSE request failed","level":"ERRO","ts":"2026-10-06T23:56:39.203411457Z","instance":"dfs-a-r1","service_name":"afs-node","message":"DFS currently supports only user.* xattrs","kind":"FailedPrecondition","code":67305489}
{"msg":"FUSE request failed","level":"ERRO","ts":"2026-10-06T23:56:39.248595196Z","instance":"dfs-a-r1","service_name":"afs-node","message":"DFS dentry not found","kind":"NotFound","code":34078721}
{"msg":"fuse.create","level":"INFO","ts":"2026-10-06T23:56:39.248623488Z","instance":"dfs-a-r1","service_name":"afs-node","name":"entry-0064.bin","parent":305}
{"msg":"FUSE request failed","level":"ERRO","ts":"2026-10-06T23:56:39.26970079Z","instance":"dfs-a-r1","service_name":"afs-node","message":"DFS currently supports only user.* xattrs","kind":"FailedPrecondition","code":67305489}
{"msg":"FUSE request failed","level":"ERRO","ts":"2026-10-06T23:56:39.317291326Z","instance":"dfs-a-r1","service_name":"afs-node","message":"DFS dentry not found","kind":"NotFound","code":34078721}
{"msg":"fuse.create","level":"INFO","ts":"2026-10-06T23:56:39.317321952Z","instance":"dfs-a-r1","service_name":"afs-node","name":"entry-0065.bin","parent":305}
{"msg":"FUSE request failed","level":"ERRO","ts":"2026-10-06T23:56:39.338343129Z","instance":"dfs-a-r1","service_name":"afs-node","message":"DFS currently supports only user.* xattrs","kind":"FailedPrecondition","code":67305489}
{"msg":"FUSE request failed","level":"ERRO","ts":"2026-10-06T23:56:39.381294487Z","instance":"dfs-a-r1","service_name":"afs-node","message":"DFS dentry not found","kind":"NotFound","code":34078721}
{"msg":"fuse.create","level":"INFO","ts":"2026-10-06T23:56:39.381322612Z","instance":"dfs-a-r1","service_name":"afs-node","name":"entry-0066.bin","parent":305}
{"msg":"FUSE request failed","level":"ERRO","ts":"2026-10-06T23:56:39.402578957Z","instance":"dfs-a-r1","service_name":"afs-node","message":"DFS currently supports only user.* xattrs","kind":"FailedPrecondition","code":67305489}
{"msg":"FUSE request failed","level":"ERRO","ts":"2026-10-06T23:56:39.449891367Z","instance":"dfs-a-r1","service_name":"afs-node","message":"DFS dentry not found","kind":"NotFound","code":34078721}
{"msg":"fuse.create","level":"INFO","ts":"2026-10-06T23:56:39.449916576Z","instance":"dfs-a-r1","service_name":"afs-node","name":"entry-0067.bin","parent":305}
{"msg":"FUSE request failed","level":"ERRO","ts":"2026-10-06T23:56:39.472426091Z","instance":"dfs-a-r1","service_name":"afs-node","message":"DFS currently supports only user.* xattrs","kind":"FailedPrecondition","code":67305489}
{"msg":"FUSE request failed","level":"ERRO","ts":"2026-10-06T23:56:39.514964197Z","instance":"dfs-a-r1","service_name":"afs-node","message":"DFS dentry not found","kind":"NotFound","code":34078721}
{"msg":"fuse.create","level":"INFO","ts":"2026-10-06T23:56:39.514982156Z","instance":"dfs-a-r1","service_name":"afs-node","name":"entry-0068.bin","parent":305}
{"msg":"FUSE request failed","level":"ERRO","ts":"2026-10-06T23:56:39.535546999Z","instance":"dfs-a-r1","service_name":"afs-node","message":"DFS currently supports only user.* xattrs","kind":"FailedPrecondition","code":67305489}
{"msg":"FUSE request failed","level":"ERRO","ts":"2026-10-06T23:56:39.585512458Z","instance":"dfs-a-r1","service_name":"afs-node","message":"DFS dentry not found","kind":"NotFound","code":34078721}
{"msg":"fuse.create","level":"INFO","ts":"2026-10-06T23:56:39.585546708Z","instance":"dfs-a-r1","service_name":"afs-node","name":"entry-0069.bin","parent":305}
{"msg":"FUSE request failed","level":"ERRO","ts":"2026-10-06T23:56:39.607858764Z","instance":"dfs-a-r1","service_name":"afs-node","message":"DFS currently supports only user.* xattrs","kind":"FailedPrecondition","code":67305489}
{"msg":"FUSE request failed","level":"ERRO","ts":"2026-10-06T23:56:39.660746271Z","instance":"dfs-a-r1","service_name":"afs-node","message":"DFS dentry not found","kind":"NotFound","code":34078721}
{"msg":"fuse.create","level":"INFO","ts":"2026-10-06T23:56:39.660770105Z","instance":"dfs-a-r1","service_name":"afs-node","name":"entry-0070.bin","parent":305}
{"msg":"FUSE request failed","level":"ERRO","ts":"2026-10-06T23:56:39.681203073Z","instance":"dfs-a-r1","service_name":"afs-node","message":"DFS currently supports only user.* xattrs","kind":"FailedPrecondition","code":67305489}
{"msg":"FUSE request failed","level":"ERRO","ts":"2026-10-06T23:56:39.729155526Z","instance":"dfs-a-r1","service_name":"afs-node","message":"DFS dentry not found","kind":"NotFound","code":34078721}
{"msg":"fuse.create","level":"INFO","ts":"2026-10-06T23:56:39.729169985Z","instance":"dfs-a-r1","service_name":"afs-node","name":"entry-0071.bin","parent":305}
{"msg":"FUSE request failed","level":"ERRO","ts":"2026-10-06T23:56:39.752120959Z","instance":"dfs-a-r1","service_name":"afs-node","message":"DFS currently supports only user.* xattrs","kind":"FailedPrecondition","code":67305489}
{"msg":"FUSE request failed","level":"ERRO","ts":"2026-10-06T23:56:39.800124454Z","instance":"dfs-a-r1","service_name":"afs-node","message":"DFS dentry not found","kind":"NotFound","code":34078721}
{"msg":"fuse.create","level":"INFO","ts":"2026-10-06T23:56:39.800136705Z","instance":"dfs-a-r1","service_name":"afs-node","name":"entry-0072.bin","parent":305}
{"msg":"FUSE request failed","level":"ERRO","ts":"2026-10-06T23:56:39.821149757Z","instance":"dfs-a-r1","service_name":"afs-node","message":"DFS currently supports only user.* xattrs","kind":"FailedPrecondition","code":67305489}
{"msg":"FUSE request failed","level":"ERRO","ts":"2026-10-06T23:56:39.864183615Z","instance":"dfs-a-r1","service_name":"afs-node","message":"DFS dentry not found","kind":"NotFound","code":34078721}
{"msg":"fuse.create","level":"INFO","ts":"2026-10-06T23:56:39.864214365Z","instance":"dfs-a-r1","service_name":"afs-node","name":"entry-0073.bin","parent":305}
{"msg":"FUSE request failed","level":"ERRO","ts":"2026-10-06T23:56:39.884562375Z","instance":"dfs-a-r1","service_name":"afs-node","message":"DFS currently supports only user.* xattrs","kind":"FailedPrecondition","code":67305489}
{"msg":"FUSE request failed","level":"ERRO","ts":"2026-10-06T23:56:39.93050974Z","instance":"dfs-a-r1","service_name":"afs-node","message":"DFS dentry not found","kind":"NotFound","code":34078721}
{"msg":"fuse.create","level":"INFO","ts":"2026-10-06T23:56:39.930520573Z","instance":"dfs-a-r1","service_name":"afs-node","name":"entry-0074.bin","parent":305}
{"msg":"FUSE request failed","level":"ERRO","ts":"2026-10-06T23:56:39.950648415Z","instance":"dfs-a-r1","service_name":"afs-node","message":"DFS currently supports only user.* xattrs","kind":"FailedPrecondition","code":67305489}
{"msg":"FUSE request failed","level":"ERRO","ts":"2026-10-06T23:56:40.00036354Z","instance":"dfs-a-r1","service_name":"afs-node","message":"DFS dentry not found","kind":"NotFound","code":34078721}
{"msg":"fuse.create","level":"INFO","ts":"2026-10-06T23:56:40.000392999Z","instance":"dfs-a-r1","service_name":"afs-node","name":"entry-0075.bin","parent":305}
{"msg":"FUSE request failed","level":"ERRO","ts":"2026-10-06T23:56:40.023040305Z","instance":"dfs-a-r1","service_name":"afs-node","message":"DFS currently supports only user.* xattrs","kind":"FailedPrecondition","code":67305489}
{"msg":"FUSE request failed","level":"ERRO","ts":"2026-10-06T23:56:40.06672829Z","instance":"dfs-a-r1","service_name":"afs-node","message":"DFS dentry not found","kind":"NotFound","code":34078721}
{"msg":"fuse.create","level":"INFO","ts":"2026-10-06T23:56:40.066762123Z","instance":"dfs-a-r1","service_name":"afs-node","name":"entry-0076.bin","parent":305}
{"msg":"FUSE request failed","level":"ERRO","ts":"2026-10-06T23:56:40.087324008Z","instance":"dfs-a-r1","service_name":"afs-node","message":"DFS currently supports only user.* xattrs","kind":"FailedPrecondition","code":67305489}
{"msg":"FUSE request failed","level":"ERRO","ts":"2026-10-06T23:56:40.133186414Z","instance":"dfs-a-r1","service_name":"afs-node","message":"DFS dentry not found","kind":"NotFound","code":34078721}
{"msg":"fuse.create","level":"INFO","ts":"2026-10-06T23:56:40.133198706Z","instance":"dfs-a-r1","service_name":"afs-node","name":"entry-0077.bin","parent":305}
{"msg":"FUSE request failed","level":"ERRO","ts":"2026-10-06T23:56:40.154312134Z","instance":"dfs-a-r1","service_name":"afs-node","message":"DFS currently supports only user.* xattrs","kind":"FailedPrecondition","code":67305489}
{"msg":"FUSE request failed","level":"ERRO","ts":"2026-10-06T23:56:40.201038793Z","instance":"dfs-a-r1","service_name":"afs-node","message":"DFS dentry not found","kind":"NotFound","code":34078721}
{"msg":"fuse.create","level":"INFO","ts":"2026-10-06T23:56:40.201047834Z","instance":"dfs-a-r1","service_name":"afs-node","name":"entry-0078.bin","parent":305}
{"msg":"FUSE request failed","level":"ERRO","ts":"2026-10-06T23:56:40.222104387Z","instance":"dfs-a-r1","service_name":"afs-node","message":"DFS currently supports only user.* xattrs","kind":"FailedPrecondition","code":67305489}
{"msg":"FUSE request failed","level":"ERRO","ts":"2026-10-06T23:56:40.269595839Z","instance":"dfs-a-r1","service_name":"afs-node","message":"DFS dentry not found","kind":"NotFound","code":34078721}
{"msg":"fuse.create","level":"INFO","ts":"2026-10-06T23:56:40.269623006Z","instance":"dfs-a-r1","service_name":"afs-node","name":"entry-0079.bin","parent":305}
{"msg":"FUSE request failed","level":"ERRO","ts":"2026-10-06T23:56:40.291578061Z","instance":"dfs-a-r1","service_name":"afs-node","message":"DFS currently supports only user.* xattrs","kind":"FailedPrecondition","code":67305489}
{"msg":"FUSE request failed","level":"ERRO","ts":"2026-10-06T23:56:40.336904175Z","instance":"dfs-a-r1","service_name":"afs-node","message":"DFS dentry not found","kind":"NotFound","code":34078721}
{"msg":"fuse.create","level":"INFO","ts":"2026-10-06T23:56:40.336942425Z","instance":"dfs-a-r1","service_name":"afs-node","name":"entry-0080.bin","parent":305}
{"msg":"FUSE request failed","level":"ERRO","ts":"2026-10-06T23:56:40.357971519Z","instance":"dfs-a-r1","service_name":"afs-node","message":"DFS currently supports only user.* xattrs","kind":"FailedPrecondition","code":67305489}
{"msg":"FUSE request failed","level":"ERRO","ts":"2026-10-06T23:56:40.403071049Z","instance":"dfs-a-r1","service_name":"afs-node","message":"DFS dentry not found","kind":"NotFound","code":34078721}
{"msg":"fuse.create","level":"INFO","ts":"2026-10-06T23:56:40.403095132Z","instance":"dfs-a-r1","service_name":"afs-node","name":"entry-0081.bin","parent":305}
{"msg":"FUSE request failed","level":"ERRO","ts":"2026-10-06T23:56:40.42344485Z","instance":"dfs-a-r1","service_name":"afs-node","message":"DFS currently supports only user.* xattrs","kind":"FailedPrecondition","code":67305489}
{"msg":"FUSE request failed","level":"ERRO","ts":"2026-10-06T23:56:40.471136219Z","instance":"dfs-a-r1","service_name":"afs-node","message":"DFS dentry not found","kind":"NotFound","code":34078721}
{"msg":"fuse.create","level":"INFO","ts":"2026-10-06T23:56:40.471202052Z","instance":"dfs-a-r1","service_name":"afs-node","name":"entry-0082.bin","parent":305}
{"msg":"FUSE request failed","level":"ERRO","ts":"2026-10-06T23:56:40.492629356Z","instance":"dfs-a-r1","service_name":"afs-node","message":"DFS currently supports only user.* xattrs","kind":"FailedPrecondition","code":67305489}
{"msg":"FUSE request failed","level":"ERRO","ts":"2026-10-06T23:56:40.540947102Z","instance":"dfs-a-r1","service_name":"afs-node","message":"DFS dentry not found","kind":"NotFound","code":34078721}
{"msg":"fuse.create","level":"INFO","ts":"2026-10-06T23:56:40.540959519Z","instance":"dfs-a-r1","service_name":"afs-node","name":"entry-0083.bin","parent":305}
{"msg":"FUSE request failed","level":"ERRO","ts":"2026-10-06T23:56:40.563660617Z","instance":"dfs-a-r1","service_name":"afs-node","message":"DFS currently supports only user.* xattrs","kind":"FailedPrecondition","code":67305489}
{"msg":"FUSE request failed","level":"ERRO","ts":"2026-10-06T23:56:40.606439641Z","instance":"dfs-a-r1","service_name":"afs-node","message":"DFS dentry not found","kind":"NotFound","code":34078721}
{"msg":"fuse.create","level":"INFO","ts":"2026-10-06T23:56:40.606451808Z","instance":"dfs-a-r1","service_name":"afs-node","name":"entry-0084.bin","parent":305}
{"msg":"FUSE request failed","level":"ERRO","ts":"2026-10-06T23:56:40.628012778Z","instance":"dfs-a-r1","service_name":"afs-node","message":"DFS currently supports only user.* xattrs","kind":"FailedPrecondition","code":67305489}
{"msg":"FUSE request failed","level":"ERRO","ts":"2026-10-06T23:56:40.677685028Z","instance":"dfs-a-r1","service_name":"afs-node","message":"DFS dentry not found","kind":"NotFound","code":34078721}
{"msg":"fuse.create","level":"INFO","ts":"2026-10-06T23:56:40.677706736Z","instance":"dfs-a-r1","service_name":"afs-node","name":"entry-0085.bin","parent":305}
{"msg":"FUSE request failed","level":"ERRO","ts":"2026-10-06T23:56:40.69870558Z","instance":"dfs-a-r1","service_name":"afs-node","message":"DFS currently supports only user.* xattrs","kind":"FailedPrecondition","code":67305489}
{"msg":"FUSE request failed","level":"ERRO","ts":"2026-10-06T23:56:40.747213619Z","instance":"dfs-a-r1","service_name":"afs-node","message":"DFS dentry not found","kind":"NotFound","code":34078721}
{"msg":"fuse.create","level":"INFO","ts":"2026-10-06T23:56:40.747241452Z","instance":"dfs-a-r1","service_name":"afs-node","name":"entry-0086.bin","parent":305}
{"msg":"FUSE request failed","level":"ERRO","ts":"2026-10-06T23:56:40.76782467Z","instance":"dfs-a-r1","service_name":"afs-node","message":"DFS currently supports only user.* xattrs","kind":"FailedPrecondition","code":67305489}
{"msg":"FUSE request failed","level":"ERRO","ts":"2026-10-06T23:56:40.816800584Z","instance":"dfs-a-r1","service_name":"afs-node","message":"DFS dentry not found","kind":"NotFound","code":34078721}
{"msg":"fuse.create","level":"INFO","ts":"2026-10-06T23:56:40.816829251Z","instance":"dfs-a-r1","service_name":"afs-node","name":"entry-0087.bin","parent":305}
{"msg":"FUSE request failed","level":"ERRO","ts":"2026-10-06T23:56:40.838489264Z","instance":"dfs-a-r1","service_name":"afs-node","message":"DFS currently supports only user.* xattrs","kind":"FailedPrecondition","code":67305489}
{"msg":"FUSE request failed","level":"ERRO","ts":"2026-10-06T23:56:40.887131802Z","instance":"dfs-a-r1","service_name":"afs-node","message":"DFS dentry not found","kind":"NotFound","code":34078721}
{"msg":"fuse.create","level":"INFO","ts":"2026-10-06T23:56:40.887158386Z","instance":"dfs-a-r1","service_name":"afs-node","name":"entry-0088.bin","parent":305}
{"msg":"FUSE request failed","level":"ERRO","ts":"2026-10-06T23:56:40.907965021Z","instance":"dfs-a-r1","service_name":"afs-node","message":"DFS currently supports only user.* xattrs","kind":"FailedPrecondition","code":67305489}
{"msg":"FUSE request failed","level":"ERRO","ts":"2026-10-06T23:56:40.954338512Z","instance":"dfs-a-r1","service_name":"afs-node","message":"DFS dentry not found","kind":"NotFound","code":34078721}
{"msg":"fuse.create","level":"INFO","ts":"2026-10-06T23:56:40.954346929Z","instance":"dfs-a-r1","service_name":"afs-node","name":"entry-0089.bin","parent":305}
{"msg":"FUSE request failed","level":"ERRO","ts":"2026-10-06T23:56:40.975085897Z","instance":"dfs-a-r1","service_name":"afs-node","message":"DFS currently supports only user.* xattrs","kind":"FailedPrecondition","code":67305489}
{"msg":"FUSE request failed","level":"ERRO","ts":"2026-10-06T23:56:41.020575386Z","instance":"dfs-a-r1","service_name":"afs-node","message":"DFS dentry not found","kind":"NotFound","code":34078721}
{"msg":"fuse.create","level":"INFO","ts":"2026-10-06T23:56:41.020590345Z","instance":"dfs-a-r1","service_name":"afs-node","name":"entry-0090.bin","parent":305}
{"msg":"FUSE request failed","level":"ERRO","ts":"2026-10-06T23:56:41.040546019Z","instance":"dfs-a-r1","service_name":"afs-node","message":"DFS currently supports only user.* xattrs","kind":"FailedPrecondition","code":67305489}
{"msg":"FUSE request failed","level":"ERRO","ts":"2026-10-06T23:56:41.091972231Z","instance":"dfs-a-r1","service_name":"afs-node","message":"DFS dentry not found","kind":"NotFound","code":34078721}
{"msg":"fuse.create","level":"INFO","ts":"2026-10-06T23:56:41.092023106Z","instance":"dfs-a-r1","service_name":"afs-node","name":"entry-0091.bin","parent":305}
{"msg":"FUSE request failed","level":"ERRO","ts":"2026-10-06T23:56:41.115086956Z","instance":"dfs-a-r1","service_name":"afs-node","message":"DFS currently supports only user.* xattrs","kind":"FailedPrecondition","code":67305489}
{"msg":"FUSE request failed","level":"ERRO","ts":"2026-10-06T23:56:41.161310655Z","instance":"dfs-a-r1","service_name":"afs-node","message":"DFS dentry not found","kind":"NotFound","code":34078721}
{"msg":"fuse.create","level":"INFO","ts":"2026-10-06T23:56:41.161332738Z","instance":"dfs-a-r1","service_name":"afs-node","name":"entry-0092.bin","parent":305}
{"msg":"FUSE request failed","level":"ERRO","ts":"2026-10-06T23:56:41.182148207Z","instance":"dfs-a-r1","service_name":"afs-node","message":"DFS currently supports only user.* xattrs","kind":"FailedPrecondition","code":67305489}
{"msg":"FUSE request failed","level":"ERRO","ts":"2026-10-06T23:56:41.230204993Z","instance":"dfs-a-r1","service_name":"afs-node","message":"DFS dentry not found","kind":"NotFound","code":34078721}
{"msg":"fuse.create","level":"INFO","ts":"2026-10-06T23:56:41.230216327Z","instance":"dfs-a-r1","service_name":"afs-node","name":"entry-0093.bin","parent":305}
{"msg":"FUSE request failed","level":"ERRO","ts":"2026-10-06T23:56:41.251515963Z","instance":"dfs-a-r1","service_name":"afs-node","message":"DFS currently supports only user.* xattrs","kind":"FailedPrecondition","code":67305489}
{"msg":"FUSE request failed","level":"ERRO","ts":"2026-10-06T23:56:41.295264114Z","instance":"dfs-a-r1","service_name":"afs-node","message":"DFS dentry not found","kind":"NotFound","code":34078721}
{"msg":"fuse.create","level":"INFO","ts":"2026-10-06T23:56:41.295314531Z","instance":"dfs-a-r1","service_name":"afs-node","name":"entry-0094.bin","parent":305}
{"msg":"FUSE request failed","level":"ERRO","ts":"2026-10-06T23:56:41.316932002Z","instance":"dfs-a-r1","service_name":"afs-node","message":"DFS currently supports only user.* xattrs","kind":"FailedPrecondition","code":67305489}
{"msg":"FUSE request failed","level":"ERRO","ts":"2026-10-06T23:56:41.362428324Z","instance":"dfs-a-r1","service_name":"afs-node","message":"DFS dentry not found","kind":"NotFound","code":34078721}
{"msg":"fuse.create","level":"INFO","ts":"2026-10-06T23:56:41.362457574Z","instance":"dfs-a-r1","service_name":"afs-node","name":"entry-0095.bin","parent":305}
{"msg":"FUSE request failed","level":"ERRO","ts":"2026-10-06T23:56:41.385827382Z","instance":"dfs-a-r1","service_name":"afs-node","message":"DFS currently supports only user.* xattrs","kind":"FailedPrecondition","code":67305489}
{"msg":"FUSE request failed","level":"ERRO","ts":"2026-10-06T23:56:41.433052084Z","instance":"dfs-a-r1","service_name":"afs-node","message":"DFS dentry not found","kind":"NotFound","code":34078721}
{"msg":"fuse.create","level":"INFO","ts":"2026-10-06T23:56:41.433082875Z","instance":"dfs-a-r1","service_name":"afs-node","name":"entry-0096.bin","parent":305}
{"msg":"FUSE request failed","level":"ERRO","ts":"2026-10-06T23:56:41.454837013Z","instance":"dfs-a-r1","service_name":"afs-node","message":"DFS currently supports only user.* xattrs","kind":"FailedPrecondition","code":67305489}
{"msg":"FUSE request failed","level":"ERRO","ts":"2026-10-06T23:56:41.504668221Z","instance":"dfs-a-r1","service_name":"afs-node","message":"DFS dentry not found","kind":"NotFound","code":34078721}
{"msg":"fuse.create","level":"INFO","ts":"2026-10-06T23:56:41.504679054Z","instance":"dfs-a-r1","service_name":"afs-node","name":"entry-0097.bin","parent":305}
{"msg":"FUSE request failed","level":"ERRO","ts":"2026-10-06T23:56:41.526828401Z","instance":"dfs-a-r1","service_name":"afs-node","message":"DFS currently supports only user.* xattrs","kind":"FailedPrecondition","code":67305489}
{"msg":"FUSE request failed","level":"ERRO","ts":"2026-10-06T23:56:41.572606474Z","instance":"dfs-a-r1","service_name":"afs-node","message":"DFS dentry not found","kind":"NotFound","code":34078721}
{"msg":"fuse.create","level":"INFO","ts":"2026-10-06T23:56:41.572621807Z","instance":"dfs-a-r1","service_name":"afs-node","name":"entry-0098.bin","parent":305}
{"msg":"FUSE request failed","level":"ERRO","ts":"2026-10-06T23:56:41.595006197Z","instance":"dfs-a-r1","service_name":"afs-node","message":"DFS currently supports only user.* xattrs","kind":"FailedPrecondition","code":67305489}
{"msg":"FUSE request failed","level":"ERRO","ts":"2026-10-06T23:56:41.644416362Z","instance":"dfs-a-r1","service_name":"afs-node","message":"DFS dentry not found","kind":"NotFound","code":34078721}
{"msg":"fuse.create","level":"INFO","ts":"2026-10-06T23:56:41.64443632Z","instance":"dfs-a-r1","service_name":"afs-node","name":"entry-0099.bin","parent":305}
{"msg":"FUSE request failed","level":"ERRO","ts":"2026-10-06T23:56:41.667934254Z","instance":"dfs-a-r1","service_name":"afs-node","message":"DFS currently supports only user.* xattrs","kind":"FailedPrecondition","code":67305489}
{"msg":"[Not Implemented] ioctl(ino: 0x132, fh: 715, flags: 0, cmd: 21505, in_data.len(): 0, out_size: 0)","level":"WARN","ts":"2026-10-06T23:56:41.71762867Z","instance":"dfs-a-r1","service_name":"afs-node"}
{"msg":"[Not Implemented] ioctl(ino: 0x133, fh: 716, flags: 0, cmd: 21505, in_data.len(): 0, out_size: 0)","level":"WARN","ts":"2026-10-06T23:56:41.719801925Z","instance":"dfs-a-r1","service_name":"afs-node"}
{"msg":"[Not Implemented] ioctl(ino: 0x134, fh: 717, flags: 0, cmd: 21505, in_data.len(): 0, out_size: 0)","level":"WARN","ts":"2026-10-06T23:56:41.721683221Z","instance":"dfs-a-r1","service_name":"afs-node"}
{"msg":"[Not Implemented] ioctl(ino: 0x135, fh: 718, flags: 0, cmd: 21505, in_data.len(): 0, out_size: 0)","level":"WARN","ts":"2026-10-06T23:56:41.723580935Z","instance":"dfs-a-r1","service_name":"afs-node"}
{"msg":"[Not Implemented] ioctl(ino: 0x136, fh: 719, flags: 0, cmd: 21505, in_data.len(): 0, out_size: 0)","level":"WARN","ts":"2026-10-06T23:56:41.725322564Z","instance":"dfs-a-r1","service_name":"afs-node"}
{"msg":"[Not Implemented] ioctl(ino: 0x137, fh: 720, flags: 0, cmd: 21505, in_data.len(): 0, out_size: 0)","level":"WARN","ts":"2026-10-06T23:56:41.727233652Z","instance":"dfs-a-r1","service_name":"afs-node"}
{"msg":"[Not Implemented] ioctl(ino: 0x138, fh: 721, flags: 0, cmd: 21505, in_data.len(): 0, out_size: 0)","level":"WARN","ts":"2026-10-06T23:56:41.72925724Z","instance":"dfs-a-r1","service_name":"afs-node"}
{"msg":"[Not Implemented] ioctl(ino: 0x139, fh: 722, flags: 0, cmd: 21505, in_data.len(): 0, out_size: 0)","level":"WARN","ts":"2026-10-06T23:56:41.731206829Z","instance":"dfs-a-r1","service_name":"afs-node"}
{"msg":"[Not Implemented] ioctl(ino: 0x13a, fh: 723, flags: 0, cmd: 21505, in_data.len(): 0, out_size: 0)","level":"WARN","ts":"2026-10-06T23:56:41.733276Z","instance":"dfs-a-r1","service_name":"afs-node"}
{"msg":"[Not Implemented] ioctl(ino: 0x13b, fh: 724, flags: 0, cmd: 21505, in_data.len(): 0, out_size: 0)","level":"WARN","ts":"2026-10-06T23:56:41.735240714Z","instance":"dfs-a-r1","service_name":"afs-node"}
{"msg":"[Not Implemented] ioctl(ino: 0x13c, fh: 725, flags: 0, cmd: 21505, in_data.len(): 0, out_size: 0)","level":"WARN","ts":"2026-10-06T23:56:41.737085052Z","instance":"dfs-a-r1","service_name":"afs-node"}
{"msg":"[Not Implemented] ioctl(ino: 0x13d, fh: 726, flags: 0, cmd: 21505, in_data.len(): 0, out_size: 0)","level":"WARN","ts":"2026-10-06T23:56:41.739046432Z","instance":"dfs-a-r1","service_name":"afs-node"}
{"msg":"[Not Implemented] ioctl(ino: 0x13e, fh: 727, flags: 0, cmd: 21505, in_data.len(): 0, out_size: 0)","level":"WARN","ts":"2026-10-06T23:56:41.740992645Z","instance":"dfs-a-r1","service_name":"afs-node"}
{"msg":"[Not Implemented] ioctl(ino: 0x13f, fh: 728, flags: 0, cmd: 21505, in_data.len(): 0, out_size: 0)","level":"WARN","ts":"2026-10-06T23:56:41.743024441Z","instance":"dfs-a-r1","service_name":"afs-node"}
{"msg":"[Not Implemented] ioctl(ino: 0x140, fh: 729, flags: 0, cmd: 21505, in_data.len(): 0, out_size: 0)","level":"WARN","ts":"2026-10-06T23:56:41.744915946Z","instance":"dfs-a-r1","service_name":"afs-node"}
{"msg":"[Not Implemented] ioctl(ino: 0x141, fh: 730, flags: 0, cmd: 21505, in_data.len(): 0, out_size: 0)","level":"WARN","ts":"2026-10-06T23:56:41.746793743Z","instance":"dfs-a-r1","service_name":"afs-node"}
{"msg":"[Not Implemented] ioctl(ino: 0x142, fh: 731, flags: 0, cmd: 21505, in_data.len(): 0, out_size: 0)","level":"WARN","ts":"2026-10-06T23:56:41.748800539Z","instance":"dfs-a-r1","service_name":"afs-node"}
{"msg":"[Not Implemented] ioctl(ino: 0x143, fh: 732, flags: 0, cmd: 21505, in_data.len(): 0, out_size: 0)","level":"WARN","ts":"2026-10-06T23:56:41.750822711Z","instance":"dfs-a-r1","service_name":"afs-node"}
{"msg":"[Not Implemented] ioctl(ino: 0x144, fh: 733, flags: 0, cmd: 21505, in_data.len(): 0, out_size: 0)","level":"WARN","ts":"2026-10-06T23:56:41.752652549Z","instance":"dfs-a-r1","service_name":"afs-node"}
{"msg":"[Not Implemented] ioctl(ino: 0x145, fh: 734, flags: 0, cmd: 21505, in_data.len(): 0, out_size: 0)","level":"WARN","ts":"2026-10-06T23:56:41.754658762Z","instance":"dfs-a-r1","service_name":"afs-node"}
{"msg":"[Not Implemented] ioctl(ino: 0x146, fh: 735, flags: 0, cmd: 21505, in_data.len(): 0, out_size: 0)","level":"WARN","ts":"2026-10-06T23:56:41.756559142Z","instance":"dfs-a-r1","service_name":"afs-node"}
{"msg":"[Not Implemented] ioctl(ino: 0x147, fh: 736, flags: 0, cmd: 21505, in_data.len(): 0, out_size: 0)","level":"WARN","ts":"2026-10-06T23:56:41.758525022Z","instance":"dfs-a-r1","service_name":"afs-node"}
{"msg":"[Not Implemented] ioctl(ino: 0x148, fh: 737, flags: 0, cmd: 21505, in_data.len(): 0, out_size: 0)","level":"WARN","ts":"2026-10-06T23:56:41.760454652Z","instance":"dfs-a-r1","service_name":"afs-node"}
{"msg":"[Not Implemented] ioctl(ino: 0x149, fh: 738, flags: 0, cmd: 21505, in_data.len(): 0, out_size: 0)","level":"WARN","ts":"2026-10-06T23:56:41.76230324Z","instance":"dfs-a-r1","service_name":"afs-node"}
{"msg":"[Not Implemented] ioctl(ino: 0x14a, fh: 739, flags: 0, cmd: 21505, in_data.len(): 0, out_size: 0)","level":"WARN","ts":"2026-10-06T23:56:41.76430737Z","instance":"dfs-a-r1","service_name":"afs-node"}
{"msg":"[Not Implemented] ioctl(ino: 0x14b, fh: 740, flags: 0, cmd: 21505, in_data.len(): 0, out_size: 0)","level":"WARN","ts":"2026-10-06T23:56:41.766257666Z","instance":"dfs-a-r1","service_name":"afs-node"}
{"msg":"[Not Implemented] ioctl(ino: 0x14c, fh: 741, flags: 0, cmd: 21505, in_data.len(): 0, out_size: 0)","level":"WARN","ts":"2026-10-06T23:56:41.768177963Z","instance":"dfs-a-r1","service_name":"afs-node"}
{"msg":"[Not Implemented] ioctl(ino: 0x14d, fh: 742, flags: 0, cmd: 21505, in_data.len(): 0, out_size: 0)","level":"WARN","ts":"2026-10-06T23:56:41.770081259Z","instance":"dfs-a-r1","service_name":"afs-node"}
{"msg":"[Not Implemented] ioctl(ino: 0x14e, fh: 743, flags: 0, cmd: 21505, in_data.len(): 0, out_size: 0)","level":"WARN","ts":"2026-10-06T23:56:41.772034806Z","instance":"dfs-a-r1","service_name":"afs-node"}
{"msg":"[Not Implemented] ioctl(ino: 0x14f, fh: 744, flags: 0, cmd: 21505, in_data.len(): 0, out_size: 0)","level":"WARN","ts":"2026-10-06T23:56:41.773891769Z","instance":"dfs-a-r1","service_name":"afs-node"}
{"msg":"[Not Implemented] ioctl(ino: 0x150, fh: 745, flags: 0, cmd: 21505, in_data.len(): 0, out_size: 0)","level":"WARN","ts":"2026-10-06T23:56:41.77571569Z","instance":"dfs-a-r1","service_name":"afs-node"}
{"msg":"[Not Implemented] ioctl(ino: 0x151, fh: 746, flags: 0, cmd: 21505, in_data.len(): 0, out_size: 0)","level":"WARN","ts":"2026-10-06T23:56:41.77769732Z","instance":"dfs-a-r1","service_name":"afs-node"}
{"msg":"[Not Implemented] ioctl(ino: 0x152, fh: 747, flags: 0, cmd: 21505, in_data.len(): 0, out_size: 0)","level":"WARN","ts":"2026-10-06T23:56:41.779594158Z","instance":"dfs-a-r1","service_name":"afs-node"}
{"msg":"[Not Implemented] ioctl(ino: 0x153, fh: 748, flags: 0, cmd: 21505, in_data.len(): 0, out_size: 0)","level":"WARN","ts":"2026-10-06T23:56:41.781436121Z","instance":"dfs-a-r1","service_name":"afs-node"}
{"msg":"[Not Implemented] ioctl(ino: 0x154, fh: 749, flags: 0, cmd: 21505, in_data.len(): 0, out_size: 0)","level":"WARN","ts":"2026-10-06T23:56:41.783335126Z","instance":"dfs-a-r1","service_name":"afs-node"}
{"msg":"[Not Implemented] ioctl(ino: 0x155, fh: 750, flags: 0, cmd: 21505, in_data.len(): 0, out_size: 0)","level":"WARN","ts":"2026-10-06T23:56:41.78524963Z","instance":"dfs-a-r1","service_name":"afs-node"}
{"msg":"[Not Implemented] ioctl(ino: 0x156, fh: 751, flags: 0, cmd: 21505, in_data.len(): 0, out_size: 0)","level":"WARN","ts":"2026-10-06T23:56:41.787190427Z","instance":"dfs-a-r1","service_name":"afs-node"}
{"msg":"[Not Implemented] ioctl(ino: 0x157, fh: 752, flags: 0, cmd: 21505, in_data.len(): 0, out_size: 0)","level":"WARN","ts":"2026-10-06T23:56:41.78909864Z","instance":"dfs-a-r1","service_name":"afs-node"}
{"msg":"[Not Implemented] ioctl(ino: 0x158, fh: 753, flags: 0, cmd: 21505, in_data.len(): 0, out_size: 0)","level":"WARN","ts":"2026-10-06T23:56:41.79095602Z","instance":"dfs-a-r1","service_name":"afs-node"}
{"msg":"[Not Implemented] ioctl(ino: 0x159, fh: 754, flags: 0, cmd: 21505, in_data.len(): 0, out_size: 0)","level":"WARN","ts":"2026-10-06T23:56:41.792828899Z","instance":"dfs-a-r1","service_name":"afs-node"}
{"msg":"[Not Implemented] ioctl(ino: 0x15a, fh: 755, flags: 0, cmd: 21505, in_data.len(): 0, out_size: 0)","level":"WARN","ts":"2026-10-06T23:56:41.794727487Z","instance":"dfs-a-r1","service_name":"afs-node"}
{"msg":"[Not Implemented] ioctl(ino: 0x15b, fh: 756, flags: 0, cmd: 21505, in_data.len(): 0, out_size: 0)","level":"WARN","ts":"2026-10-06T23:56:41.796661867Z","instance":"dfs-a-r1","service_name":"afs-node"}
{"msg":"[Not Implemented] ioctl(ino: 0x15c, fh: 757, flags: 0, cmd: 21505, in_data.len(): 0, out_size: 0)","level":"WARN","ts":"2026-10-06T23:56:41.798563997Z","instance":"dfs-a-r1","service_name":"afs-node"}
{"msg":"[Not Implemented] ioctl(ino: 0x15d, fh: 758, flags: 0, cmd: 21505, in_data.len(): 0, out_size: 0)","level":"WARN","ts":"2026-10-06T23:56:41.800515752Z","instance":"dfs-a-r1","service_name":"afs-node"}
{"msg":"[Not Implemented] ioctl(ino: 0x15e, fh: 759, flags: 0, cmd: 21505, in_data.len(): 0, out_size: 0)","level":"WARN","ts":"2026-10-06T23:56:41.802528382Z","instance":"dfs-a-r1","service_name":"afs-node"}
{"msg":"[Not Implemented] ioctl(ino: 0x15f, fh: 760, flags: 0, cmd: 21505, in_data.len(): 0, out_size: 0)","level":"WARN","ts":"2026-10-06T23:56:41.804583679Z","instance":"dfs-a-r1","service_name":"afs-node"}
{"msg":"[Not Implemented] ioctl(ino: 0x160, fh: 761, flags: 0, cmd: 21505, in_data.len(): 0, out_size: 0)","level":"WARN","ts":"2026-10-06T23:56:41.806618392Z","instance":"dfs-a-r1","service_name":"afs-node"}
{"msg":"[Not Implemented] ioctl(ino: 0x161, fh: 762, flags: 0, cmd: 21505, in_data.len(): 0, out_size: 0)","level":"WARN","ts":"2026-10-06T23:56:41.808620064Z","instance":"dfs-a-r1","service_name":"afs-node"}
{"msg":"[Not Implemented] ioctl(ino: 0x162, fh: 763, flags: 0, cmd: 21505, in_data.len(): 0, out_size: 0)","level":"WARN","ts":"2026-10-06T23:56:41.810520943Z","instance":"dfs-a-r1","service_name":"afs-node"}
{"msg":"[Not Implemented] ioctl(ino: 0x163, fh: 764, flags: 0, cmd: 21505, in_data.len(): 0, out_size: 0)","level":"WARN","ts":"2026-10-06T23:56:41.81253824Z","instance":"dfs-a-r1","service_name":"afs-node"}
{"msg":"[Not Implemented] ioctl(ino: 0x164, fh: 765, flags: 0, cmd: 21505, in_data.len(): 0, out_size: 0)","level":"WARN","ts":"2026-10-06T23:56:41.814593079Z","instance":"dfs-a-r1","service_name":"afs-node"}
{"msg":"[Not Implemented] ioctl(ino: 0x165, fh: 766, flags: 0, cmd: 21505, in_data.len(): 0, out_size: 0)","level":"WARN","ts":"2026-10-06T23:56:41.81656475Z","instance":"dfs-a-r1","service_name":"afs-node"}
{"msg":"[Not Implemented] ioctl(ino: 0x166, fh: 767, flags: 0, cmd: 21505, in_data.len(): 0, out_size: 0)","level":"WARN","ts":"2026-10-06T23:56:41.818626505Z","instance":"dfs-a-r1","service_name":"afs-node"}
{"msg":"[Not Implemented] ioctl(ino: 0x167, fh: 768, flags: 0, cmd: 21505, in_data.len(): 0, out_size: 0)","level":"WARN","ts":"2026-10-06T23:56:41.82061751Z","instance":"dfs-a-r1","service_name":"afs-node"}
{"msg":"[Not Implemented] ioctl(ino: 0x168, fh: 769, flags: 0, cmd: 21505, in_data.len(): 0, out_size: 0)","level":"WARN","ts":"2026-10-06T23:56:41.822608682Z","instance":"dfs-a-r1","service_name":"afs-node"}
{"msg":"[Not Implemented] ioctl(ino: 0x169, fh: 770, flags: 0, cmd: 21505, in_data.len(): 0, out_size: 0)","level":"WARN","ts":"2026-10-06T23:56:41.82460127Z","instance":"dfs-a-r1","service_name":"afs-node"}
{"msg":"[Not Implemented] ioctl(ino: 0x16a, fh: 771, flags: 0, cmd: 21505, in_data.len(): 0, out_size: 0)","level":"WARN","ts":"2026-10-06T23:56:41.826560775Z","instance":"dfs-a-r1","service_name":"afs-node"}
{"msg":"[Not Implemented] ioctl(ino: 0x16b, fh: 772, flags: 0, cmd: 21505, in_data.len(): 0, out_size: 0)","level":"WARN","ts":"2026-10-06T23:56:41.828499113Z","instance":"dfs-a-r1","service_name":"afs-node"}
{"msg":"[Not Implemented] ioctl(ino: 0x16c, fh: 773, flags: 0, cmd: 21505, in_data.len(): 0, out_size: 0)","level":"WARN","ts":"2026-10-06T23:56:41.830470868Z","instance":"dfs-a-r1","service_name":"afs-node"}
{"msg":"[Not Implemented] ioctl(ino: 0x16d, fh: 774, flags: 0, cmd: 21505, in_data.len(): 0, out_size: 0)","level":"WARN","ts":"2026-10-06T23:56:41.832552749Z","instance":"dfs-a-r1","service_name":"afs-node"}
{"msg":"[Not Implemented] ioctl(ino: 0x16e, fh: 775, flags: 0, cmd: 21505, in_data.len(): 0, out_size: 0)","level":"WARN","ts":"2026-10-06T23:56:41.834536253Z","instance":"dfs-a-r1","service_name":"afs-node"}
{"msg":"[Not Implemented] ioctl(ino: 0x16f, fh: 776, flags: 0, cmd: 21505, in_data.len(): 0, out_size: 0)","level":"WARN","ts":"2026-10-06T23:56:41.836616384Z","instance":"dfs-a-r1","service_name":"afs-node"}
{"msg":"[Not Implemented] ioctl(ino: 0x170, fh: 777, flags: 0, cmd: 21505, in_data.len(): 0, out_size: 0)","level":"WARN","ts":"2026-10-06T23:56:41.838686931Z","instance":"dfs-a-r1","service_name":"afs-node"}
{"msg":"[Not Implemented] ioctl(ino: 0x171, fh: 778, flags: 0, cmd: 21505, in_data.len(): 0, out_size: 0)","level":"WARN","ts":"2026-10-06T23:56:41.840789227Z","instance":"dfs-a-r1","service_name":"afs-node"}
{"msg":"[Not Implemented] ioctl(ino: 0x172, fh: 779, flags: 0, cmd: 21505, in_data.len(): 0, out_size: 0)","level":"WARN","ts":"2026-10-06T23:56:41.842744816Z","instance":"dfs-a-r1","service_name":"afs-node"}
{"msg":"[Not Implemented] ioctl(ino: 0x173, fh: 780, flags: 0, cmd: 21505, in_data.len(): 0, out_size: 0)","level":"WARN","ts":"2026-10-06T23:56:41.844698737Z","instance":"dfs-a-r1","service_name":"afs-node"}
{"msg":"[Not Implemented] ioctl(ino: 0x174, fh: 781, flags: 0, cmd: 21505, in_data.len(): 0, out_size: 0)","level":"WARN","ts":"2026-10-06T23:56:41.846775367Z","instance":"dfs-a-r1","service_name":"afs-node"}
{"msg":"[Not Implemented] ioctl(ino: 0x175, fh: 782, flags: 0, cmd: 21505, in_data.len(): 0, out_size: 0)","level":"WARN","ts":"2026-10-06T23:56:41.848765664Z","instance":"dfs-a-r1","service_name":"afs-node"}
{"msg":"[Not Implemented] ioctl(ino: 0x176, fh: 783, flags: 0, cmd: 21505, in_data.len(): 0, out_size: 0)","level":"WARN","ts":"2026-10-06T23:56:41.850722169Z","instance":"dfs-a-r1","service_name":"afs-node"}
{"msg":"[Not Implemented] ioctl(ino: 0x177, fh: 784, flags: 0, cmd: 21505, in_data.len(): 0, out_size: 0)","level":"WARN","ts":"2026-10-06T23:56:41.852711257Z","instance":"dfs-a-r1","service_name":"afs-node"}
{"msg":"[Not Implemented] ioctl(ino: 0x178, fh: 785, flags: 0, cmd: 21505, in_data.len(): 0, out_size: 0)","level":"WARN","ts":"2026-10-06T23:56:41.854720804Z","instance":"dfs-a-r1","service_name":"afs-node"}
{"msg":"[Not Implemented] ioctl(ino: 0x179, fh: 786, flags: 0, cmd: 21505, in_data.len(): 0, out_size: 0)","level":"WARN","ts":"2026-10-06T23:56:41.856767476Z","instance":"dfs-a-r1","service_name":"afs-node"}
{"msg":"[Not Implemented] ioctl(ino: 0x17a, fh: 787, flags: 0, cmd: 21505, in_data.len(): 0, out_size: 0)","level":"WARN","ts":"2026-10-06T23:56:41.858643814Z","instance":"dfs-a-r1","service_name":"afs-node"}
{"msg":"[Not Implemented] ioctl(ino: 0x17b, fh: 788, flags: 0, cmd: 21505, in_data.len(): 0, out_size: 0)","level":"WARN","ts":"2026-10-06T23:56:41.860659027Z","instance":"dfs-a-r1","service_name":"afs-node"}
{"msg":"[Not Implemented] ioctl(ino: 0x17c, fh: 789, flags: 0, cmd: 21505, in_data.len(): 0, out_size: 0)","level":"WARN","ts":"2026-10-06T23:56:41.862603865Z","instance":"dfs-a-r1","service_name":"afs-node"}
{"msg":"[Not Implemented] ioctl(ino: 0x17d, fh: 790, flags: 0, cmd: 21505, in_data.len(): 0, out_size: 0)","level":"WARN","ts":"2026-10-06T23:56:41.864545828Z","instance":"dfs-a-r1","service_name":"afs-node"}
{"msg":"[Not Implemented] ioctl(ino: 0x17e, fh: 791, flags: 0, cmd: 21505, in_data.len(): 0, out_size: 0)","level":"WARN","ts":"2026-10-06T23:56:41.866613084Z","instance":"dfs-a-r1","service_name":"afs-node"}
{"msg":"[Not Implemented] ioctl(ino: 0x17f, fh: 792, flags: 0, cmd: 21505, in_data.len(): 0, out_size: 0)","level":"WARN","ts":"2026-10-06T23:56:41.868667839Z","instance":"dfs-a-r1","service_name":"afs-node"}
{"msg":"[Not Implemented] ioctl(ino: 0x180, fh: 793, flags: 0, cmd: 21505, in_data.len(): 0, out_size: 0)","level":"WARN","ts":"2026-10-06T23:56:41.871209178Z","instance":"dfs-a-r1","service_name":"afs-node"}
{"msg":"[Not Implemented] ioctl(ino: 0x181, fh: 794, flags: 0, cmd: 21505, in_data.len(): 0, out_size: 0)","level":"WARN","ts":"2026-10-06T23:56:41.873843268Z","instance":"dfs-a-r1","service_name":"afs-node"}
{"msg":"[Not Implemented] ioctl(ino: 0x182, fh: 795, flags: 0, cmd: 21505, in_data.len(): 0, out_size: 0)","level":"WARN","ts":"2026-10-06T23:56:41.875785607Z","instance":"dfs-a-r1","service_name":"afs-node"}
{"msg":"[Not Implemented] ioctl(ino: 0x183, fh: 796, flags: 0, cmd: 21505, in_data.len(): 0, out_size: 0)","level":"WARN","ts":"2026-10-06T23:56:41.877695736Z","instance":"dfs-a-r1","service_name":"afs-node"}
{"msg":"[Not Implemented] ioctl(ino: 0x184, fh: 797, flags: 0, cmd: 21505, in_data.len(): 0, out_size: 0)","level":"WARN","ts":"2026-10-06T23:56:41.879572491Z","instance":"dfs-a-r1","service_name":"afs-node"}
{"msg":"[Not Implemented] ioctl(ino: 0x185, fh: 798, flags: 0, cmd: 21505, in_data.len(): 0, out_size: 0)","level":"WARN","ts":"2026-10-06T23:56:41.881509579Z","instance":"dfs-a-r1","service_name":"afs-node"}
{"msg":"[Not Implemented] ioctl(ino: 0x186, fh: 799, flags: 0, cmd: 21505, in_data.len(): 0, out_size: 0)","level":"WARN","ts":"2026-10-06T23:56:41.883426251Z","instance":"dfs-a-r1","service_name":"afs-node"}
{"msg":"[Not Implemented] ioctl(ino: 0x187, fh: 800, flags: 0, cmd: 21505, in_data.len(): 0, out_size: 0)","level":"WARN","ts":"2026-10-06T23:56:41.885325339Z","instance":"dfs-a-r1","service_name":"afs-node"}
{"msg":"[Not Implemented] ioctl(ino: 0x188, fh: 801, flags: 0, cmd: 21505, in_data.len(): 0, out_size: 0)","level":"WARN","ts":"2026-10-06T23:56:41.887345594Z","instance":"dfs-a-r1","service_name":"afs-node"}
{"msg":"[Not Implemented] ioctl(ino: 0x189, fh: 802, flags: 0, cmd: 21505, in_data.len(): 0, out_size: 0)","level":"WARN","ts":"2026-10-06T23:56:41.889196973Z","instance":"dfs-a-r1","service_name":"afs-node"}
{"msg":"[Not Implemented] ioctl(ino: 0x18a, fh: 803, flags: 0, cmd: 21505, in_data.len(): 0, out_size: 0)","level":"WARN","ts":"2026-10-06T23:56:41.891235145Z","instance":"dfs-a-r1","service_name":"afs-node"}
{"msg":"[Not Implemented] ioctl(ino: 0x18b, fh: 804, flags: 0, cmd: 21505, in_data.len(): 0, out_size: 0)","level":"WARN","ts":"2026-10-06T23:56:41.89320665Z","instance":"dfs-a-r1","service_name":"afs-node"}
{"msg":"[Not Implemented] ioctl(ino: 0x18c, fh: 805, flags: 0, cmd: 21505, in_data.len(): 0, out_size: 0)","level":"WARN","ts":"2026-10-06T23:56:41.89531228Z","instance":"dfs-a-r1","service_name":"afs-node"}
{"msg":"[Not Implemented] ioctl(ino: 0x18d, fh: 806, flags: 0, cmd: 21505, in_data.len(): 0, out_size: 0)","level":"WARN","ts":"2026-10-06T23:56:41.897620453Z","instance":"dfs-a-r1","service_name":"afs-node"}
{"msg":"[Not Implemented] ioctl(ino: 0x18e, fh: 807, flags: 0, cmd: 21505, in_data.len(): 0, out_size: 0)","level":"WARN","ts":"2026-10-06T23:56:41.899419999Z","instance":"dfs-a-r1","service_name":"afs-node"}
{"msg":"[Not Implemented] ioctl(ino: 0x18f, fh: 808, flags: 0, cmd: 21505, in_data.len(): 0, out_size: 0)","level":"WARN","ts":"2026-10-06T23:56:41.902151422Z","instance":"dfs-a-r1","service_name":"afs-node"}
{"msg":"[Not Implemented] ioctl(ino: 0x190, fh: 809, flags: 0, cmd: 21505, in_data.len(): 0, out_size: 0)","level":"WARN","ts":"2026-10-06T23:56:41.905926099Z","instance":"dfs-a-r1","service_name":"afs-node"}
{"msg":"[Not Implemented] ioctl(ino: 0x191, fh: 810, flags: 0, cmd: 21505, in_data.len(): 0, out_size: 0)","level":"WARN","ts":"2026-10-06T23:56:41.907866687Z","instance":"dfs-a-r1","service_name":"afs-node"}
{"msg":"[Not Implemented] ioctl(ino: 0x192, fh: 811, flags: 0, cmd: 21505, in_data.len(): 0, out_size: 0)","level":"WARN","ts":"2026-10-06T23:56:41.909610608Z","instance":"dfs-a-r1","service_name":"afs-node"}
{"msg":"[Not Implemented] ioctl(ino: 0x193, fh: 812, flags: 0, cmd: 21505, in_data.len(): 0, out_size: 0)","level":"WARN","ts":"2026-10-06T23:56:41.912013155Z","instance":"dfs-a-r1","service_name":"afs-node"}
{"msg":"[Not Implemented] ioctl(ino: 0x194, fh: 813, flags: 0, cmd: 21505, in_data.len(): 0, out_size: 0)","level":"WARN","ts":"2026-10-06T23:56:41.913962077Z","instance":"dfs-a-r1","service_name":"afs-node"}
{"msg":"[Not Implemented] ioctl(ino: 0x195, fh: 814, flags: 0, cmd: 21505, in_data.len(): 0, out_size: 0)","level":"WARN","ts":"2026-10-06T23:56:41.915873915Z","instance":"dfs-a-r1","service_name":"afs-node"}
{"msg":"FUSE request failed","level":"ERRO","ts":"2026-10-06T23:56:45.310616154Z","instance":"dfs-a-r1","service_name":"afs-node","message":"DFS dentry not found","kind":"NotFound","code":34078721}
{"msg":"FUSE request failed","level":"ERRO","ts":"2026-10-06T23:56:45.310903029Z","instance":"dfs-a-r1","service_name":"afs-node","message":"DFS dentry not found","kind":"NotFound","code":34078721}
{"msg":"FUSE request failed","level":"ERRO","ts":"2026-10-06T23:56:45.311186238Z","instance":"dfs-a-r1","service_name":"afs-node","message":"DFS dentry not found","kind":"NotFound","code":34078721}
{"msg":"FUSE request failed","level":"ERRO","ts":"2026-10-06T23:56:45.334766172Z","instance":"dfs-a-r1","service_name":"afs-node","message":"DFS dentry not found","kind":"NotFound","code":34078721}
{"msg":"fuse.create","level":"INFO","ts":"2026-10-06T23:56:45.334809714Z","instance":"dfs-a-r1","service_name":"afs-node","name":"entry-0000.bin","parent":406}
{"msg":"FUSE request failed","level":"ERRO","ts":"2026-10-06T23:56:45.379777742Z","instance":"dfs-a-r1","service_name":"afs-node","message":"DFS currently supports only user.* xattrs","kind":"FailedPrecondition","code":67305489}
{"msg":"FUSE request failed","level":"ERRO","ts":"2026-10-06T23:56:45.40807877Z","instance":"dfs-a-r1","service_name":"afs-node","message":"DFS dentry not found","kind":"NotFound","code":34078721}
{"msg":"fuse.create","level":"INFO","ts":"2026-10-06T23:56:45.408115979Z","instance":"dfs-a-r1","service_name":"afs-node","name":"entry-0001.bin","parent":406}
{"msg":"FUSE request failed","level":"ERRO","ts":"2026-10-06T23:56:45.448736121Z","instance":"dfs-a-r1","service_name":"afs-node","message":"DFS currently supports only user.* xattrs","kind":"FailedPrecondition","code":67305489}
{"msg":"FUSE request failed","level":"ERRO","ts":"2026-10-06T23:56:45.479471614Z","instance":"dfs-a-r1","service_name":"afs-node","message":"DFS dentry not found","kind":"NotFound","code":34078721}
{"msg":"fuse.create","level":"INFO","ts":"2026-10-06T23:56:45.479479156Z","instance":"dfs-a-r1","service_name":"afs-node","name":"entry-0002.bin","parent":406}
{"msg":"FUSE request failed","level":"ERRO","ts":"2026-10-06T23:56:45.523170222Z","instance":"dfs-a-r1","service_name":"afs-node","message":"DFS currently supports only user.* xattrs","kind":"FailedPrecondition","code":67305489}
{"msg":"FUSE request failed","level":"ERRO","ts":"2026-10-06T23:56:45.555001968Z","instance":"dfs-a-r1","service_name":"afs-node","message":"DFS dentry not found","kind":"NotFound","code":34078721}
{"msg":"fuse.create","level":"INFO","ts":"2026-10-06T23:56:45.555036385Z","instance":"dfs-a-r1","service_name":"afs-node","name":"entry-0003.bin","parent":406}
{"msg":"FUSE request failed","level":"ERRO","ts":"2026-10-06T23:56:45.599216702Z","instance":"dfs-a-r1","service_name":"afs-node","message":"DFS currently supports only user.* xattrs","kind":"FailedPrecondition","code":67305489}
{"msg":"FUSE request failed","level":"ERRO","ts":"2026-10-06T23:56:45.633369287Z","instance":"dfs-a-r1","service_name":"afs-node","message":"DFS dentry not found","kind":"NotFound","code":34078721}
{"msg":"fuse.create","level":"INFO","ts":"2026-10-06T23:56:45.633430912Z","instance":"dfs-a-r1","service_name":"afs-node","name":"entry-0004.bin","parent":406}
{"msg":"FUSE request failed","level":"ERRO","ts":"2026-10-06T23:56:45.675972434Z","instance":"dfs-a-r1","service_name":"afs-node","message":"DFS currently supports only user.* xattrs","kind":"FailedPrecondition","code":67305489}
{"msg":"FUSE request failed","level":"ERRO","ts":"2026-10-06T23:56:45.702643667Z","instance":"dfs-a-r1","service_name":"afs-node","message":"DFS dentry not found","kind":"NotFound","code":34078721}
{"msg":"fuse.create","level":"INFO","ts":"2026-10-06T23:56:45.70265275Z","instance":"dfs-a-r1","service_name":"afs-node","name":"entry-0005.bin","parent":406}
{"msg":"FUSE request failed","level":"ERRO","ts":"2026-10-06T23:56:45.74403577Z","instance":"dfs-a-r1","service_name":"afs-node","message":"DFS currently supports only user.* xattrs","kind":"FailedPrecondition","code":67305489}
{"msg":"FUSE request failed","level":"ERRO","ts":"2026-10-06T23:56:45.774677304Z","instance":"dfs-a-r1","service_name":"afs-node","message":"DFS dentry not found","kind":"NotFound","code":34078721}
{"msg":"fuse.create","level":"INFO","ts":"2026-10-06T23:56:45.774715346Z","instance":"dfs-a-r1","service_name":"afs-node","name":"entry-0006.bin","parent":406}
{"msg":"FUSE request failed","level":"ERRO","ts":"2026-10-06T23:56:45.817203284Z","instance":"dfs-a-r1","service_name":"afs-node","message":"DFS currently supports only user.* xattrs","kind":"FailedPrecondition","code":67305489}
{"msg":"FUSE request failed","level":"ERRO","ts":"2026-10-06T23:56:45.846761233Z","instance":"dfs-a-r1","service_name":"afs-node","message":"DFS dentry not found","kind":"NotFound","code":34078721}
{"msg":"fuse.create","level":"INFO","ts":"2026-10-06T23:56:45.846777941Z","instance":"dfs-a-r1","service_name":"afs-node","name":"entry-0007.bin","parent":406}
{"msg":"FUSE request failed","level":"ERRO","ts":"2026-10-06T23:56:45.888690295Z","instance":"dfs-a-r1","service_name":"afs-node","message":"DFS currently supports only user.* xattrs","kind":"FailedPrecondition","code":67305489}
{"msg":"FUSE request failed","level":"ERRO","ts":"2026-10-06T23:56:45.920246498Z","instance":"dfs-a-r1","service_name":"afs-node","message":"DFS dentry not found","kind":"NotFound","code":34078721}
{"msg":"fuse.create","level":"INFO","ts":"2026-10-06T23:56:45.920290582Z","instance":"dfs-a-r1","service_name":"afs-node","name":"entry-0008.bin","parent":406}
{"msg":"FUSE request failed","level":"ERRO","ts":"2026-10-06T23:56:45.960308264Z","instance":"dfs-a-r1","service_name":"afs-node","message":"DFS currently supports only user.* xattrs","kind":"FailedPrecondition","code":67305489}
{"msg":"FUSE request failed","level":"ERRO","ts":"2026-10-06T23:56:45.988762751Z","instance":"dfs-a-r1","service_name":"afs-node","message":"DFS dentry not found","kind":"NotFound","code":34078721}
{"msg":"fuse.create","level":"INFO","ts":"2026-10-06T23:56:45.988784543Z","instance":"dfs-a-r1","service_name":"afs-node","name":"entry-0009.bin","parent":406}
{"msg":"FUSE request failed","level":"ERRO","ts":"2026-10-06T23:56:46.031985858Z","instance":"dfs-a-r1","service_name":"afs-node","message":"DFS currently supports only user.* xattrs","kind":"FailedPrecondition","code":67305489}
{"msg":"FUSE request failed","level":"ERRO","ts":"2026-10-06T23:56:46.061002764Z","instance":"dfs-a-r1","service_name":"afs-node","message":"DFS dentry not found","kind":"NotFound","code":34078721}
{"msg":"fuse.create","level":"INFO","ts":"2026-10-06T23:56:46.061060805Z","instance":"dfs-a-r1","service_name":"afs-node","name":"entry-0010.bin","parent":406}
{"msg":"FUSE request failed","level":"ERRO","ts":"2026-10-06T23:56:46.104080495Z","instance":"dfs-a-r1","service_name":"afs-node","message":"DFS currently supports only user.* xattrs","kind":"FailedPrecondition","code":67305489}
{"msg":"FUSE request failed","level":"ERRO","ts":"2026-10-06T23:56:46.133745985Z","instance":"dfs-a-r1","service_name":"afs-node","message":"DFS dentry not found","kind":"NotFound","code":34078721}
{"msg":"fuse.create","level":"INFO","ts":"2026-10-06T23:56:46.133792694Z","instance":"dfs-a-r1","service_name":"afs-node","name":"entry-0011.bin","parent":406}
{"msg":"FUSE request failed","level":"ERRO","ts":"2026-10-06T23:56:46.173396792Z","instance":"dfs-a-r1","service_name":"afs-node","message":"DFS currently supports only user.* xattrs","kind":"FailedPrecondition","code":67305489}
{"msg":"FUSE request failed","level":"ERRO","ts":"2026-10-06T23:56:46.208429628Z","instance":"dfs-a-r1","service_name":"afs-node","message":"DFS dentry not found","kind":"NotFound","code":34078721}
{"msg":"fuse.create","level":"INFO","ts":"2026-10-06T23:56:46.208440712Z","instance":"dfs-a-r1","service_name":"afs-node","name":"entry-0012.bin","parent":406}
{"msg":"FUSE request failed","level":"ERRO","ts":"2026-10-06T23:56:46.250164982Z","instance":"dfs-a-r1","service_name":"afs-node","message":"DFS currently supports only user.* xattrs","kind":"FailedPrecondition","code":67305489}
{"msg":"FUSE request failed","level":"ERRO","ts":"2026-10-06T23:56:46.286971406Z","instance":"dfs-a-r1","service_name":"afs-node","message":"DFS dentry not found","kind":"NotFound","code":34078721}
{"msg":"fuse.create","level":"INFO","ts":"2026-10-06T23:56:46.287008323Z","instance":"dfs-a-r1","service_name":"afs-node","name":"entry-0013.bin","parent":406}
{"msg":"FUSE request failed","level":"ERRO","ts":"2026-10-06T23:56:46.32778634Z","instance":"dfs-a-r1","service_name":"afs-node","message":"DFS currently supports only user.* xattrs","kind":"FailedPrecondition","code":67305489}
{"msg":"FUSE request failed","level":"ERRO","ts":"2026-10-06T23:56:46.363551512Z","instance":"dfs-a-r1","service_name":"afs-node","message":"DFS dentry not found","kind":"NotFound","code":34078721}
{"msg":"fuse.create","level":"INFO","ts":"2026-10-06T23:56:46.363561137Z","instance":"dfs-a-r1","service_name":"afs-node","name":"entry-0014.bin","parent":406}
{"msg":"FUSE request failed","level":"ERRO","ts":"2026-10-06T23:56:46.408430165Z","instance":"dfs-a-r1","service_name":"afs-node","message":"DFS currently supports only user.* xattrs","kind":"FailedPrecondition","code":67305489}
{"msg":"FUSE request failed","level":"ERRO","ts":"2026-10-06T23:56:46.439708492Z","instance":"dfs-a-r1","service_name":"afs-node","message":"DFS dentry not found","kind":"NotFound","code":34078721}
{"msg":"fuse.create","level":"INFO","ts":"2026-10-06T23:56:46.439742534Z","instance":"dfs-a-r1","service_name":"afs-node","name":"entry-0015.bin","parent":406}
{"msg":"FUSE request failed","level":"ERRO","ts":"2026-10-06T23:56:46.484070602Z","instance":"dfs-a-r1","service_name":"afs-node","message":"DFS currently supports only user.* xattrs","kind":"FailedPrecondition","code":67305489}
{"msg":"FUSE request failed","level":"ERRO","ts":"2026-10-06T23:56:46.518547729Z","instance":"dfs-a-r1","service_name":"afs-node","message":"DFS dentry not found","kind":"NotFound","code":34078721}
{"msg":"fuse.create","level":"INFO","ts":"2026-10-06T23:56:46.518576604Z","instance":"dfs-a-r1","service_name":"afs-node","name":"entry-0016.bin","parent":406}
{"msg":"FUSE request failed","level":"ERRO","ts":"2026-10-06T23:56:46.560265999Z","instance":"dfs-a-r1","service_name":"afs-node","message":"DFS currently supports only user.* xattrs","kind":"FailedPrecondition","code":67305489}
{"msg":"FUSE request failed","level":"ERRO","ts":"2026-10-06T23:56:46.594372125Z","instance":"dfs-a-r1","service_name":"afs-node","message":"DFS dentry not found","kind":"NotFound","code":34078721}
{"msg":"fuse.create","level":"INFO","ts":"2026-10-06T23:56:46.594382875Z","instance":"dfs-a-r1","service_name":"afs-node","name":"entry-0017.bin","parent":406}
{"msg":"FUSE request failed","level":"ERRO","ts":"2026-10-06T23:56:46.642243243Z","instance":"dfs-a-r1","service_name":"afs-node","message":"DFS currently supports only user.* xattrs","kind":"FailedPrecondition","code":67305489}
{"msg":"FUSE request failed","level":"ERRO","ts":"2026-10-06T23:56:46.675802035Z","instance":"dfs-a-r1","service_name":"afs-node","message":"DFS dentry not found","kind":"NotFound","code":34078721}
{"msg":"fuse.create","level":"INFO","ts":"2026-10-06T23:56:46.675839201Z","instance":"dfs-a-r1","service_name":"afs-node","name":"entry-0018.bin","parent":406}
{"msg":"FUSE request failed","level":"ERRO","ts":"2026-10-06T23:56:46.71987031Z","instance":"dfs-a-r1","service_name":"afs-node","message":"DFS currently supports only user.* xattrs","kind":"FailedPrecondition","code":67305489}
{"msg":"FUSE request failed","level":"ERRO","ts":"2026-10-06T23:56:46.756526693Z","instance":"dfs-a-r1","service_name":"afs-node","message":"DFS dentry not found","kind":"NotFound","code":34078721}
{"msg":"fuse.create","level":"INFO","ts":"2026-10-06T23:56:46.756536734Z","instance":"dfs-a-r1","service_name":"afs-node","name":"entry-0019.bin","parent":406}
{"msg":"FUSE request failed","level":"ERRO","ts":"2026-10-06T23:56:46.801155345Z","instance":"dfs-a-r1","service_name":"afs-node","message":"DFS currently supports only user.* xattrs","kind":"FailedPrecondition","code":67305489}
{"msg":"FUSE request failed","level":"ERRO","ts":"2026-10-06T23:56:46.832181838Z","instance":"dfs-a-r1","service_name":"afs-node","message":"DFS dentry not found","kind":"NotFound","code":34078721}
{"msg":"fuse.create","level":"INFO","ts":"2026-10-06T23:56:46.832233005Z","instance":"dfs-a-r1","service_name":"afs-node","name":"entry-0020.bin","parent":406}
{"msg":"FUSE request failed","level":"ERRO","ts":"2026-10-06T23:56:46.875873155Z","instance":"dfs-a-r1","service_name":"afs-node","message":"DFS currently supports only user.* xattrs","kind":"FailedPrecondition","code":67305489}
{"msg":"FUSE request failed","level":"ERRO","ts":"2026-10-06T23:56:46.913538123Z","instance":"dfs-a-r1","service_name":"afs-node","message":"DFS dentry not found","kind":"NotFound","code":34078721}
{"msg":"fuse.create","level":"INFO","ts":"2026-10-06T23:56:46.913561664Z","instance":"dfs-a-r1","service_name":"afs-node","name":"entry-0021.bin","parent":406}
{"msg":"FUSE request failed","level":"ERRO","ts":"2026-10-06T23:56:46.959165652Z","instance":"dfs-a-r1","service_name":"afs-node","message":"DFS currently supports only user.* xattrs","kind":"FailedPrecondition","code":67305489}
{"msg":"FUSE request failed","level":"ERRO","ts":"2026-10-06T23:56:46.992021984Z","instance":"dfs-a-r1","service_name":"afs-node","message":"DFS dentry not found","kind":"NotFound","code":34078721}
{"msg":"fuse.create","level":"INFO","ts":"2026-10-06T23:56:46.9920354Z","instance":"dfs-a-r1","service_name":"afs-node","name":"entry-0022.bin","parent":406}
{"msg":"FUSE request failed","level":"ERRO","ts":"2026-10-06T23:56:47.043205985Z","instance":"dfs-a-r1","service_name":"afs-node","message":"DFS currently supports only user.* xattrs","kind":"FailedPrecondition","code":67305489}
{"msg":"FUSE request failed","level":"ERRO","ts":"2026-10-06T23:56:47.083635335Z","instance":"dfs-a-r1","service_name":"afs-node","message":"DFS dentry not found","kind":"NotFound","code":34078721}
{"msg":"fuse.create","level":"INFO","ts":"2026-10-06T23:56:47.083656501Z","instance":"dfs-a-r1","service_name":"afs-node","name":"entry-0023.bin","parent":406}
{"msg":"FUSE request failed","level":"ERRO","ts":"2026-10-06T23:56:47.128972613Z","instance":"dfs-a-r1","service_name":"afs-node","message":"DFS currently supports only user.* xattrs","kind":"FailedPrecondition","code":67305489}
{"msg":"FUSE request failed","level":"ERRO","ts":"2026-10-06T23:56:47.167261458Z","instance":"dfs-a-r1","service_name":"afs-node","message":"DFS dentry not found","kind":"NotFound","code":34078721}
{"msg":"fuse.create","level":"INFO","ts":"2026-10-06T23:56:47.167299416Z","instance":"dfs-a-r1","service_name":"afs-node","name":"entry-0024.bin","parent":406}
{"msg":"FUSE request failed","level":"ERRO","ts":"2026-10-06T23:56:47.211089816Z","instance":"dfs-a-r1","service_name":"afs-node","message":"DFS currently supports only user.* xattrs","kind":"FailedPrecondition","code":67305489}
{"msg":"FUSE request failed","level":"ERRO","ts":"2026-10-06T23:56:47.240199305Z","instance":"dfs-a-r1","service_name":"afs-node","message":"DFS dentry not found","kind":"NotFound","code":34078721}
{"msg":"fuse.create","level":"INFO","ts":"2026-10-06T23:56:47.240220513Z","instance":"dfs-a-r1","service_name":"afs-node","name":"entry-0025.bin","parent":406}
{"msg":"FUSE request failed","level":"ERRO","ts":"2026-10-06T23:56:47.283492078Z","instance":"dfs-a-r1","service_name":"afs-node","message":"DFS currently supports only user.* xattrs","kind":"FailedPrecondition","code":67305489}
{"msg":"FUSE request failed","level":"ERRO","ts":"2026-10-06T23:56:47.317817913Z","instance":"dfs-a-r1","service_name":"afs-node","message":"DFS dentry not found","kind":"NotFound","code":34078721}
{"msg":"fuse.create","level":"INFO","ts":"2026-10-06T23:56:47.317830038Z","instance":"dfs-a-r1","service_name":"afs-node","name":"entry-0026.bin","parent":406}
{"msg":"FUSE request failed","level":"ERRO","ts":"2026-10-06T23:56:47.361484687Z","instance":"dfs-a-r1","service_name":"afs-node","message":"DFS currently supports only user.* xattrs","kind":"FailedPrecondition","code":67305489}
{"msg":"FUSE request failed","level":"ERRO","ts":"2026-10-06T23:56:47.394307269Z","instance":"dfs-a-r1","service_name":"afs-node","message":"DFS dentry not found","kind":"NotFound","code":34078721}
{"msg":"fuse.create","level":"INFO","ts":"2026-10-06T23:56:47.39431931Z","instance":"dfs-a-r1","service_name":"afs-node","name":"entry-0027.bin","parent":406}
{"msg":"FUSE request failed","level":"ERRO","ts":"2026-10-06T23:56:47.441522468Z","instance":"dfs-a-r1","service_name":"afs-node","message":"DFS currently supports only user.* xattrs","kind":"FailedPrecondition","code":67305489}
{"msg":"FUSE request failed","level":"ERRO","ts":"2026-10-06T23:56:47.475399552Z","instance":"dfs-a-r1","service_name":"afs-node","message":"DFS dentry not found","kind":"NotFound","code":34078721}
{"msg":"fuse.create","level":"INFO","ts":"2026-10-06T23:56:47.475437635Z","instance":"dfs-a-r1","service_name":"afs-node","name":"entry-0028.bin","parent":406}
{"msg":"FUSE request failed","level":"ERRO","ts":"2026-10-06T23:56:47.520417663Z","instance":"dfs-a-r1","service_name":"afs-node","message":"DFS currently supports only user.* xattrs","kind":"FailedPrecondition","code":67305489}
{"msg":"FUSE request failed","level":"ERRO","ts":"2026-10-06T23:56:47.550405362Z","instance":"dfs-a-r1","service_name":"afs-node","message":"DFS dentry not found","kind":"NotFound","code":34078721}
{"msg":"fuse.create","level":"INFO","ts":"2026-10-06T23:56:47.550417196Z","instance":"dfs-a-r1","service_name":"afs-node","name":"entry-0029.bin","parent":406}
{"msg":"FUSE request failed","level":"ERRO","ts":"2026-10-06T23:56:47.596788185Z","instance":"dfs-a-r1","service_name":"afs-node","message":"DFS currently supports only user.* xattrs","kind":"FailedPrecondition","code":67305489}
{"msg":"FUSE request failed","level":"ERRO","ts":"2026-10-06T23:56:47.627486969Z","instance":"dfs-a-r1","service_name":"afs-node","message":"DFS dentry not found","kind":"NotFound","code":34078721}
{"msg":"fuse.create","level":"INFO","ts":"2026-10-06T23:56:47.627510803Z","instance":"dfs-a-r1","service_name":"afs-node","name":"entry-0030.bin","parent":406}
{"msg":"FUSE request failed","level":"ERRO","ts":"2026-10-06T23:56:47.671221077Z","instance":"dfs-a-r1","service_name":"afs-node","message":"DFS currently supports only user.* xattrs","kind":"FailedPrecondition","code":67305489}
{"msg":"FUSE request failed","level":"ERRO","ts":"2026-10-06T23:56:47.702846697Z","instance":"dfs-a-r1","service_name":"afs-node","message":"DFS dentry not found","kind":"NotFound","code":34078721}
{"msg":"fuse.create","level":"INFO","ts":"2026-10-06T23:56:47.702897197Z","instance":"dfs-a-r1","service_name":"afs-node","name":"entry-0031.bin","parent":406}
{"msg":"FUSE request failed","level":"ERRO","ts":"2026-10-06T23:56:47.745549844Z","instance":"dfs-a-r1","service_name":"afs-node","message":"DFS currently supports only user.* xattrs","kind":"FailedPrecondition","code":67305489}
{"msg":"FUSE request failed","level":"ERRO","ts":"2026-10-06T23:56:47.774054581Z","instance":"dfs-a-r1","service_name":"afs-node","message":"DFS dentry not found","kind":"NotFound","code":34078721}
{"msg":"fuse.create","level":"INFO","ts":"2026-10-06T23:56:47.774065581Z","instance":"dfs-a-r1","service_name":"afs-node","name":"entry-0032.bin","parent":406}
{"msg":"FUSE request failed","level":"ERRO","ts":"2026-10-06T23:56:47.816306102Z","instance":"dfs-a-r1","service_name":"afs-node","message":"DFS currently supports only user.* xattrs","kind":"FailedPrecondition","code":67305489}
{"msg":"FUSE request failed","level":"ERRO","ts":"2026-10-06T23:56:47.846391593Z","instance":"dfs-a-r1","service_name":"afs-node","message":"DFS dentry not found","kind":"NotFound","code":34078721}
{"msg":"fuse.create","level":"INFO","ts":"2026-10-06T23:56:47.846466968Z","instance":"dfs-a-r1","service_name":"afs-node","name":"entry-0033.bin","parent":406}
{"msg":"FUSE request failed","level":"ERRO","ts":"2026-10-06T23:56:47.887884487Z","instance":"dfs-a-r1","service_name":"afs-node","message":"DFS currently supports only user.* xattrs","kind":"FailedPrecondition","code":67305489}
{"msg":"FUSE request failed","level":"ERRO","ts":"2026-10-06T23:56:47.918531646Z","instance":"dfs-a-r1","service_name":"afs-node","message":"DFS dentry not found","kind":"NotFound","code":34078721}
{"msg":"fuse.create","level":"INFO","ts":"2026-10-06T23:56:47.918570688Z","instance":"dfs-a-r1","service_name":"afs-node","name":"entry-0034.bin","parent":406}
{"msg":"FUSE request failed","level":"ERRO","ts":"2026-10-06T23:56:47.961256627Z","instance":"dfs-a-r1","service_name":"afs-node","message":"DFS currently supports only user.* xattrs","kind":"FailedPrecondition","code":67305489}
{"msg":"FUSE request failed","level":"ERRO","ts":"2026-10-06T23:56:47.995392628Z","instance":"dfs-a-r1","service_name":"afs-node","message":"DFS dentry not found","kind":"NotFound","code":34078721}
{"msg":"fuse.create","level":"INFO","ts":"2026-10-06T23:56:47.995402961Z","instance":"dfs-a-r1","service_name":"afs-node","name":"entry-0035.bin","parent":406}
{"msg":"FUSE request failed","level":"ERRO","ts":"2026-10-06T23:56:48.038376525Z","instance":"dfs-a-r1","service_name":"afs-node","message":"DFS currently supports only user.* xattrs","kind":"FailedPrecondition","code":67305489}
{"msg":"FUSE request failed","level":"ERRO","ts":"2026-10-06T23:56:48.068026807Z","instance":"dfs-a-r1","service_name":"afs-node","message":"DFS dentry not found","kind":"NotFound","code":34078721}
{"msg":"fuse.create","level":"INFO","ts":"2026-10-06T23:56:48.068037098Z","instance":"dfs-a-r1","service_name":"afs-node","name":"entry-0036.bin","parent":406}
{"msg":"FUSE request failed","level":"ERRO","ts":"2026-10-06T23:56:48.112075124Z","instance":"dfs-a-r1","service_name":"afs-node","message":"DFS currently supports only user.* xattrs","kind":"FailedPrecondition","code":67305489}
{"msg":"FUSE request failed","level":"ERRO","ts":"2026-10-06T23:56:48.141844155Z","instance":"dfs-a-r1","service_name":"afs-node","message":"DFS dentry not found","kind":"NotFound","code":34078721}
{"msg":"fuse.create","level":"INFO","ts":"2026-10-06T23:56:48.141854864Z","instance":"dfs-a-r1","service_name":"afs-node","name":"entry-0037.bin","parent":406}
{"msg":"FUSE request failed","level":"ERRO","ts":"2026-10-06T23:56:48.185794305Z","instance":"dfs-a-r1","service_name":"afs-node","message":"DFS currently supports only user.* xattrs","kind":"FailedPrecondition","code":67305489}
{"msg":"FUSE request failed","level":"ERRO","ts":"2026-10-06T23:56:48.215604545Z","instance":"dfs-a-r1","service_name":"afs-node","message":"DFS dentry not found","kind":"NotFound","code":34078721}
{"msg":"fuse.create","level":"INFO","ts":"2026-10-06T23:56:48.215615754Z","instance":"dfs-a-r1","service_name":"afs-node","name":"entry-0038.bin","parent":406}
{"msg":"FUSE request failed","level":"ERRO","ts":"2026-10-06T23:56:48.260849948Z","instance":"dfs-a-r1","service_name":"afs-node","message":"DFS currently supports only user.* xattrs","kind":"FailedPrecondition","code":67305489}
{"msg":"FUSE request failed","level":"ERRO","ts":"2026-10-06T23:56:48.291353149Z","instance":"dfs-a-r1","service_name":"afs-node","message":"DFS dentry not found","kind":"NotFound","code":34078721}
{"msg":"fuse.create","level":"INFO","ts":"2026-10-06T23:56:48.291378149Z","instance":"dfs-a-r1","service_name":"afs-node","name":"entry-0039.bin","parent":406}
{"msg":"FUSE request failed","level":"ERRO","ts":"2026-10-06T23:56:48.334992964Z","instance":"dfs-a-r1","service_name":"afs-node","message":"DFS currently supports only user.* xattrs","kind":"FailedPrecondition","code":67305489}
{"msg":"FUSE request failed","level":"ERRO","ts":"2026-10-06T23:56:48.366761501Z","instance":"dfs-a-r1","service_name":"afs-node","message":"DFS dentry not found","kind":"NotFound","code":34078721}
{"msg":"fuse.create","level":"INFO","ts":"2026-10-06T23:56:48.36680746Z","instance":"dfs-a-r1","service_name":"afs-node","name":"entry-0040.bin","parent":406}
{"msg":"FUSE request failed","level":"ERRO","ts":"2026-10-06T23:56:48.411367861Z","instance":"dfs-a-r1","service_name":"afs-node","message":"DFS currently supports only user.* xattrs","kind":"FailedPrecondition","code":67305489}
{"msg":"FUSE request failed","level":"ERRO","ts":"2026-10-06T23:56:48.438984762Z","instance":"dfs-a-r1","service_name":"afs-node","message":"DFS dentry not found","kind":"NotFound","code":34078721}
{"msg":"fuse.create","level":"INFO","ts":"2026-10-06T23:56:48.438996346Z","instance":"dfs-a-r1","service_name":"afs-node","name":"entry-0041.bin","parent":406}
{"msg":"FUSE request failed","level":"ERRO","ts":"2026-10-06T23:56:48.483650789Z","instance":"dfs-a-r1","service_name":"afs-node","message":"DFS currently supports only user.* xattrs","kind":"FailedPrecondition","code":67305489}
{"msg":"FUSE request failed","level":"ERRO","ts":"2026-10-06T23:56:48.511371982Z","instance":"dfs-a-r1","service_name":"afs-node","message":"DFS dentry not found","kind":"NotFound","code":34078721}
{"msg":"fuse.create","level":"INFO","ts":"2026-10-06T23:56:48.511410649Z","instance":"dfs-a-r1","service_name":"afs-node","name":"entry-0042.bin","parent":406}
{"msg":"FUSE request failed","level":"ERRO","ts":"2026-10-06T23:56:48.558858266Z","instance":"dfs-a-r1","service_name":"afs-node","message":"DFS currently supports only user.* xattrs","kind":"FailedPrecondition","code":67305489}
{"msg":"FUSE request failed","level":"ERRO","ts":"2026-10-06T23:56:48.588190005Z","instance":"dfs-a-r1","service_name":"afs-node","message":"DFS dentry not found","kind":"NotFound","code":34078721}
{"msg":"fuse.create","level":"INFO","ts":"2026-10-06T23:56:48.588258464Z","instance":"dfs-a-r1","service_name":"afs-node","name":"entry-0043.bin","parent":406}
{"msg":"FUSE request failed","level":"ERRO","ts":"2026-10-06T23:56:48.635157204Z","instance":"dfs-a-r1","service_name":"afs-node","message":"DFS currently supports only user.* xattrs","kind":"FailedPrecondition","code":67305489}
{"msg":"FUSE request failed","level":"ERRO","ts":"2026-10-06T23:56:48.671581294Z","instance":"dfs-a-r1","service_name":"afs-node","message":"DFS dentry not found","kind":"NotFound","code":34078721}
{"msg":"fuse.create","level":"INFO","ts":"2026-10-06T23:56:48.671595669Z","instance":"dfs-a-r1","service_name":"afs-node","name":"entry-0044.bin","parent":406}
{"msg":"FUSE request failed","level":"ERRO","ts":"2026-10-06T23:56:48.715232568Z","instance":"dfs-a-r1","service_name":"afs-node","message":"DFS currently supports only user.* xattrs","kind":"FailedPrecondition","code":67305489}
{"msg":"FUSE request failed","level":"ERRO","ts":"2026-10-06T23:56:48.744697057Z","instance":"dfs-a-r1","service_name":"afs-node","message":"DFS dentry not found","kind":"NotFound","code":34078721}
{"msg":"fuse.create","level":"INFO","ts":"2026-10-06T23:56:48.744705099Z","instance":"dfs-a-r1","service_name":"afs-node","name":"entry-0045.bin","parent":406}
{"msg":"FUSE request failed","level":"ERRO","ts":"2026-10-06T23:56:48.78767108Z","instance":"dfs-a-r1","service_name":"afs-node","message":"DFS currently supports only user.* xattrs","kind":"FailedPrecondition","code":67305489}
{"msg":"FUSE request failed","level":"ERRO","ts":"2026-10-06T23:56:48.824045336Z","instance":"dfs-a-r1","service_name":"afs-node","message":"DFS dentry not found","kind":"NotFound","code":34078721}
{"msg":"fuse.create","level":"INFO","ts":"2026-10-06T23:56:48.82405642Z","instance":"dfs-a-r1","service_name":"afs-node","name":"entry-0046.bin","parent":406}
{"msg":"FUSE request failed","level":"ERRO","ts":"2026-10-06T23:56:48.86825832Z","instance":"dfs-a-r1","service_name":"afs-node","message":"DFS currently supports only user.* xattrs","kind":"FailedPrecondition","code":67305489}
{"msg":"FUSE request failed","level":"ERRO","ts":"2026-10-06T23:56:48.906600915Z","instance":"dfs-a-r1","service_name":"afs-node","message":"DFS dentry not found","kind":"NotFound","code":34078721}
{"msg":"fuse.create","level":"INFO","ts":"2026-10-06T23:56:48.906610665Z","instance":"dfs-a-r1","service_name":"afs-node","name":"entry-0047.bin","parent":406}
{"msg":"FUSE request failed","level":"ERRO","ts":"2026-10-06T23:56:48.948893019Z","instance":"dfs-a-r1","service_name":"afs-node","message":"DFS currently supports only user.* xattrs","kind":"FailedPrecondition","code":67305489}
{"msg":"FUSE request failed","level":"ERRO","ts":"2026-10-06T23:56:48.977238797Z","instance":"dfs-a-r1","service_name":"afs-node","message":"DFS dentry not found","kind":"NotFound","code":34078721}
{"msg":"fuse.create","level":"INFO","ts":"2026-10-06T23:56:48.977307922Z","instance":"dfs-a-r1","service_name":"afs-node","name":"entry-0048.bin","parent":406}
{"msg":"FUSE request failed","level":"ERRO","ts":"2026-10-06T23:56:49.019228234Z","instance":"dfs-a-r1","service_name":"afs-node","message":"DFS currently supports only user.* xattrs","kind":"FailedPrecondition","code":67305489}
{"msg":"FUSE request failed","level":"ERRO","ts":"2026-10-06T23:56:49.049891268Z","instance":"dfs-a-r1","service_name":"afs-node","message":"DFS dentry not found","kind":"NotFound","code":34078721}
{"msg":"fuse.create","level":"INFO","ts":"2026-10-06T23:56:49.049937726Z","instance":"dfs-a-r1","service_name":"afs-node","name":"entry-0049.bin","parent":406}
{"msg":"FUSE request failed","level":"ERRO","ts":"2026-10-06T23:56:49.092270288Z","instance":"dfs-a-r1","service_name":"afs-node","message":"DFS currently supports only user.* xattrs","kind":"FailedPrecondition","code":67305489}
{"msg":"FUSE request failed","level":"ERRO","ts":"2026-10-06T23:56:49.124632201Z","instance":"dfs-a-r1","service_name":"afs-node","message":"DFS dentry not found","kind":"NotFound","code":34078721}
{"msg":"fuse.create","level":"INFO","ts":"2026-10-06T23:56:49.124679951Z","instance":"dfs-a-r1","service_name":"afs-node","name":"entry-0050.bin","parent":406}
{"msg":"FUSE request failed","level":"ERRO","ts":"2026-10-06T23:56:49.170455231Z","instance":"dfs-a-r1","service_name":"afs-node","message":"DFS currently supports only user.* xattrs","kind":"FailedPrecondition","code":67305489}
{"msg":"FUSE request failed","level":"ERRO","ts":"2026-10-06T23:56:49.20271006Z","instance":"dfs-a-r1","service_name":"afs-node","message":"DFS dentry not found","kind":"NotFound","code":34078721}
{"msg":"fuse.create","level":"INFO","ts":"2026-10-06T23:56:49.202721477Z","instance":"dfs-a-r1","service_name":"afs-node","name":"entry-0051.bin","parent":406}
{"msg":"FUSE request failed","level":"ERRO","ts":"2026-10-06T23:56:49.244601788Z","instance":"dfs-a-r1","service_name":"afs-node","message":"DFS currently supports only user.* xattrs","kind":"FailedPrecondition","code":67305489}
{"msg":"FUSE request failed","level":"ERRO","ts":"2026-10-06T23:56:49.274826071Z","instance":"dfs-a-r1","service_name":"afs-node","message":"DFS dentry not found","kind":"NotFound","code":34078721}
{"msg":"fuse.create","level":"INFO","ts":"2026-10-06T23:56:49.274840529Z","instance":"dfs-a-r1","service_name":"afs-node","name":"entry-0052.bin","parent":406}
{"msg":"FUSE request failed","level":"ERRO","ts":"2026-10-06T23:56:49.316234214Z","instance":"dfs-a-r1","service_name":"afs-node","message":"DFS currently supports only user.* xattrs","kind":"FailedPrecondition","code":67305489}
{"msg":"FUSE request failed","level":"ERRO","ts":"2026-10-06T23:56:49.347580208Z","instance":"dfs-a-r1","service_name":"afs-node","message":"DFS dentry not found","kind":"NotFound","code":34078721}
{"msg":"fuse.create","level":"INFO","ts":"2026-10-06T23:56:49.347595Z","instance":"dfs-a-r1","service_name":"afs-node","name":"entry-0053.bin","parent":406}
{"msg":"FUSE request failed","level":"ERRO","ts":"2026-10-06T23:56:49.391775942Z","instance":"dfs-a-r1","service_name":"afs-node","message":"DFS currently supports only user.* xattrs","kind":"FailedPrecondition","code":67305489}
{"msg":"FUSE request failed","level":"ERRO","ts":"2026-10-06T23:56:49.424233813Z","instance":"dfs-a-r1","service_name":"afs-node","message":"DFS dentry not found","kind":"NotFound","code":34078721}
{"msg":"fuse.create","level":"INFO","ts":"2026-10-06T23:56:49.424301272Z","instance":"dfs-a-r1","service_name":"afs-node","name":"entry-0054.bin","parent":406}
{"msg":"FUSE request failed","level":"ERRO","ts":"2026-10-06T23:56:49.466085916Z","instance":"dfs-a-r1","service_name":"afs-node","message":"DFS currently supports only user.* xattrs","kind":"FailedPrecondition","code":67305489}
{"msg":"FUSE request failed","level":"ERRO","ts":"2026-10-06T23:56:49.500973668Z","instance":"dfs-a-r1","service_name":"afs-node","message":"DFS dentry not found","kind":"NotFound","code":34078721}
{"msg":"fuse.create","level":"INFO","ts":"2026-10-06T23:56:49.501002627Z","instance":"dfs-a-r1","service_name":"afs-node","name":"entry-0055.bin","parent":406}
{"msg":"FUSE request failed","level":"ERRO","ts":"2026-10-06T23:56:49.547779909Z","instance":"dfs-a-r1","service_name":"afs-node","message":"DFS currently supports only user.* xattrs","kind":"FailedPrecondition","code":67305489}
{"msg":"FUSE request failed","level":"ERRO","ts":"2026-10-06T23:56:49.583490746Z","instance":"dfs-a-r1","service_name":"afs-node","message":"DFS dentry not found","kind":"NotFound","code":34078721}
{"msg":"fuse.create","level":"INFO","ts":"2026-10-06T23:56:49.583535497Z","instance":"dfs-a-r1","service_name":"afs-node","name":"entry-0056.bin","parent":406}
{"msg":"FUSE request failed","level":"ERRO","ts":"2026-10-06T23:56:49.629626943Z","instance":"dfs-a-r1","service_name":"afs-node","message":"DFS currently supports only user.* xattrs","kind":"FailedPrecondition","code":67305489}
{"msg":"FUSE request failed","level":"ERRO","ts":"2026-10-06T23:56:49.664227695Z","instance":"dfs-a-r1","service_name":"afs-node","message":"DFS dentry not found","kind":"NotFound","code":34078721}
{"msg":"fuse.create","level":"INFO","ts":"2026-10-06T23:56:49.664255987Z","instance":"dfs-a-r1","service_name":"afs-node","name":"entry-0057.bin","parent":406}
{"msg":"FUSE request failed","level":"ERRO","ts":"2026-10-06T23:56:49.706817466Z","instance":"dfs-a-r1","service_name":"afs-node","message":"DFS currently supports only user.* xattrs","kind":"FailedPrecondition","code":67305489}
{"msg":"FUSE request failed","level":"ERRO","ts":"2026-10-06T23:56:49.742522179Z","instance":"dfs-a-r1","service_name":"afs-node","message":"DFS dentry not found","kind":"NotFound","code":34078721}
{"msg":"fuse.create","level":"INFO","ts":"2026-10-06T23:56:49.742531638Z","instance":"dfs-a-r1","service_name":"afs-node","name":"entry-0058.bin","parent":406}
{"msg":"FUSE request failed","level":"ERRO","ts":"2026-10-06T23:56:49.785702327Z","instance":"dfs-a-r1","service_name":"afs-node","message":"DFS currently supports only user.* xattrs","kind":"FailedPrecondition","code":67305489}
{"msg":"FUSE request failed","level":"ERRO","ts":"2026-10-06T23:56:49.821452998Z","instance":"dfs-a-r1","service_name":"afs-node","message":"DFS dentry not found","kind":"NotFound","code":34078721}
{"msg":"fuse.create","level":"INFO","ts":"2026-10-06T23:56:49.821507665Z","instance":"dfs-a-r1","service_name":"afs-node","name":"entry-0059.bin","parent":406}
{"msg":"FUSE request failed","level":"ERRO","ts":"2026-10-06T23:56:49.866909318Z","instance":"dfs-a-r1","service_name":"afs-node","message":"DFS currently supports only user.* xattrs","kind":"FailedPrecondition","code":67305489}
{"msg":"FUSE request failed","level":"ERRO","ts":"2026-10-06T23:56:49.900990361Z","instance":"dfs-a-r1","service_name":"afs-node","message":"DFS dentry not found","kind":"NotFound","code":34078721}
{"msg":"fuse.create","level":"INFO","ts":"2026-10-06T23:56:49.901000194Z","instance":"dfs-a-r1","service_name":"afs-node","name":"entry-0060.bin","parent":406}
{"msg":"FUSE request failed","level":"ERRO","ts":"2026-10-06T23:56:49.945406428Z","instance":"dfs-a-r1","service_name":"afs-node","message":"DFS currently supports only user.* xattrs","kind":"FailedPrecondition","code":67305489}
{"msg":"FUSE request failed","level":"ERRO","ts":"2026-10-06T23:56:49.975084459Z","instance":"dfs-a-r1","service_name":"afs-node","message":"DFS dentry not found","kind":"NotFound","code":34078721}
{"msg":"fuse.create","level":"INFO","ts":"2026-10-06T23:56:49.975112751Z","instance":"dfs-a-r1","service_name":"afs-node","name":"entry-0061.bin","parent":406}
{"msg":"FUSE request failed","level":"ERRO","ts":"2026-10-06T23:56:50.018252357Z","instance":"dfs-a-r1","service_name":"afs-node","message":"DFS currently supports only user.* xattrs","kind":"FailedPrecondition","code":67305489}
{"msg":"FUSE request failed","level":"ERRO","ts":"2026-10-06T23:56:50.05345611Z","instance":"dfs-a-r1","service_name":"afs-node","message":"DFS dentry not found","kind":"NotFound","code":34078721}
{"msg":"fuse.create","level":"INFO","ts":"2026-10-06T23:56:50.053466235Z","instance":"dfs-a-r1","service_name":"afs-node","name":"entry-0062.bin","parent":406}
{"msg":"FUSE request failed","level":"ERRO","ts":"2026-10-06T23:56:50.096906092Z","instance":"dfs-a-r1","service_name":"afs-node","message":"DFS currently supports only user.* xattrs","kind":"FailedPrecondition","code":67305489}
{"msg":"FUSE request failed","level":"ERRO","ts":"2026-10-06T23:56:50.129196838Z","instance":"dfs-a-r1","service_name":"afs-node","message":"DFS dentry not found","kind":"NotFound","code":34078721}
{"msg":"fuse.create","level":"INFO","ts":"2026-10-06T23:56:50.129206088Z","instance":"dfs-a-r1","service_name":"afs-node","name":"entry-0063.bin","parent":406}
{"msg":"FUSE request failed","level":"ERRO","ts":"2026-10-06T23:56:50.172866112Z","instance":"dfs-a-r1","service_name":"afs-node","message":"DFS currently supports only user.* xattrs","kind":"FailedPrecondition","code":67305489}
{"msg":"FUSE request failed","level":"ERRO","ts":"2026-10-06T23:56:50.210025036Z","instance":"dfs-a-r1","service_name":"afs-node","message":"DFS dentry not found","kind":"NotFound","code":34078721}
{"msg":"fuse.create","level":"INFO","ts":"2026-10-06T23:56:50.210058203Z","instance":"dfs-a-r1","service_name":"afs-node","name":"entry-0064.bin","parent":406}
{"msg":"FUSE request failed","level":"ERRO","ts":"2026-10-06T23:56:50.253869644Z","instance":"dfs-a-r1","service_name":"afs-node","message":"DFS currently supports only user.* xattrs","kind":"FailedPrecondition","code":67305489}
{"msg":"FUSE request failed","level":"ERRO","ts":"2026-10-06T23:56:50.293094448Z","instance":"dfs-a-r1","service_name":"afs-node","message":"DFS dentry not found","kind":"NotFound","code":34078721}
{"msg":"fuse.create","level":"INFO","ts":"2026-10-06T23:56:50.293120282Z","instance":"dfs-a-r1","service_name":"afs-node","name":"entry-0065.bin","parent":406}
{"msg":"FUSE request failed","level":"ERRO","ts":"2026-10-06T23:56:50.336401721Z","instance":"dfs-a-r1","service_name":"afs-node","message":"DFS currently supports only user.* xattrs","kind":"FailedPrecondition","code":67305489}
{"msg":"FUSE request failed","level":"ERRO","ts":"2026-10-06T23:56:50.374770649Z","instance":"dfs-a-r1","service_name":"afs-node","message":"DFS dentry not found","kind":"NotFound","code":34078721}
{"msg":"fuse.create","level":"INFO","ts":"2026-10-06T23:56:50.374780607Z","instance":"dfs-a-r1","service_name":"afs-node","name":"entry-0066.bin","parent":406}
{"msg":"FUSE request failed","level":"ERRO","ts":"2026-10-06T23:56:50.418426631Z","instance":"dfs-a-r1","service_name":"afs-node","message":"DFS currently supports only user.* xattrs","kind":"FailedPrecondition","code":67305489}
{"msg":"FUSE request failed","level":"ERRO","ts":"2026-10-06T23:56:50.450249709Z","instance":"dfs-a-r1","service_name":"afs-node","message":"DFS dentry not found","kind":"NotFound","code":34078721}
{"msg":"fuse.create","level":"INFO","ts":"2026-10-06T23:56:50.450285001Z","instance":"dfs-a-r1","service_name":"afs-node","name":"entry-0067.bin","parent":406}
{"msg":"FUSE request failed","level":"ERRO","ts":"2026-10-06T23:56:50.494554651Z","instance":"dfs-a-r1","service_name":"afs-node","message":"DFS currently supports only user.* xattrs","kind":"FailedPrecondition","code":67305489}
{"msg":"FUSE request failed","level":"ERRO","ts":"2026-10-06T23:56:50.5380328Z","instance":"dfs-a-r1","service_name":"afs-node","message":"DFS dentry not found","kind":"NotFound","code":34078721}
{"msg":"fuse.create","level":"INFO","ts":"2026-10-06T23:56:50.5380998Z","instance":"dfs-a-r1","service_name":"afs-node","name":"entry-0068.bin","parent":406}
{"msg":"FUSE request failed","level":"ERRO","ts":"2026-10-06T23:56:50.581192072Z","instance":"dfs-a-r1","service_name":"afs-node","message":"DFS currently supports only user.* xattrs","kind":"FailedPrecondition","code":67305489}
{"msg":"FUSE request failed","level":"ERRO","ts":"2026-10-06T23:56:50.616398742Z","instance":"dfs-a-r1","service_name":"afs-node","message":"DFS dentry not found","kind":"NotFound","code":34078721}
{"msg":"fuse.create","level":"INFO","ts":"2026-10-06T23:56:50.61640995Z","instance":"dfs-a-r1","service_name":"afs-node","name":"entry-0069.bin","parent":406}
{"msg":"FUSE request failed","level":"ERRO","ts":"2026-10-06T23:56:50.659684931Z","instance":"dfs-a-r1","service_name":"afs-node","message":"DFS currently supports only user.* xattrs","kind":"FailedPrecondition","code":67305489}
{"msg":"FUSE request failed","level":"ERRO","ts":"2026-10-06T23:56:50.690465382Z","instance":"dfs-a-r1","service_name":"afs-node","message":"DFS dentry not found","kind":"NotFound","code":34078721}
{"msg":"fuse.create","level":"INFO","ts":"2026-10-06T23:56:50.690506674Z","instance":"dfs-a-r1","service_name":"afs-node","name":"entry-0070.bin","parent":406}
{"msg":"FUSE request failed","level":"ERRO","ts":"2026-10-06T23:56:50.734373156Z","instance":"dfs-a-r1","service_name":"afs-node","message":"DFS currently supports only user.* xattrs","kind":"FailedPrecondition","code":67305489}
{"msg":"FUSE request failed","level":"ERRO","ts":"2026-10-06T23:56:50.77237575Z","instance":"dfs-a-r1","service_name":"afs-node","message":"DFS dentry not found","kind":"NotFound","code":34078721}
{"msg":"fuse.create","level":"INFO","ts":"2026-10-06T23:56:50.772415708Z","instance":"dfs-a-r1","service_name":"afs-node","name":"entry-0071.bin","parent":406}
{"msg":"FUSE request failed","level":"ERRO","ts":"2026-10-06T23:56:50.81604769Z","instance":"dfs-a-r1","service_name":"afs-node","message":"DFS currently supports only user.* xattrs","kind":"FailedPrecondition","code":67305489}
{"msg":"FUSE request failed","level":"ERRO","ts":"2026-10-06T23:56:50.847416392Z","instance":"dfs-a-r1","service_name":"afs-node","message":"DFS dentry not found","kind":"NotFound","code":34078721}
{"msg":"fuse.create","level":"INFO","ts":"2026-10-06T23:56:50.847428601Z","instance":"dfs-a-r1","service_name":"afs-node","name":"entry-0072.bin","parent":406}
{"msg":"FUSE request failed","level":"ERRO","ts":"2026-10-06T23:56:50.894153715Z","instance":"dfs-a-r1","service_name":"afs-node","message":"DFS currently supports only user.* xattrs","kind":"FailedPrecondition","code":67305489}
{"msg":"FUSE request failed","level":"ERRO","ts":"2026-10-06T23:56:50.927198546Z","instance":"dfs-a-r1","service_name":"afs-node","message":"DFS dentry not found","kind":"NotFound","code":34078721}
{"msg":"fuse.create","level":"INFO","ts":"2026-10-06T23:56:50.927211046Z","instance":"dfs-a-r1","service_name":"afs-node","name":"entry-0073.bin","parent":406}
{"msg":"FUSE request failed","level":"ERRO","ts":"2026-10-06T23:56:50.970891112Z","instance":"dfs-a-r1","service_name":"afs-node","message":"DFS currently supports only user.* xattrs","kind":"FailedPrecondition","code":67305489}
{"msg":"FUSE request failed","level":"ERRO","ts":"2026-10-06T23:56:51.001496479Z","instance":"dfs-a-r1","service_name":"afs-node","message":"DFS dentry not found","kind":"NotFound","code":34078721}
{"msg":"fuse.create","level":"INFO","ts":"2026-10-06T23:56:51.001506312Z","instance":"dfs-a-r1","service_name":"afs-node","name":"entry-0074.bin","parent":406}
{"msg":"FUSE request failed","level":"ERRO","ts":"2026-10-06T23:56:51.048813803Z","instance":"dfs-a-r1","service_name":"afs-node","message":"DFS currently supports only user.* xattrs","kind":"FailedPrecondition","code":67305489}
{"msg":"FUSE request failed","level":"ERRO","ts":"2026-10-06T23:56:51.078322917Z","instance":"dfs-a-r1","service_name":"afs-node","message":"DFS dentry not found","kind":"NotFound","code":34078721}
{"msg":"fuse.create","level":"INFO","ts":"2026-10-06T23:56:51.078334292Z","instance":"dfs-a-r1","service_name":"afs-node","name":"entry-0075.bin","parent":406}
{"msg":"FUSE request failed","level":"ERRO","ts":"2026-10-06T23:56:51.121736773Z","instance":"dfs-a-r1","service_name":"afs-node","message":"DFS currently supports only user.* xattrs","kind":"FailedPrecondition","code":67305489}
{"msg":"FUSE request failed","level":"ERRO","ts":"2026-10-06T23:56:51.151513638Z","instance":"dfs-a-r1","service_name":"afs-node","message":"DFS dentry not found","kind":"NotFound","code":34078721}
{"msg":"fuse.create","level":"INFO","ts":"2026-10-06T23:56:51.151525096Z","instance":"dfs-a-r1","service_name":"afs-node","name":"entry-0076.bin","parent":406}
{"msg":"FUSE request failed","level":"ERRO","ts":"2026-10-06T23:56:51.196690707Z","instance":"dfs-a-r1","service_name":"afs-node","message":"DFS currently supports only user.* xattrs","kind":"FailedPrecondition","code":67305489}
{"msg":"FUSE request failed","level":"ERRO","ts":"2026-10-06T23:56:51.226821156Z","instance":"dfs-a-r1","service_name":"afs-node","message":"DFS dentry not found","kind":"NotFound","code":34078721}
{"msg":"fuse.create","level":"INFO","ts":"2026-10-06T23:56:51.226832614Z","instance":"dfs-a-r1","service_name":"afs-node","name":"entry-0077.bin","parent":406}
{"msg":"FUSE request failed","level":"ERRO","ts":"2026-10-06T23:56:51.275141232Z","instance":"dfs-a-r1","service_name":"afs-node","message":"DFS currently supports only user.* xattrs","kind":"FailedPrecondition","code":67305489}
{"msg":"FUSE request failed","level":"ERRO","ts":"2026-10-06T23:56:51.307976646Z","instance":"dfs-a-r1","service_name":"afs-node","message":"DFS dentry not found","kind":"NotFound","code":34078721}
{"msg":"fuse.create","level":"INFO","ts":"2026-10-06T23:56:51.308010896Z","instance":"dfs-a-r1","service_name":"afs-node","name":"entry-0078.bin","parent":406}
{"msg":"FUSE request failed","level":"ERRO","ts":"2026-10-06T23:56:51.353420674Z","instance":"dfs-a-r1","service_name":"afs-node","message":"DFS currently supports only user.* xattrs","kind":"FailedPrecondition","code":67305489}
{"msg":"FUSE request failed","level":"ERRO","ts":"2026-10-06T23:56:51.388751177Z","instance":"dfs-a-r1","service_name":"afs-node","message":"DFS dentry not found","kind":"NotFound","code":34078721}
{"msg":"fuse.create","level":"INFO","ts":"2026-10-06T23:56:51.388809969Z","instance":"dfs-a-r1","service_name":"afs-node","name":"entry-0079.bin","parent":406}
{"msg":"FUSE request failed","level":"ERRO","ts":"2026-10-06T23:56:51.433878121Z","instance":"dfs-a-r1","service_name":"afs-node","message":"DFS currently supports only user.* xattrs","kind":"FailedPrecondition","code":67305489}
{"msg":"FUSE request failed","level":"ERRO","ts":"2026-10-06T23:56:51.469379625Z","instance":"dfs-a-r1","service_name":"afs-node","message":"DFS dentry not found","kind":"NotFound","code":34078721}
{"msg":"fuse.create","level":"INFO","ts":"2026-10-06T23:56:51.46941725Z","instance":"dfs-a-r1","service_name":"afs-node","name":"entry-0080.bin","parent":406}
{"msg":"FUSE request failed","level":"ERRO","ts":"2026-10-06T23:56:51.514148026Z","instance":"dfs-a-r1","service_name":"afs-node","message":"DFS currently supports only user.* xattrs","kind":"FailedPrecondition","code":67305489}
{"msg":"FUSE request failed","level":"ERRO","ts":"2026-10-06T23:56:51.546419063Z","instance":"dfs-a-r1","service_name":"afs-node","message":"DFS dentry not found","kind":"NotFound","code":34078721}
{"msg":"fuse.create","level":"INFO","ts":"2026-10-06T23:56:51.546446897Z","instance":"dfs-a-r1","service_name":"afs-node","name":"entry-0081.bin","parent":406}
{"msg":"FUSE request failed","level":"ERRO","ts":"2026-10-06T23:56:51.590324463Z","instance":"dfs-a-r1","service_name":"afs-node","message":"DFS currently supports only user.* xattrs","kind":"FailedPrecondition","code":67305489}
{"msg":"FUSE request failed","level":"ERRO","ts":"2026-10-06T23:56:51.624557588Z","instance":"dfs-a-r1","service_name":"afs-node","message":"DFS dentry not found","kind":"NotFound","code":34078721}
{"msg":"fuse.create","level":"INFO","ts":"2026-10-06T23:56:51.624569755Z","instance":"dfs-a-r1","service_name":"afs-node","name":"entry-0082.bin","parent":406}
{"msg":"FUSE request failed","level":"ERRO","ts":"2026-10-06T23:56:51.669154739Z","instance":"dfs-a-r1","service_name":"afs-node","message":"DFS currently supports only user.* xattrs","kind":"FailedPrecondition","code":67305489}
{"msg":"FUSE request failed","level":"ERRO","ts":"2026-10-06T23:56:51.700555524Z","instance":"dfs-a-r1","service_name":"afs-node","message":"DFS dentry not found","kind":"NotFound","code":34078721}
{"msg":"fuse.create","level":"INFO","ts":"2026-10-06T23:56:51.700567483Z","instance":"dfs-a-r1","service_name":"afs-node","name":"entry-0083.bin","parent":406}
{"msg":"FUSE request failed","level":"ERRO","ts":"2026-10-06T23:56:51.75251511Z","instance":"dfs-a-r1","service_name":"afs-node","message":"DFS currently supports only user.* xattrs","kind":"FailedPrecondition","code":67305489}
{"msg":"FUSE request failed","level":"ERRO","ts":"2026-10-06T23:56:51.793489919Z","instance":"dfs-a-r1","service_name":"afs-node","message":"DFS dentry not found","kind":"NotFound","code":34078721}
{"msg":"fuse.create","level":"INFO","ts":"2026-10-06T23:56:51.79350421Z","instance":"dfs-a-r1","service_name":"afs-node","name":"entry-0084.bin","parent":406}
{"msg":"FUSE request failed","level":"ERRO","ts":"2026-10-06T23:56:51.838062861Z","instance":"dfs-a-r1","service_name":"afs-node","message":"DFS currently supports only user.* xattrs","kind":"FailedPrecondition","code":67305489}
{"msg":"FUSE request failed","level":"ERRO","ts":"2026-10-06T23:56:51.879946005Z","instance":"dfs-a-r1","service_name":"afs-node","message":"DFS dentry not found","kind":"NotFound","code":34078721}
{"msg":"fuse.create","level":"INFO","ts":"2026-10-06T23:56:51.87996013Z","instance":"dfs-a-r1","service_name":"afs-node","name":"entry-0085.bin","parent":406}
{"msg":"FUSE request failed","level":"ERRO","ts":"2026-10-06T23:56:51.925397033Z","instance":"dfs-a-r1","service_name":"afs-node","message":"DFS currently supports only user.* xattrs","kind":"FailedPrecondition","code":67305489}
{"msg":"FUSE request failed","level":"ERRO","ts":"2026-10-06T23:56:52.001293594Z","instance":"dfs-a-r1","service_name":"afs-node","message":"DFS dentry not found","kind":"NotFound","code":34078721}
{"msg":"fuse.create","level":"INFO","ts":"2026-10-06T23:56:52.001305344Z","instance":"dfs-a-r1","service_name":"afs-node","name":"entry-0086.bin","parent":406}
{"msg":"FUSE request failed","level":"ERRO","ts":"2026-10-06T23:56:52.073746188Z","instance":"dfs-a-r1","service_name":"afs-node","message":"DFS currently supports only user.* xattrs","kind":"FailedPrecondition","code":67305489}
{"msg":"FUSE request failed","level":"ERRO","ts":"2026-10-06T23:56:52.15428251Z","instance":"dfs-a-r1","service_name":"afs-node","message":"DFS dentry not found","kind":"NotFound","code":34078721}
{"msg":"fuse.create","level":"INFO","ts":"2026-10-06T23:56:52.15431101Z","instance":"dfs-a-r1","service_name":"afs-node","name":"entry-0087.bin","parent":406}
{"msg":"FUSE request failed","level":"ERRO","ts":"2026-10-06T23:56:52.180483157Z","instance":"dfs-a-r1","service_name":"afs-node","message":"DFS currently supports only user.* xattrs","kind":"FailedPrecondition","code":67305489}
{"msg":"FUSE request failed","level":"ERRO","ts":"2026-10-06T23:56:52.23826909Z","instance":"dfs-a-r1","service_name":"afs-node","message":"DFS dentry not found","kind":"NotFound","code":34078721}
{"msg":"fuse.create","level":"INFO","ts":"2026-10-06T23:56:52.238279715Z","instance":"dfs-a-r1","service_name":"afs-node","name":"entry-0088.bin","parent":406}
{"msg":"FUSE request failed","level":"ERRO","ts":"2026-10-06T23:56:52.263803819Z","instance":"dfs-a-r1","service_name":"afs-node","message":"DFS currently supports only user.* xattrs","kind":"FailedPrecondition","code":67305489}
{"msg":"FUSE request failed","level":"ERRO","ts":"2026-10-06T23:56:52.32284888Z","instance":"dfs-a-r1","service_name":"afs-node","message":"DFS dentry not found","kind":"NotFound","code":34078721}
{"msg":"fuse.create","level":"INFO","ts":"2026-10-06T23:56:52.322864339Z","instance":"dfs-a-r1","service_name":"afs-node","name":"entry-0089.bin","parent":406}
{"msg":"FUSE request failed","level":"ERRO","ts":"2026-10-06T23:56:52.348307193Z","instance":"dfs-a-r1","service_name":"afs-node","message":"DFS currently supports only user.* xattrs","kind":"FailedPrecondition","code":67305489}
{"msg":"FUSE request failed","level":"ERRO","ts":"2026-10-06T23:56:52.404433913Z","instance":"dfs-a-r1","service_name":"afs-node","message":"DFS dentry not found","kind":"NotFound","code":34078721}
{"msg":"fuse.create","level":"INFO","ts":"2026-10-06T23:56:52.404444871Z","instance":"dfs-a-r1","service_name":"afs-node","name":"entry-0090.bin","parent":406}
{"msg":"FUSE request failed","level":"ERRO","ts":"2026-10-06T23:56:52.429869059Z","instance":"dfs-a-r1","service_name":"afs-node","message":"DFS currently supports only user.* xattrs","kind":"FailedPrecondition","code":67305489}
{"msg":"FUSE request failed","level":"ERRO","ts":"2026-10-06T23:56:52.48487911Z","instance":"dfs-a-r1","service_name":"afs-node","message":"DFS dentry not found","kind":"NotFound","code":34078721}
{"msg":"fuse.create","level":"INFO","ts":"2026-10-06T23:56:52.484890776Z","instance":"dfs-a-r1","service_name":"afs-node","name":"entry-0091.bin","parent":406}
{"msg":"FUSE request failed","level":"ERRO","ts":"2026-10-06T23:56:52.511543133Z","instance":"dfs-a-r1","service_name":"afs-node","message":"DFS currently supports only user.* xattrs","kind":"FailedPrecondition","code":67305489}
{"msg":"FUSE request failed","level":"ERRO","ts":"2026-10-06T23:56:52.569796609Z","instance":"dfs-a-r1","service_name":"afs-node","message":"DFS dentry not found","kind":"NotFound","code":34078721}
{"msg":"fuse.create","level":"INFO","ts":"2026-10-06T23:56:52.569808401Z","instance":"dfs-a-r1","service_name":"afs-node","name":"entry-0092.bin","parent":406}
{"msg":"FUSE request failed","level":"ERRO","ts":"2026-10-06T23:56:52.595101713Z","instance":"dfs-a-r1","service_name":"afs-node","message":"DFS currently supports only user.* xattrs","kind":"FailedPrecondition","code":67305489}
{"msg":"FUSE request failed","level":"ERRO","ts":"2026-10-06T23:56:52.652897187Z","instance":"dfs-a-r1","service_name":"afs-node","message":"DFS dentry not found","kind":"NotFound","code":34078721}
{"msg":"fuse.create","level":"INFO","ts":"2026-10-06T23:56:52.652909854Z","instance":"dfs-a-r1","service_name":"afs-node","name":"entry-0093.bin","parent":406}
{"msg":"FUSE request failed","level":"ERRO","ts":"2026-10-06T23:56:52.678447625Z","instance":"dfs-a-r1","service_name":"afs-node","message":"DFS currently supports only user.* xattrs","kind":"FailedPrecondition","code":67305489}
{"msg":"FUSE request failed","level":"ERRO","ts":"2026-10-06T23:56:52.735928182Z","instance":"dfs-a-r1","service_name":"afs-node","message":"DFS dentry not found","kind":"NotFound","code":34078721}
{"msg":"fuse.create","level":"INFO","ts":"2026-10-06T23:56:52.73594164Z","instance":"dfs-a-r1","service_name":"afs-node","name":"entry-0094.bin","parent":406}
{"msg":"FUSE request failed","level":"ERRO","ts":"2026-10-06T23:56:52.761809203Z","instance":"dfs-a-r1","service_name":"afs-node","message":"DFS currently supports only user.* xattrs","kind":"FailedPrecondition","code":67305489}
{"msg":"FUSE request failed","level":"ERRO","ts":"2026-10-06T23:56:52.822387393Z","instance":"dfs-a-r1","service_name":"afs-node","message":"DFS dentry not found","kind":"NotFound","code":34078721}
{"msg":"fuse.create","level":"INFO","ts":"2026-10-06T23:56:52.822400643Z","instance":"dfs-a-r1","service_name":"afs-node","name":"entry-0095.bin","parent":406}
{"msg":"FUSE request failed","level":"ERRO","ts":"2026-10-06T23:56:52.848438123Z","instance":"dfs-a-r1","service_name":"afs-node","message":"DFS currently supports only user.* xattrs","kind":"FailedPrecondition","code":67305489}
{"msg":"FUSE request failed","level":"ERRO","ts":"2026-10-06T23:56:52.899801166Z","instance":"dfs-a-r1","service_name":"afs-node","message":"DFS dentry not found","kind":"NotFound","code":34078721}
{"msg":"fuse.create","level":"INFO","ts":"2026-10-06T23:56:52.899814166Z","instance":"dfs-a-r1","service_name":"afs-node","name":"entry-0096.bin","parent":406}
{"msg":"FUSE request failed","level":"ERRO","ts":"2026-10-06T23:56:52.925926438Z","instance":"dfs-a-r1","service_name":"afs-node","message":"DFS currently supports only user.* xattrs","kind":"FailedPrecondition","code":67305489}
{"msg":"FUSE request failed","level":"ERRO","ts":"2026-10-06T23:56:52.987320588Z","instance":"dfs-a-r1","service_name":"afs-node","message":"DFS dentry not found","kind":"NotFound","code":34078721}
{"msg":"fuse.create","level":"INFO","ts":"2026-10-06T23:56:52.987334171Z","instance":"dfs-a-r1","service_name":"afs-node","name":"entry-0097.bin","parent":406}
{"msg":"FUSE request failed","level":"ERRO","ts":"2026-10-06T23:56:53.012956359Z","instance":"dfs-a-r1","service_name":"afs-node","message":"DFS currently supports only user.* xattrs","kind":"FailedPrecondition","code":67305489}
{"msg":"FUSE request failed","level":"ERRO","ts":"2026-10-06T23:56:53.069035037Z","instance":"dfs-a-r1","service_name":"afs-node","message":"DFS dentry not found","kind":"NotFound","code":34078721}
{"msg":"fuse.create","level":"INFO","ts":"2026-10-06T23:56:53.069044412Z","instance":"dfs-a-r1","service_name":"afs-node","name":"entry-0098.bin","parent":406}
{"msg":"FUSE request failed","level":"ERRO","ts":"2026-10-06T23:56:53.095444935Z","instance":"dfs-a-r1","service_name":"afs-node","message":"DFS currently supports only user.* xattrs","kind":"FailedPrecondition","code":67305489}
{"msg":"FUSE request failed","level":"ERRO","ts":"2026-10-06T23:56:53.154919247Z","instance":"dfs-a-r1","service_name":"afs-node","message":"DFS dentry not found","kind":"NotFound","code":34078721}
{"msg":"fuse.create","level":"INFO","ts":"2026-10-06T23:56:53.154974039Z","instance":"dfs-a-r1","service_name":"afs-node","name":"entry-0099.bin","parent":406}
{"msg":"FUSE request failed","level":"ERRO","ts":"2026-10-06T23:56:53.18085806Z","instance":"dfs-a-r1","service_name":"afs-node","message":"DFS currently supports only user.* xattrs","kind":"FailedPrecondition","code":67305489}
{"msg":"[Not Implemented] ioctl(ino: 0x197, fh: 919, flags: 0, cmd: 21505, in_data.len(): 0, out_size: 0)","level":"WARN","ts":"2026-10-06T23:56:53.242129793Z","instance":"dfs-a-r1","service_name":"afs-node"}
{"msg":"[Not Implemented] ioctl(ino: 0x198, fh: 920, flags: 0, cmd: 21505, in_data.len(): 0, out_size: 0)","level":"WARN","ts":"2026-10-06T23:56:53.244158548Z","instance":"dfs-a-r1","service_name":"afs-node"}
{"msg":"[Not Implemented] ioctl(ino: 0x199, fh: 921, flags: 0, cmd: 21505, in_data.len(): 0, out_size: 0)","level":"WARN","ts":"2026-10-06T23:56:53.246205553Z","instance":"dfs-a-r1","service_name":"afs-node"}
{"msg":"[Not Implemented] ioctl(ino: 0x19a, fh: 922, flags: 0, cmd: 21505, in_data.len(): 0, out_size: 0)","level":"WARN","ts":"2026-10-06T23:56:53.248264391Z","instance":"dfs-a-r1","service_name":"afs-node"}
{"msg":"[Not Implemented] ioctl(ino: 0x19b, fh: 923, flags: 0, cmd: 21505, in_data.len(): 0, out_size: 0)","level":"WARN","ts":"2026-10-06T23:56:53.250208479Z","instance":"dfs-a-r1","service_name":"afs-node"}
{"msg":"[Not Implemented] ioctl(ino: 0x19c, fh: 924, flags: 0, cmd: 21505, in_data.len(): 0, out_size: 0)","level":"WARN","ts":"2026-10-06T23:56:53.252169859Z","instance":"dfs-a-r1","service_name":"afs-node"}
{"msg":"[Not Implemented] ioctl(ino: 0x19d, fh: 925, flags: 0, cmd: 21505, in_data.len(): 0, out_size: 0)","level":"WARN","ts":"2026-10-06T23:56:53.254163072Z","instance":"dfs-a-r1","service_name":"afs-node"}
{"msg":"[Not Implemented] ioctl(ino: 0x19e, fh: 926, flags: 0, cmd: 21505, in_data.len(): 0, out_size: 0)","level":"WARN","ts":"2026-10-06T23:56:53.256312828Z","instance":"dfs-a-r1","service_name":"afs-node"}
{"msg":"[Not Implemented] ioctl(ino: 0x19f, fh: 927, flags: 0, cmd: 21505, in_data.len(): 0, out_size: 0)","level":"WARN","ts":"2026-10-06T23:56:53.258431083Z","instance":"dfs-a-r1","service_name":"afs-node"}
{"msg":"[Not Implemented] ioctl(ino: 0x1a0, fh: 928, flags: 0, cmd: 21505, in_data.len(): 0, out_size: 0)","level":"WARN","ts":"2026-10-06T23:56:53.260418463Z","instance":"dfs-a-r1","service_name":"afs-node"}
{"msg":"[Not Implemented] ioctl(ino: 0x1a1, fh: 929, flags: 0, cmd: 21505, in_data.len(): 0, out_size: 0)","level":"WARN","ts":"2026-10-06T23:56:53.262448884Z","instance":"dfs-a-r1","service_name":"afs-node"}
{"msg":"[Not Implemented] ioctl(ino: 0x1a2, fh: 930, flags: 0, cmd: 21505, in_data.len(): 0, out_size: 0)","level":"WARN","ts":"2026-10-06T23:56:53.264477723Z","instance":"dfs-a-r1","service_name":"afs-node"}
{"msg":"[Not Implemented] ioctl(ino: 0x1a3, fh: 931, flags: 0, cmd: 21505, in_data.len(): 0, out_size: 0)","level":"WARN","ts":"2026-10-06T23:56:53.266527103Z","instance":"dfs-a-r1","service_name":"afs-node"}
{"msg":"[Not Implemented] ioctl(ino: 0x1a4, fh: 932, flags: 0, cmd: 21505, in_data.len(): 0, out_size: 0)","level":"WARN","ts":"2026-10-06T23:56:53.268515941Z","instance":"dfs-a-r1","service_name":"afs-node"}
{"msg":"[Not Implemented] ioctl(ino: 0x1a5, fh: 933, flags: 0, cmd: 21505, in_data.len(): 0, out_size: 0)","level":"WARN","ts":"2026-10-06T23:56:53.270628154Z","instance":"dfs-a-r1","service_name":"afs-node"}
{"msg":"[Not Implemented] ioctl(ino: 0x1a6, fh: 934, flags: 0, cmd: 21505, in_data.len(): 0, out_size: 0)","level":"WARN","ts":"2026-10-06T23:56:53.272752618Z","instance":"dfs-a-r1","service_name":"afs-node"}
{"msg":"[Not Implemented] ioctl(ino: 0x1a7, fh: 935, flags: 0, cmd: 21505, in_data.len(): 0, out_size: 0)","level":"WARN","ts":"2026-10-06T23:56:53.274670789Z","instance":"dfs-a-r1","service_name":"afs-node"}
{"msg":"[Not Implemented] ioctl(ino: 0x1a8, fh: 936, flags: 0, cmd: 21505, in_data.len(): 0, out_size: 0)","level":"WARN","ts":"2026-10-06T23:56:53.276631127Z","instance":"dfs-a-r1","service_name":"afs-node"}
{"msg":"[Not Implemented] ioctl(ino: 0x1a9, fh: 937, flags: 0, cmd: 21505, in_data.len(): 0, out_size: 0)","level":"WARN","ts":"2026-10-06T23:56:53.278680091Z","instance":"dfs-a-r1","service_name":"afs-node"}
{"msg":"[Not Implemented] ioctl(ino: 0x1aa, fh: 938, flags: 0, cmd: 21505, in_data.len(): 0, out_size: 0)","level":"WARN","ts":"2026-10-06T23:56:53.280529012Z","instance":"dfs-a-r1","service_name":"afs-node"}
{"msg":"[Not Implemented] ioctl(ino: 0x1ab, fh: 939, flags: 0, cmd: 21505, in_data.len(): 0, out_size: 0)","level":"WARN","ts":"2026-10-06T23:56:53.282407225Z","instance":"dfs-a-r1","service_name":"afs-node"}
{"msg":"[Not Implemented] ioctl(ino: 0x1ac, fh: 940, flags: 0, cmd: 21505, in_data.len(): 0, out_size: 0)","level":"WARN","ts":"2026-10-06T23:56:53.284424355Z","instance":"dfs-a-r1","service_name":"afs-node"}
{"msg":"[Not Implemented] ioctl(ino: 0x1ad, fh: 941, flags: 0, cmd: 21505, in_data.len(): 0, out_size: 0)","level":"WARN","ts":"2026-10-06T23:56:53.286392734Z","instance":"dfs-a-r1","service_name":"afs-node"}
{"msg":"[Not Implemented] ioctl(ino: 0x1ae, fh: 942, flags: 0, cmd: 21505, in_data.len(): 0, out_size: 0)","level":"WARN","ts":"2026-10-06T23:56:53.28823353Z","instance":"dfs-a-r1","service_name":"afs-node"}
{"msg":"[Not Implemented] ioctl(ino: 0x1af, fh: 943, flags: 0, cmd: 21505, in_data.len(): 0, out_size: 0)","level":"WARN","ts":"2026-10-06T23:56:53.29018066Z","instance":"dfs-a-r1","service_name":"afs-node"}
{"msg":"[Not Implemented] ioctl(ino: 0x1b0, fh: 944, flags: 0, cmd: 21505, in_data.len(): 0, out_size: 0)","level":"WARN","ts":"2026-10-06T23:56:53.292162832Z","instance":"dfs-a-r1","service_name":"afs-node"}
{"msg":"[Not Implemented] ioctl(ino: 0x1b1, fh: 945, flags: 0, cmd: 21505, in_data.len(): 0, out_size: 0)","level":"WARN","ts":"2026-10-06T23:56:53.294166128Z","instance":"dfs-a-r1","service_name":"afs-node"}
{"msg":"[Not Implemented] ioctl(ino: 0x1b2, fh: 946, flags: 0, cmd: 21505, in_data.len(): 0, out_size: 0)","level":"WARN","ts":"2026-10-06T23:56:53.29611405Z","instance":"dfs-a-r1","service_name":"afs-node"}
{"msg":"[Not Implemented] ioctl(ino: 0x1b3, fh: 947, flags: 0, cmd: 21505, in_data.len(): 0, out_size: 0)","level":"WARN","ts":"2026-10-06T23:56:53.298198513Z","instance":"dfs-a-r1","service_name":"afs-node"}
{"msg":"[Not Implemented] ioctl(ino: 0x1b4, fh: 948, flags: 0, cmd: 21505, in_data.len(): 0, out_size: 0)","level":"WARN","ts":"2026-10-06T23:56:53.300288143Z","instance":"dfs-a-r1","service_name":"afs-node"}
{"msg":"[Not Implemented] ioctl(ino: 0x1b5, fh: 949, flags: 0, cmd: 21505, in_data.len(): 0, out_size: 0)","level":"WARN","ts":"2026-10-06T23:56:53.302369815Z","instance":"dfs-a-r1","service_name":"afs-node"}
{"msg":"[Not Implemented] ioctl(ino: 0x1b6, fh: 950, flags: 0, cmd: 21505, in_data.len(): 0, out_size: 0)","level":"WARN","ts":"2026-10-06T23:56:53.304282528Z","instance":"dfs-a-r1","service_name":"afs-node"}
{"msg":"[Not Implemented] ioctl(ino: 0x1b7, fh: 951, flags: 0, cmd: 21505, in_data.len(): 0, out_size: 0)","level":"WARN","ts":"2026-10-06T23:56:53.306349033Z","instance":"dfs-a-r1","service_name":"afs-node"}
{"msg":"[Not Implemented] ioctl(ino: 0x1b8, fh: 952, flags: 0, cmd: 21505, in_data.len(): 0, out_size: 0)","level":"WARN","ts":"2026-10-06T23:56:53.30836058Z","instance":"dfs-a-r1","service_name":"afs-node"}
{"msg":"[Not Implemented] ioctl(ino: 0x1b9, fh: 953, flags: 0, cmd: 21505, in_data.len(): 0, out_size: 0)","level":"WARN","ts":"2026-10-06T23:56:53.310365876Z","instance":"dfs-a-r1","service_name":"afs-node"}
{"msg":"[Not Implemented] ioctl(ino: 0x1ba, fh: 954, flags: 0, cmd: 21505, in_data.len(): 0, out_size: 0)","level":"WARN","ts":"2026-10-06T23:56:53.312432048Z","instance":"dfs-a-r1","service_name":"afs-node"}
{"msg":"[Not Implemented] ioctl(ino: 0x1bb, fh: 955, flags: 0, cmd: 21505, in_data.len(): 0, out_size: 0)","level":"WARN","ts":"2026-10-06T23:56:53.314490595Z","instance":"dfs-a-r1","service_name":"afs-node"}
{"msg":"[Not Implemented] ioctl(ino: 0x1bc, fh: 956, flags: 0, cmd: 21505, in_data.len(): 0, out_size: 0)","level":"WARN","ts":"2026-10-06T23:56:53.316438599Z","instance":"dfs-a-r1","service_name":"afs-node"}
{"msg":"[Not Implemented] ioctl(ino: 0x1bd, fh: 957, flags: 0, cmd: 21505, in_data.len(): 0, out_size: 0)","level":"WARN","ts":"2026-10-06T23:56:53.318456938Z","instance":"dfs-a-r1","service_name":"afs-node"}
{"msg":"[Not Implemented] ioctl(ino: 0x1be, fh: 958, flags: 0, cmd: 21505, in_data.len(): 0, out_size: 0)","level":"WARN","ts":"2026-10-06T23:56:53.320471901Z","instance":"dfs-a-r1","service_name":"afs-node"}
{"msg":"[Not Implemented] ioctl(ino: 0x1bf, fh: 959, flags: 0, cmd: 21505, in_data.len(): 0, out_size: 0)","level":"WARN","ts":"2026-10-06T23:56:53.322443364Z","instance":"dfs-a-r1","service_name":"afs-node"}
{"msg":"[Not Implemented] ioctl(ino: 0x1c0, fh: 960, flags: 0, cmd: 21505, in_data.len(): 0, out_size: 0)","level":"WARN","ts":"2026-10-06T23:56:53.324394119Z","instance":"dfs-a-r1","service_name":"afs-node"}
{"msg":"[Not Implemented] ioctl(ino: 0x1c1, fh: 961, flags: 0, cmd: 21505, in_data.len(): 0, out_size: 0)","level":"WARN","ts":"2026-10-06T23:56:53.326450207Z","instance":"dfs-a-r1","service_name":"afs-node"}
{"msg":"[Not Implemented] ioctl(ino: 0x1c2, fh: 962, flags: 0, cmd: 21505, in_data.len(): 0, out_size: 0)","level":"WARN","ts":"2026-10-06T23:56:53.32852092Z","instance":"dfs-a-r1","service_name":"afs-node"}
{"msg":"[Not Implemented] ioctl(ino: 0x1c3, fh: 963, flags: 0, cmd: 21505, in_data.len(): 0, out_size: 0)","level":"WARN","ts":"2026-10-06T23:56:53.330524925Z","instance":"dfs-a-r1","service_name":"afs-node"}
{"msg":"[Not Implemented] ioctl(ino: 0x1c4, fh: 964, flags: 0, cmd: 21505, in_data.len(): 0, out_size: 0)","level":"WARN","ts":"2026-10-06T23:56:53.332545847Z","instance":"dfs-a-r1","service_name":"afs-node"}
{"msg":"[Not Implemented] ioctl(ino: 0x1c5, fh: 965, flags: 0, cmd: 21505, in_data.len(): 0, out_size: 0)","level":"WARN","ts":"2026-10-06T23:56:53.334653352Z","instance":"dfs-a-r1","service_name":"afs-node"}
{"msg":"[Not Implemented] ioctl(ino: 0x1c6, fh: 966, flags: 0, cmd: 21505, in_data.len(): 0, out_size: 0)","level":"WARN","ts":"2026-10-06T23:56:53.336758357Z","instance":"dfs-a-r1","service_name":"afs-node"}
{"msg":"[Not Implemented] ioctl(ino: 0x1c7, fh: 967, flags: 0, cmd: 21505, in_data.len(): 0, out_size: 0)","level":"WARN","ts":"2026-10-06T23:56:53.338722404Z","instance":"dfs-a-r1","service_name":"afs-node"}
{"msg":"[Not Implemented] ioctl(ino: 0x1c8, fh: 968, flags: 0, cmd: 21505, in_data.len(): 0, out_size: 0)","level":"WARN","ts":"2026-10-06T23:56:53.340784659Z","instance":"dfs-a-r1","service_name":"afs-node"}
{"msg":"[Not Implemented] ioctl(ino: 0x1c9, fh: 969, flags: 0, cmd: 21505, in_data.len(): 0, out_size: 0)","level":"WARN","ts":"2026-10-06T23:56:53.342819164Z","instance":"dfs-a-r1","service_name":"afs-node"}
{"msg":"[Not Implemented] ioctl(ino: 0x1ca, fh: 970, flags: 0, cmd: 21505, in_data.len(): 0, out_size: 0)","level":"WARN","ts":"2026-10-06T23:56:53.344871877Z","instance":"dfs-a-r1","service_name":"afs-node"}
{"msg":"[Not Implemented] ioctl(ino: 0x1cb, fh: 971, flags: 0, cmd: 21505, in_data.len(): 0, out_size: 0)","level":"WARN","ts":"2026-10-06T23:56:53.346823715Z","instance":"dfs-a-r1","service_name":"afs-node"}
{"msg":"[Not Implemented] ioctl(ino: 0x1cc, fh: 972, flags: 0, cmd: 21505, in_data.len(): 0, out_size: 0)","level":"WARN","ts":"2026-10-06T23:56:53.348895012Z","instance":"dfs-a-r1","service_name":"afs-node"}
{"msg":"[Not Implemented] ioctl(ino: 0x1cd, fh: 973, flags: 0, cmd: 21505, in_data.len(): 0, out_size: 0)","level":"WARN","ts":"2026-10-06T23:56:53.3508856Z","instance":"dfs-a-r1","service_name":"afs-node"}
{"msg":"[Not Implemented] ioctl(ino: 0x1ce, fh: 974, flags: 0, cmd: 21505, in_data.len(): 0, out_size: 0)","level":"WARN","ts":"2026-10-06T23:56:53.352898105Z","instance":"dfs-a-r1","service_name":"afs-node"}
{"msg":"[Not Implemented] ioctl(ino: 0x1cf, fh: 975, flags: 0, cmd: 21505, in_data.len(): 0, out_size: 0)","level":"WARN","ts":"2026-10-06T23:56:53.354971402Z","instance":"dfs-a-r1","service_name":"afs-node"}
{"msg":"[Not Implemented] ioctl(ino: 0x1d0, fh: 976, flags: 0, cmd: 21505, in_data.len(): 0, out_size: 0)","level":"WARN","ts":"2026-10-06T23:56:53.356934406Z","instance":"dfs-a-r1","service_name":"afs-node"}
{"msg":"[Not Implemented] ioctl(ino: 0x1d1, fh: 977, flags: 0, cmd: 21505, in_data.len(): 0, out_size: 0)","level":"WARN","ts":"2026-10-06T23:56:53.358926036Z","instance":"dfs-a-r1","service_name":"afs-node"}
{"msg":"[Not Implemented] ioctl(ino: 0x1d2, fh: 978, flags: 0, cmd: 21505, in_data.len(): 0, out_size: 0)","level":"WARN","ts":"2026-10-06T23:56:53.360970291Z","instance":"dfs-a-r1","service_name":"afs-node"}
{"msg":"[Not Implemented] ioctl(ino: 0x1d3, fh: 979, flags: 0, cmd: 21505, in_data.len(): 0, out_size: 0)","level":"WARN","ts":"2026-10-06T23:56:53.362882213Z","instance":"dfs-a-r1","service_name":"afs-node"}
{"msg":"[Not Implemented] ioctl(ino: 0x1d4, fh: 980, flags: 0, cmd: 21505, in_data.len(): 0, out_size: 0)","level":"WARN","ts":"2026-10-06T23:56:53.364879301Z","instance":"dfs-a-r1","service_name":"afs-node"}
{"msg":"[Not Implemented] ioctl(ino: 0x1d5, fh: 981, flags: 0, cmd: 21505, in_data.len(): 0, out_size: 0)","level":"WARN","ts":"2026-10-06T23:56:53.366840764Z","instance":"dfs-a-r1","service_name":"afs-node"}
{"msg":"[Not Implemented] ioctl(ino: 0x1d6, fh: 982, flags: 0, cmd: 21505, in_data.len(): 0, out_size: 0)","level":"WARN","ts":"2026-10-06T23:56:53.36874481Z","instance":"dfs-a-r1","service_name":"afs-node"}
{"msg":"[Not Implemented] ioctl(ino: 0x1d7, fh: 983, flags: 0, cmd: 21505, in_data.len(): 0, out_size: 0)","level":"WARN","ts":"2026-10-06T23:56:53.370800774Z","instance":"dfs-a-r1","service_name":"afs-node"}
{"msg":"[Not Implemented] ioctl(ino: 0x1d8, fh: 984, flags: 0, cmd: 21505, in_data.len(): 0, out_size: 0)","level":"WARN","ts":"2026-10-06T23:56:53.372860195Z","instance":"dfs-a-r1","service_name":"afs-node"}
{"msg":"[Not Implemented] ioctl(ino: 0x1d9, fh: 985, flags: 0, cmd: 21505, in_data.len(): 0, out_size: 0)","level":"WARN","ts":"2026-10-06T23:56:53.37490295Z","instance":"dfs-a-r1","service_name":"afs-node"}
{"msg":"[Not Implemented] ioctl(ino: 0x1da, fh: 986, flags: 0, cmd: 21505, in_data.len(): 0, out_size: 0)","level":"WARN","ts":"2026-10-06T23:56:53.37697983Z","instance":"dfs-a-r1","service_name":"afs-node"}
{"msg":"[Not Implemented] ioctl(ino: 0x1db, fh: 987, flags: 0, cmd: 21505, in_data.len(): 0, out_size: 0)","level":"WARN","ts":"2026-10-06T23:56:53.379027335Z","instance":"dfs-a-r1","service_name":"afs-node"}
{"msg":"[Not Implemented] ioctl(ino: 0x1dc, fh: 988, flags: 0, cmd: 21505, in_data.len(): 0, out_size: 0)","level":"WARN","ts":"2026-10-06T23:56:53.381037882Z","instance":"dfs-a-r1","service_name":"afs-node"}
{"msg":"[Not Implemented] ioctl(ino: 0x1dd, fh: 989, flags: 0, cmd: 21505, in_data.len(): 0, out_size: 0)","level":"WARN","ts":"2026-10-06T23:56:53.383056095Z","instance":"dfs-a-r1","service_name":"afs-node"}
{"msg":"[Not Implemented] ioctl(ino: 0x1de, fh: 990, flags: 0, cmd: 21505, in_data.len(): 0, out_size: 0)","level":"WARN","ts":"2026-10-06T23:56:53.385072725Z","instance":"dfs-a-r1","service_name":"afs-node"}
{"msg":"[Not Implemented] ioctl(ino: 0x1df, fh: 991, flags: 0, cmd: 21505, in_data.len(): 0, out_size: 0)","level":"WARN","ts":"2026-10-06T23:56:53.387148938Z","instance":"dfs-a-r1","service_name":"afs-node"}
{"msg":"[Not Implemented] ioctl(ino: 0x1e0, fh: 992, flags: 0, cmd: 21505, in_data.len(): 0, out_size: 0)","level":"WARN","ts":"2026-10-06T23:56:53.389184485Z","instance":"dfs-a-r1","service_name":"afs-node"}
{"msg":"[Not Implemented] ioctl(ino: 0x1e1, fh: 993, flags: 0, cmd: 21505, in_data.len(): 0, out_size: 0)","level":"WARN","ts":"2026-10-06T23:56:53.391125406Z","instance":"dfs-a-r1","service_name":"afs-node"}
{"msg":"[Not Implemented] ioctl(ino: 0x1e2, fh: 994, flags: 0, cmd: 21505, in_data.len(): 0, out_size: 0)","level":"WARN","ts":"2026-10-06T23:56:53.393114036Z","instance":"dfs-a-r1","service_name":"afs-node"}
{"msg":"[Not Implemented] ioctl(ino: 0x1e3, fh: 995, flags: 0, cmd: 21505, in_data.len(): 0, out_size: 0)","level":"WARN","ts":"2026-10-06T23:56:53.395086083Z","instance":"dfs-a-r1","service_name":"afs-node"}
{"msg":"[Not Implemented] ioctl(ino: 0x1e4, fh: 996, flags: 0, cmd: 21505, in_data.len(): 0, out_size: 0)","level":"WARN","ts":"2026-10-06T23:56:53.397127088Z","instance":"dfs-a-r1","service_name":"afs-node"}
{"msg":"[Not Implemented] ioctl(ino: 0x1e5, fh: 997, flags: 0, cmd: 21505, in_data.len(): 0, out_size: 0)","level":"WARN","ts":"2026-10-06T23:56:53.399160718Z","instance":"dfs-a-r1","service_name":"afs-node"}
{"msg":"[Not Implemented] ioctl(ino: 0x1e6, fh: 998, flags: 0, cmd: 21505, in_data.len(): 0, out_size: 0)","level":"WARN","ts":"2026-10-06T23:56:53.401105056Z","instance":"dfs-a-r1","service_name":"afs-node"}
{"msg":"[Not Implemented] ioctl(ino: 0x1e7, fh: 999, flags: 0, cmd: 21505, in_data.len(): 0, out_size: 0)","level":"WARN","ts":"2026-10-06T23:56:53.403060102Z","instance":"dfs-a-r1","service_name":"afs-node"}
{"msg":"[Not Implemented] ioctl(ino: 0x1e8, fh: 1000, flags: 0, cmd: 21505, in_data.len(): 0, out_size: 0)","level":"WARN","ts":"2026-10-06T23:56:53.405085649Z","instance":"dfs-a-r1","service_name":"afs-node"}
{"msg":"[Not Implemented] ioctl(ino: 0x1e9, fh: 1001, flags: 0, cmd: 21505, in_data.len(): 0, out_size: 0)","level":"WARN","ts":"2026-10-06T23:56:53.407103779Z","instance":"dfs-a-r1","service_name":"afs-node"}
{"msg":"[Not Implemented] ioctl(ino: 0x1ea, fh: 1002, flags: 0, cmd: 21505, in_data.len(): 0, out_size: 0)","level":"WARN","ts":"2026-10-06T23:56:53.409491285Z","instance":"dfs-a-r1","service_name":"afs-node"}
{"msg":"[Not Implemented] ioctl(ino: 0x1eb, fh: 1003, flags: 0, cmd: 21505, in_data.len(): 0, out_size: 0)","level":"WARN","ts":"2026-10-06T23:56:53.41148629Z","instance":"dfs-a-r1","service_name":"afs-node"}
{"msg":"[Not Implemented] ioctl(ino: 0x1ec, fh: 1004, flags: 0, cmd: 21505, in_data.len(): 0, out_size: 0)","level":"WARN","ts":"2026-10-06T23:56:53.413410794Z","instance":"dfs-a-r1","service_name":"afs-node"}
{"msg":"[Not Implemented] ioctl(ino: 0x1ed, fh: 1005, flags: 0, cmd: 21505, in_data.len(): 0, out_size: 0)","level":"WARN","ts":"2026-10-06T23:56:53.415411424Z","instance":"dfs-a-r1","service_name":"afs-node"}
{"msg":"[Not Implemented] ioctl(ino: 0x1ee, fh: 1006, flags: 0, cmd: 21505, in_data.len(): 0, out_size: 0)","level":"WARN","ts":"2026-10-06T23:56:53.417457054Z","instance":"dfs-a-r1","service_name":"afs-node"}
{"msg":"[Not Implemented] ioctl(ino: 0x1ef, fh: 1007, flags: 0, cmd: 21505, in_data.len(): 0, out_size: 0)","level":"WARN","ts":"2026-10-06T23:56:53.419334725Z","instance":"dfs-a-r1","service_name":"afs-node"}
{"msg":"[Not Implemented] ioctl(ino: 0x1f0, fh: 1008, flags: 0, cmd: 21505, in_data.len(): 0, out_size: 0)","level":"WARN","ts":"2026-10-06T23:56:53.421353272Z","instance":"dfs-a-r1","service_name":"afs-node"}
{"msg":"[Not Implemented] ioctl(ino: 0x1f1, fh: 1009, flags: 0, cmd: 21505, in_data.len(): 0, out_size: 0)","level":"WARN","ts":"2026-10-06T23:56:53.423424194Z","instance":"dfs-a-r1","service_name":"afs-node"}
{"msg":"[Not Implemented] ioctl(ino: 0x1f2, fh: 1010, flags: 0, cmd: 21505, in_data.len(): 0, out_size: 0)","level":"WARN","ts":"2026-10-06T23:56:53.425432115Z","instance":"dfs-a-r1","service_name":"afs-node"}
{"msg":"[Not Implemented] ioctl(ino: 0x1f3, fh: 1011, flags: 0, cmd: 21505, in_data.len(): 0, out_size: 0)","level":"WARN","ts":"2026-10-06T23:56:53.427435578Z","instance":"dfs-a-r1","service_name":"afs-node"}
{"msg":"[Not Implemented] ioctl(ino: 0x1f4, fh: 1012, flags: 0, cmd: 21505, in_data.len(): 0, out_size: 0)","level":"WARN","ts":"2026-10-06T23:56:53.429413458Z","instance":"dfs-a-r1","service_name":"afs-node"}
{"msg":"[Not Implemented] ioctl(ino: 0x1f5, fh: 1013, flags: 0, cmd: 21505, in_data.len(): 0, out_size: 0)","level":"WARN","ts":"2026-10-06T23:56:53.43140913Z","instance":"dfs-a-r1","service_name":"afs-node"}
{"msg":"[Not Implemented] ioctl(ino: 0x1f6, fh: 1014, flags: 0, cmd: 21505, in_data.len(): 0, out_size: 0)","level":"WARN","ts":"2026-10-06T23:56:53.433430968Z","instance":"dfs-a-r1","service_name":"afs-node"}
{"msg":"[Not Implemented] ioctl(ino: 0x1f7, fh: 1015, flags: 0, cmd: 21505, in_data.len(): 0, out_size: 0)","level":"WARN","ts":"2026-10-06T23:56:53.435451598Z","instance":"dfs-a-r1","service_name":"afs-node"}
{"msg":"[Not Implemented] ioctl(ino: 0x1f8, fh: 1016, flags: 0, cmd: 21505, in_data.len(): 0, out_size: 0)","level":"WARN","ts":"2026-10-06T23:56:53.437427978Z","instance":"dfs-a-r1","service_name":"afs-node"}
{"msg":"[Not Implemented] ioctl(ino: 0x1f9, fh: 1017, flags: 0, cmd: 21505, in_data.len(): 0, out_size: 0)","level":"WARN","ts":"2026-10-06T23:56:53.439504441Z","instance":"dfs-a-r1","service_name":"afs-node"}
{"msg":"[Not Implemented] ioctl(ino: 0x1fa, fh: 1018, flags: 0, cmd: 21505, in_data.len(): 0, out_size: 0)","level":"WARN","ts":"2026-10-06T23:56:53.441376529Z","instance":"dfs-a-r1","service_name":"afs-node"}
{"msg":"FUSE request failed","level":"ERRO","ts":"2026-10-06T23:56:57.309919515Z","instance":"dfs-a-r1","service_name":"afs-node","message":"DFS dentry not found","kind":"NotFound","code":34078721}
{"msg":"FUSE request failed","level":"ERRO","ts":"2026-10-06T23:56:57.310405516Z","instance":"dfs-a-r1","service_name":"afs-node","message":"DFS dentry not found","kind":"NotFound","code":34078721}
{"msg":"FUSE request failed","level":"ERRO","ts":"2026-10-06T23:56:57.310724142Z","instance":"dfs-a-r1","service_name":"afs-node","message":"DFS dentry not found","kind":"NotFound","code":34078721}
{"msg":"FUSE request failed","level":"ERRO","ts":"2026-10-06T23:56:57.357759089Z","instance":"dfs-a-r1","service_name":"afs-node","message":"DFS dentry not found","kind":"NotFound","code":34078721}
{"msg":"fuse.create","level":"INFO","ts":"2026-10-06T23:56:57.357796464Z","instance":"dfs-a-r1","service_name":"afs-node","name":"entry-0000.bin","parent":507}
{"msg":"FUSE request failed","level":"ERRO","ts":"2026-10-06T23:56:57.384633488Z","instance":"dfs-a-r1","service_name":"afs-node","message":"DFS currently supports only user.* xattrs","kind":"FailedPrecondition","code":67305489}
{"msg":"FUSE request failed","level":"ERRO","ts":"2026-10-06T23:56:57.451433899Z","instance":"dfs-a-r1","service_name":"afs-node","message":"DFS dentry not found","kind":"NotFound","code":34078721}
{"msg":"fuse.create","level":"INFO","ts":"2026-10-06T23:56:57.451462108Z","instance":"dfs-a-r1","service_name":"afs-node","name":"entry-0001.bin","parent":507}
{"msg":"FUSE request failed","level":"ERRO","ts":"2026-10-06T23:56:57.477902547Z","instance":"dfs-a-r1","service_name":"afs-node","message":"DFS currently supports only user.* xattrs","kind":"FailedPrecondition","code":67305489}
{"msg":"FUSE request failed","level":"ERRO","ts":"2026-10-06T23:56:57.532547595Z","instance":"dfs-a-r1","service_name":"afs-node","message":"DFS dentry not found","kind":"NotFound","code":34078721}
{"msg":"fuse.create","level":"INFO","ts":"2026-10-06T23:56:57.532599554Z","instance":"dfs-a-r1","service_name":"afs-node","name":"entry-0002.bin","parent":507}
{"msg":"FUSE request failed","level":"ERRO","ts":"2026-10-06T23:56:57.563045628Z","instance":"dfs-a-r1","service_name":"afs-node","message":"DFS currently supports only user.* xattrs","kind":"FailedPrecondition","code":67305489}
{"msg":"FUSE request failed","level":"ERRO","ts":"2026-10-06T23:56:57.621628561Z","instance":"dfs-a-r1","service_name":"afs-node","message":"DFS dentry not found","kind":"NotFound","code":34078721}
{"msg":"fuse.create","level":"INFO","ts":"2026-10-06T23:56:57.621653728Z","instance":"dfs-a-r1","service_name":"afs-node","name":"entry-0003.bin","parent":507}
{"msg":"FUSE request failed","level":"ERRO","ts":"2026-10-06T23:56:57.648071583Z","instance":"dfs-a-r1","service_name":"afs-node","message":"DFS currently supports only user.* xattrs","kind":"FailedPrecondition","code":67305489}
{"msg":"FUSE request failed","level":"ERRO","ts":"2026-10-06T23:56:57.707257185Z","instance":"dfs-a-r1","service_name":"afs-node","message":"DFS dentry not found","kind":"NotFound","code":34078721}
{"msg":"fuse.create","level":"INFO","ts":"2026-10-06T23:56:57.707299018Z","instance":"dfs-a-r1","service_name":"afs-node","name":"entry-0004.bin","parent":507}
{"msg":"FUSE request failed","level":"ERRO","ts":"2026-10-06T23:56:57.735670087Z","instance":"dfs-a-r1","service_name":"afs-node","message":"DFS currently supports only user.* xattrs","kind":"FailedPrecondition","code":67305489}
{"msg":"FUSE request failed","level":"ERRO","ts":"2026-10-06T23:56:57.795007189Z","instance":"dfs-a-r1","service_name":"afs-node","message":"DFS dentry not found","kind":"NotFound","code":34078721}
{"msg":"fuse.create","level":"INFO","ts":"2026-10-06T23:56:57.795054522Z","instance":"dfs-a-r1","service_name":"afs-node","name":"entry-0005.bin","parent":507}
{"msg":"FUSE request failed","level":"ERRO","ts":"2026-10-06T23:56:57.82349505Z","instance":"dfs-a-r1","service_name":"afs-node","message":"DFS currently supports only user.* xattrs","kind":"FailedPrecondition","code":67305489}
{"msg":"FUSE request failed","level":"ERRO","ts":"2026-10-06T23:56:57.884982448Z","instance":"dfs-a-r1","service_name":"afs-node","message":"DFS dentry not found","kind":"NotFound","code":34078721}
{"msg":"fuse.create","level":"INFO","ts":"2026-10-06T23:56:57.885030532Z","instance":"dfs-a-r1","service_name":"afs-node","name":"entry-0006.bin","parent":507}
{"msg":"FUSE request failed","level":"ERRO","ts":"2026-10-06T23:56:57.914194811Z","instance":"dfs-a-r1","service_name":"afs-node","message":"DFS currently supports only user.* xattrs","kind":"FailedPrecondition","code":67305489}
{"msg":"FUSE request failed","level":"ERRO","ts":"2026-10-06T23:56:57.972675536Z","instance":"dfs-a-r1","service_name":"afs-node","message":"DFS dentry not found","kind":"NotFound","code":34078721}
{"msg":"fuse.create","level":"INFO","ts":"2026-10-06T23:56:57.972697577Z","instance":"dfs-a-r1","service_name":"afs-node","name":"entry-0007.bin","parent":507}
{"msg":"FUSE request failed","level":"ERRO","ts":"2026-10-06T23:56:58.000189352Z","instance":"dfs-a-r1","service_name":"afs-node","message":"DFS currently supports only user.* xattrs","kind":"FailedPrecondition","code":67305489}
{"msg":"FUSE request failed","level":"ERRO","ts":"2026-10-06T23:56:58.062307127Z","instance":"dfs-a-r1","service_name":"afs-node","message":"DFS dentry not found","kind":"NotFound","code":34078721}
{"msg":"fuse.create","level":"INFO","ts":"2026-10-06T23:56:58.062318752Z","instance":"dfs-a-r1","service_name":"afs-node","name":"entry-0008.bin","parent":507}
{"msg":"FUSE request failed","level":"ERRO","ts":"2026-10-06T23:56:58.089562943Z","instance":"dfs-a-r1","service_name":"afs-node","message":"DFS currently supports only user.* xattrs","kind":"FailedPrecondition","code":67305489}
{"msg":"FUSE request failed","level":"ERRO","ts":"2026-10-06T23:56:58.150766049Z","instance":"dfs-a-r1","service_name":"afs-node","message":"DFS dentry not found","kind":"NotFound","code":34078721}
{"msg":"fuse.create","level":"INFO","ts":"2026-10-06T23:56:58.150789258Z","instance":"dfs-a-r1","service_name":"afs-node","name":"entry-0009.bin","parent":507}
{"msg":"FUSE request failed","level":"ERRO","ts":"2026-10-06T23:56:58.178450325Z","instance":"dfs-a-r1","service_name":"afs-node","message":"DFS currently supports only user.* xattrs","kind":"FailedPrecondition","code":67305489}
{"msg":"FUSE request failed","level":"ERRO","ts":"2026-10-06T23:56:58.236425881Z","instance":"dfs-a-r1","service_name":"afs-node","message":"DFS dentry not found","kind":"NotFound","code":34078721}
{"msg":"fuse.create","level":"INFO","ts":"2026-10-06T23:56:58.236469715Z","instance":"dfs-a-r1","service_name":"afs-node","name":"entry-0010.bin","parent":507}
{"msg":"FUSE request failed","level":"ERRO","ts":"2026-10-06T23:56:58.263295196Z","instance":"dfs-a-r1","service_name":"afs-node","message":"DFS currently supports only user.* xattrs","kind":"FailedPrecondition","code":67305489}
{"msg":"FUSE request failed","level":"ERRO","ts":"2026-10-06T23:56:58.322283589Z","instance":"dfs-a-r1","service_name":"afs-node","message":"DFS dentry not found","kind":"NotFound","code":34078721}
{"msg":"fuse.create","level":"INFO","ts":"2026-10-06T23:56:58.322320839Z","instance":"dfs-a-r1","service_name":"afs-node","name":"entry-0011.bin","parent":507}
{"msg":"FUSE request failed","level":"ERRO","ts":"2026-10-06T23:56:58.351234159Z","instance":"dfs-a-r1","service_name":"afs-node","message":"DFS currently supports only user.* xattrs","kind":"FailedPrecondition","code":67305489}
{"msg":"FUSE request failed","level":"ERRO","ts":"2026-10-06T23:56:58.413934102Z","instance":"dfs-a-r1","service_name":"afs-node","message":"DFS dentry not found","kind":"NotFound","code":34078721}
{"msg":"fuse.create","level":"INFO","ts":"2026-10-06T23:56:58.413950352Z","instance":"dfs-a-r1","service_name":"afs-node","name":"entry-0012.bin","parent":507}
{"msg":"FUSE request failed","level":"ERRO","ts":"2026-10-06T23:56:58.442785296Z","instance":"dfs-a-r1","service_name":"afs-node","message":"DFS currently supports only user.* xattrs","kind":"FailedPrecondition","code":67305489}
{"msg":"FUSE request failed","level":"ERRO","ts":"2026-10-06T23:56:58.507481911Z","instance":"dfs-a-r1","service_name":"afs-node","message":"DFS dentry not found","kind":"NotFound","code":34078721}
{"msg":"fuse.create","level":"INFO","ts":"2026-10-06T23:56:58.507524494Z","instance":"dfs-a-r1","service_name":"afs-node","name":"entry-0013.bin","parent":507}
{"msg":"FUSE request failed","level":"ERRO","ts":"2026-10-06T23:56:58.535287103Z","instance":"dfs-a-r1","service_name":"afs-node","message":"DFS currently supports only user.* xattrs","kind":"FailedPrecondition","code":67305489}
{"msg":"FUSE request failed","level":"ERRO","ts":"2026-10-06T23:56:58.598896465Z","instance":"dfs-a-r1","service_name":"afs-node","message":"DFS dentry not found","kind":"NotFound","code":34078721}
{"msg":"fuse.create","level":"INFO","ts":"2026-10-06T23:56:58.598919507Z","instance":"dfs-a-r1","service_name":"afs-node","name":"entry-0014.bin","parent":507}
{"msg":"FUSE request failed","level":"ERRO","ts":"2026-10-06T23:56:58.626058281Z","instance":"dfs-a-r1","service_name":"afs-node","message":"DFS currently supports only user.* xattrs","kind":"FailedPrecondition","code":67305489}
{"msg":"FUSE request failed","level":"ERRO","ts":"2026-10-06T23:56:58.687493721Z","instance":"dfs-a-r1","service_name":"afs-node","message":"DFS dentry not found","kind":"NotFound","code":34078721}
{"msg":"fuse.create","level":"INFO","ts":"2026-10-06T23:56:58.687572888Z","instance":"dfs-a-r1","service_name":"afs-node","name":"entry-0015.bin","parent":507}
{"msg":"FUSE request failed","level":"ERRO","ts":"2026-10-06T23:56:58.714511078Z","instance":"dfs-a-r1","service_name":"afs-node","message":"DFS currently supports only user.* xattrs","kind":"FailedPrecondition","code":67305489}
{"msg":"FUSE request failed","level":"ERRO","ts":"2026-10-06T23:56:58.770412671Z","instance":"dfs-a-r1","service_name":"afs-node","message":"DFS dentry not found","kind":"NotFound","code":34078721}
{"msg":"fuse.create","level":"INFO","ts":"2026-10-06T23:56:58.770426879Z","instance":"dfs-a-r1","service_name":"afs-node","name":"entry-0016.bin","parent":507}
{"msg":"FUSE request failed","level":"ERRO","ts":"2026-10-06T23:56:58.802235081Z","instance":"dfs-a-r1","service_name":"afs-node","message":"DFS currently supports only user.* xattrs","kind":"FailedPrecondition","code":67305489}
{"msg":"FUSE request failed","level":"ERRO","ts":"2026-10-06T23:56:58.867641822Z","instance":"dfs-a-r1","service_name":"afs-node","message":"DFS dentry not found","kind":"NotFound","code":34078721}
{"msg":"fuse.create","level":"INFO","ts":"2026-10-06T23:56:58.867666698Z","instance":"dfs-a-r1","service_name":"afs-node","name":"entry-0017.bin","parent":507}
{"msg":"FUSE request failed","level":"ERRO","ts":"2026-10-06T23:56:58.894514304Z","instance":"dfs-a-r1","service_name":"afs-node","message":"DFS currently supports only user.* xattrs","kind":"FailedPrecondition","code":67305489}
{"msg":"FUSE request failed","level":"ERRO","ts":"2026-10-06T23:56:58.951671942Z","instance":"dfs-a-r1","service_name":"afs-node","message":"DFS dentry not found","kind":"NotFound","code":34078721}
{"msg":"fuse.create","level":"INFO","ts":"2026-10-06T23:56:58.951684109Z","instance":"dfs-a-r1","service_name":"afs-node","name":"entry-0018.bin","parent":507}
{"msg":"FUSE request failed","level":"ERRO","ts":"2026-10-06T23:56:58.978146423Z","instance":"dfs-a-r1","service_name":"afs-node","message":"DFS currently supports only user.* xattrs","kind":"FailedPrecondition","code":67305489}
{"msg":"FUSE request failed","level":"ERRO","ts":"2026-10-06T23:56:59.042591787Z","instance":"dfs-a-r1","service_name":"afs-node","message":"DFS dentry not found","kind":"NotFound","code":34078721}
{"msg":"fuse.create","level":"INFO","ts":"2026-10-06T23:56:59.04261187Z","instance":"dfs-a-r1","service_name":"afs-node","name":"entry-0019.bin","parent":507}
{"msg":"FUSE request failed","level":"ERRO","ts":"2026-10-06T23:56:59.069649352Z","instance":"dfs-a-r1","service_name":"afs-node","message":"DFS currently supports only user.* xattrs","kind":"FailedPrecondition","code":67305489}
{"msg":"FUSE request failed","level":"ERRO","ts":"2026-10-06T23:56:59.125403986Z","instance":"dfs-a-r1","service_name":"afs-node","message":"DFS dentry not found","kind":"NotFound","code":34078721}
{"msg":"fuse.create","level":"INFO","ts":"2026-10-06T23:56:59.125433403Z","instance":"dfs-a-r1","service_name":"afs-node","name":"entry-0020.bin","parent":507}
{"msg":"FUSE request failed","level":"ERRO","ts":"2026-10-06T23:56:59.153499262Z","instance":"dfs-a-r1","service_name":"afs-node","message":"DFS currently supports only user.* xattrs","kind":"FailedPrecondition","code":67305489}
{"msg":"FUSE request failed","level":"ERRO","ts":"2026-10-06T23:56:59.211769194Z","instance":"dfs-a-r1","service_name":"afs-node","message":"DFS dentry not found","kind":"NotFound","code":34078721}
{"msg":"fuse.create","level":"INFO","ts":"2026-10-06T23:56:59.211801361Z","instance":"dfs-a-r1","service_name":"afs-node","name":"entry-0021.bin","parent":507}
{"msg":"FUSE request failed","level":"ERRO","ts":"2026-10-06T23:56:59.2383678Z","instance":"dfs-a-r1","service_name":"afs-node","message":"DFS currently supports only user.* xattrs","kind":"FailedPrecondition","code":67305489}
{"msg":"FUSE request failed","level":"ERRO","ts":"2026-10-06T23:56:59.296940775Z","instance":"dfs-a-r1","service_name":"afs-node","message":"DFS dentry not found","kind":"NotFound","code":34078721}
{"msg":"fuse.create","level":"INFO","ts":"2026-10-06T23:56:59.296960566Z","instance":"dfs-a-r1","service_name":"afs-node","name":"entry-0022.bin","parent":507}
{"msg":"FUSE request failed","level":"ERRO","ts":"2026-10-06T23:56:59.324634341Z","instance":"dfs-a-r1","service_name":"afs-node","message":"DFS currently supports only user.* xattrs","kind":"FailedPrecondition","code":67305489}
{"msg":"FUSE request failed","level":"ERRO","ts":"2026-10-06T23:56:59.380379768Z","instance":"dfs-a-r1","service_name":"afs-node","message":"DFS dentry not found","kind":"NotFound","code":34078721}
{"msg":"fuse.create","level":"INFO","ts":"2026-10-06T23:56:59.380390893Z","instance":"dfs-a-r1","service_name":"afs-node","name":"entry-0023.bin","parent":507}
{"msg":"FUSE request failed","level":"ERRO","ts":"2026-10-06T23:56:59.40784575Z","instance":"dfs-a-r1","service_name":"afs-node","message":"DFS currently supports only user.* xattrs","kind":"FailedPrecondition","code":67305489}
{"msg":"FUSE request failed","level":"ERRO","ts":"2026-10-06T23:56:59.469891733Z","instance":"dfs-a-r1","service_name":"afs-node","message":"DFS dentry not found","kind":"NotFound","code":34078721}
{"msg":"fuse.create","level":"INFO","ts":"2026-10-06T23:56:59.4699194Z","instance":"dfs-a-r1","service_name":"afs-node","name":"entry-0024.bin","parent":507}
{"msg":"FUSE request failed","level":"ERRO","ts":"2026-10-06T23:56:59.501799935Z","instance":"dfs-a-r1","service_name":"afs-node","message":"DFS currently supports only user.* xattrs","kind":"FailedPrecondition","code":67305489}
{"msg":"FUSE request failed","level":"ERRO","ts":"2026-10-06T23:56:59.555644982Z","instance":"dfs-a-r1","service_name":"afs-node","message":"DFS dentry not found","kind":"NotFound","code":34078721}
{"msg":"fuse.create","level":"INFO","ts":"2026-10-06T23:56:59.555656565Z","instance":"dfs-a-r1","service_name":"afs-node","name":"entry-0025.bin","parent":507}
{"msg":"FUSE request failed","level":"ERRO","ts":"2026-10-06T23:56:59.582660213Z","instance":"dfs-a-r1","service_name":"afs-node","message":"DFS currently supports only user.* xattrs","kind":"FailedPrecondition","code":67305489}
{"msg":"FUSE request failed","level":"ERRO","ts":"2026-10-06T23:56:59.645993658Z","instance":"dfs-a-r1","service_name":"afs-node","message":"DFS dentry not found","kind":"NotFound","code":34078721}
{"msg":"fuse.create","level":"INFO","ts":"2026-10-06T23:56:59.64605395Z","instance":"dfs-a-r1","service_name":"afs-node","name":"entry-0026.bin","parent":507}
{"msg":"FUSE request failed","level":"ERRO","ts":"2026-10-06T23:56:59.673774933Z","instance":"dfs-a-r1","service_name":"afs-node","message":"DFS currently supports only user.* xattrs","kind":"FailedPrecondition","code":67305489}
{"msg":"FUSE request failed","level":"ERRO","ts":"2026-10-06T23:56:59.728841732Z","instance":"dfs-a-r1","service_name":"afs-node","message":"DFS dentry not found","kind":"NotFound","code":34078721}
{"msg":"fuse.create","level":"INFO","ts":"2026-10-06T23:56:59.728853816Z","instance":"dfs-a-r1","service_name":"afs-node","name":"entry-0027.bin","parent":507}
{"msg":"FUSE request failed","level":"ERRO","ts":"2026-10-06T23:56:59.75631034Z","instance":"dfs-a-r1","service_name":"afs-node","message":"DFS currently supports only user.* xattrs","kind":"FailedPrecondition","code":67305489}
{"msg":"FUSE request failed","level":"ERRO","ts":"2026-10-06T23:56:59.815285774Z","instance":"dfs-a-r1","service_name":"afs-node","message":"DFS dentry not found","kind":"NotFound","code":34078721}
{"msg":"fuse.create","level":"INFO","ts":"2026-10-06T23:56:59.815335149Z","instance":"dfs-a-r1","service_name":"afs-node","name":"entry-0028.bin","parent":507}
{"msg":"FUSE request failed","level":"ERRO","ts":"2026-10-06T23:56:59.84272084Z","instance":"dfs-a-r1","service_name":"afs-node","message":"DFS currently supports only user.* xattrs","kind":"FailedPrecondition","code":67305489}
{"msg":"FUSE request failed","level":"ERRO","ts":"2026-10-06T23:56:59.901148023Z","instance":"dfs-a-r1","service_name":"afs-node","message":"DFS dentry not found","kind":"NotFound","code":34078721}
{"msg":"fuse.create","level":"INFO","ts":"2026-10-06T23:56:59.901161356Z","instance":"dfs-a-r1","service_name":"afs-node","name":"entry-0029.bin","parent":507}
{"msg":"FUSE request failed","level":"ERRO","ts":"2026-10-06T23:56:59.931224845Z","instance":"dfs-a-r1","service_name":"afs-node","message":"DFS currently supports only user.* xattrs","kind":"FailedPrecondition","code":67305489}
{"msg":"FUSE request failed","level":"ERRO","ts":"2026-10-06T23:56:59.989148735Z","instance":"dfs-a-r1","service_name":"afs-node","message":"DFS dentry not found","kind":"NotFound","code":34078721}
{"msg":"fuse.create","level":"INFO","ts":"2026-10-06T23:56:59.989161693Z","instance":"dfs-a-r1","service_name":"afs-node","name":"entry-0030.bin","parent":507}
{"msg":"FUSE request failed","level":"ERRO","ts":"2026-10-06T23:57:00.023305317Z","instance":"dfs-a-r1","service_name":"afs-node","message":"DFS currently supports only user.* xattrs","kind":"FailedPrecondition","code":67305489}
{"msg":"FUSE request failed","level":"ERRO","ts":"2026-10-06T23:57:00.088800891Z","instance":"dfs-a-r1","service_name":"afs-node","message":"DFS dentry not found","kind":"NotFound","code":34078721}
{"msg":"fuse.create","level":"INFO","ts":"2026-10-06T23:57:00.088834183Z","instance":"dfs-a-r1","service_name":"afs-node","name":"entry-0031.bin","parent":507}
{"msg":"FUSE request failed","level":"ERRO","ts":"2026-10-06T23:57:00.122615014Z","instance":"dfs-a-r1","service_name":"afs-node","message":"DFS currently supports only user.* xattrs","kind":"FailedPrecondition","code":67305489}
{"msg":"FUSE request failed","level":"ERRO","ts":"2026-10-06T23:57:00.193632352Z","instance":"dfs-a-r1","service_name":"afs-node","message":"DFS dentry not found","kind":"NotFound","code":34078721}
{"msg":"fuse.create","level":"INFO","ts":"2026-10-06T23:57:00.193652769Z","instance":"dfs-a-r1","service_name":"afs-node","name":"entry-0032.bin","parent":507}
{"msg":"FUSE request failed","level":"ERRO","ts":"2026-10-06T23:57:00.227099516Z","instance":"dfs-a-r1","service_name":"afs-node","message":"DFS currently supports only user.* xattrs","kind":"FailedPrecondition","code":67305489}
{"msg":"FUSE request failed","level":"ERRO","ts":"2026-10-06T23:57:00.290365543Z","instance":"dfs-a-r1","service_name":"afs-node","message":"DFS dentry not found","kind":"NotFound","code":34078721}
{"msg":"fuse.create","level":"INFO","ts":"2026-10-06T23:57:00.290404918Z","instance":"dfs-a-r1","service_name":"afs-node","name":"entry-0033.bin","parent":507}
{"msg":"FUSE request failed","level":"ERRO","ts":"2026-10-06T23:57:00.321844327Z","instance":"dfs-a-r1","service_name":"afs-node","message":"DFS currently supports only user.* xattrs","kind":"FailedPrecondition","code":67305489}
{"msg":"FUSE request failed","level":"ERRO","ts":"2026-10-06T23:57:00.379448382Z","instance":"dfs-a-r1","service_name":"afs-node","message":"DFS dentry not found","kind":"NotFound","code":34078721}
{"msg":"fuse.create","level":"INFO","ts":"2026-10-06T23:57:00.379461216Z","instance":"dfs-a-r1","service_name":"afs-node","name":"entry-0034.bin","parent":507}
{"msg":"FUSE request failed","level":"ERRO","ts":"2026-10-06T23:57:00.408254577Z","instance":"dfs-a-r1","service_name":"afs-node","message":"DFS currently supports only user.* xattrs","kind":"FailedPrecondition","code":67305489}
{"msg":"FUSE request failed","level":"ERRO","ts":"2026-10-06T23:57:00.463253334Z","instance":"dfs-a-r1","service_name":"afs-node","message":"DFS dentry not found","kind":"NotFound","code":34078721}
{"msg":"fuse.create","level":"INFO","ts":"2026-10-06T23:57:00.463268834Z","instance":"dfs-a-r1","service_name":"afs-node","name":"entry-0035.bin","parent":507}
{"msg":"FUSE request failed","level":"ERRO","ts":"2026-10-06T23:57:00.492295195Z","instance":"dfs-a-r1","service_name":"afs-node","message":"DFS currently supports only user.* xattrs","kind":"FailedPrecondition","code":67305489}
{"msg":"FUSE request failed","level":"ERRO","ts":"2026-10-06T23:57:00.554251136Z","instance":"dfs-a-r1","service_name":"afs-node","message":"DFS dentry not found","kind":"NotFound","code":34078721}
{"msg":"fuse.create","level":"INFO","ts":"2026-10-06T23:57:00.554262803Z","instance":"dfs-a-r1","service_name":"afs-node","name":"entry-0036.bin","parent":507}
{"msg":"FUSE request failed","level":"ERRO","ts":"2026-10-06T23:57:00.583167164Z","instance":"dfs-a-r1","service_name":"afs-node","message":"DFS currently supports only user.* xattrs","kind":"FailedPrecondition","code":67305489}
{"msg":"FUSE request failed","level":"ERRO","ts":"2026-10-06T23:57:00.643011516Z","instance":"dfs-a-r1","service_name":"afs-node","message":"DFS dentry not found","kind":"NotFound","code":34078721}
{"msg":"fuse.create","level":"INFO","ts":"2026-10-06T23:57:00.643025433Z","instance":"dfs-a-r1","service_name":"afs-node","name":"entry-0037.bin","parent":507}
{"msg":"FUSE request failed","level":"ERRO","ts":"2026-10-06T23:57:00.671781461Z","instance":"dfs-a-r1","service_name":"afs-node","message":"DFS currently supports only user.* xattrs","kind":"FailedPrecondition","code":67305489}
{"msg":"FUSE request failed","level":"ERRO","ts":"2026-10-06T23:57:00.728363555Z","instance":"dfs-a-r1","service_name":"afs-node","message":"DFS dentry not found","kind":"NotFound","code":34078721}
{"msg":"fuse.create","level":"INFO","ts":"2026-10-06T23:57:00.728375513Z","instance":"dfs-a-r1","service_name":"afs-node","name":"entry-0038.bin","parent":507}
{"msg":"FUSE request failed","level":"ERRO","ts":"2026-10-06T23:57:00.75613908Z","instance":"dfs-a-r1","service_name":"afs-node","message":"DFS currently supports only user.* xattrs","kind":"FailedPrecondition","code":67305489}
{"msg":"FUSE request failed","level":"ERRO","ts":"2026-10-06T23:57:00.821221612Z","instance":"dfs-a-r1","service_name":"afs-node","message":"DFS dentry not found","kind":"NotFound","code":34078721}
{"msg":"fuse.create","level":"INFO","ts":"2026-10-06T23:57:00.821269195Z","instance":"dfs-a-r1","service_name":"afs-node","name":"entry-0039.bin","parent":507}
{"msg":"FUSE request failed","level":"ERRO","ts":"2026-10-06T23:57:00.850293932Z","instance":"dfs-a-r1","service_name":"afs-node","message":"DFS currently supports only user.* xattrs","kind":"FailedPrecondition","code":67305489}
{"msg":"FUSE request failed","level":"ERRO","ts":"2026-10-06T23:57:00.907772028Z","instance":"dfs-a-r1","service_name":"afs-node","message":"DFS dentry not found","kind":"NotFound","code":34078721}
{"msg":"fuse.create","level":"INFO","ts":"2026-10-06T23:57:00.907822987Z","instance":"dfs-a-r1","service_name":"afs-node","name":"entry-0040.bin","parent":507}
{"msg":"FUSE request failed","level":"ERRO","ts":"2026-10-06T23:57:00.937030599Z","instance":"dfs-a-r1","service_name":"afs-node","message":"DFS currently supports only user.* xattrs","kind":"FailedPrecondition","code":67305489}
{"msg":"FUSE request failed","level":"ERRO","ts":"2026-10-06T23:57:00.998435746Z","instance":"dfs-a-r1","service_name":"afs-node","message":"DFS dentry not found","kind":"NotFound","code":34078721}
{"msg":"fuse.create","level":"INFO","ts":"2026-10-06T23:57:00.998450496Z","instance":"dfs-a-r1","service_name":"afs-node","name":"entry-0041.bin","parent":507}
{"msg":"FUSE request failed","level":"ERRO","ts":"2026-10-06T23:57:01.027749109Z","instance":"dfs-a-r1","service_name":"afs-node","message":"DFS currently supports only user.* xattrs","kind":"FailedPrecondition","code":67305489}
{"msg":"FUSE request failed","level":"ERRO","ts":"2026-10-06T23:57:01.088932089Z","instance":"dfs-a-r1","service_name":"afs-node","message":"DFS dentry not found","kind":"NotFound","code":34078721}
{"msg":"fuse.create","level":"INFO","ts":"2026-10-06T23:57:01.088945214Z","instance":"dfs-a-r1","service_name":"afs-node","name":"entry-0042.bin","parent":507}
{"msg":"FUSE request failed","level":"ERRO","ts":"2026-10-06T23:57:01.11730174Z","instance":"dfs-a-r1","service_name":"afs-node","message":"DFS currently supports only user.* xattrs","kind":"FailedPrecondition","code":67305489}
{"msg":"FUSE request failed","level":"ERRO","ts":"2026-10-06T23:57:01.177599718Z","instance":"dfs-a-r1","service_name":"afs-node","message":"DFS dentry not found","kind":"NotFound","code":34078721}
{"msg":"fuse.create","level":"INFO","ts":"2026-10-06T23:57:01.177612468Z","instance":"dfs-a-r1","service_name":"afs-node","name":"entry-0043.bin","parent":507}
{"msg":"FUSE request failed","level":"ERRO","ts":"2026-10-06T23:57:01.206882789Z","instance":"dfs-a-r1","service_name":"afs-node","message":"DFS currently supports only user.* xattrs","kind":"FailedPrecondition","code":67305489}
{"msg":"FUSE request failed","level":"ERRO","ts":"2026-10-06T23:57:01.268407686Z","instance":"dfs-a-r1","service_name":"afs-node","message":"DFS dentry not found","kind":"NotFound","code":34078721}
{"msg":"fuse.create","level":"INFO","ts":"2026-10-06T23:57:01.268419728Z","instance":"dfs-a-r1","service_name":"afs-node","name":"entry-0044.bin","parent":507}
{"msg":"FUSE request failed","level":"ERRO","ts":"2026-10-06T23:57:01.297673173Z","instance":"dfs-a-r1","service_name":"afs-node","message":"DFS currently supports only user.* xattrs","kind":"FailedPrecondition","code":67305489}
{"msg":"FUSE request failed","level":"ERRO","ts":"2026-10-06T23:57:01.354629352Z","instance":"dfs-a-r1","service_name":"afs-node","message":"DFS dentry not found","kind":"NotFound","code":34078721}
{"msg":"fuse.create","level":"INFO","ts":"2026-10-06T23:57:01.354644102Z","instance":"dfs-a-r1","service_name":"afs-node","name":"entry-0045.bin","parent":507}
{"msg":"FUSE request failed","level":"ERRO","ts":"2026-10-06T23:57:01.384272631Z","instance":"dfs-a-r1","service_name":"afs-node","message":"DFS currently supports only user.* xattrs","kind":"FailedPrecondition","code":67305489}
{"msg":"FUSE request failed","level":"ERRO","ts":"2026-10-06T23:57:01.444874277Z","instance":"dfs-a-r1","service_name":"afs-node","message":"DFS dentry not found","kind":"NotFound","code":34078721}
{"msg":"fuse.create","level":"INFO","ts":"2026-10-06T23:57:01.444946319Z","instance":"dfs-a-r1","service_name":"afs-node","name":"entry-0046.bin","parent":507}
{"msg":"FUSE request failed","level":"ERRO","ts":"2026-10-06T23:57:01.473383137Z","instance":"dfs-a-r1","service_name":"afs-node","message":"DFS currently supports only user.* xattrs","kind":"FailedPrecondition","code":67305489}
{"msg":"FUSE request failed","level":"ERRO","ts":"2026-10-06T23:57:01.52965148Z","instance":"dfs-a-r1","service_name":"afs-node","message":"DFS dentry not found","kind":"NotFound","code":34078721}
{"msg":"fuse.create","level":"INFO","ts":"2026-10-06T23:57:01.52966348Z","instance":"dfs-a-r1","service_name":"afs-node","name":"entry-0047.bin","parent":507}
{"msg":"FUSE request failed","level":"ERRO","ts":"2026-10-06T23:57:01.558867509Z","instance":"dfs-a-r1","service_name":"afs-node","message":"DFS currently supports only user.* xattrs","kind":"FailedPrecondition","code":67305489}
{"msg":"FUSE request failed","level":"ERRO","ts":"2026-10-06T23:57:01.619351987Z","instance":"dfs-a-r1","service_name":"afs-node","message":"DFS dentry not found","kind":"NotFound","code":34078721}
{"msg":"fuse.create","level":"INFO","ts":"2026-10-06T23:57:01.619376737Z","instance":"dfs-a-r1","service_name":"afs-node","name":"entry-0048.bin","parent":507}
{"msg":"FUSE request failed","level":"ERRO","ts":"2026-10-06T23:57:01.647861389Z","instance":"dfs-a-r1","service_name":"afs-node","message":"DFS currently supports only user.* xattrs","kind":"FailedPrecondition","code":67305489}
{"msg":"FUSE request failed","level":"ERRO","ts":"2026-10-06T23:57:01.711928751Z","instance":"dfs-a-r1","service_name":"afs-node","message":"DFS dentry not found","kind":"NotFound","code":34078721}
{"msg":"fuse.create","level":"INFO","ts":"2026-10-06T23:57:01.711964751Z","instance":"dfs-a-r1","service_name":"afs-node","name":"entry-0049.bin","parent":507}
{"msg":"FUSE request failed","level":"ERRO","ts":"2026-10-06T23:57:01.740508153Z","instance":"dfs-a-r1","service_name":"afs-node","message":"DFS currently supports only user.* xattrs","kind":"FailedPrecondition","code":67305489}
{"msg":"FUSE request failed","level":"ERRO","ts":"2026-10-06T23:57:01.796808205Z","instance":"dfs-a-r1","service_name":"afs-node","message":"DFS dentry not found","kind":"NotFound","code":34078721}
{"msg":"fuse.create","level":"INFO","ts":"2026-10-06T23:57:01.796839913Z","instance":"dfs-a-r1","service_name":"afs-node","name":"entry-0050.bin","parent":507}
{"msg":"FUSE request failed","level":"ERRO","ts":"2026-10-06T23:57:01.825913942Z","instance":"dfs-a-r1","service_name":"afs-node","message":"DFS currently supports only user.* xattrs","kind":"FailedPrecondition","code":67305489}
{"msg":"FUSE request failed","level":"ERRO","ts":"2026-10-06T23:57:01.88621992Z","instance":"dfs-a-r1","service_name":"afs-node","message":"DFS dentry not found","kind":"NotFound","code":34078721}
{"msg":"fuse.create","level":"INFO","ts":"2026-10-06T23:57:01.886277128Z","instance":"dfs-a-r1","service_name":"afs-node","name":"entry-0051.bin","parent":507}
{"msg":"FUSE request failed","level":"ERRO","ts":"2026-10-06T23:57:01.91532249Z","instance":"dfs-a-r1","service_name":"afs-node","message":"DFS currently supports only user.* xattrs","kind":"FailedPrecondition","code":67305489}
{"msg":"FUSE request failed","level":"ERRO","ts":"2026-10-06T23:57:01.972932878Z","instance":"dfs-a-r1","service_name":"afs-node","message":"DFS dentry not found","kind":"NotFound","code":34078721}
{"msg":"fuse.create","level":"INFO","ts":"2026-10-06T23:57:01.97294542Z","instance":"dfs-a-r1","service_name":"afs-node","name":"entry-0052.bin","parent":507}
{"msg":"FUSE request failed","level":"ERRO","ts":"2026-10-06T23:57:02.002507449Z","instance":"dfs-a-r1","service_name":"afs-node","message":"DFS currently supports only user.* xattrs","kind":"FailedPrecondition","code":67305489}
{"msg":"FUSE request failed","level":"ERRO","ts":"2026-10-06T23:57:02.060256587Z","instance":"dfs-a-r1","service_name":"afs-node","message":"DFS dentry not found","kind":"NotFound","code":34078721}
{"msg":"fuse.create","level":"INFO","ts":"2026-10-06T23:57:02.060285837Z","instance":"dfs-a-r1","service_name":"afs-node","name":"entry-0053.bin","parent":507}
{"msg":"FUSE request failed","level":"ERRO","ts":"2026-10-06T23:57:02.146370627Z","instance":"dfs-a-r1","service_name":"afs-node","message":"DFS currently supports only user.* xattrs","kind":"FailedPrecondition","code":67305489}
{"msg":"FUSE request failed","level":"ERRO","ts":"2026-10-06T23:57:02.233241835Z","instance":"dfs-a-r1","service_name":"afs-node","message":"DFS dentry not found","kind":"NotFound","code":34078721}
{"msg":"fuse.create","level":"INFO","ts":"2026-10-06T23:57:02.23325321Z","instance":"dfs-a-r1","service_name":"afs-node","name":"entry-0054.bin","parent":507}
{"msg":"FUSE request failed","level":"ERRO","ts":"2026-10-06T23:57:02.264096242Z","instance":"dfs-a-r1","service_name":"afs-node","message":"DFS currently supports only user.* xattrs","kind":"FailedPrecondition","code":67305489}
{"msg":"FUSE request failed","level":"ERRO","ts":"2026-10-06T23:57:02.323621677Z","instance":"dfs-a-r1","service_name":"afs-node","message":"DFS dentry not found","kind":"NotFound","code":34078721}
{"msg":"fuse.create","level":"INFO","ts":"2026-10-06T23:57:02.323665468Z","instance":"dfs-a-r1","service_name":"afs-node","name":"entry-0055.bin","parent":507}
{"msg":"FUSE request failed","level":"ERRO","ts":"2026-10-06T23:57:02.352996955Z","instance":"dfs-a-r1","service_name":"afs-node","message":"DFS currently supports only user.* xattrs","kind":"FailedPrecondition","code":67305489}
{"msg":"FUSE request failed","level":"ERRO","ts":"2026-10-06T23:57:02.415451688Z","instance":"dfs-a-r1","service_name":"afs-node","message":"DFS dentry not found","kind":"NotFound","code":34078721}
{"msg":"fuse.create","level":"INFO","ts":"2026-10-06T23:57:02.415466772Z","instance":"dfs-a-r1","service_name":"afs-node","name":"entry-0056.bin","parent":507}
{"msg":"FUSE request failed","level":"ERRO","ts":"2026-10-06T23:57:02.445355343Z","instance":"dfs-a-r1","service_name":"afs-node","message":"DFS currently supports only user.* xattrs","kind":"FailedPrecondition","code":67305489}
{"msg":"FUSE request failed","level":"ERRO","ts":"2026-10-06T23:57:02.502157104Z","instance":"dfs-a-r1","service_name":"afs-node","message":"DFS dentry not found","kind":"NotFound","code":34078721}
{"msg":"fuse.create","level":"INFO","ts":"2026-10-06T23:57:02.502170146Z","instance":"dfs-a-r1","service_name":"afs-node","name":"entry-0057.bin","parent":507}
{"msg":"FUSE request failed","level":"ERRO","ts":"2026-10-06T23:57:02.531185049Z","instance":"dfs-a-r1","service_name":"afs-node","message":"DFS currently supports only user.* xattrs","kind":"FailedPrecondition","code":67305489}
{"msg":"FUSE request failed","level":"ERRO","ts":"2026-10-06T23:57:02.597176249Z","instance":"dfs-a-r1","service_name":"afs-node","message":"DFS dentry not found","kind":"NotFound","code":34078721}
{"msg":"fuse.create","level":"INFO","ts":"2026-10-06T23:57:02.59718954Z","instance":"dfs-a-r1","service_name":"afs-node","name":"entry-0058.bin","parent":507}
{"msg":"FUSE request failed","level":"ERRO","ts":"2026-10-06T23:57:02.626540319Z","instance":"dfs-a-r1","service_name":"afs-node","message":"DFS currently supports only user.* xattrs","kind":"FailedPrecondition","code":67305489}
{"msg":"FUSE request failed","level":"ERRO","ts":"2026-10-06T23:57:02.689912804Z","instance":"dfs-a-r1","service_name":"afs-node","message":"DFS dentry not found","kind":"NotFound","code":34078721}
{"msg":"fuse.create","level":"INFO","ts":"2026-10-06T23:57:02.689946263Z","instance":"dfs-a-r1","service_name":"afs-node","name":"entry-0059.bin","parent":507}
{"msg":"FUSE request failed","level":"ERRO","ts":"2026-10-06T23:57:02.719920043Z","instance":"dfs-a-r1","service_name":"afs-node","message":"DFS currently supports only user.* xattrs","kind":"FailedPrecondition","code":67305489}
{"msg":"FUSE request failed","level":"ERRO","ts":"2026-10-06T23:57:02.781101856Z","instance":"dfs-a-r1","service_name":"afs-node","message":"DFS dentry not found","kind":"NotFound","code":34078721}
{"msg":"fuse.create","level":"INFO","ts":"2026-10-06T23:57:02.781119273Z","instance":"dfs-a-r1","service_name":"afs-node","name":"entry-0060.bin","parent":507}
{"msg":"FUSE request failed","level":"ERRO","ts":"2026-10-06T23:57:02.811854263Z","instance":"dfs-a-r1","service_name":"afs-node","message":"DFS currently supports only user.* xattrs","kind":"FailedPrecondition","code":67305489}
{"msg":"FUSE request failed","level":"ERRO","ts":"2026-10-06T23:57:02.874192871Z","instance":"dfs-a-r1","service_name":"afs-node","message":"DFS dentry not found","kind":"NotFound","code":34078721}
{"msg":"fuse.create","level":"INFO","ts":"2026-10-06T23:57:02.874207788Z","instance":"dfs-a-r1","service_name":"afs-node","name":"entry-0061.bin","parent":507}
{"msg":"FUSE request failed","level":"ERRO","ts":"2026-10-06T23:57:02.906837241Z","instance":"dfs-a-r1","service_name":"afs-node","message":"DFS currently supports only user.* xattrs","kind":"FailedPrecondition","code":67305489}
{"msg":"FUSE request failed","level":"ERRO","ts":"2026-10-06T23:57:02.967487219Z","instance":"dfs-a-r1","service_name":"afs-node","message":"DFS dentry not found","kind":"NotFound","code":34078721}
{"msg":"fuse.create","level":"INFO","ts":"2026-10-06T23:57:02.967522678Z","instance":"dfs-a-r1","service_name":"afs-node","name":"entry-0062.bin","parent":507}
{"msg":"FUSE request failed","level":"ERRO","ts":"2026-10-06T23:57:02.999379504Z","instance":"dfs-a-r1","service_name":"afs-node","message":"DFS currently supports only user.* xattrs","kind":"FailedPrecondition","code":67305489}
{"msg":"FUSE request failed","level":"ERRO","ts":"2026-10-06T23:57:03.059069897Z","instance":"dfs-a-r1","service_name":"afs-node","message":"DFS dentry not found","kind":"NotFound","code":34078721}
{"msg":"fuse.create","level":"INFO","ts":"2026-10-06T23:57:03.059089689Z","instance":"dfs-a-r1","service_name":"afs-node","name":"entry-0063.bin","parent":507}
{"msg":"FUSE request failed","level":"ERRO","ts":"2026-10-06T23:57:03.090067513Z","instance":"dfs-a-r1","service_name":"afs-node","message":"DFS currently supports only user.* xattrs","kind":"FailedPrecondition","code":67305489}
{"msg":"FUSE request failed","level":"ERRO","ts":"2026-10-06T23:57:03.148582069Z","instance":"dfs-a-r1","service_name":"afs-node","message":"DFS dentry not found","kind":"NotFound","code":34078721}
{"msg":"fuse.create","level":"INFO","ts":"2026-10-06T23:57:03.148629486Z","instance":"dfs-a-r1","service_name":"afs-node","name":"entry-0064.bin","parent":507}
{"msg":"FUSE request failed","level":"ERRO","ts":"2026-10-06T23:57:03.179624018Z","instance":"dfs-a-r1","service_name":"afs-node","message":"DFS currently supports only user.* xattrs","kind":"FailedPrecondition","code":67305489}
{"msg":"FUSE request failed","level":"ERRO","ts":"2026-10-06T23:57:03.242504044Z","instance":"dfs-a-r1","service_name":"afs-node","message":"DFS dentry not found","kind":"NotFound","code":34078721}
{"msg":"fuse.create","level":"INFO","ts":"2026-10-06T23:57:03.242536044Z","instance":"dfs-a-r1","service_name":"afs-node","name":"entry-0065.bin","parent":507}
{"msg":"FUSE request failed","level":"ERRO","ts":"2026-10-06T23:57:03.272459949Z","instance":"dfs-a-r1","service_name":"afs-node","message":"DFS currently supports only user.* xattrs","kind":"FailedPrecondition","code":67305489}
{"msg":"FUSE request failed","level":"ERRO","ts":"2026-10-06T23:57:03.334409639Z","instance":"dfs-a-r1","service_name":"afs-node","message":"DFS dentry not found","kind":"NotFound","code":34078721}
{"msg":"fuse.create","level":"INFO","ts":"2026-10-06T23:57:03.334424347Z","instance":"dfs-a-r1","service_name":"afs-node","name":"entry-0066.bin","parent":507}
{"msg":"FUSE request failed","level":"ERRO","ts":"2026-10-06T23:57:03.364277252Z","instance":"dfs-a-r1","service_name":"afs-node","message":"DFS currently supports only user.* xattrs","kind":"FailedPrecondition","code":67305489}
{"msg":"FUSE request failed","level":"ERRO","ts":"2026-10-06T23:57:03.428295571Z","instance":"dfs-a-r1","service_name":"afs-node","message":"DFS dentry not found","kind":"NotFound","code":34078721}
{"msg":"fuse.create","level":"INFO","ts":"2026-10-06T23:57:03.428306988Z","instance":"dfs-a-r1","service_name":"afs-node","name":"entry-0067.bin","parent":507}
{"msg":"FUSE request failed","level":"ERRO","ts":"2026-10-06T23:57:03.457912684Z","instance":"dfs-a-r1","service_name":"afs-node","message":"DFS currently supports only user.* xattrs","kind":"FailedPrecondition","code":67305489}
{"msg":"FUSE request failed","level":"ERRO","ts":"2026-10-06T23:57:03.516569116Z","instance":"dfs-a-r1","service_name":"afs-node","message":"DFS dentry not found","kind":"NotFound","code":34078721}
{"msg":"fuse.create","level":"INFO","ts":"2026-10-06T23:57:03.516584699Z","instance":"dfs-a-r1","service_name":"afs-node","name":"entry-0068.bin","parent":507}
{"msg":"FUSE request failed","level":"ERRO","ts":"2026-10-06T23:57:03.545996561Z","instance":"dfs-a-r1","service_name":"afs-node","message":"DFS currently supports only user.* xattrs","kind":"FailedPrecondition","code":67305489}
{"msg":"FUSE request failed","level":"ERRO","ts":"2026-10-06T23:57:03.607151374Z","instance":"dfs-a-r1","service_name":"afs-node","message":"DFS dentry not found","kind":"NotFound","code":34078721}
{"msg":"fuse.create","level":"INFO","ts":"2026-10-06T23:57:03.607164833Z","instance":"dfs-a-r1","service_name":"afs-node","name":"entry-0069.bin","parent":507}
{"msg":"FUSE request failed","level":"ERRO","ts":"2026-10-06T23:57:03.638070865Z","instance":"dfs-a-r1","service_name":"afs-node","message":"DFS currently supports only user.* xattrs","kind":"FailedPrecondition","code":67305489}
{"msg":"FUSE request failed","level":"ERRO","ts":"2026-10-06T23:57:03.697555882Z","instance":"dfs-a-r1","service_name":"afs-node","message":"DFS dentry not found","kind":"NotFound","code":34078721}
{"msg":"fuse.create","level":"INFO","ts":"2026-10-06T23:57:03.697567215Z","instance":"dfs-a-r1","service_name":"afs-node","name":"entry-0070.bin","parent":507}
{"msg":"FUSE request failed","level":"ERRO","ts":"2026-10-06T23:57:03.727210911Z","instance":"dfs-a-r1","service_name":"afs-node","message":"DFS currently supports only user.* xattrs","kind":"FailedPrecondition","code":67305489}
{"msg":"FUSE request failed","level":"ERRO","ts":"2026-10-06T23:57:03.789034767Z","instance":"dfs-a-r1","service_name":"afs-node","message":"DFS dentry not found","kind":"NotFound","code":34078721}
{"msg":"fuse.create","level":"INFO","ts":"2026-10-06T23:57:03.789051643Z","instance":"dfs-a-r1","service_name":"afs-node","name":"entry-0071.bin","parent":507}
{"msg":"FUSE request failed","level":"ERRO","ts":"2026-10-06T23:57:03.819066548Z","instance":"dfs-a-r1","service_name":"afs-node","message":"DFS currently supports only user.* xattrs","kind":"FailedPrecondition","code":67305489}
{"msg":"FUSE request failed","level":"ERRO","ts":"2026-10-06T23:57:03.876367893Z","instance":"dfs-a-r1","service_name":"afs-node","message":"DFS dentry not found","kind":"NotFound","code":34078721}
{"msg":"fuse.create","level":"INFO","ts":"2026-10-06T23:57:03.876381935Z","instance":"dfs-a-r1","service_name":"afs-node","name":"entry-0072.bin","parent":507}
{"msg":"FUSE request failed","level":"ERRO","ts":"2026-10-06T23:57:03.905685088Z","instance":"dfs-a-r1","service_name":"afs-node","message":"DFS currently supports only user.* xattrs","kind":"FailedPrecondition","code":67305489}
{"msg":"FUSE request failed","level":"ERRO","ts":"2026-10-06T23:57:03.967883487Z","instance":"dfs-a-r1","service_name":"afs-node","message":"DFS dentry not found","kind":"NotFound","code":34078721}
{"msg":"fuse.create","level":"INFO","ts":"2026-10-06T23:57:03.967897862Z","instance":"dfs-a-r1","service_name":"afs-node","name":"entry-0073.bin","parent":507}
{"msg":"FUSE request failed","level":"ERRO","ts":"2026-10-06T23:57:03.999205312Z","instance":"dfs-a-r1","service_name":"afs-node","message":"DFS currently supports only user.* xattrs","kind":"FailedPrecondition","code":67305489}
{"msg":"FUSE request failed","level":"ERRO","ts":"2026-10-06T23:57:04.057446409Z","instance":"dfs-a-r1","service_name":"afs-node","message":"DFS dentry not found","kind":"NotFound","code":34078721}
{"msg":"fuse.create","level":"INFO","ts":"2026-10-06T23:57:04.057513826Z","instance":"dfs-a-r1","service_name":"afs-node","name":"entry-0074.bin","parent":507}
{"msg":"FUSE request failed","level":"ERRO","ts":"2026-10-06T23:57:04.087814357Z","instance":"dfs-a-r1","service_name":"afs-node","message":"DFS currently supports only user.* xattrs","kind":"FailedPrecondition","code":67305489}
{"msg":"FUSE request failed","level":"ERRO","ts":"2026-10-06T23:57:04.146472205Z","instance":"dfs-a-r1","service_name":"afs-node","message":"DFS dentry not found","kind":"NotFound","code":34078721}
{"msg":"fuse.create","level":"INFO","ts":"2026-10-06T23:57:04.14652158Z","instance":"dfs-a-r1","service_name":"afs-node","name":"entry-0075.bin","parent":507}
{"msg":"FUSE request failed","level":"ERRO","ts":"2026-10-06T23:57:04.176692235Z","instance":"dfs-a-r1","service_name":"afs-node","message":"DFS currently supports only user.* xattrs","kind":"FailedPrecondition","code":67305489}
{"msg":"FUSE request failed","level":"ERRO","ts":"2026-10-06T23:57:04.241103514Z","instance":"dfs-a-r1","service_name":"afs-node","message":"DFS dentry not found","kind":"NotFound","code":34078721}
{"msg":"fuse.create","level":"INFO","ts":"2026-10-06T23:57:04.241115847Z","instance":"dfs-a-r1","service_name":"afs-node","name":"entry-0076.bin","parent":507}
{"msg":"FUSE request failed","level":"ERRO","ts":"2026-10-06T23:57:04.271808837Z","instance":"dfs-a-r1","service_name":"afs-node","message":"DFS currently supports only user.* xattrs","kind":"FailedPrecondition","code":67305489}
{"msg":"FUSE request failed","level":"ERRO","ts":"2026-10-06T23:57:04.335426697Z","instance":"dfs-a-r1","service_name":"afs-node","message":"DFS dentry not found","kind":"NotFound","code":34078721}
{"msg":"fuse.create","level":"INFO","ts":"2026-10-06T23:57:04.335438864Z","instance":"dfs-a-r1","service_name":"afs-node","name":"entry-0077.bin","parent":507}
{"msg":"FUSE request failed","level":"ERRO","ts":"2026-10-06T23:57:04.365891145Z","instance":"dfs-a-r1","service_name":"afs-node","message":"DFS currently supports only user.* xattrs","kind":"FailedPrecondition","code":67305489}
{"msg":"FUSE request failed","level":"ERRO","ts":"2026-10-06T23:57:04.425433121Z","instance":"dfs-a-r1","service_name":"afs-node","message":"DFS dentry not found","kind":"NotFound","code":34078721}
{"msg":"fuse.create","level":"INFO","ts":"2026-10-06T23:57:04.425446662Z","instance":"dfs-a-r1","service_name":"afs-node","name":"entry-0078.bin","parent":507}
{"msg":"FUSE request failed","level":"ERRO","ts":"2026-10-06T23:57:04.455285692Z","instance":"dfs-a-r1","service_name":"afs-node","message":"DFS currently supports only user.* xattrs","kind":"FailedPrecondition","code":67305489}
{"msg":"FUSE request failed","level":"ERRO","ts":"2026-10-06T23:57:04.512814621Z","instance":"dfs-a-r1","service_name":"afs-node","message":"DFS dentry not found","kind":"NotFound","code":34078721}
{"msg":"fuse.create","level":"INFO","ts":"2026-10-06T23:57:04.512834121Z","instance":"dfs-a-r1","service_name":"afs-node","name":"entry-0079.bin","parent":507}
{"msg":"FUSE request failed","level":"ERRO","ts":"2026-10-06T23:57:04.543937987Z","instance":"dfs-a-r1","service_name":"afs-node","message":"DFS currently supports only user.* xattrs","kind":"FailedPrecondition","code":67305489}
{"msg":"FUSE request failed","level":"ERRO","ts":"2026-10-06T23:57:04.608112807Z","instance":"dfs-a-r1","service_name":"afs-node","message":"DFS dentry not found","kind":"NotFound","code":34078721}
{"msg":"fuse.create","level":"INFO","ts":"2026-10-06T23:57:04.608149265Z","instance":"dfs-a-r1","service_name":"afs-node","name":"entry-0080.bin","parent":507}
{"msg":"FUSE request failed","level":"ERRO","ts":"2026-10-06T23:57:04.638157295Z","instance":"dfs-a-r1","service_name":"afs-node","message":"DFS currently supports only user.* xattrs","kind":"FailedPrecondition","code":67305489}
{"msg":"FUSE request failed","level":"ERRO","ts":"2026-10-06T23:57:04.697160561Z","instance":"dfs-a-r1","service_name":"afs-node","message":"DFS dentry not found","kind":"NotFound","code":34078721}
{"msg":"fuse.create","level":"INFO","ts":"2026-10-06T23:57:04.697171186Z","instance":"dfs-a-r1","service_name":"afs-node","name":"entry-0081.bin","parent":507}
{"msg":"FUSE request failed","level":"ERRO","ts":"2026-10-06T23:57:04.727439008Z","instance":"dfs-a-r1","service_name":"afs-node","message":"DFS currently supports only user.* xattrs","kind":"FailedPrecondition","code":67305489}
{"msg":"FUSE request failed","level":"ERRO","ts":"2026-10-06T23:57:04.788075028Z","instance":"dfs-a-r1","service_name":"afs-node","message":"DFS dentry not found","kind":"NotFound","code":34078721}
{"msg":"fuse.create","level":"INFO","ts":"2026-10-06T23:57:04.788119278Z","instance":"dfs-a-r1","service_name":"afs-node","name":"entry-0082.bin","parent":507}
{"msg":"FUSE request failed","level":"ERRO","ts":"2026-10-06T23:57:04.817939807Z","instance":"dfs-a-r1","service_name":"afs-node","message":"DFS currently supports only user.* xattrs","kind":"FailedPrecondition","code":67305489}
{"msg":"FUSE request failed","level":"ERRO","ts":"2026-10-06T23:57:04.87756295Z","instance":"dfs-a-r1","service_name":"afs-node","message":"DFS dentry not found","kind":"NotFound","code":34078721}
{"msg":"fuse.create","level":"INFO","ts":"2026-10-06T23:57:04.877594241Z","instance":"dfs-a-r1","service_name":"afs-node","name":"entry-0083.bin","parent":507}
{"msg":"FUSE request failed","level":"ERRO","ts":"2026-10-06T23:57:04.908233148Z","instance":"dfs-a-r1","service_name":"afs-node","message":"DFS currently supports only user.* xattrs","kind":"FailedPrecondition","code":67305489}
{"msg":"FUSE request failed","level":"ERRO","ts":"2026-10-06T23:57:04.966418412Z","instance":"dfs-a-r1","service_name":"afs-node","message":"DFS dentry not found","kind":"NotFound","code":34078721}
{"msg":"fuse.create","level":"INFO","ts":"2026-10-06T23:57:04.966431037Z","instance":"dfs-a-r1","service_name":"afs-node","name":"entry-0084.bin","parent":507}
{"msg":"FUSE request failed","level":"ERRO","ts":"2026-10-06T23:57:04.996717026Z","instance":"dfs-a-r1","service_name":"afs-node","message":"DFS currently supports only user.* xattrs","kind":"FailedPrecondition","code":67305489}
{"msg":"FUSE request failed","level":"ERRO","ts":"2026-10-06T23:57:05.059571259Z","instance":"dfs-a-r1","service_name":"afs-node","message":"DFS dentry not found","kind":"NotFound","code":34078721}
{"msg":"fuse.create","level":"INFO","ts":"2026-10-06T23:57:05.059600009Z","instance":"dfs-a-r1","service_name":"afs-node","name":"entry-0085.bin","parent":507}
{"msg":"FUSE request failed","level":"ERRO","ts":"2026-10-06T23:57:05.09036054Z","instance":"dfs-a-r1","service_name":"afs-node","message":"DFS currently supports only user.* xattrs","kind":"FailedPrecondition","code":67305489}
{"msg":"FUSE request failed","level":"ERRO","ts":"2026-10-06T23:57:05.148724554Z","instance":"dfs-a-r1","service_name":"afs-node","message":"DFS dentry not found","kind":"NotFound","code":34078721}
{"msg":"fuse.create","level":"INFO","ts":"2026-10-06T23:57:05.148739013Z","instance":"dfs-a-r1","service_name":"afs-node","name":"entry-0086.bin","parent":507}
{"msg":"FUSE request failed","level":"ERRO","ts":"2026-10-06T23:57:05.180415172Z","instance":"dfs-a-r1","service_name":"afs-node","message":"DFS currently supports only user.* xattrs","kind":"FailedPrecondition","code":67305489}
{"msg":"FUSE request failed","level":"ERRO","ts":"2026-10-06T23:57:05.240998608Z","instance":"dfs-a-r1","service_name":"afs-node","message":"DFS dentry not found","kind":"NotFound","code":34078721}
{"msg":"fuse.create","level":"INFO","ts":"2026-10-06T23:57:05.241011858Z","instance":"dfs-a-r1","service_name":"afs-node","name":"entry-0087.bin","parent":507}
{"msg":"FUSE request failed","level":"ERRO","ts":"2026-10-06T23:57:05.271725639Z","instance":"dfs-a-r1","service_name":"afs-node","message":"DFS currently supports only user.* xattrs","kind":"FailedPrecondition","code":67305489}
{"msg":"FUSE request failed","level":"ERRO","ts":"2026-10-06T23:57:05.333186285Z","instance":"dfs-a-r1","service_name":"afs-node","message":"DFS dentry not found","kind":"NotFound","code":34078721}
{"msg":"fuse.create","level":"INFO","ts":"2026-10-06T23:57:05.333198702Z","instance":"dfs-a-r1","service_name":"afs-node","name":"entry-0088.bin","parent":507}
{"msg":"FUSE request failed","level":"ERRO","ts":"2026-10-06T23:57:05.364564485Z","instance":"dfs-a-r1","service_name":"afs-node","message":"DFS currently supports only user.* xattrs","kind":"FailedPrecondition","code":67305489}
{"msg":"FUSE request failed","level":"ERRO","ts":"2026-10-06T23:57:05.426748842Z","instance":"dfs-a-r1","service_name":"afs-node","message":"DFS dentry not found","kind":"NotFound","code":34078721}
{"msg":"fuse.create","level":"INFO","ts":"2026-10-06T23:57:05.426761092Z","instance":"dfs-a-r1","service_name":"afs-node","name":"entry-0089.bin","parent":507}
{"msg":"FUSE request failed","level":"ERRO","ts":"2026-10-06T23:57:05.45750554Z","instance":"dfs-a-r1","service_name":"afs-node","message":"DFS currently supports only user.* xattrs","kind":"FailedPrecondition","code":67305489}
{"msg":"FUSE request failed","level":"ERRO","ts":"2026-10-06T23:57:05.519943939Z","instance":"dfs-a-r1","service_name":"afs-node","message":"DFS dentry not found","kind":"NotFound","code":34078721}
{"msg":"fuse.create","level":"INFO","ts":"2026-10-06T23:57:05.52001398Z","instance":"dfs-a-r1","service_name":"afs-node","name":"entry-0090.bin","parent":507}
{"msg":"FUSE request failed","level":"ERRO","ts":"2026-10-06T23:57:05.550651887Z","instance":"dfs-a-r1","service_name":"afs-node","message":"DFS currently supports only user.* xattrs","kind":"FailedPrecondition","code":67305489}
{"msg":"FUSE request failed","level":"ERRO","ts":"2026-10-06T23:57:05.612693034Z","instance":"dfs-a-r1","service_name":"afs-node","message":"DFS dentry not found","kind":"NotFound","code":34078721}
{"msg":"fuse.create","level":"INFO","ts":"2026-10-06T23:57:05.612703868Z","instance":"dfs-a-r1","service_name":"afs-node","name":"entry-0091.bin","parent":507}
{"msg":"FUSE request failed","level":"ERRO","ts":"2026-10-06T23:57:05.64378615Z","instance":"dfs-a-r1","service_name":"afs-node","message":"DFS currently supports only user.* xattrs","kind":"FailedPrecondition","code":67305489}
{"msg":"FUSE request failed","level":"ERRO","ts":"2026-10-06T23:57:05.703027416Z","instance":"dfs-a-r1","service_name":"afs-node","message":"DFS dentry not found","kind":"NotFound","code":34078721}
{"msg":"fuse.create","level":"INFO","ts":"2026-10-06T23:57:05.703039791Z","instance":"dfs-a-r1","service_name":"afs-node","name":"entry-0092.bin","parent":507}
{"msg":"FUSE request failed","level":"ERRO","ts":"2026-10-06T23:57:05.733711364Z","instance":"dfs-a-r1","service_name":"afs-node","message":"DFS currently supports only user.* xattrs","kind":"FailedPrecondition","code":67305489}
{"msg":"FUSE request failed","level":"ERRO","ts":"2026-10-06T23:57:05.793982425Z","instance":"dfs-a-r1","service_name":"afs-node","message":"DFS dentry not found","kind":"NotFound","code":34078721}
{"msg":"fuse.create","level":"INFO","ts":"2026-10-06T23:57:05.793993341Z","instance":"dfs-a-r1","service_name":"afs-node","name":"entry-0093.bin","parent":507}
{"msg":"FUSE request failed","level":"ERRO","ts":"2026-10-06T23:57:05.825256541Z","instance":"dfs-a-r1","service_name":"afs-node","message":"DFS currently supports only user.* xattrs","kind":"FailedPrecondition","code":67305489}
{"msg":"FUSE request failed","level":"ERRO","ts":"2026-10-06T23:57:05.888042232Z","instance":"dfs-a-r1","service_name":"afs-node","message":"DFS dentry not found","kind":"NotFound","code":34078721}
{"msg":"fuse.create","level":"INFO","ts":"2026-10-06T23:57:05.888115524Z","instance":"dfs-a-r1","service_name":"afs-node","name":"entry-0094.bin","parent":507}
{"msg":"FUSE request failed","level":"ERRO","ts":"2026-10-06T23:57:05.919635974Z","instance":"dfs-a-r1","service_name":"afs-node","message":"DFS currently supports only user.* xattrs","kind":"FailedPrecondition","code":67305489}
{"msg":"FUSE request failed","level":"ERRO","ts":"2026-10-06T23:57:05.979826701Z","instance":"dfs-a-r1","service_name":"afs-node","message":"DFS dentry not found","kind":"NotFound","code":34078721}
{"msg":"fuse.create","level":"INFO","ts":"2026-10-06T23:57:05.979871534Z","instance":"dfs-a-r1","service_name":"afs-node","name":"entry-0095.bin","parent":507}
{"msg":"FUSE request failed","level":"ERRO","ts":"2026-10-06T23:57:06.011707068Z","instance":"dfs-a-r1","service_name":"afs-node","message":"DFS currently supports only user.* xattrs","kind":"FailedPrecondition","code":67305489}
{"msg":"FUSE request failed","level":"ERRO","ts":"2026-10-06T23:57:06.073265798Z","instance":"dfs-a-r1","service_name":"afs-node","message":"DFS dentry not found","kind":"NotFound","code":34078721}
{"msg":"fuse.create","level":"INFO","ts":"2026-10-06T23:57:06.07327784Z","instance":"dfs-a-r1","service_name":"afs-node","name":"entry-0096.bin","parent":507}
{"msg":"FUSE request failed","level":"ERRO","ts":"2026-10-06T23:57:06.104589497Z","instance":"dfs-a-r1","service_name":"afs-node","message":"DFS currently supports only user.* xattrs","kind":"FailedPrecondition","code":67305489}
{"msg":"FUSE request failed","level":"ERRO","ts":"2026-10-06T23:57:06.167421438Z","instance":"dfs-a-r1","service_name":"afs-node","message":"DFS dentry not found","kind":"NotFound","code":34078721}
{"msg":"fuse.create","level":"INFO","ts":"2026-10-06T23:57:06.167432938Z","instance":"dfs-a-r1","service_name":"afs-node","name":"entry-0097.bin","parent":507}
{"msg":"FUSE request failed","level":"ERRO","ts":"2026-10-06T23:57:06.198224137Z","instance":"dfs-a-r1","service_name":"afs-node","message":"DFS currently supports only user.* xattrs","kind":"FailedPrecondition","code":67305489}
{"msg":"FUSE request failed","level":"ERRO","ts":"2026-10-06T23:57:06.259590074Z","instance":"dfs-a-r1","service_name":"afs-node","message":"DFS dentry not found","kind":"NotFound","code":34078721}
{"msg":"fuse.create","level":"INFO","ts":"2026-10-06T23:57:06.259603324Z","instance":"dfs-a-r1","service_name":"afs-node","name":"entry-0098.bin","parent":507}
{"msg":"FUSE request failed","level":"ERRO","ts":"2026-10-06T23:57:06.291225149Z","instance":"dfs-a-r1","service_name":"afs-node","message":"DFS currently supports only user.* xattrs","kind":"FailedPrecondition","code":67305489}
{"msg":"FUSE request failed","level":"ERRO","ts":"2026-10-06T23:57:06.353597214Z","instance":"dfs-a-r1","service_name":"afs-node","message":"DFS dentry not found","kind":"NotFound","code":34078721}
{"msg":"fuse.create","level":"INFO","ts":"2026-10-06T23:57:06.353610756Z","instance":"dfs-a-r1","service_name":"afs-node","name":"entry-0099.bin","parent":507}
{"msg":"FUSE request failed","level":"ERRO","ts":"2026-10-06T23:57:06.387243544Z","instance":"dfs-a-r1","service_name":"afs-node","message":"DFS currently supports only user.* xattrs","kind":"FailedPrecondition","code":67305489}
{"msg":"[Not Implemented] ioctl(ino: 0x1fc, fh: 1123, flags: 0, cmd: 21505, in_data.len(): 0, out_size: 0)","level":"WARN","ts":"2026-10-06T23:57:06.449733484Z","instance":"dfs-a-r1","service_name":"afs-node"}
{"msg":"[Not Implemented] ioctl(ino: 0x1fd, fh: 1124, flags: 0, cmd: 21505, in_data.len(): 0, out_size: 0)","level":"WARN","ts":"2026-10-06T23:57:06.451724031Z","instance":"dfs-a-r1","service_name":"afs-node"}
{"msg":"[Not Implemented] ioctl(ino: 0x1fe, fh: 1125, flags: 0, cmd: 21505, in_data.len(): 0, out_size: 0)","level":"WARN","ts":"2026-10-06T23:57:06.45350766Z","instance":"dfs-a-r1","service_name":"afs-node"}
{"msg":"[Not Implemented] ioctl(ino: 0x1ff, fh: 1126, flags: 0, cmd: 21505, in_data.len(): 0, out_size: 0)","level":"WARN","ts":"2026-10-06T23:57:06.455692665Z","instance":"dfs-a-r1","service_name":"afs-node"}
{"msg":"[Not Implemented] ioctl(ino: 0x200, fh: 1127, flags: 0, cmd: 21505, in_data.len(): 0, out_size: 0)","level":"WARN","ts":"2026-10-06T23:57:06.457679003Z","instance":"dfs-a-r1","service_name":"afs-node"}
{"msg":"[Not Implemented] ioctl(ino: 0x201, fh: 1128, flags: 0, cmd: 21505, in_data.len(): 0, out_size: 0)","level":"WARN","ts":"2026-10-06T23:57:06.4596808Z","instance":"dfs-a-r1","service_name":"afs-node"}
{"msg":"[Not Implemented] ioctl(ino: 0x202, fh: 1129, flags: 0, cmd: 21505, in_data.len(): 0, out_size: 0)","level":"WARN","ts":"2026-10-06T23:57:06.461722971Z","instance":"dfs-a-r1","service_name":"afs-node"}
{"msg":"[Not Implemented] ioctl(ino: 0x203, fh: 1130, flags: 0, cmd: 21505, in_data.len(): 0, out_size: 0)","level":"WARN","ts":"2026-10-06T23:57:06.463811226Z","instance":"dfs-a-r1","service_name":"afs-node"}
{"msg":"[Not Implemented] ioctl(ino: 0x204, fh: 1131, flags: 0, cmd: 21505, in_data.len(): 0, out_size: 0)","level":"WARN","ts":"2026-10-06T23:57:06.465878773Z","instance":"dfs-a-r1","service_name":"afs-node"}
{"msg":"[Not Implemented] ioctl(ino: 0x205, fh: 1132, flags: 0, cmd: 21505, in_data.len(): 0, out_size: 0)","level":"WARN","ts":"2026-10-06T23:57:06.467928403Z","instance":"dfs-a-r1","service_name":"afs-node"}
{"msg":"[Not Implemented] ioctl(ino: 0x206, fh: 1133, flags: 0, cmd: 21505, in_data.len(): 0, out_size: 0)","level":"WARN","ts":"2026-10-06T23:57:06.469967532Z","instance":"dfs-a-r1","service_name":"afs-node"}
{"msg":"[Not Implemented] ioctl(ino: 0x207, fh: 1134, flags: 0, cmd: 21505, in_data.len(): 0, out_size: 0)","level":"WARN","ts":"2026-10-06T23:57:06.471995204Z","instance":"dfs-a-r1","service_name":"afs-node"}
{"msg":"[Not Implemented] ioctl(ino: 0x208, fh: 1135, flags: 0, cmd: 21505, in_data.len(): 0, out_size: 0)","level":"WARN","ts":"2026-10-06T23:57:06.474002209Z","instance":"dfs-a-r1","service_name":"afs-node"}
{"msg":"[Not Implemented] ioctl(ino: 0x209, fh: 1136, flags: 0, cmd: 21505, in_data.len(): 0, out_size: 0)","level":"WARN","ts":"2026-10-06T23:57:06.476201756Z","instance":"dfs-a-r1","service_name":"afs-node"}
{"msg":"[Not Implemented] ioctl(ino: 0x20a, fh: 1137, flags: 0, cmd: 21505, in_data.len(): 0, out_size: 0)","level":"WARN","ts":"2026-10-06T23:57:06.478213177Z","instance":"dfs-a-r1","service_name":"afs-node"}
{"msg":"[Not Implemented] ioctl(ino: 0x20b, fh: 1138, flags: 0, cmd: 21505, in_data.len(): 0, out_size: 0)","level":"WARN","ts":"2026-10-06T23:57:06.480260182Z","instance":"dfs-a-r1","service_name":"afs-node"}
{"msg":"[Not Implemented] ioctl(ino: 0x20c, fh: 1139, flags: 0, cmd: 21505, in_data.len(): 0, out_size: 0)","level":"WARN","ts":"2026-10-06T23:57:06.482171061Z","instance":"dfs-a-r1","service_name":"afs-node"}
{"msg":"[Not Implemented] ioctl(ino: 0x20d, fh: 1140, flags: 0, cmd: 21505, in_data.len(): 0, out_size: 0)","level":"WARN","ts":"2026-10-06T23:57:06.484088858Z","instance":"dfs-a-r1","service_name":"afs-node"}
{"msg":"[Not Implemented] ioctl(ino: 0x20e, fh: 1141, flags: 0, cmd: 21505, in_data.len(): 0, out_size: 0)","level":"WARN","ts":"2026-10-06T23:57:06.486071279Z","instance":"dfs-a-r1","service_name":"afs-node"}
{"msg":"[Not Implemented] ioctl(ino: 0x20f, fh: 1142, flags: 0, cmd: 21505, in_data.len(): 0, out_size: 0)","level":"WARN","ts":"2026-10-06T23:57:06.488065284Z","instance":"dfs-a-r1","service_name":"afs-node"}
{"msg":"[Not Implemented] ioctl(ino: 0x210, fh: 1143, flags: 0, cmd: 21505, in_data.len(): 0, out_size: 0)","level":"WARN","ts":"2026-10-06T23:57:06.490009288Z","instance":"dfs-a-r1","service_name":"afs-node"}
{"msg":"[Not Implemented] ioctl(ino: 0x211, fh: 1144, flags: 0, cmd: 21505, in_data.len(): 0, out_size: 0)","level":"WARN","ts":"2026-10-06T23:57:06.492045668Z","instance":"dfs-a-r1","service_name":"afs-node"}
{"msg":"[Not Implemented] ioctl(ino: 0x212, fh: 1145, flags: 0, cmd: 21505, in_data.len(): 0, out_size: 0)","level":"WARN","ts":"2026-10-06T23:57:06.493970215Z","instance":"dfs-a-r1","service_name":"afs-node"}
{"msg":"[Not Implemented] ioctl(ino: 0x213, fh: 1146, flags: 0, cmd: 21505, in_data.len(): 0, out_size: 0)","level":"WARN","ts":"2026-10-06T23:57:06.496009761Z","instance":"dfs-a-r1","service_name":"afs-node"}
{"msg":"[Not Implemented] ioctl(ino: 0x214, fh: 1147, flags: 0, cmd: 21505, in_data.len(): 0, out_size: 0)","level":"WARN","ts":"2026-10-06T23:57:06.497928849Z","instance":"dfs-a-r1","service_name":"afs-node"}
{"msg":"[Not Implemented] ioctl(ino: 0x215, fh: 1148, flags: 0, cmd: 21505, in_data.len(): 0, out_size: 0)","level":"WARN","ts":"2026-10-06T23:57:06.499881395Z","instance":"dfs-a-r1","service_name":"afs-node"}
{"msg":"[Not Implemented] ioctl(ino: 0x216, fh: 1149, flags: 0, cmd: 21505, in_data.len(): 0, out_size: 0)","level":"WARN","ts":"2026-10-06T23:57:06.501806525Z","instance":"dfs-a-r1","service_name":"afs-node"}
{"msg":"[Not Implemented] ioctl(ino: 0x217, fh: 1150, flags: 0, cmd: 21505, in_data.len(): 0, out_size: 0)","level":"WARN","ts":"2026-10-06T23:57:06.503734613Z","instance":"dfs-a-r1","service_name":"afs-node"}
{"msg":"[Not Implemented] ioctl(ino: 0x218, fh: 1151, flags: 0, cmd: 21505, in_data.len(): 0, out_size: 0)","level":"WARN","ts":"2026-10-06T23:57:06.505796451Z","instance":"dfs-a-r1","service_name":"afs-node"}
{"msg":"[Not Implemented] ioctl(ino: 0x219, fh: 1152, flags: 0, cmd: 21505, in_data.len(): 0, out_size: 0)","level":"WARN","ts":"2026-10-06T23:57:06.507793414Z","instance":"dfs-a-r1","service_name":"afs-node"}
{"msg":"[Not Implemented] ioctl(ino: 0x21a, fh: 1153, flags: 0, cmd: 21505, in_data.len(): 0, out_size: 0)","level":"WARN","ts":"2026-10-06T23:57:06.509656502Z","instance":"dfs-a-r1","service_name":"afs-node"}
{"msg":"[Not Implemented] ioctl(ino: 0x21b, fh: 1154, flags: 0, cmd: 21505, in_data.len(): 0, out_size: 0)","level":"WARN","ts":"2026-10-06T23:57:06.511580631Z","instance":"dfs-a-r1","service_name":"afs-node"}
{"msg":"[Not Implemented] ioctl(ino: 0x21c, fh: 1155, flags: 0, cmd: 21505, in_data.len(): 0, out_size: 0)","level":"WARN","ts":"2026-10-06T23:57:06.513494678Z","instance":"dfs-a-r1","service_name":"afs-node"}
{"msg":"[Not Implemented] ioctl(ino: 0x21d, fh: 1156, flags: 0, cmd: 21505, in_data.len(): 0, out_size: 0)","level":"WARN","ts":"2026-10-06T23:57:06.515470016Z","instance":"dfs-a-r1","service_name":"afs-node"}
{"msg":"[Not Implemented] ioctl(ino: 0x21e, fh: 1157, flags: 0, cmd: 21505, in_data.len(): 0, out_size: 0)","level":"WARN","ts":"2026-10-06T23:57:06.517365187Z","instance":"dfs-a-r1","service_name":"afs-node"}
{"msg":"[Not Implemented] ioctl(ino: 0x21f, fh: 1158, flags: 0, cmd: 21505, in_data.len(): 0, out_size: 0)","level":"WARN","ts":"2026-10-06T23:57:06.519289316Z","instance":"dfs-a-r1","service_name":"afs-node"}
{"msg":"[Not Implemented] ioctl(ino: 0x220, fh: 1159, flags: 0, cmd: 21505, in_data.len(): 0, out_size: 0)","level":"WARN","ts":"2026-10-06T23:57:06.521259404Z","instance":"dfs-a-r1","service_name":"afs-node"}
{"msg":"[Not Implemented] ioctl(ino: 0x221, fh: 1160, flags: 0, cmd: 21505, in_data.len(): 0, out_size: 0)","level":"WARN","ts":"2026-10-06T23:57:06.523184909Z","instance":"dfs-a-r1","service_name":"afs-node"}
{"msg":"[Not Implemented] ioctl(ino: 0x222, fh: 1161, flags: 0, cmd: 21505, in_data.len(): 0, out_size: 0)","level":"WARN","ts":"2026-10-06T23:57:06.52517508Z","instance":"dfs-a-r1","service_name":"afs-node"}
{"msg":"[Not Implemented] ioctl(ino: 0x223, fh: 1162, flags: 0, cmd: 21505, in_data.len(): 0, out_size: 0)","level":"WARN","ts":"2026-10-06T23:57:06.526980876Z","instance":"dfs-a-r1","service_name":"afs-node"}
{"msg":"[Not Implemented] ioctl(ino: 0x224, fh: 1163, flags: 0, cmd: 21505, in_data.len(): 0, out_size: 0)","level":"WARN","ts":"2026-10-06T23:57:06.528854464Z","instance":"dfs-a-r1","service_name":"afs-node"}
{"msg":"[Not Implemented] ioctl(ino: 0x225, fh: 1164, flags: 0, cmd: 21505, in_data.len(): 0, out_size: 0)","level":"WARN","ts":"2026-10-06T23:57:06.530836552Z","instance":"dfs-a-r1","service_name":"afs-node"}
{"msg":"[Not Implemented] ioctl(ino: 0x226, fh: 1165, flags: 0, cmd: 21505, in_data.len(): 0, out_size: 0)","level":"WARN","ts":"2026-10-06T23:57:06.532802849Z","instance":"dfs-a-r1","service_name":"afs-node"}
{"msg":"[Not Implemented] ioctl(ino: 0x227, fh: 1166, flags: 0, cmd: 21505, in_data.len(): 0, out_size: 0)","level":"WARN","ts":"2026-10-06T23:57:06.534776145Z","instance":"dfs-a-r1","service_name":"afs-node"}
{"msg":"[Not Implemented] ioctl(ino: 0x228, fh: 1167, flags: 0, cmd: 21505, in_data.len(): 0, out_size: 0)","level":"WARN","ts":"2026-10-06T23:57:06.536758025Z","instance":"dfs-a-r1","service_name":"afs-node"}
{"msg":"[Not Implemented] ioctl(ino: 0x229, fh: 1168, flags: 0, cmd: 21505, in_data.len(): 0, out_size: 0)","level":"WARN","ts":"2026-10-06T23:57:06.538568696Z","instance":"dfs-a-r1","service_name":"afs-node"}
{"msg":"[Not Implemented] ioctl(ino: 0x22a, fh: 1169, flags: 0, cmd: 21505, in_data.len(): 0, out_size: 0)","level":"WARN","ts":"2026-10-06T23:57:06.540510033Z","instance":"dfs-a-r1","service_name":"afs-node"}
{"msg":"[Not Implemented] ioctl(ino: 0x22b, fh: 1170, flags: 0, cmd: 21505, in_data.len(): 0, out_size: 0)","level":"WARN","ts":"2026-10-06T23:57:06.54244283Z","instance":"dfs-a-r1","service_name":"afs-node"}
{"msg":"[Not Implemented] ioctl(ino: 0x22c, fh: 1171, flags: 0, cmd: 21505, in_data.len(): 0, out_size: 0)","level":"WARN","ts":"2026-10-06T23:57:06.544377293Z","instance":"dfs-a-r1","service_name":"afs-node"}
{"msg":"[Not Implemented] ioctl(ino: 0x22d, fh: 1172, flags: 0, cmd: 21505, in_data.len(): 0, out_size: 0)","level":"WARN","ts":"2026-10-06T23:57:06.546335131Z","instance":"dfs-a-r1","service_name":"afs-node"}
{"msg":"[Not Implemented] ioctl(ino: 0x22e, fh: 1173, flags: 0, cmd: 21505, in_data.len(): 0, out_size: 0)","level":"WARN","ts":"2026-10-06T23:57:06.54835551Z","instance":"dfs-a-r1","service_name":"afs-node"}
{"msg":"[Not Implemented] ioctl(ino: 0x22f, fh: 1174, flags: 0, cmd: 21505, in_data.len(): 0, out_size: 0)","level":"WARN","ts":"2026-10-06T23:57:06.55032914Z","instance":"dfs-a-r1","service_name":"afs-node"}
{"msg":"[Not Implemented] ioctl(ino: 0x230, fh: 1175, flags: 0, cmd: 21505, in_data.len(): 0, out_size: 0)","level":"WARN","ts":"2026-10-06T23:57:06.552327562Z","instance":"dfs-a-r1","service_name":"afs-node"}
{"msg":"[Not Implemented] ioctl(ino: 0x231, fh: 1176, flags: 0, cmd: 21505, in_data.len(): 0, out_size: 0)","level":"WARN","ts":"2026-10-06T23:57:06.554142983Z","instance":"dfs-a-r1","service_name":"afs-node"}
{"msg":"[Not Implemented] ioctl(ino: 0x232, fh: 1177, flags: 0, cmd: 21505, in_data.len(): 0, out_size: 0)","level":"WARN","ts":"2026-10-06T23:57:06.556073779Z","instance":"dfs-a-r1","service_name":"afs-node"}
{"msg":"[Not Implemented] ioctl(ino: 0x233, fh: 1178, flags: 0, cmd: 21505, in_data.len(): 0, out_size: 0)","level":"WARN","ts":"2026-10-06T23:57:06.558117742Z","instance":"dfs-a-r1","service_name":"afs-node"}
{"msg":"[Not Implemented] ioctl(ino: 0x234, fh: 1179, flags: 0, cmd: 21505, in_data.len(): 0, out_size: 0)","level":"WARN","ts":"2026-10-06T23:57:06.560140288Z","instance":"dfs-a-r1","service_name":"afs-node"}
{"msg":"[Not Implemented] ioctl(ino: 0x235, fh: 1180, flags: 0, cmd: 21505, in_data.len(): 0, out_size: 0)","level":"WARN","ts":"2026-10-06T23:57:06.56210596Z","instance":"dfs-a-r1","service_name":"afs-node"}
{"msg":"[Not Implemented] ioctl(ino: 0x236, fh: 1181, flags: 0, cmd: 21505, in_data.len(): 0, out_size: 0)","level":"WARN","ts":"2026-10-06T23:57:06.564032714Z","instance":"dfs-a-r1","service_name":"afs-node"}
{"msg":"[Not Implemented] ioctl(ino: 0x237, fh: 1182, flags: 0, cmd: 21505, in_data.len(): 0, out_size: 0)","level":"WARN","ts":"2026-10-06T23:57:06.565907636Z","instance":"dfs-a-r1","service_name":"afs-node"}
{"msg":"[Not Implemented] ioctl(ino: 0x238, fh: 1183, flags: 0, cmd: 21505, in_data.len(): 0, out_size: 0)","level":"WARN","ts":"2026-10-06T23:57:06.567761682Z","instance":"dfs-a-r1","service_name":"afs-node"}
{"msg":"[Not Implemented] ioctl(ino: 0x239, fh: 1184, flags: 0, cmd: 21505, in_data.len(): 0, out_size: 0)","level":"WARN","ts":"2026-10-06T23:57:06.569619936Z","instance":"dfs-a-r1","service_name":"afs-node"}
{"msg":"[Not Implemented] ioctl(ino: 0x23a, fh: 1185, flags: 0, cmd: 21505, in_data.len(): 0, out_size: 0)","level":"WARN","ts":"2026-10-06T23:57:06.571565649Z","instance":"dfs-a-r1","service_name":"afs-node"}
{"msg":"[Not Implemented] ioctl(ino: 0x23b, fh: 1186, flags: 0, cmd: 21505, in_data.len(): 0, out_size: 0)","level":"WARN","ts":"2026-10-06T23:57:06.57357157Z","instance":"dfs-a-r1","service_name":"afs-node"}
{"msg":"[Not Implemented] ioctl(ino: 0x23c, fh: 1187, flags: 0, cmd: 21505, in_data.len(): 0, out_size: 0)","level":"WARN","ts":"2026-10-06T23:57:06.575511158Z","instance":"dfs-a-r1","service_name":"afs-node"}
{"msg":"[Not Implemented] ioctl(ino: 0x23d, fh: 1188, flags: 0, cmd: 21505, in_data.len(): 0, out_size: 0)","level":"WARN","ts":"2026-10-06T23:57:06.577445871Z","instance":"dfs-a-r1","service_name":"afs-node"}
{"msg":"[Not Implemented] ioctl(ino: 0x23e, fh: 1189, flags: 0, cmd: 21505, in_data.len(): 0, out_size: 0)","level":"WARN","ts":"2026-10-06T23:57:06.579382334Z","instance":"dfs-a-r1","service_name":"afs-node"}
{"msg":"[Not Implemented] ioctl(ino: 0x23f, fh: 1190, flags: 0, cmd: 21505, in_data.len(): 0, out_size: 0)","level":"WARN","ts":"2026-10-06T23:57:06.581306672Z","instance":"dfs-a-r1","service_name":"afs-node"}
{"msg":"[Not Implemented] ioctl(ino: 0x240, fh: 1191, flags: 0, cmd: 21505, in_data.len(): 0, out_size: 0)","level":"WARN","ts":"2026-10-06T23:57:06.583268593Z","instance":"dfs-a-r1","service_name":"afs-node"}
{"msg":"[Not Implemented] ioctl(ino: 0x241, fh: 1192, flags: 0, cmd: 21505, in_data.len(): 0, out_size: 0)","level":"WARN","ts":"2026-10-06T23:57:06.585281848Z","instance":"dfs-a-r1","service_name":"afs-node"}
{"msg":"[Not Implemented] ioctl(ino: 0x242, fh: 1193, flags: 0, cmd: 21505, in_data.len(): 0, out_size: 0)","level":"WARN","ts":"2026-10-06T23:57:06.587224436Z","instance":"dfs-a-r1","service_name":"afs-node"}
{"msg":"[Not Implemented] ioctl(ino: 0x243, fh: 1194, flags: 0, cmd: 21505, in_data.len(): 0, out_size: 0)","level":"WARN","ts":"2026-10-06T23:57:06.589119816Z","instance":"dfs-a-r1","service_name":"afs-node"}
{"msg":"[Not Implemented] ioctl(ino: 0x244, fh: 1195, flags: 0, cmd: 21505, in_data.len(): 0, out_size: 0)","level":"WARN","ts":"2026-10-06T23:57:06.591021654Z","instance":"dfs-a-r1","service_name":"afs-node"}
{"msg":"[Not Implemented] ioctl(ino: 0x245, fh: 1196, flags: 0, cmd: 21505, in_data.len(): 0, out_size: 0)","level":"WARN","ts":"2026-10-06T23:57:06.592995408Z","instance":"dfs-a-r1","service_name":"afs-node"}
{"msg":"[Not Implemented] ioctl(ino: 0x246, fh: 1197, flags: 0, cmd: 21505, in_data.len(): 0, out_size: 0)","level":"WARN","ts":"2026-10-06T23:57:06.594967371Z","instance":"dfs-a-r1","service_name":"afs-node"}
{"msg":"[Not Implemented] ioctl(ino: 0x247, fh: 1198, flags: 0, cmd: 21505, in_data.len(): 0, out_size: 0)","level":"WARN","ts":"2026-10-06T23:57:06.596886501Z","instance":"dfs-a-r1","service_name":"afs-node"}
{"msg":"[Not Implemented] ioctl(ino: 0x248, fh: 1199, flags: 0, cmd: 21505, in_data.len(): 0, out_size: 0)","level":"WARN","ts":"2026-10-06T23:57:06.599023964Z","instance":"dfs-a-r1","service_name":"afs-node"}
{"msg":"[Not Implemented] ioctl(ino: 0x249, fh: 1200, flags: 0, cmd: 21505, in_data.len(): 0, out_size: 0)","level":"WARN","ts":"2026-10-06T23:57:06.601027136Z","instance":"dfs-a-r1","service_name":"afs-node"}
{"msg":"[Not Implemented] ioctl(ino: 0x24a, fh: 1201, flags: 0, cmd: 21505, in_data.len(): 0, out_size: 0)","level":"WARN","ts":"2026-10-06T23:57:06.603084641Z","instance":"dfs-a-r1","service_name":"afs-node"}
{"msg":"[Not Implemented] ioctl(ino: 0x24b, fh: 1202, flags: 0, cmd: 21505, in_data.len(): 0, out_size: 0)","level":"WARN","ts":"2026-10-06T23:57:06.605041062Z","instance":"dfs-a-r1","service_name":"afs-node"}
{"msg":"[Not Implemented] ioctl(ino: 0x24c, fh: 1203, flags: 0, cmd: 21505, in_data.len(): 0, out_size: 0)","level":"WARN","ts":"2026-10-06T23:57:06.607100442Z","instance":"dfs-a-r1","service_name":"afs-node"}
{"msg":"[Not Implemented] ioctl(ino: 0x24d, fh: 1204, flags: 0, cmd: 21505, in_data.len(): 0, out_size: 0)","level":"WARN","ts":"2026-10-06T23:57:06.609107322Z","instance":"dfs-a-r1","service_name":"afs-node"}
{"msg":"[Not Implemented] ioctl(ino: 0x24e, fh: 1205, flags: 0, cmd: 21505, in_data.len(): 0, out_size: 0)","level":"WARN","ts":"2026-10-06T23:57:06.611121493Z","instance":"dfs-a-r1","service_name":"afs-node"}
{"msg":"[Not Implemented] ioctl(ino: 0x24f, fh: 1206, flags: 0, cmd: 21505, in_data.len(): 0, out_size: 0)","level":"WARN","ts":"2026-10-06T23:57:06.613065039Z","instance":"dfs-a-r1","service_name":"afs-node"}
{"msg":"[Not Implemented] ioctl(ino: 0x250, fh: 1207, flags: 0, cmd: 21505, in_data.len(): 0, out_size: 0)","level":"WARN","ts":"2026-10-06T23:57:06.615076294Z","instance":"dfs-a-r1","service_name":"afs-node"}
{"msg":"[Not Implemented] ioctl(ino: 0x251, fh: 1208, flags: 0, cmd: 21505, in_data.len(): 0, out_size: 0)","level":"WARN","ts":"2026-10-06T23:57:06.617192341Z","instance":"dfs-a-r1","service_name":"afs-node"}
{"msg":"[Not Implemented] ioctl(ino: 0x252, fh: 1209, flags: 0, cmd: 21505, in_data.len(): 0, out_size: 0)","level":"WARN","ts":"2026-10-06T23:57:06.619182012Z","instance":"dfs-a-r1","service_name":"afs-node"}
{"msg":"[Not Implemented] ioctl(ino: 0x253, fh: 1210, flags: 0, cmd: 21505, in_data.len(): 0, out_size: 0)","level":"WARN","ts":"2026-10-06T23:57:06.621251142Z","instance":"dfs-a-r1","service_name":"afs-node"}
{"msg":"[Not Implemented] ioctl(ino: 0x254, fh: 1211, flags: 0, cmd: 21505, in_data.len(): 0, out_size: 0)","level":"WARN","ts":"2026-10-06T23:57:06.623282605Z","instance":"dfs-a-r1","service_name":"afs-node"}
{"msg":"[Not Implemented] ioctl(ino: 0x255, fh: 1212, flags: 0, cmd: 21505, in_data.len(): 0, out_size: 0)","level":"WARN","ts":"2026-10-06T23:57:06.62530586Z","instance":"dfs-a-r1","service_name":"afs-node"}
{"msg":"[Not Implemented] ioctl(ino: 0x256, fh: 1213, flags: 0, cmd: 21505, in_data.len(): 0, out_size: 0)","level":"WARN","ts":"2026-10-06T23:57:06.627238656Z","instance":"dfs-a-r1","service_name":"afs-node"}
{"msg":"[Not Implemented] ioctl(ino: 0x257, fh: 1214, flags: 0, cmd: 21505, in_data.len(): 0, out_size: 0)","level":"WARN","ts":"2026-10-06T23:57:06.629208578Z","instance":"dfs-a-r1","service_name":"afs-node"}
{"msg":"[Not Implemented] ioctl(ino: 0x258, fh: 1215, flags: 0, cmd: 21505, in_data.len(): 0, out_size: 0)","level":"WARN","ts":"2026-10-06T23:57:06.631157124Z","instance":"dfs-a-r1","service_name":"afs-node"}
{"msg":"[Not Implemented] ioctl(ino: 0x259, fh: 1216, flags: 0, cmd: 21505, in_data.len(): 0, out_size: 0)","level":"WARN","ts":"2026-10-06T23:57:06.63313542Z","instance":"dfs-a-r1","service_name":"afs-node"}
{"msg":"[Not Implemented] ioctl(ino: 0x25a, fh: 1217, flags: 0, cmd: 21505, in_data.len(): 0, out_size: 0)","level":"WARN","ts":"2026-10-06T23:57:06.635365176Z","instance":"dfs-a-r1","service_name":"afs-node"}
{"msg":"[Not Implemented] ioctl(ino: 0x25b, fh: 1218, flags: 0, cmd: 21505, in_data.len(): 0, out_size: 0)","level":"WARN","ts":"2026-10-06T23:57:06.637231555Z","instance":"dfs-a-r1","service_name":"afs-node"}
{"msg":"[Not Implemented] ioctl(ino: 0x25c, fh: 1219, flags: 0, cmd: 21505, in_data.len(): 0, out_size: 0)","level":"WARN","ts":"2026-10-06T23:57:06.639818686Z","instance":"dfs-a-r1","service_name":"afs-node"}
{"msg":"[Not Implemented] ioctl(ino: 0x25d, fh: 1220, flags: 0, cmd: 21505, in_data.len(): 0, out_size: 0)","level":"WARN","ts":"2026-10-06T23:57:06.641791608Z","instance":"dfs-a-r1","service_name":"afs-node"}
{"msg":"[Not Implemented] ioctl(ino: 0x25e, fh: 1221, flags: 0, cmd: 21505, in_data.len(): 0, out_size: 0)","level":"WARN","ts":"2026-10-06T23:57:06.64362957Z","instance":"dfs-a-r1","service_name":"afs-node"}
{"msg":"[Not Implemented] ioctl(ino: 0x25f, fh: 1222, flags: 0, cmd: 21505, in_data.len(): 0, out_size: 0)","level":"WARN","ts":"2026-10-06T23:57:06.645558158Z","instance":"dfs-a-r1","service_name":"afs-node"}
{"msg":"services.stopped","level":"INFO","ts":"2026-10-07T00:03:41.490257691Z","instance":"dfs-a-r1","service_name":"afs-node"}
