{"msg":"Mounting /mnt/lima-afsadata/afs-delivery/owner-remote-6d-bhome-20261007-r1/mount/ownerfs","level":"INFO","ts":"2026-10-06T21:39:03.136010638Z","instance":"remote-a-r1","service_name":"afs-node"}
{"msg":"node.ready","level":"INFO","ts":"2026-10-06T21:39:03.137348313Z","instance":"remote-a-r1","service_name":"afs-node","dfs":false,"ownerfs":true,"uds":"/mnt/lima-afsadata/afs-delivery/owner-remote-6d-bhome-20261007-r1/run/node.sock","rest":"0.0.0.0:22901","grpc":"0.0.0.0:22900"}
{"msg":"FUSE request failed","level":"ERRO","ts":"2026-10-06T21:41:01.324691763Z","instance":"remote-a-r1","service_name":"afs-node","message":"No such file or directory (os error 2)","kind":"NotFound","code":67305473}
{"msg":"FUSE request failed","level":"ERRO","ts":"2026-10-06T21:41:34.093134881Z","instance":"remote-a-r1","service_name":"afs-node","message":"No such file or directory (os error 2)","kind":"NotFound","code":67305473}
{"msg":"fuse.create","level":"INFO","ts":"2026-10-06T21:41:34.093153839Z","instance":"remote-a-r1","service_name":"afs-node","name":"payload64m.bin","parent":3}
{"msg":"FUSE request failed","level":"ERRO","ts":"2026-10-06T21:41:56.330526809Z","instance":"remote-a-r1","service_name":"afs-node","message":"No such file or directory (os error 2)","kind":"NotFound","code":67305473}
{"msg":"FUSE request failed","level":"ERRO","ts":"2026-10-06T21:41:56.33317375Z","instance":"remote-a-r1","service_name":"afs-node","message":"No such file or directory (os error 2)","kind":"NotFound","code":67305473}
{"msg":"fuse.create","level":"INFO","ts":"2026-10-06T21:41:56.333209124Z","instance":"remote-a-r1","service_name":"afs-node","name":"entry-0000.bin","parent":5}
{"msg":"FUSE request failed","level":"ERRO","ts":"2026-10-06T21:41:56.336324097Z","instance":"remote-a-r1","service_name":"afs-node","message":"No such file or directory (os error 2)","kind":"NotFound","code":67305473}
{"msg":"fuse.create","level":"INFO","ts":"2026-10-06T21:41:56.336341472Z","instance":"remote-a-r1","service_name":"afs-node","name":"entry-0001.bin","parent":5}
{"msg":"FUSE request failed","level":"ERRO","ts":"2026-10-06T21:41:56.339095328Z","instance":"remote-a-r1","service_name":"afs-node","message":"No such file or directory (os error 2)","kind":"NotFound","code":67305473}
{"msg":"fuse.create","level":"INFO","ts":"2026-10-06T21:41:56.339122494Z","instance":"remote-a-r1","service_name":"afs-node","name":"entry-0002.bin","parent":5}
{"msg":"FUSE request failed","level":"ERRO","ts":"2026-10-06T21:41:56.34205697Z","instance":"remote-a-r1","service_name":"afs-node","message":"No such file or directory (os error 2)","kind":"NotFound","code":67305473}
{"msg":"fuse.create","level":"INFO","ts":"2026-10-06T21:41:56.342094428Z","instance":"remote-a-r1","service_name":"afs-node","name":"entry-0003.bin","parent":5}
{"msg":"FUSE request failed","level":"ERRO","ts":"2026-10-06T21:41:56.345009739Z","instance":"remote-a-r1","service_name":"afs-node","message":"No such file or directory (os error 2)","kind":"NotFound","code":67305473}
{"msg":"fuse.create","level":"INFO","ts":"2026-10-06T21:41:56.345069571Z","instance":"remote-a-r1","service_name":"afs-node","name":"entry-0004.bin","parent":5}
{"msg":"FUSE request failed","level":"ERRO","ts":"2026-10-06T21:41:56.347404519Z","instance":"remote-a-r1","service_name":"afs-node","message":"No such file or directory (os error 2)","kind":"NotFound","code":67305473}
{"msg":"fuse.create","level":"INFO","ts":"2026-10-06T21:41:56.347441476Z","instance":"remote-a-r1","service_name":"afs-node","name":"entry-0005.bin","parent":5}
{"msg":"FUSE request failed","level":"ERRO","ts":"2026-10-06T21:41:56.349538263Z","instance":"remote-a-r1","service_name":"afs-node","message":"No such file or directory (os error 2)","kind":"NotFound","code":67305473}
{"msg":"fuse.create","level":"INFO","ts":"2026-10-06T21:41:56.349545972Z","instance":"remote-a-r1","service_name":"afs-node","name":"entry-0006.bin","parent":5}
{"msg":"FUSE request failed","level":"ERRO","ts":"2026-10-06T21:41:56.351789547Z","instance":"remote-a-r1","service_name":"afs-node","message":"No such file or directory (os error 2)","kind":"NotFound","code":67305473}
{"msg":"fuse.create","level":"INFO","ts":"2026-10-06T21:41:56.351820421Z","instance":"remote-a-r1","service_name":"afs-node","name":"entry-0007.bin","parent":5}
{"msg":"FUSE request failed","level":"ERRO","ts":"2026-10-06T21:41:56.353936166Z","instance":"remote-a-r1","service_name":"afs-node","message":"No such file or directory (os error 2)","kind":"NotFound","code":67305473}
{"msg":"fuse.create","level":"INFO","ts":"2026-10-06T21:41:56.353952458Z","instance":"remote-a-r1","service_name":"afs-node","name":"entry-0008.bin","parent":5}
{"msg":"FUSE request failed","level":"ERRO","ts":"2026-10-06T21:41:56.356265115Z","instance":"remote-a-r1","service_name":"afs-node","message":"No such file or directory (os error 2)","kind":"NotFound","code":67305473}
{"msg":"fuse.create","level":"INFO","ts":"2026-10-06T21:41:56.356287031Z","instance":"remote-a-r1","service_name":"afs-node","name":"entry-0009.bin","parent":5}
{"msg":"FUSE request failed","level":"ERRO","ts":"2026-10-06T21:41:56.358476899Z","instance":"remote-a-r1","service_name":"afs-node","message":"No such file or directory (os error 2)","kind":"NotFound","code":67305473}
{"msg":"fuse.create","level":"INFO","ts":"2026-10-06T21:41:56.358488607Z","instance":"remote-a-r1","service_name":"afs-node","name":"entry-0010.bin","parent":5}
{"msg":"FUSE request failed","level":"ERRO","ts":"2026-10-06T21:41:56.360762765Z","instance":"remote-a-r1","service_name":"afs-node","message":"No such file or directory (os error 2)","kind":"NotFound","code":67305473}
{"msg":"fuse.create","level":"INFO","ts":"2026-10-06T21:41:56.360779682Z","instance":"remote-a-r1","service_name":"afs-node","name":"entry-0011.bin","parent":5}
{"msg":"FUSE request failed","level":"ERRO","ts":"2026-10-06T21:41:56.36305759Z","instance":"remote-a-r1","service_name":"afs-node","message":"No such file or directory (os error 2)","kind":"NotFound","code":67305473}
{"msg":"fuse.create","level":"INFO","ts":"2026-10-06T21:41:56.363100005Z","instance":"remote-a-r1","service_name":"afs-node","name":"entry-0012.bin","parent":5}
{"msg":"FUSE request failed","level":"ERRO","ts":"2026-10-06T21:41:56.365260291Z","instance":"remote-a-r1","service_name":"afs-node","message":"No such file or directory (os error 2)","kind":"NotFound","code":67305473}
{"msg":"fuse.create","level":"INFO","ts":"2026-10-06T21:41:56.365275957Z","instance":"remote-a-r1","service_name":"afs-node","name":"entry-0013.bin","parent":5}
{"msg":"FUSE request failed","level":"ERRO","ts":"2026-10-06T21:41:56.367919524Z","instance":"remote-a-r1","service_name":"afs-node","message":"No such file or directory (os error 2)","kind":"NotFound","code":67305473}
{"msg":"fuse.create","level":"INFO","ts":"2026-10-06T21:41:56.367958565Z","instance":"remote-a-r1","service_name":"afs-node","name":"entry-0014.bin","parent":5}
{"msg":"FUSE request failed","level":"ERRO","ts":"2026-10-06T21:41:56.37014085Z","instance":"remote-a-r1","service_name":"afs-node","message":"No such file or directory (os error 2)","kind":"NotFound","code":67305473}
{"msg":"fuse.create","level":"INFO","ts":"2026-10-06T21:41:56.370165099Z","instance":"remote-a-r1","service_name":"afs-node","name":"entry-0015.bin","parent":5}
{"msg":"FUSE request failed","level":"ERRO","ts":"2026-10-06T21:41:56.372457673Z","instance":"remote-a-r1","service_name":"afs-node","message":"No such file or directory (os error 2)","kind":"NotFound","code":67305473}
{"msg":"fuse.create","level":"INFO","ts":"2026-10-06T21:41:56.372468548Z","instance":"remote-a-r1","service_name":"afs-node","name":"entry-0016.bin","parent":5}
{"msg":"FUSE request failed","level":"ERRO","ts":"2026-10-06T21:41:56.374830871Z","instance":"remote-a-r1","service_name":"afs-node","message":"No such file or directory (os error 2)","kind":"NotFound","code":67305473}
{"msg":"fuse.create","level":"INFO","ts":"2026-10-06T21:41:56.374845121Z","instance":"remote-a-r1","service_name":"afs-node","name":"entry-0017.bin","parent":5}
{"msg":"FUSE request failed","level":"ERRO","ts":"2026-10-06T21:41:56.377625143Z","instance":"remote-a-r1","service_name":"afs-node","message":"No such file or directory (os error 2)","kind":"NotFound","code":67305473}
{"msg":"fuse.create","level":"INFO","ts":"2026-10-06T21:41:56.377675933Z","instance":"remote-a-r1","service_name":"afs-node","name":"entry-0018.bin","parent":5}
{"msg":"FUSE request failed","level":"ERRO","ts":"2026-10-06T21:41:56.384922481Z","instance":"remote-a-r1","service_name":"afs-node","message":"No such file or directory (os error 2)","kind":"NotFound","code":67305473}
{"msg":"fuse.create","level":"INFO","ts":"2026-10-06T21:41:56.384936314Z","instance":"remote-a-r1","service_name":"afs-node","name":"entry-0019.bin","parent":5}
{"msg":"FUSE request failed","level":"ERRO","ts":"2026-10-06T21:41:56.387854666Z","instance":"remote-a-r1","service_name":"afs-node","message":"No such file or directory (os error 2)","kind":"NotFound","code":67305473}
{"msg":"fuse.create","level":"INFO","ts":"2026-10-06T21:41:56.387911248Z","instance":"remote-a-r1","service_name":"afs-node","name":"entry-0020.bin","parent":5}
{"msg":"FUSE request failed","level":"ERRO","ts":"2026-10-06T21:41:56.390508191Z","instance":"remote-a-r1","service_name":"afs-node","message":"No such file or directory (os error 2)","kind":"NotFound","code":67305473}
{"msg":"fuse.create","level":"INFO","ts":"2026-10-06T21:41:56.390514316Z","instance":"remote-a-r1","service_name":"afs-node","name":"entry-0021.bin","parent":5}
{"msg":"FUSE request failed","level":"ERRO","ts":"2026-10-06T21:41:56.393063968Z","instance":"remote-a-r1","service_name":"afs-node","message":"No such file or directory (os error 2)","kind":"NotFound","code":67305473}
{"msg":"fuse.create","level":"INFO","ts":"2026-10-06T21:41:56.393126883Z","instance":"remote-a-r1","service_name":"afs-node","name":"entry-0022.bin","parent":5}
{"msg":"FUSE request failed","level":"ERRO","ts":"2026-10-06T21:41:56.395984112Z","instance":"remote-a-r1","service_name":"afs-node","message":"No such file or directory (os error 2)","kind":"NotFound","code":67305473}
{"msg":"fuse.create","level":"INFO","ts":"2026-10-06T21:41:56.396005236Z","instance":"remote-a-r1","service_name":"afs-node","name":"entry-0023.bin","parent":5}
{"msg":"FUSE request failed","level":"ERRO","ts":"2026-10-06T21:41:56.398493265Z","instance":"remote-a-r1","service_name":"afs-node","message":"No such file or directory (os error 2)","kind":"NotFound","code":67305473}
{"msg":"fuse.create","level":"INFO","ts":"2026-10-06T21:41:56.398510806Z","instance":"remote-a-r1","service_name":"afs-node","name":"entry-0024.bin","parent":5}
{"msg":"FUSE request failed","level":"ERRO","ts":"2026-10-06T21:41:56.4010505Z","instance":"remote-a-r1","service_name":"afs-node","message":"No such file or directory (os error 2)","kind":"NotFound","code":67305473}
{"msg":"fuse.create","level":"INFO","ts":"2026-10-06T21:41:56.401074166Z","instance":"remote-a-r1","service_name":"afs-node","name":"entry-0025.bin","parent":5}
{"msg":"FUSE request failed","level":"ERRO","ts":"2026-10-06T21:41:56.403826188Z","instance":"remote-a-r1","service_name":"afs-node","message":"No such file or directory (os error 2)","kind":"NotFound","code":67305473}
{"msg":"fuse.create","level":"INFO","ts":"2026-10-06T21:41:56.403852729Z","instance":"remote-a-r1","service_name":"afs-node","name":"entry-0026.bin","parent":5}
{"msg":"FUSE request failed","level":"ERRO","ts":"2026-10-06T21:41:56.406195011Z","instance":"remote-a-r1","service_name":"afs-node","message":"No such file or directory (os error 2)","kind":"NotFound","code":67305473}
{"msg":"fuse.create","level":"INFO","ts":"2026-10-06T21:41:56.406198803Z","instance":"remote-a-r1","service_name":"afs-node","name":"entry-0027.bin","parent":5}
{"msg":"FUSE request failed","level":"ERRO","ts":"2026-10-06T21:41:56.408356921Z","instance":"remote-a-r1","service_name":"afs-node","message":"No such file or directory (os error 2)","kind":"NotFound","code":67305473}
{"msg":"fuse.create","level":"INFO","ts":"2026-10-06T21:41:56.408378963Z","instance":"remote-a-r1","service_name":"afs-node","name":"entry-0028.bin","parent":5}
{"msg":"FUSE request failed","level":"ERRO","ts":"2026-10-06T21:41:56.410513249Z","instance":"remote-a-r1","service_name":"afs-node","message":"No such file or directory (os error 2)","kind":"NotFound","code":67305473}
{"msg":"fuse.create","level":"INFO","ts":"2026-10-06T21:41:56.410515832Z","instance":"remote-a-r1","service_name":"afs-node","name":"entry-0029.bin","parent":5}
{"msg":"FUSE request failed","level":"ERRO","ts":"2026-10-06T21:41:56.412754824Z","instance":"remote-a-r1","service_name":"afs-node","message":"No such file or directory (os error 2)","kind":"NotFound","code":67305473}
{"msg":"fuse.create","level":"INFO","ts":"2026-10-06T21:41:56.412768824Z","instance":"remote-a-r1","service_name":"afs-node","name":"entry-0030.bin","parent":5}
{"msg":"FUSE request failed","level":"ERRO","ts":"2026-10-06T21:41:56.415297768Z","instance":"remote-a-r1","service_name":"afs-node","message":"No such file or directory (os error 2)","kind":"NotFound","code":67305473}
{"msg":"fuse.create","level":"INFO","ts":"2026-10-06T21:41:56.415309893Z","instance":"remote-a-r1","service_name":"afs-node","name":"entry-0031.bin","parent":5}
{"msg":"FUSE request failed","level":"ERRO","ts":"2026-10-06T21:41:56.417509427Z","instance":"remote-a-r1","service_name":"afs-node","message":"No such file or directory (os error 2)","kind":"NotFound","code":67305473}
{"msg":"fuse.create","level":"INFO","ts":"2026-10-06T21:41:56.417524385Z","instance":"remote-a-r1","service_name":"afs-node","name":"entry-0032.bin","parent":5}
{"msg":"FUSE request failed","level":"ERRO","ts":"2026-10-06T21:41:56.419764419Z","instance":"remote-a-r1","service_name":"afs-node","message":"No such file or directory (os error 2)","kind":"NotFound","code":67305473}
{"msg":"fuse.create","level":"INFO","ts":"2026-10-06T21:41:56.419778794Z","instance":"remote-a-r1","service_name":"afs-node","name":"entry-0033.bin","parent":5}
{"msg":"FUSE request failed","level":"ERRO","ts":"2026-10-06T21:41:56.422372112Z","instance":"remote-a-r1","service_name":"afs-node","message":"No such file or directory (os error 2)","kind":"NotFound","code":67305473}
{"msg":"fuse.create","level":"INFO","ts":"2026-10-06T21:41:56.422427485Z","instance":"remote-a-r1","service_name":"afs-node","name":"entry-0034.bin","parent":5}
{"msg":"FUSE request failed","level":"ERRO","ts":"2026-10-06T21:41:56.424585563Z","instance":"remote-a-r1","service_name":"afs-node","message":"No such file or directory (os error 2)","kind":"NotFound","code":67305473}
{"msg":"fuse.create","level":"INFO","ts":"2026-10-06T21:41:56.424636603Z","instance":"remote-a-r1","service_name":"afs-node","name":"entry-0035.bin","parent":5}
{"msg":"FUSE request failed","level":"ERRO","ts":"2026-10-06T21:41:56.426984801Z","instance":"remote-a-r1","service_name":"afs-node","message":"No such file or directory (os error 2)","kind":"NotFound","code":67305473}
{"msg":"fuse.create","level":"INFO","ts":"2026-10-06T21:41:56.426998384Z","instance":"remote-a-r1","service_name":"afs-node","name":"entry-0036.bin","parent":5}
{"msg":"FUSE request failed","level":"ERRO","ts":"2026-10-06T21:41:56.429211919Z","instance":"remote-a-r1","service_name":"afs-node","message":"No such file or directory (os error 2)","kind":"NotFound","code":67305473}
{"msg":"fuse.create","level":"INFO","ts":"2026-10-06T21:41:56.429225127Z","instance":"remote-a-r1","service_name":"afs-node","name":"entry-0037.bin","parent":5}
{"msg":"FUSE request failed","level":"ERRO","ts":"2026-10-06T21:41:56.431687614Z","instance":"remote-a-r1","service_name":"afs-node","message":"No such file or directory (os error 2)","kind":"NotFound","code":67305473}
{"msg":"fuse.create","level":"INFO","ts":"2026-10-06T21:41:56.431690239Z","instance":"remote-a-r1","service_name":"afs-node","name":"entry-0038.bin","parent":5}
{"msg":"FUSE request failed","level":"ERRO","ts":"2026-10-06T21:41:56.433864191Z","instance":"remote-a-r1","service_name":"afs-node","message":"No such file or directory (os error 2)","kind":"NotFound","code":67305473}
{"msg":"fuse.create","level":"INFO","ts":"2026-10-06T21:41:56.433905898Z","instance":"remote-a-r1","service_name":"afs-node","name":"entry-0039.bin","parent":5}
{"msg":"FUSE request failed","level":"ERRO","ts":"2026-10-06T21:41:56.436052309Z","instance":"remote-a-r1","service_name":"afs-node","message":"No such file or directory (os error 2)","kind":"NotFound","code":67305473}
{"msg":"fuse.create","level":"INFO","ts":"2026-10-06T21:41:56.43607385Z","instance":"remote-a-r1","service_name":"afs-node","name":"entry-0040.bin","parent":5}
{"msg":"FUSE request failed","level":"ERRO","ts":"2026-10-06T21:41:56.4383618Z","instance":"remote-a-r1","service_name":"afs-node","message":"No such file or directory (os error 2)","kind":"NotFound","code":67305473}
{"msg":"fuse.create","level":"INFO","ts":"2026-10-06T21:41:56.438386091Z","instance":"remote-a-r1","service_name":"afs-node","name":"entry-0041.bin","parent":5}
{"msg":"FUSE request failed","level":"ERRO","ts":"2026-10-06T21:41:56.440576251Z","instance":"remote-a-r1","service_name":"afs-node","message":"No such file or directory (os error 2)","kind":"NotFound","code":67305473}
{"msg":"fuse.create","level":"INFO","ts":"2026-10-06T21:41:56.440595125Z","instance":"remote-a-r1","service_name":"afs-node","name":"entry-0042.bin","parent":5}
{"msg":"FUSE request failed","level":"ERRO","ts":"2026-10-06T21:41:56.442675288Z","instance":"remote-a-r1","service_name":"afs-node","message":"No such file or directory (os error 2)","kind":"NotFound","code":67305473}
{"msg":"fuse.create","level":"INFO","ts":"2026-10-06T21:41:56.442695746Z","instance":"remote-a-r1","service_name":"afs-node","name":"entry-0043.bin","parent":5}
{"msg":"FUSE request failed","level":"ERRO","ts":"2026-10-06T21:41:56.445360812Z","instance":"remote-a-r1","service_name":"afs-node","message":"No such file or directory (os error 2)","kind":"NotFound","code":67305473}
{"msg":"fuse.create","level":"INFO","ts":"2026-10-06T21:41:56.445375353Z","instance":"remote-a-r1","service_name":"afs-node","name":"entry-0044.bin","parent":5}
{"msg":"FUSE request failed","level":"ERRO","ts":"2026-10-06T21:41:56.447503598Z","instance":"remote-a-r1","service_name":"afs-node","message":"No such file or directory (os error 2)","kind":"NotFound","code":67305473}
{"msg":"fuse.create","level":"INFO","ts":"2026-10-06T21:41:56.447516931Z","instance":"remote-a-r1","service_name":"afs-node","name":"entry-0045.bin","parent":5}
{"msg":"FUSE request failed","level":"ERRO","ts":"2026-10-06T21:41:56.449644675Z","instance":"remote-a-r1","service_name":"afs-node","message":"No such file or directory (os error 2)","kind":"NotFound","code":67305473}
{"msg":"fuse.create","level":"INFO","ts":"2026-10-06T21:41:56.44966205Z","instance":"remote-a-r1","service_name":"afs-node","name":"entry-0046.bin","parent":5}
{"msg":"FUSE request failed","level":"ERRO","ts":"2026-10-06T21:41:56.45202154Z","instance":"remote-a-r1","service_name":"afs-node","message":"No such file or directory (os error 2)","kind":"NotFound","code":67305473}
{"msg":"fuse.create","level":"INFO","ts":"2026-10-06T21:41:56.452034748Z","instance":"remote-a-r1","service_name":"afs-node","name":"entry-0047.bin","parent":5}
{"msg":"FUSE request failed","level":"ERRO","ts":"2026-10-06T21:41:56.454490652Z","instance":"remote-a-r1","service_name":"afs-node","message":"No such file or directory (os error 2)","kind":"NotFound","code":67305473}
{"msg":"fuse.create","level":"INFO","ts":"2026-10-06T21:41:56.454516609Z","instance":"remote-a-r1","service_name":"afs-node","name":"entry-0048.bin","parent":5}
{"msg":"FUSE request failed","level":"ERRO","ts":"2026-10-06T21:41:56.456671062Z","instance":"remote-a-r1","service_name":"afs-node","message":"No such file or directory (os error 2)","kind":"NotFound","code":67305473}
{"msg":"fuse.create","level":"INFO","ts":"2026-10-06T21:41:56.456686728Z","instance":"remote-a-r1","service_name":"afs-node","name":"entry-0049.bin","parent":5}
{"msg":"FUSE request failed","level":"ERRO","ts":"2026-10-06T21:41:56.458898262Z","instance":"remote-a-r1","service_name":"afs-node","message":"No such file or directory (os error 2)","kind":"NotFound","code":67305473}
{"msg":"fuse.create","level":"INFO","ts":"2026-10-06T21:41:56.45895372Z","instance":"remote-a-r1","service_name":"afs-node","name":"entry-0050.bin","parent":5}
{"msg":"FUSE request failed","level":"ERRO","ts":"2026-10-06T21:41:56.46119392Z","instance":"remote-a-r1","service_name":"afs-node","message":"No such file or directory (os error 2)","kind":"NotFound","code":67305473}
{"msg":"fuse.create","level":"INFO","ts":"2026-10-06T21:41:56.461219586Z","instance":"remote-a-r1","service_name":"afs-node","name":"entry-0051.bin","parent":5}
{"msg":"FUSE request failed","level":"ERRO","ts":"2026-10-06T21:41:56.463732072Z","instance":"remote-a-r1","service_name":"afs-node","message":"No such file or directory (os error 2)","kind":"NotFound","code":67305473}
{"msg":"fuse.create","level":"INFO","ts":"2026-10-06T21:41:56.463751864Z","instance":"remote-a-r1","service_name":"afs-node","name":"entry-0052.bin","parent":5}
{"msg":"FUSE request failed","level":"ERRO","ts":"2026-10-06T21:41:56.465957148Z","instance":"remote-a-r1","service_name":"afs-node","message":"No such file or directory (os error 2)","kind":"NotFound","code":67305473}
{"msg":"fuse.create","level":"INFO","ts":"2026-10-06T21:41:56.465972814Z","instance":"remote-a-r1","service_name":"afs-node","name":"entry-0053.bin","parent":5}
{"msg":"FUSE request failed","level":"ERRO","ts":"2026-10-06T21:41:56.468108559Z","instance":"remote-a-r1","service_name":"afs-node","message":"No such file or directory (os error 2)","kind":"NotFound","code":67305473}
{"msg":"fuse.create","level":"INFO","ts":"2026-10-06T21:41:56.468125975Z","instance":"remote-a-r1","service_name":"afs-node","name":"entry-0054.bin","parent":5}
{"msg":"FUSE request failed","level":"ERRO","ts":"2026-10-06T21:41:56.470303427Z","instance":"remote-a-r1","service_name":"afs-node","message":"No such file or directory (os error 2)","kind":"NotFound","code":67305473}
{"msg":"fuse.create","level":"INFO","ts":"2026-10-06T21:41:56.470320885Z","instance":"remote-a-r1","service_name":"afs-node","name":"entry-0055.bin","parent":5}
{"msg":"FUSE request failed","level":"ERRO","ts":"2026-10-06T21:41:56.472818996Z","instance":"remote-a-r1","service_name":"afs-node","message":"No such file or directory (os error 2)","kind":"NotFound","code":67305473}
{"msg":"fuse.create","level":"INFO","ts":"2026-10-06T21:41:56.472827121Z","instance":"remote-a-r1","service_name":"afs-node","name":"entry-0056.bin","parent":5}
{"msg":"FUSE request failed","level":"ERRO","ts":"2026-10-06T21:41:56.474961866Z","instance":"remote-a-r1","service_name":"afs-node","message":"No such file or directory (os error 2)","kind":"NotFound","code":67305473}
{"msg":"fuse.create","level":"INFO","ts":"2026-10-06T21:41:56.474973907Z","instance":"remote-a-r1","service_name":"afs-node","name":"entry-0057.bin","parent":5}
{"msg":"FUSE request failed","level":"ERRO","ts":"2026-10-06T21:41:56.477397479Z","instance":"remote-a-r1","service_name":"afs-node","message":"No such file or directory (os error 2)","kind":"NotFound","code":67305473}
{"msg":"fuse.create","level":"INFO","ts":"2026-10-06T21:41:56.477440519Z","instance":"remote-a-r1","service_name":"afs-node","name":"entry-0058.bin","parent":5}
{"msg":"FUSE request failed","level":"ERRO","ts":"2026-10-06T21:41:56.479617054Z","instance":"remote-a-r1","service_name":"afs-node","message":"No such file or directory (os error 2)","kind":"NotFound","code":67305473}
{"msg":"fuse.create","level":"INFO","ts":"2026-10-06T21:41:56.479633846Z","instance":"remote-a-r1","service_name":"afs-node","name":"entry-0059.bin","parent":5}
{"msg":"FUSE request failed","level":"ERRO","ts":"2026-10-06T21:41:56.481964503Z","instance":"remote-a-r1","service_name":"afs-node","message":"No such file or directory (os error 2)","kind":"NotFound","code":67305473}
{"msg":"fuse.create","level":"INFO","ts":"2026-10-06T21:41:56.481982336Z","instance":"remote-a-r1","service_name":"afs-node","name":"entry-0060.bin","parent":5}
{"msg":"FUSE request failed","level":"ERRO","ts":"2026-10-06T21:41:56.484120872Z","instance":"remote-a-r1","service_name":"afs-node","message":"No such file or directory (os error 2)","kind":"NotFound","code":67305473}
{"msg":"fuse.create","level":"INFO","ts":"2026-10-06T21:41:56.484130955Z","instance":"remote-a-r1","service_name":"afs-node","name":"entry-0061.bin","parent":5}
{"msg":"FUSE request failed","level":"ERRO","ts":"2026-10-06T21:41:56.4862277Z","instance":"remote-a-r1","service_name":"afs-node","message":"No such file or directory (os error 2)","kind":"NotFound","code":67305473}
{"msg":"fuse.create","level":"INFO","ts":"2026-10-06T21:41:56.486244491Z","instance":"remote-a-r1","service_name":"afs-node","name":"entry-0062.bin","parent":5}
{"msg":"FUSE request failed","level":"ERRO","ts":"2026-10-06T21:41:56.488716437Z","instance":"remote-a-r1","service_name":"afs-node","message":"No such file or directory (os error 2)","kind":"NotFound","code":67305473}
{"msg":"fuse.create","level":"INFO","ts":"2026-10-06T21:41:56.488734686Z","instance":"remote-a-r1","service_name":"afs-node","name":"entry-0063.bin","parent":5}
{"msg":"FUSE request failed","level":"ERRO","ts":"2026-10-06T21:41:56.49089493Z","instance":"remote-a-r1","service_name":"afs-node","message":"No such file or directory (os error 2)","kind":"NotFound","code":67305473}
{"msg":"fuse.create","level":"INFO","ts":"2026-10-06T21:41:56.490913305Z","instance":"remote-a-r1","service_name":"afs-node","name":"entry-0064.bin","parent":5}
{"msg":"FUSE request failed","level":"ERRO","ts":"2026-10-06T21:41:56.493339876Z","instance":"remote-a-r1","service_name":"afs-node","message":"No such file or directory (os error 2)","kind":"NotFound","code":67305473}
{"msg":"fuse.create","level":"INFO","ts":"2026-10-06T21:41:56.493356042Z","instance":"remote-a-r1","service_name":"afs-node","name":"entry-0065.bin","parent":5}
{"msg":"FUSE request failed","level":"ERRO","ts":"2026-10-06T21:41:56.495575202Z","instance":"remote-a-r1","service_name":"afs-node","message":"No such file or directory (os error 2)","kind":"NotFound","code":67305473}
{"msg":"fuse.create","level":"INFO","ts":"2026-10-06T21:41:56.495577535Z","instance":"remote-a-r1","service_name":"afs-node","name":"entry-0066.bin","parent":5}
{"msg":"FUSE request failed","level":"ERRO","ts":"2026-10-06T21:41:56.497659864Z","instance":"remote-a-r1","service_name":"afs-node","message":"No such file or directory (os error 2)","kind":"NotFound","code":67305473}
{"msg":"fuse.create","level":"INFO","ts":"2026-10-06T21:41:56.497686155Z","instance":"remote-a-r1","service_name":"afs-node","name":"entry-0067.bin","parent":5}
{"msg":"FUSE request failed","level":"ERRO","ts":"2026-10-06T21:41:56.500358179Z","instance":"remote-a-r1","service_name":"afs-node","message":"No such file or directory (os error 2)","kind":"NotFound","code":67305473}
{"msg":"fuse.create","level":"INFO","ts":"2026-10-06T21:41:56.500361179Z","instance":"remote-a-r1","service_name":"afs-node","name":"entry-0068.bin","parent":5}
{"msg":"FUSE request failed","level":"ERRO","ts":"2026-10-06T21:41:56.502737335Z","instance":"remote-a-r1","service_name":"afs-node","message":"No such file or directory (os error 2)","kind":"NotFound","code":67305473}
{"msg":"fuse.create","level":"INFO","ts":"2026-10-06T21:41:56.502760626Z","instance":"remote-a-r1","service_name":"afs-node","name":"entry-0069.bin","parent":5}
{"msg":"FUSE request failed","level":"ERRO","ts":"2026-10-06T21:41:56.504911579Z","instance":"remote-a-r1","service_name":"afs-node","message":"No such file or directory (os error 2)","kind":"NotFound","code":67305473}
{"msg":"fuse.create","level":"INFO","ts":"2026-10-06T21:41:56.504928245Z","instance":"remote-a-r1","service_name":"afs-node","name":"entry-0070.bin","parent":5}
{"msg":"FUSE request failed","level":"ERRO","ts":"2026-10-06T21:41:56.507086114Z","instance":"remote-a-r1","service_name":"afs-node","message":"No such file or directory (os error 2)","kind":"NotFound","code":67305473}
{"msg":"fuse.create","level":"INFO","ts":"2026-10-06T21:41:56.50710828Z","instance":"remote-a-r1","service_name":"afs-node","name":"entry-0071.bin","parent":5}
{"msg":"FUSE request failed","level":"ERRO","ts":"2026-10-06T21:41:56.509323731Z","instance":"remote-a-r1","service_name":"afs-node","message":"No such file or directory (os error 2)","kind":"NotFound","code":67305473}
{"msg":"fuse.create","level":"INFO","ts":"2026-10-06T21:41:56.509343397Z","instance":"remote-a-r1","service_name":"afs-node","name":"entry-0072.bin","parent":5}
{"msg":"FUSE request failed","level":"ERRO","ts":"2026-10-06T21:41:56.5114821Z","instance":"remote-a-r1","service_name":"afs-node","message":"No such file or directory (os error 2)","kind":"NotFound","code":67305473}
{"msg":"fuse.create","level":"INFO","ts":"2026-10-06T21:41:56.511485308Z","instance":"remote-a-r1","service_name":"afs-node","name":"entry-0073.bin","parent":5}
{"msg":"FUSE request failed","level":"ERRO","ts":"2026-10-06T21:41:56.513561137Z","instance":"remote-a-r1","service_name":"afs-node","message":"No such file or directory (os error 2)","kind":"NotFound","code":67305473}
{"msg":"fuse.create","level":"INFO","ts":"2026-10-06T21:41:56.51358247Z","instance":"remote-a-r1","service_name":"afs-node","name":"entry-0074.bin","parent":5}
{"msg":"FUSE request failed","level":"ERRO","ts":"2026-10-06T21:41:56.51587267Z","instance":"remote-a-r1","service_name":"afs-node","message":"No such file or directory (os error 2)","kind":"NotFound","code":67305473}
{"msg":"fuse.create","level":"INFO","ts":"2026-10-06T21:41:56.515890628Z","instance":"remote-a-r1","service_name":"afs-node","name":"entry-0075.bin","parent":5}
{"msg":"FUSE request failed","level":"ERRO","ts":"2026-10-06T21:41:56.518092246Z","instance":"remote-a-r1","service_name":"afs-node","message":"No such file or directory (os error 2)","kind":"NotFound","code":67305473}
{"msg":"fuse.create","level":"INFO","ts":"2026-10-06T21:41:56.518108787Z","instance":"remote-a-r1","service_name":"afs-node","name":"entry-0076.bin","parent":5}
{"msg":"FUSE request failed","level":"ERRO","ts":"2026-10-06T21:41:56.520346904Z","instance":"remote-a-r1","service_name":"afs-node","message":"No such file or directory (os error 2)","kind":"NotFound","code":67305473}
{"msg":"fuse.create","level":"INFO","ts":"2026-10-06T21:41:56.520364154Z","instance":"remote-a-r1","service_name":"afs-node","name":"entry-0077.bin","parent":5}
{"msg":"FUSE request failed","level":"ERRO","ts":"2026-10-06T21:41:56.522540897Z","instance":"remote-a-r1","service_name":"afs-node","message":"No such file or directory (os error 2)","kind":"NotFound","code":67305473}
{"msg":"fuse.create","level":"INFO","ts":"2026-10-06T21:41:56.522563397Z","instance":"remote-a-r1","service_name":"afs-node","name":"entry-0078.bin","parent":5}
{"msg":"FUSE request failed","level":"ERRO","ts":"2026-10-06T21:41:56.524726807Z","instance":"remote-a-r1","service_name":"afs-node","message":"No such file or directory (os error 2)","kind":"NotFound","code":67305473}
{"msg":"fuse.create","level":"INFO","ts":"2026-10-06T21:41:56.524743099Z","instance":"remote-a-r1","service_name":"afs-node","name":"entry-0079.bin","parent":5}
{"msg":"FUSE request failed","level":"ERRO","ts":"2026-10-06T21:41:56.526992424Z","instance":"remote-a-r1","service_name":"afs-node","message":"No such file or directory (os error 2)","kind":"NotFound","code":67305473}
{"msg":"fuse.create","level":"INFO","ts":"2026-10-06T21:41:56.52703334Z","instance":"remote-a-r1","service_name":"afs-node","name":"entry-0080.bin","parent":5}
{"msg":"FUSE request failed","level":"ERRO","ts":"2026-10-06T21:41:56.529507493Z","instance":"remote-a-r1","service_name":"afs-node","message":"No such file or directory (os error 2)","kind":"NotFound","code":67305473}
{"msg":"fuse.create","level":"INFO","ts":"2026-10-06T21:41:56.52950991Z","instance":"remote-a-r1","service_name":"afs-node","name":"entry-0081.bin","parent":5}
{"msg":"FUSE request failed","level":"ERRO","ts":"2026-10-06T21:41:56.531691903Z","instance":"remote-a-r1","service_name":"afs-node","message":"No such file or directory (os error 2)","kind":"NotFound","code":67305473}
{"msg":"fuse.create","level":"INFO","ts":"2026-10-06T21:41:56.53171032Z","instance":"remote-a-r1","service_name":"afs-node","name":"entry-0082.bin","parent":5}
{"msg":"FUSE request failed","level":"ERRO","ts":"2026-10-06T21:41:56.533782607Z","instance":"remote-a-r1","service_name":"afs-node","message":"No such file or directory (os error 2)","kind":"NotFound","code":67305473}
{"msg":"fuse.create","level":"INFO","ts":"2026-10-06T21:41:56.533785399Z","instance":"remote-a-r1","service_name":"afs-node","name":"entry-0083.bin","parent":5}
{"msg":"FUSE request failed","level":"ERRO","ts":"2026-10-06T21:41:56.535972309Z","instance":"remote-a-r1","service_name":"afs-node","message":"No such file or directory (os error 2)","kind":"NotFound","code":67305473}
{"msg":"fuse.create","level":"INFO","ts":"2026-10-06T21:41:56.535984392Z","instance":"remote-a-r1","service_name":"afs-node","name":"entry-0084.bin","parent":5}
{"msg":"FUSE request failed","level":"ERRO","ts":"2026-10-06T21:41:56.538300049Z","instance":"remote-a-r1","service_name":"afs-node","message":"No such file or directory (os error 2)","kind":"NotFound","code":67305473}
{"msg":"fuse.create","level":"INFO","ts":"2026-10-06T21:41:56.538318465Z","instance":"remote-a-r1","service_name":"afs-node","name":"entry-0085.bin","parent":5}
{"msg":"FUSE request failed","level":"ERRO","ts":"2026-10-06T21:41:56.540843326Z","instance":"remote-a-r1","service_name":"afs-node","message":"No such file or directory (os error 2)","kind":"NotFound","code":67305473}
{"msg":"fuse.create","level":"INFO","ts":"2026-10-06T21:41:56.540857826Z","instance":"remote-a-r1","service_name":"afs-node","name":"entry-0086.bin","parent":5}
{"msg":"FUSE request failed","level":"ERRO","ts":"2026-10-06T21:41:56.54322119Z","instance":"remote-a-r1","service_name":"afs-node","message":"No such file or directory (os error 2)","kind":"NotFound","code":67305473}
{"msg":"fuse.create","level":"INFO","ts":"2026-10-06T21:41:56.543240398Z","instance":"remote-a-r1","service_name":"afs-node","name":"entry-0087.bin","parent":5}
{"msg":"FUSE request failed","level":"ERRO","ts":"2026-10-06T21:41:56.545397559Z","instance":"remote-a-r1","service_name":"afs-node","message":"No such file or directory (os error 2)","kind":"NotFound","code":67305473}
{"msg":"fuse.create","level":"INFO","ts":"2026-10-06T21:41:56.545415017Z","instance":"remote-a-r1","service_name":"afs-node","name":"entry-0088.bin","parent":5}
{"msg":"FUSE request failed","level":"ERRO","ts":"2026-10-06T21:41:56.547553719Z","instance":"remote-a-r1","service_name":"afs-node","message":"No such file or directory (os error 2)","kind":"NotFound","code":67305473}
{"msg":"fuse.create","level":"INFO","ts":"2026-10-06T21:41:56.547557136Z","instance":"remote-a-r1","service_name":"afs-node","name":"entry-0089.bin","parent":5}
{"msg":"FUSE request failed","level":"ERRO","ts":"2026-10-06T21:41:56.549687755Z","instance":"remote-a-r1","service_name":"afs-node","message":"No such file or directory (os error 2)","kind":"NotFound","code":67305473}
{"msg":"fuse.create","level":"INFO","ts":"2026-10-06T21:41:56.549703297Z","instance":"remote-a-r1","service_name":"afs-node","name":"entry-0090.bin","parent":5}
{"msg":"FUSE request failed","level":"ERRO","ts":"2026-10-06T21:41:56.552155118Z","instance":"remote-a-r1","service_name":"afs-node","message":"No such file or directory (os error 2)","kind":"NotFound","code":67305473}
{"msg":"fuse.create","level":"INFO","ts":"2026-10-06T21:41:56.552175659Z","instance":"remote-a-r1","service_name":"afs-node","name":"entry-0091.bin","parent":5}
{"msg":"FUSE request failed","level":"ERRO","ts":"2026-10-06T21:41:56.554445025Z","instance":"remote-a-r1","service_name":"afs-node","message":"No such file or directory (os error 2)","kind":"NotFound","code":67305473}
{"msg":"fuse.create","level":"INFO","ts":"2026-10-06T21:41:56.554448484Z","instance":"remote-a-r1","service_name":"afs-node","name":"entry-0092.bin","parent":5}
{"msg":"FUSE request failed","level":"ERRO","ts":"2026-10-06T21:41:56.556556479Z","instance":"remote-a-r1","service_name":"afs-node","message":"No such file or directory (os error 2)","kind":"NotFound","code":67305473}
{"msg":"fuse.create","level":"INFO","ts":"2026-10-06T21:41:56.556573228Z","instance":"remote-a-r1","service_name":"afs-node","name":"entry-0093.bin","parent":5}
{"msg":"FUSE request failed","level":"ERRO","ts":"2026-10-06T21:41:56.558850886Z","instance":"remote-a-r1","service_name":"afs-node","message":"No such file or directory (os error 2)","kind":"NotFound","code":67305473}
{"msg":"fuse.create","level":"INFO","ts":"2026-10-06T21:41:56.558871511Z","instance":"remote-a-r1","service_name":"afs-node","name":"entry-0094.bin","parent":5}
{"msg":"FUSE request failed","level":"ERRO","ts":"2026-10-06T21:41:56.560949756Z","instance":"remote-a-r1","service_name":"afs-node","message":"No such file or directory (os error 2)","kind":"NotFound","code":67305473}
{"msg":"fuse.create","level":"INFO","ts":"2026-10-06T21:41:56.560964214Z","instance":"remote-a-r1","service_name":"afs-node","name":"entry-0095.bin","parent":5}
{"msg":"FUSE request failed","level":"ERRO","ts":"2026-10-06T21:41:56.563098709Z","instance":"remote-a-r1","service_name":"afs-node","message":"No such file or directory (os error 2)","kind":"NotFound","code":67305473}
{"msg":"fuse.create","level":"INFO","ts":"2026-10-06T21:41:56.563121042Z","instance":"remote-a-r1","service_name":"afs-node","name":"entry-0096.bin","parent":5}
{"msg":"FUSE request failed","level":"ERRO","ts":"2026-10-06T21:41:56.565259286Z","instance":"remote-a-r1","service_name":"afs-node","message":"No such file or directory (os error 2)","kind":"NotFound","code":67305473}
{"msg":"fuse.create","level":"INFO","ts":"2026-10-06T21:41:56.565272744Z","instance":"remote-a-r1","service_name":"afs-node","name":"entry-0097.bin","parent":5}
{"msg":"FUSE request failed","level":"ERRO","ts":"2026-10-06T21:41:56.567900228Z","instance":"remote-a-r1","service_name":"afs-node","message":"No such file or directory (os error 2)","kind":"NotFound","code":67305473}
{"msg":"fuse.create","level":"INFO","ts":"2026-10-06T21:41:56.567919019Z","instance":"remote-a-r1","service_name":"afs-node","name":"entry-0098.bin","parent":5}
{"msg":"FUSE request failed","level":"ERRO","ts":"2026-10-06T21:41:56.570515337Z","instance":"remote-a-r1","service_name":"afs-node","message":"No such file or directory (os error 2)","kind":"NotFound","code":67305473}
{"msg":"fuse.create","level":"INFO","ts":"2026-10-06T21:41:56.570532086Z","instance":"remote-a-r1","service_name":"afs-node","name":"entry-0099.bin","parent":5}
{"msg":"[Not Implemented] ioctl(ino: 0x6, fh: 123, flags: 0, cmd: 21505, in_data.len(): 0, out_size: 0)","level":"WARN","ts":"2026-10-06T21:41:56.574186214Z","instance":"remote-a-r1","service_name":"afs-node"}
{"msg":"[Not Implemented] ioctl(ino: 0x7, fh: 124, flags: 0, cmd: 21505, in_data.len(): 0, out_size: 0)","level":"WARN","ts":"2026-10-06T21:41:56.575986382Z","instance":"remote-a-r1","service_name":"afs-node"}
{"msg":"[Not Implemented] ioctl(ino: 0x8, fh: 125, flags: 0, cmd: 21505, in_data.len(): 0, out_size: 0)","level":"WARN","ts":"2026-10-06T21:41:56.577877966Z","instance":"remote-a-r1","service_name":"afs-node"}
{"msg":"[Not Implemented] ioctl(ino: 0x9, fh: 126, flags: 0, cmd: 21505, in_data.len(): 0, out_size: 0)","level":"WARN","ts":"2026-10-06T21:41:56.579521471Z","instance":"remote-a-r1","service_name":"afs-node"}
{"msg":"[Not Implemented] ioctl(ino: 0xa, fh: 127, flags: 0, cmd: 21505, in_data.len(): 0, out_size: 0)","level":"WARN","ts":"2026-10-06T21:41:56.581092353Z","instance":"remote-a-r1","service_name":"afs-node"}
{"msg":"[Not Implemented] ioctl(ino: 0xb, fh: 128, flags: 0, cmd: 21505, in_data.len(): 0, out_size: 0)","level":"WARN","ts":"2026-10-06T21:41:56.58287248Z","instance":"remote-a-r1","service_name":"afs-node"}
{"msg":"[Not Implemented] ioctl(ino: 0xc, fh: 129, flags: 0, cmd: 21505, in_data.len(): 0, out_size: 0)","level":"WARN","ts":"2026-10-06T21:41:56.584754522Z","instance":"remote-a-r1","service_name":"afs-node"}
{"msg":"[Not Implemented] ioctl(ino: 0xd, fh: 130, flags: 0, cmd: 21505, in_data.len(): 0, out_size: 0)","level":"WARN","ts":"2026-10-06T21:41:56.586668896Z","instance":"remote-a-r1","service_name":"afs-node"}
{"msg":"[Not Implemented] ioctl(ino: 0xe, fh: 131, flags: 0, cmd: 21505, in_data.len(): 0, out_size: 0)","level":"WARN","ts":"2026-10-06T21:41:56.588569979Z","instance":"remote-a-r1","service_name":"afs-node"}
{"msg":"[Not Implemented] ioctl(ino: 0xf, fh: 132, flags: 0, cmd: 21505, in_data.len(): 0, out_size: 0)","level":"WARN","ts":"2026-10-06T21:41:56.590628725Z","instance":"remote-a-r1","service_name":"afs-node"}
{"msg":"[Not Implemented] ioctl(ino: 0x10, fh: 133, flags: 0, cmd: 21505, in_data.len(): 0, out_size: 0)","level":"WARN","ts":"2026-10-06T21:41:56.592537433Z","instance":"remote-a-r1","service_name":"afs-node"}
{"msg":"[Not Implemented] ioctl(ino: 0x11, fh: 134, flags: 0, cmd: 21505, in_data.len(): 0, out_size: 0)","level":"WARN","ts":"2026-10-06T21:41:56.59449089Z","instance":"remote-a-r1","service_name":"afs-node"}
{"msg":"[Not Implemented] ioctl(ino: 0x12, fh: 135, flags: 0, cmd: 21505, in_data.len(): 0, out_size: 0)","level":"WARN","ts":"2026-10-06T21:41:56.596501346Z","instance":"remote-a-r1","service_name":"afs-node"}
{"msg":"[Not Implemented] ioctl(ino: 0x13, fh: 136, flags: 0, cmd: 21505, in_data.len(): 0, out_size: 0)","level":"WARN","ts":"2026-10-06T21:41:56.598494676Z","instance":"remote-a-r1","service_name":"afs-node"}
{"msg":"[Not Implemented] ioctl(ino: 0x14, fh: 137, flags: 0, cmd: 21505, in_data.len(): 0, out_size: 0)","level":"WARN","ts":"2026-10-06T21:41:56.600412926Z","instance":"remote-a-r1","service_name":"afs-node"}
{"msg":"[Not Implemented] ioctl(ino: 0x15, fh: 138, flags: 0, cmd: 21505, in_data.len(): 0, out_size: 0)","level":"WARN","ts":"2026-10-06T21:41:56.602357716Z","instance":"remote-a-r1","service_name":"afs-node"}
{"msg":"[Not Implemented] ioctl(ino: 0x16, fh: 139, flags: 0, cmd: 21505, in_data.len(): 0, out_size: 0)","level":"WARN","ts":"2026-10-06T21:41:56.60427809Z","instance":"remote-a-r1","service_name":"afs-node"}
{"msg":"[Not Implemented] ioctl(ino: 0x17, fh: 140, flags: 0, cmd: 21505, in_data.len(): 0, out_size: 0)","level":"WARN","ts":"2026-10-06T21:41:56.606230964Z","instance":"remote-a-r1","service_name":"afs-node"}
{"msg":"[Not Implemented] ioctl(ino: 0x18, fh: 141, flags: 0, cmd: 21505, in_data.len(): 0, out_size: 0)","level":"WARN","ts":"2026-10-06T21:41:56.60830446Z","instance":"remote-a-r1","service_name":"afs-node"}
{"msg":"[Not Implemented] ioctl(ino: 0x19, fh: 142, flags: 0, cmd: 21505, in_data.len(): 0, out_size: 0)","level":"WARN","ts":"2026-10-06T21:41:56.610287832Z","instance":"remote-a-r1","service_name":"afs-node"}
{"msg":"[Not Implemented] ioctl(ino: 0x1a, fh: 143, flags: 0, cmd: 21505, in_data.len(): 0, out_size: 0)","level":"WARN","ts":"2026-10-06T21:41:56.612276538Z","instance":"remote-a-r1","service_name":"afs-node"}
{"msg":"[Not Implemented] ioctl(ino: 0x1b, fh: 144, flags: 0, cmd: 21505, in_data.len(): 0, out_size: 0)","level":"WARN","ts":"2026-10-06T21:41:56.614198913Z","instance":"remote-a-r1","service_name":"afs-node"}
{"msg":"[Not Implemented] ioctl(ino: 0x1c, fh: 145, flags: 0, cmd: 21505, in_data.len(): 0, out_size: 0)","level":"WARN","ts":"2026-10-06T21:41:56.616060496Z","instance":"remote-a-r1","service_name":"afs-node"}
{"msg":"[Not Implemented] ioctl(ino: 0x1d, fh: 146, flags: 0, cmd: 21505, in_data.len(): 0, out_size: 0)","level":"WARN","ts":"2026-10-06T21:41:56.618095868Z","instance":"remote-a-r1","service_name":"afs-node"}
{"msg":"[Not Implemented] ioctl(ino: 0x1e, fh: 147, flags: 0, cmd: 21505, in_data.len(): 0, out_size: 0)","level":"WARN","ts":"2026-10-06T21:41:56.619936994Z","instance":"remote-a-r1","service_name":"afs-node"}
{"msg":"[Not Implemented] ioctl(ino: 0x1f, fh: 148, flags: 0, cmd: 21505, in_data.len(): 0, out_size: 0)","level":"WARN","ts":"2026-10-06T21:41:56.621857993Z","instance":"remote-a-r1","service_name":"afs-node"}
{"msg":"[Not Implemented] ioctl(ino: 0x20, fh: 149, flags: 0, cmd: 21505, in_data.len(): 0, out_size: 0)","level":"WARN","ts":"2026-10-06T21:41:56.62387874Z","instance":"remote-a-r1","service_name":"afs-node"}
{"msg":"[Not Implemented] ioctl(ino: 0x21, fh: 150, flags: 0, cmd: 21505, in_data.len(): 0, out_size: 0)","level":"WARN","ts":"2026-10-06T21:41:56.625787365Z","instance":"remote-a-r1","service_name":"afs-node"}
{"msg":"[Not Implemented] ioctl(ino: 0x22, fh: 151, flags: 0, cmd: 21505, in_data.len(): 0, out_size: 0)","level":"WARN","ts":"2026-10-06T21:41:56.627717822Z","instance":"remote-a-r1","service_name":"afs-node"}
{"msg":"[Not Implemented] ioctl(ino: 0x23, fh: 152, flags: 0, cmd: 21505, in_data.len(): 0, out_size: 0)","level":"WARN","ts":"2026-10-06T21:41:56.62975686Z","instance":"remote-a-r1","service_name":"afs-node"}
{"msg":"[Not Implemented] ioctl(ino: 0x24, fh: 153, flags: 0, cmd: 21505, in_data.len(): 0, out_size: 0)","level":"WARN","ts":"2026-10-06T21:41:56.631708859Z","instance":"remote-a-r1","service_name":"afs-node"}
{"msg":"[Not Implemented] ioctl(ino: 0x25, fh: 154, flags: 0, cmd: 21505, in_data.len(): 0, out_size: 0)","level":"WARN","ts":"2026-10-06T21:41:56.633655608Z","instance":"remote-a-r1","service_name":"afs-node"}
{"msg":"[Not Implemented] ioctl(ino: 0x26, fh: 155, flags: 0, cmd: 21505, in_data.len(): 0, out_size: 0)","level":"WARN","ts":"2026-10-06T21:41:56.635696354Z","instance":"remote-a-r1","service_name":"afs-node"}
{"msg":"[Not Implemented] ioctl(ino: 0x27, fh: 156, flags: 0, cmd: 21505, in_data.len(): 0, out_size: 0)","level":"WARN","ts":"2026-10-06T21:41:56.63766781Z","instance":"remote-a-r1","service_name":"afs-node"}
{"msg":"[Not Implemented] ioctl(ino: 0x28, fh: 157, flags: 0, cmd: 21505, in_data.len(): 0, out_size: 0)","level":"WARN","ts":"2026-10-06T21:41:56.639482812Z","instance":"remote-a-r1","service_name":"afs-node"}
{"msg":"[Not Implemented] ioctl(ino: 0x29, fh: 158, flags: 0, cmd: 21505, in_data.len(): 0, out_size: 0)","level":"WARN","ts":"2026-10-06T21:41:56.641432727Z","instance":"remote-a-r1","service_name":"afs-node"}
{"msg":"[Not Implemented] ioctl(ino: 0x2a, fh: 159, flags: 0, cmd: 21505, in_data.len(): 0, out_size: 0)","level":"WARN","ts":"2026-10-06T21:41:56.643353226Z","instance":"remote-a-r1","service_name":"afs-node"}
{"msg":"[Not Implemented] ioctl(ino: 0x2b, fh: 160, flags: 0, cmd: 21505, in_data.len(): 0, out_size: 0)","level":"WARN","ts":"2026-10-06T21:41:56.645243768Z","instance":"remote-a-r1","service_name":"afs-node"}
{"msg":"[Not Implemented] ioctl(ino: 0x2c, fh: 161, flags: 0, cmd: 21505, in_data.len(): 0, out_size: 0)","level":"WARN","ts":"2026-10-06T21:41:56.647191725Z","instance":"remote-a-r1","service_name":"afs-node"}
{"msg":"[Not Implemented] ioctl(ino: 0x2d, fh: 162, flags: 0, cmd: 21505, in_data.len(): 0, out_size: 0)","level":"WARN","ts":"2026-10-06T21:41:56.648969894Z","instance":"remote-a-r1","service_name":"afs-node"}
{"msg":"[Not Implemented] ioctl(ino: 0x2e, fh: 163, flags: 0, cmd: 21505, in_data.len(): 0, out_size: 0)","level":"WARN","ts":"2026-10-06T21:41:56.650933476Z","instance":"remote-a-r1","service_name":"afs-node"}
{"msg":"[Not Implemented] ioctl(ino: 0x2f, fh: 164, flags: 0, cmd: 21505, in_data.len(): 0, out_size: 0)","level":"WARN","ts":"2026-10-06T21:41:56.652885557Z","instance":"remote-a-r1","service_name":"afs-node"}
{"msg":"[Not Implemented] ioctl(ino: 0x30, fh: 165, flags: 0, cmd: 21505, in_data.len(): 0, out_size: 0)","level":"WARN","ts":"2026-10-06T21:41:56.654803765Z","instance":"remote-a-r1","service_name":"afs-node"}
{"msg":"[Not Implemented] ioctl(ino: 0x31, fh: 166, flags: 0, cmd: 21505, in_data.len(): 0, out_size: 0)","level":"WARN","ts":"2026-10-06T21:41:56.656846553Z","instance":"remote-a-r1","service_name":"afs-node"}
{"msg":"[Not Implemented] ioctl(ino: 0x32, fh: 167, flags: 0, cmd: 21505, in_data.len(): 0, out_size: 0)","level":"WARN","ts":"2026-10-06T21:41:56.658745053Z","instance":"remote-a-r1","service_name":"afs-node"}
{"msg":"[Not Implemented] ioctl(ino: 0x33, fh: 168, flags: 0, cmd: 21505, in_data.len(): 0, out_size: 0)","level":"WARN","ts":"2026-10-06T21:41:56.660658302Z","instance":"remote-a-r1","service_name":"afs-node"}
{"msg":"[Not Implemented] ioctl(ino: 0x34, fh: 169, flags: 0, cmd: 21505, in_data.len(): 0, out_size: 0)","level":"WARN","ts":"2026-10-06T21:41:56.662650758Z","instance":"remote-a-r1","service_name":"afs-node"}
{"msg":"[Not Implemented] ioctl(ino: 0x35, fh: 170, flags: 0, cmd: 21505, in_data.len(): 0, out_size: 0)","level":"WARN","ts":"2026-10-06T21:41:56.664723379Z","instance":"remote-a-r1","service_name":"afs-node"}
{"msg":"[Not Implemented] ioctl(ino: 0x36, fh: 171, flags: 0, cmd: 21505, in_data.len(): 0, out_size: 0)","level":"WARN","ts":"2026-10-06T21:41:56.66640505Z","instance":"remote-a-r1","service_name":"afs-node"}
{"msg":"[Not Implemented] ioctl(ino: 0x37, fh: 172, flags: 0, cmd: 21505, in_data.len(): 0, out_size: 0)","level":"WARN","ts":"2026-10-06T21:41:56.668268176Z","instance":"remote-a-r1","service_name":"afs-node"}
{"msg":"[Not Implemented] ioctl(ino: 0x38, fh: 173, flags: 0, cmd: 21505, in_data.len(): 0, out_size: 0)","level":"WARN","ts":"2026-10-06T21:41:56.670292756Z","instance":"remote-a-r1","service_name":"afs-node"}
{"msg":"[Not Implemented] ioctl(ino: 0x39, fh: 174, flags: 0, cmd: 21505, in_data.len(): 0, out_size: 0)","level":"WARN","ts":"2026-10-06T21:41:56.672173673Z","instance":"remote-a-r1","service_name":"afs-node"}
{"msg":"[Not Implemented] ioctl(ino: 0x3a, fh: 175, flags: 0, cmd: 21505, in_data.len(): 0, out_size: 0)","level":"WARN","ts":"2026-10-06T21:41:56.674070006Z","instance":"remote-a-r1","service_name":"afs-node"}
{"msg":"[Not Implemented] ioctl(ino: 0x3b, fh: 176, flags: 0, cmd: 21505, in_data.len(): 0, out_size: 0)","level":"WARN","ts":"2026-10-06T21:41:56.676011796Z","instance":"remote-a-r1","service_name":"afs-node"}
{"msg":"[Not Implemented] ioctl(ino: 0x3c, fh: 177, flags: 0, cmd: 21505, in_data.len(): 0, out_size: 0)","level":"WARN","ts":"2026-10-06T21:41:56.677952545Z","instance":"remote-a-r1","service_name":"afs-node"}
{"msg":"[Not Implemented] ioctl(ino: 0x3d, fh: 178, flags: 0, cmd: 21505, in_data.len(): 0, out_size: 0)","level":"WARN","ts":"2026-10-06T21:41:56.680033166Z","instance":"remote-a-r1","service_name":"afs-node"}
{"msg":"[Not Implemented] ioctl(ino: 0x3e, fh: 179, flags: 0, cmd: 21505, in_data.len(): 0, out_size: 0)","level":"WARN","ts":"2026-10-06T21:41:56.681919291Z","instance":"remote-a-r1","service_name":"afs-node"}
{"msg":"[Not Implemented] ioctl(ino: 0x3f, fh: 180, flags: 0, cmd: 21505, in_data.len(): 0, out_size: 0)","level":"WARN","ts":"2026-10-06T21:41:56.683755917Z","instance":"remote-a-r1","service_name":"afs-node"}
{"msg":"[Not Implemented] ioctl(ino: 0x40, fh: 181, flags: 0, cmd: 21505, in_data.len(): 0, out_size: 0)","level":"WARN","ts":"2026-10-06T21:41:56.685496836Z","instance":"remote-a-r1","service_name":"afs-node"}
{"msg":"[Not Implemented] ioctl(ino: 0x41, fh: 182, flags: 0, cmd: 21505, in_data.len(): 0, out_size: 0)","level":"WARN","ts":"2026-10-06T21:41:56.687321588Z","instance":"remote-a-r1","service_name":"afs-node"}
{"msg":"[Not Implemented] ioctl(ino: 0x42, fh: 183, flags: 0, cmd: 21505, in_data.len(): 0, out_size: 0)","level":"WARN","ts":"2026-10-06T21:41:56.689245379Z","instance":"remote-a-r1","service_name":"afs-node"}
{"msg":"[Not Implemented] ioctl(ino: 0x43, fh: 184, flags: 0, cmd: 21505, in_data.len(): 0, out_size: 0)","level":"WARN","ts":"2026-10-06T21:41:56.691235418Z","instance":"remote-a-r1","service_name":"afs-node"}
{"msg":"[Not Implemented] ioctl(ino: 0x44, fh: 185, flags: 0, cmd: 21505, in_data.len(): 0, out_size: 0)","level":"WARN","ts":"2026-10-06T21:41:56.693178458Z","instance":"remote-a-r1","service_name":"afs-node"}
{"msg":"[Not Implemented] ioctl(ino: 0x45, fh: 186, flags: 0, cmd: 21505, in_data.len(): 0, out_size: 0)","level":"WARN","ts":"2026-10-06T21:41:56.695066167Z","instance":"remote-a-r1","service_name":"afs-node"}
{"msg":"[Not Implemented] ioctl(ino: 0x46, fh: 187, flags: 0, cmd: 21505, in_data.len(): 0, out_size: 0)","level":"WARN","ts":"2026-10-06T21:41:56.697047414Z","instance":"remote-a-r1","service_name":"afs-node"}
{"msg":"[Not Implemented] ioctl(ino: 0x47, fh: 188, flags: 0, cmd: 21505, in_data.len(): 0, out_size: 0)","level":"WARN","ts":"2026-10-06T21:41:56.698936414Z","instance":"remote-a-r1","service_name":"afs-node"}
{"msg":"[Not Implemented] ioctl(ino: 0x48, fh: 189, flags: 0, cmd: 21505, in_data.len(): 0, out_size: 0)","level":"WARN","ts":"2026-10-06T21:41:56.700818914Z","instance":"remote-a-r1","service_name":"afs-node"}
{"msg":"[Not Implemented] ioctl(ino: 0x49, fh: 190, flags: 0, cmd: 21505, in_data.len(): 0, out_size: 0)","level":"WARN","ts":"2026-10-06T21:41:56.702636291Z","instance":"remote-a-r1","service_name":"afs-node"}
{"msg":"[Not Implemented] ioctl(ino: 0x4a, fh: 191, flags: 0, cmd: 21505, in_data.len(): 0, out_size: 0)","level":"WARN","ts":"2026-10-06T21:41:56.704510749Z","instance":"remote-a-r1","service_name":"afs-node"}
{"msg":"[Not Implemented] ioctl(ino: 0x4b, fh: 192, flags: 0, cmd: 21505, in_data.len(): 0, out_size: 0)","level":"WARN","ts":"2026-10-06T21:41:56.706457248Z","instance":"remote-a-r1","service_name":"afs-node"}
{"msg":"[Not Implemented] ioctl(ino: 0x4c, fh: 193, flags: 0, cmd: 21505, in_data.len(): 0, out_size: 0)","level":"WARN","ts":"2026-10-06T21:41:56.708297707Z","instance":"remote-a-r1","service_name":"afs-node"}
{"msg":"[Not Implemented] ioctl(ino: 0x4d, fh: 194, flags: 0, cmd: 21505, in_data.len(): 0, out_size: 0)","level":"WARN","ts":"2026-10-06T21:41:56.710184624Z","instance":"remote-a-r1","service_name":"afs-node"}
{"msg":"[Not Implemented] ioctl(ino: 0x4e, fh: 195, flags: 0, cmd: 21505, in_data.len(): 0, out_size: 0)","level":"WARN","ts":"2026-10-06T21:41:56.712626695Z","instance":"remote-a-r1","service_name":"afs-node"}
{"msg":"[Not Implemented] ioctl(ino: 0x4f, fh: 196, flags: 0, cmd: 21505, in_data.len(): 0, out_size: 0)","level":"WARN","ts":"2026-10-06T21:41:56.714485071Z","instance":"remote-a-r1","service_name":"afs-node"}
{"msg":"[Not Implemented] ioctl(ino: 0x50, fh: 197, flags: 0, cmd: 21505, in_data.len(): 0, out_size: 0)","level":"WARN","ts":"2026-10-06T21:41:56.716495735Z","instance":"remote-a-r1","service_name":"afs-node"}
{"msg":"[Not Implemented] ioctl(ino: 0x51, fh: 198, flags: 0, cmd: 21505, in_data.len(): 0, out_size: 0)","level":"WARN","ts":"2026-10-06T21:41:56.718513398Z","instance":"remote-a-r1","service_name":"afs-node"}
{"msg":"[Not Implemented] ioctl(ino: 0x52, fh: 199, flags: 0, cmd: 21505, in_data.len(): 0, out_size: 0)","level":"WARN","ts":"2026-10-06T21:41:56.720380649Z","instance":"remote-a-r1","service_name":"afs-node"}
{"msg":"[Not Implemented] ioctl(ino: 0x53, fh: 200, flags: 0, cmd: 21505, in_data.len(): 0, out_size: 0)","level":"WARN","ts":"2026-10-06T21:41:56.722214983Z","instance":"remote-a-r1","service_name":"afs-node"}
{"msg":"[Not Implemented] ioctl(ino: 0x54, fh: 201, flags: 0, cmd: 21505, in_data.len(): 0, out_size: 0)","level":"WARN","ts":"2026-10-06T21:41:56.723979277Z","instance":"remote-a-r1","service_name":"afs-node"}
{"msg":"[Not Implemented] ioctl(ino: 0x55, fh: 202, flags: 0, cmd: 21505, in_data.len(): 0, out_size: 0)","level":"WARN","ts":"2026-10-06T21:41:56.725953859Z","instance":"remote-a-r1","service_name":"afs-node"}
{"msg":"[Not Implemented] ioctl(ino: 0x56, fh: 203, flags: 0, cmd: 21505, in_data.len(): 0, out_size: 0)","level":"WARN","ts":"2026-10-06T21:41:56.727876191Z","instance":"remote-a-r1","service_name":"afs-node"}
{"msg":"[Not Implemented] ioctl(ino: 0x57, fh: 204, flags: 0, cmd: 21505, in_data.len(): 0, out_size: 0)","level":"WARN","ts":"2026-10-06T21:41:56.72968011Z","instance":"remote-a-r1","service_name":"afs-node"}
{"msg":"[Not Implemented] ioctl(ino: 0x58, fh: 205, flags: 0, cmd: 21505, in_data.len(): 0, out_size: 0)","level":"WARN","ts":"2026-10-06T21:41:56.731591776Z","instance":"remote-a-r1","service_name":"afs-node"}
{"msg":"[Not Implemented] ioctl(ino: 0x59, fh: 206, flags: 0, cmd: 21505, in_data.len(): 0, out_size: 0)","level":"WARN","ts":"2026-10-06T21:41:56.733383403Z","instance":"remote-a-r1","service_name":"afs-node"}
{"msg":"[Not Implemented] ioctl(ino: 0x5a, fh: 207, flags: 0, cmd: 21505, in_data.len(): 0, out_size: 0)","level":"WARN","ts":"2026-10-06T21:41:56.73519253Z","instance":"remote-a-r1","service_name":"afs-node"}
{"msg":"[Not Implemented] ioctl(ino: 0x5b, fh: 208, flags: 0, cmd: 21505, in_data.len(): 0, out_size: 0)","level":"WARN","ts":"2026-10-06T21:41:56.73719161Z","instance":"remote-a-r1","service_name":"afs-node"}
{"msg":"[Not Implemented] ioctl(ino: 0x5c, fh: 209, flags: 0, cmd: 21505, in_data.len(): 0, out_size: 0)","level":"WARN","ts":"2026-10-06T21:41:56.739130317Z","instance":"remote-a-r1","service_name":"afs-node"}
{"msg":"[Not Implemented] ioctl(ino: 0x5d, fh: 210, flags: 0, cmd: 21505, in_data.len(): 0, out_size: 0)","level":"WARN","ts":"2026-10-06T21:41:56.741006234Z","instance":"remote-a-r1","service_name":"afs-node"}
{"msg":"[Not Implemented] ioctl(ino: 0x5e, fh: 211, flags: 0, cmd: 21505, in_data.len(): 0, out_size: 0)","level":"WARN","ts":"2026-10-06T21:41:56.742896609Z","instance":"remote-a-r1","service_name":"afs-node"}
{"msg":"[Not Implemented] ioctl(ino: 0x5f, fh: 212, flags: 0, cmd: 21505, in_data.len(): 0, out_size: 0)","level":"WARN","ts":"2026-10-06T21:41:56.744835983Z","instance":"remote-a-r1","service_name":"afs-node"}
{"msg":"[Not Implemented] ioctl(ino: 0x60, fh: 213, flags: 0, cmd: 21505, in_data.len(): 0, out_size: 0)","level":"WARN","ts":"2026-10-06T21:41:56.746802398Z","instance":"remote-a-r1","service_name":"afs-node"}
{"msg":"[Not Implemented] ioctl(ino: 0x61, fh: 214, flags: 0, cmd: 21505, in_data.len(): 0, out_size: 0)","level":"WARN","ts":"2026-10-06T21:41:56.748804937Z","instance":"remote-a-r1","service_name":"afs-node"}
{"msg":"[Not Implemented] ioctl(ino: 0x62, fh: 215, flags: 0, cmd: 21505, in_data.len(): 0, out_size: 0)","level":"WARN","ts":"2026-10-06T21:41:56.750772393Z","instance":"remote-a-r1","service_name":"afs-node"}
{"msg":"[Not Implemented] ioctl(ino: 0x63, fh: 216, flags: 0, cmd: 21505, in_data.len(): 0, out_size: 0)","level":"WARN","ts":"2026-10-06T21:41:56.752575229Z","instance":"remote-a-r1","service_name":"afs-node"}
{"msg":"[Not Implemented] ioctl(ino: 0x64, fh: 217, flags: 0, cmd: 21505, in_data.len(): 0, out_size: 0)","level":"WARN","ts":"2026-10-06T21:41:56.754467728Z","instance":"remote-a-r1","service_name":"afs-node"}
{"msg":"[Not Implemented] ioctl(ino: 0x65, fh: 218, flags: 0, cmd: 21505, in_data.len(): 0, out_size: 0)","level":"WARN","ts":"2026-10-06T21:41:56.756259189Z","instance":"remote-a-r1","service_name":"afs-node"}
{"msg":"[Not Implemented] ioctl(ino: 0x66, fh: 219, flags: 0, cmd: 21505, in_data.len(): 0, out_size: 0)","level":"WARN","ts":"2026-10-06T21:41:56.758073232Z","instance":"remote-a-r1","service_name":"afs-node"}
{"msg":"[Not Implemented] ioctl(ino: 0x67, fh: 220, flags: 0, cmd: 21505, in_data.len(): 0, out_size: 0)","level":"WARN","ts":"2026-10-06T21:41:56.75997219Z","instance":"remote-a-r1","service_name":"afs-node"}
{"msg":"[Not Implemented] ioctl(ino: 0x68, fh: 221, flags: 0, cmd: 21505, in_data.len(): 0, out_size: 0)","level":"WARN","ts":"2026-10-06T21:41:56.761835232Z","instance":"remote-a-r1","service_name":"afs-node"}
{"msg":"[Not Implemented] ioctl(ino: 0x69, fh: 222, flags: 0, cmd: 21505, in_data.len(): 0, out_size: 0)","level":"WARN","ts":"2026-10-06T21:41:56.76376244Z","instance":"remote-a-r1","service_name":"afs-node"}
{"msg":"FUSE request failed","level":"ERRO","ts":"2026-10-06T21:41:57.944052151Z","instance":"remote-a-r1","service_name":"afs-node","message":"No such file or directory (os error 2)","kind":"NotFound","code":67305473}
{"msg":"FUSE request failed","level":"ERRO","ts":"2026-10-06T21:41:57.946034024Z","instance":"remote-a-r1","service_name":"afs-node","message":"No such file or directory (os error 2)","kind":"NotFound","code":67305473}
{"msg":"fuse.create","level":"INFO","ts":"2026-10-06T21:41:57.946054898Z","instance":"remote-a-r1","service_name":"afs-node","name":"entry-0000.bin","parent":106}
{"msg":"FUSE request failed","level":"ERRO","ts":"2026-10-06T21:41:57.948237267Z","instance":"remote-a-r1","service_name":"afs-node","message":"No such file or directory (os error 2)","kind":"NotFound","code":67305473}
{"msg":"fuse.create","level":"INFO","ts":"2026-10-06T21:41:57.948268558Z","instance":"remote-a-r1","service_name":"afs-node","name":"entry-0001.bin","parent":106}
{"msg":"FUSE request failed","level":"ERRO","ts":"2026-10-06T21:41:57.950738003Z","instance":"remote-a-r1","service_name":"afs-node","message":"No such file or directory (os error 2)","kind":"NotFound","code":67305473}
{"msg":"fuse.create","level":"INFO","ts":"2026-10-06T21:41:57.950758086Z","instance":"remote-a-r1","service_name":"afs-node","name":"entry-0002.bin","parent":106}
{"msg":"FUSE request failed","level":"ERRO","ts":"2026-10-06T21:41:57.952979579Z","instance":"remote-a-r1","service_name":"afs-node","message":"No such file or directory (os error 2)","kind":"NotFound","code":67305473}
{"msg":"fuse.create","level":"INFO","ts":"2026-10-06T21:41:57.953026078Z","instance":"remote-a-r1","service_name":"afs-node","name":"entry-0003.bin","parent":106}
{"msg":"FUSE request failed","level":"ERRO","ts":"2026-10-06T21:41:57.955134823Z","instance":"remote-a-r1","service_name":"afs-node","message":"No such file or directory (os error 2)","kind":"NotFound","code":67305473}
{"msg":"fuse.create","level":"INFO","ts":"2026-10-06T21:41:57.955138656Z","instance":"remote-a-r1","service_name":"afs-node","name":"entry-0004.bin","parent":106}
{"msg":"FUSE request failed","level":"ERRO","ts":"2026-10-06T21:41:57.957316816Z","instance":"remote-a-r1","service_name":"afs-node","message":"No such file or directory (os error 2)","kind":"NotFound","code":67305473}
{"msg":"fuse.create","level":"INFO","ts":"2026-10-06T21:41:57.957329649Z","instance":"remote-a-r1","service_name":"afs-node","name":"entry-0005.bin","parent":106}
{"msg":"FUSE request failed","level":"ERRO","ts":"2026-10-06T21:41:57.95948781Z","instance":"remote-a-r1","service_name":"afs-node","message":"No such file or directory (os error 2)","kind":"NotFound","code":67305473}
{"msg":"fuse.create","level":"INFO","ts":"2026-10-06T21:41:57.959500851Z","instance":"remote-a-r1","service_name":"afs-node","name":"entry-0006.bin","parent":106}
{"msg":"FUSE request failed","level":"ERRO","ts":"2026-10-06T21:41:57.961637387Z","instance":"remote-a-r1","service_name":"afs-node","message":"No such file or directory (os error 2)","kind":"NotFound","code":67305473}
{"msg":"fuse.create","level":"INFO","ts":"2026-10-06T21:41:57.96165822Z","instance":"remote-a-r1","service_name":"afs-node","name":"entry-0007.bin","parent":106}
{"msg":"FUSE request failed","level":"ERRO","ts":"2026-10-06T21:41:57.963839589Z","instance":"remote-a-r1","service_name":"afs-node","message":"No such file or directory (os error 2)","kind":"NotFound","code":67305473}
{"msg":"fuse.create","level":"INFO","ts":"2026-10-06T21:41:57.963859713Z","instance":"remote-a-r1","service_name":"afs-node","name":"entry-0008.bin","parent":106}
{"msg":"FUSE request failed","level":"ERRO","ts":"2026-10-06T21:41:57.966119038Z","instance":"remote-a-r1","service_name":"afs-node","message":"No such file or directory (os error 2)","kind":"NotFound","code":67305473}
{"msg":"fuse.create","level":"INFO","ts":"2026-10-06T21:41:57.966128663Z","instance":"remote-a-r1","service_name":"afs-node","name":"entry-0009.bin","parent":106}
{"msg":"FUSE request failed","level":"ERRO","ts":"2026-10-06T21:41:57.968287532Z","instance":"remote-a-r1","service_name":"afs-node","message":"No such file or directory (os error 2)","kind":"NotFound","code":67305473}
{"msg":"fuse.create","level":"INFO","ts":"2026-10-06T21:41:57.968290157Z","instance":"remote-a-r1","service_name":"afs-node","name":"entry-0010.bin","parent":106}
{"msg":"FUSE request failed","level":"ERRO","ts":"2026-10-06T21:41:57.97035407Z","instance":"remote-a-r1","service_name":"afs-node","message":"No such file or directory (os error 2)","kind":"NotFound","code":67305473}
{"msg":"fuse.create","level":"INFO","ts":"2026-10-06T21:41:57.970371861Z","instance":"remote-a-r1","service_name":"afs-node","name":"entry-0011.bin","parent":106}
{"msg":"FUSE request failed","level":"ERRO","ts":"2026-10-06T21:41:57.972427107Z","instance":"remote-a-r1","service_name":"afs-node","message":"No such file or directory (os error 2)","kind":"NotFound","code":67305473}
{"msg":"fuse.create","level":"INFO","ts":"2026-10-06T21:41:57.972442607Z","instance":"remote-a-r1","service_name":"afs-node","name":"entry-0012.bin","parent":106}
{"msg":"FUSE request failed","level":"ERRO","ts":"2026-10-06T21:41:57.974563143Z","instance":"remote-a-r1","service_name":"afs-node","message":"No such file or directory (os error 2)","kind":"NotFound","code":67305473}
{"msg":"fuse.create","level":"INFO","ts":"2026-10-06T21:41:57.97457581Z","instance":"remote-a-r1","service_name":"afs-node","name":"entry-0013.bin","parent":106}
{"msg":"FUSE request failed","level":"ERRO","ts":"2026-10-06T21:41:57.976694346Z","instance":"remote-a-r1","service_name":"afs-node","message":"No such file or directory (os error 2)","kind":"NotFound","code":67305473}
{"msg":"fuse.create","level":"INFO","ts":"2026-10-06T21:41:57.976715929Z","instance":"remote-a-r1","service_name":"afs-node","name":"entry-0014.bin","parent":106}
{"msg":"FUSE request failed","level":"ERRO","ts":"2026-10-06T21:41:57.97885959Z","instance":"remote-a-r1","service_name":"afs-node","message":"No such file or directory (os error 2)","kind":"NotFound","code":67305473}
{"msg":"fuse.create","level":"INFO","ts":"2026-10-06T21:41:57.978875548Z","instance":"remote-a-r1","service_name":"afs-node","name":"entry-0015.bin","parent":106}
{"msg":"FUSE request failed","level":"ERRO","ts":"2026-10-06T21:41:57.980901753Z","instance":"remote-a-r1","service_name":"afs-node","message":"No such file or directory (os error 2)","kind":"NotFound","code":67305473}
{"msg":"fuse.create","level":"INFO","ts":"2026-10-06T21:41:57.980915253Z","instance":"remote-a-r1","service_name":"afs-node","name":"entry-0016.bin","parent":106}
{"msg":"FUSE request failed","level":"ERRO","ts":"2026-10-06T21:41:57.983019498Z","instance":"remote-a-r1","service_name":"afs-node","message":"No such file or directory (os error 2)","kind":"NotFound","code":67305473}
{"msg":"fuse.create","level":"INFO","ts":"2026-10-06T21:41:57.983042373Z","instance":"remote-a-r1","service_name":"afs-node","name":"entry-0017.bin","parent":106}
{"msg":"FUSE request failed","level":"ERRO","ts":"2026-10-06T21:41:57.985231408Z","instance":"remote-a-r1","service_name":"afs-node","message":"No such file or directory (os error 2)","kind":"NotFound","code":67305473}
{"msg":"fuse.create","level":"INFO","ts":"2026-10-06T21:41:57.985257324Z","instance":"remote-a-r1","service_name":"afs-node","name":"entry-0018.bin","parent":106}
{"msg":"FUSE request failed","level":"ERRO","ts":"2026-10-06T21:41:57.987413026Z","instance":"remote-a-r1","service_name":"afs-node","message":"No such file or directory (os error 2)","kind":"NotFound","code":67305473}
{"msg":"fuse.create","level":"INFO","ts":"2026-10-06T21:41:57.987430859Z","instance":"remote-a-r1","service_name":"afs-node","name":"entry-0019.bin","parent":106}
{"msg":"FUSE request failed","level":"ERRO","ts":"2026-10-06T21:41:57.989610519Z","instance":"remote-a-r1","service_name":"afs-node","message":"No such file or directory (os error 2)","kind":"NotFound","code":67305473}
{"msg":"fuse.create","level":"INFO","ts":"2026-10-06T21:41:57.989616728Z","instance":"remote-a-r1","service_name":"afs-node","name":"entry-0020.bin","parent":106}
{"msg":"FUSE request failed","level":"ERRO","ts":"2026-10-06T21:41:57.99176618Z","instance":"remote-a-r1","service_name":"afs-node","message":"No such file or directory (os error 2)","kind":"NotFound","code":67305473}
{"msg":"fuse.create","level":"INFO","ts":"2026-10-06T21:41:57.991781513Z","instance":"remote-a-r1","service_name":"afs-node","name":"entry-0021.bin","parent":106}
{"msg":"FUSE request failed","level":"ERRO","ts":"2026-10-06T21:41:57.994121795Z","instance":"remote-a-r1","service_name":"afs-node","message":"No such file or directory (os error 2)","kind":"NotFound","code":67305473}
{"msg":"fuse.create","level":"INFO","ts":"2026-10-06T21:41:57.994136169Z","instance":"remote-a-r1","service_name":"afs-node","name":"entry-0022.bin","parent":106}
{"msg":"FUSE request failed","level":"ERRO","ts":"2026-10-06T21:41:57.996575282Z","instance":"remote-a-r1","service_name":"afs-node","message":"No such file or directory (os error 2)","kind":"NotFound","code":67305473}
{"msg":"fuse.create","level":"INFO","ts":"2026-10-06T21:41:57.996610906Z","instance":"remote-a-r1","service_name":"afs-node","name":"entry-0023.bin","parent":106}
{"msg":"FUSE request failed","level":"ERRO","ts":"2026-10-06T21:41:57.99869786Z","instance":"remote-a-r1","service_name":"afs-node","message":"No such file or directory (os error 2)","kind":"NotFound","code":67305473}
{"msg":"fuse.create","level":"INFO","ts":"2026-10-06T21:41:57.998716527Z","instance":"remote-a-r1","service_name":"afs-node","name":"entry-0024.bin","parent":106}
{"msg":"FUSE request failed","level":"ERRO","ts":"2026-10-06T21:41:58.000895645Z","instance":"remote-a-r1","service_name":"afs-node","message":"No such file or directory (os error 2)","kind":"NotFound","code":67305473}
{"msg":"fuse.create","level":"INFO","ts":"2026-10-06T21:41:58.000936394Z","instance":"remote-a-r1","service_name":"afs-node","name":"entry-0025.bin","parent":106}
{"msg":"FUSE request failed","level":"ERRO","ts":"2026-10-06T21:41:58.003363424Z","instance":"remote-a-r1","service_name":"afs-node","message":"No such file or directory (os error 2)","kind":"NotFound","code":67305473}
{"msg":"fuse.create","level":"INFO","ts":"2026-10-06T21:41:58.003366465Z","instance":"remote-a-r1","service_name":"afs-node","name":"entry-0026.bin","parent":106}
{"msg":"FUSE request failed","level":"ERRO","ts":"2026-10-06T21:41:58.005589416Z","instance":"remote-a-r1","service_name":"afs-node","message":"No such file or directory (os error 2)","kind":"NotFound","code":67305473}
{"msg":"fuse.create","level":"INFO","ts":"2026-10-06T21:41:58.005612166Z","instance":"remote-a-r1","service_name":"afs-node","name":"entry-0027.bin","parent":106}
{"msg":"FUSE request failed","level":"ERRO","ts":"2026-10-06T21:41:58.00769137Z","instance":"remote-a-r1","service_name":"afs-node","message":"No such file or directory (os error 2)","kind":"NotFound","code":67305473}
{"msg":"fuse.create","level":"INFO","ts":"2026-10-06T21:41:58.007711995Z","instance":"remote-a-r1","service_name":"afs-node","name":"entry-0028.bin","parent":106}
{"msg":"FUSE request failed","level":"ERRO","ts":"2026-10-06T21:41:58.009896905Z","instance":"remote-a-r1","service_name":"afs-node","message":"No such file or directory (os error 2)","kind":"NotFound","code":67305473}
{"msg":"fuse.create","level":"INFO","ts":"2026-10-06T21:41:58.009912904Z","instance":"remote-a-r1","service_name":"afs-node","name":"entry-0029.bin","parent":106}
{"msg":"FUSE request failed","level":"ERRO","ts":"2026-10-06T21:41:58.01230006Z","instance":"remote-a-r1","service_name":"afs-node","message":"No such file or directory (os error 2)","kind":"NotFound","code":67305473}
{"msg":"fuse.create","level":"INFO","ts":"2026-10-06T21:41:58.012310518Z","instance":"remote-a-r1","service_name":"afs-node","name":"entry-0030.bin","parent":106}
{"msg":"FUSE request failed","level":"ERRO","ts":"2026-10-06T21:41:58.014527511Z","instance":"remote-a-r1","service_name":"afs-node","message":"No such file or directory (os error 2)","kind":"NotFound","code":67305473}
{"msg":"fuse.create","level":"INFO","ts":"2026-10-06T21:41:58.014547969Z","instance":"remote-a-r1","service_name":"afs-node","name":"entry-0031.bin","parent":106}
{"msg":"FUSE request failed","level":"ERRO","ts":"2026-10-06T21:41:58.016749087Z","instance":"remote-a-r1","service_name":"afs-node","message":"No such file or directory (os error 2)","kind":"NotFound","code":67305473}
{"msg":"fuse.create","level":"INFO","ts":"2026-10-06T21:41:58.016764295Z","instance":"remote-a-r1","service_name":"afs-node","name":"entry-0032.bin","parent":106}
{"msg":"FUSE request failed","level":"ERRO","ts":"2026-10-06T21:41:58.018887706Z","instance":"remote-a-r1","service_name":"afs-node","message":"No such file or directory (os error 2)","kind":"NotFound","code":67305473}
{"msg":"fuse.create","level":"INFO","ts":"2026-10-06T21:41:58.018907831Z","instance":"remote-a-r1","service_name":"afs-node","name":"entry-0033.bin","parent":106}
{"msg":"FUSE request failed","level":"ERRO","ts":"2026-10-06T21:41:58.02097766Z","instance":"remote-a-r1","service_name":"afs-node","message":"No such file or directory (os error 2)","kind":"NotFound","code":67305473}
{"msg":"fuse.create","level":"INFO","ts":"2026-10-06T21:41:58.020990368Z","instance":"remote-a-r1","service_name":"afs-node","name":"entry-0034.bin","parent":106}
{"msg":"FUSE request failed","level":"ERRO","ts":"2026-10-06T21:41:58.02317857Z","instance":"remote-a-r1","service_name":"afs-node","message":"No such file or directory (os error 2)","kind":"NotFound","code":67305473}
{"msg":"fuse.create","level":"INFO","ts":"2026-10-06T21:41:58.023196069Z","instance":"remote-a-r1","service_name":"afs-node","name":"entry-0035.bin","parent":106}
{"msg":"FUSE request failed","level":"ERRO","ts":"2026-10-06T21:41:58.025357772Z","instance":"remote-a-r1","service_name":"afs-node","message":"No such file or directory (os error 2)","kind":"NotFound","code":67305473}
{"msg":"fuse.create","level":"INFO","ts":"2026-10-06T21:41:58.025381979Z","instance":"remote-a-r1","service_name":"afs-node","name":"entry-0036.bin","parent":106}
{"msg":"FUSE request failed","level":"ERRO","ts":"2026-10-06T21:41:58.027505141Z","instance":"remote-a-r1","service_name":"afs-node","message":"No such file or directory (os error 2)","kind":"NotFound","code":67305473}
{"msg":"fuse.create","level":"INFO","ts":"2026-10-06T21:41:58.027525807Z","instance":"remote-a-r1","service_name":"afs-node","name":"entry-0037.bin","parent":106}
{"msg":"FUSE request failed","level":"ERRO","ts":"2026-10-06T21:41:58.029654218Z","instance":"remote-a-r1","service_name":"afs-node","message":"No such file or directory (os error 2)","kind":"NotFound","code":67305473}
{"msg":"fuse.create","level":"INFO","ts":"2026-10-06T21:41:58.029673218Z","instance":"remote-a-r1","service_name":"afs-node","name":"entry-0038.bin","parent":106}
{"msg":"FUSE request failed","level":"ERRO","ts":"2026-10-06T21:41:58.032338659Z","instance":"remote-a-r1","service_name":"afs-node","message":"No such file or directory (os error 2)","kind":"NotFound","code":67305473}
{"msg":"fuse.create","level":"INFO","ts":"2026-10-06T21:41:58.032359784Z","instance":"remote-a-r1","service_name":"afs-node","name":"entry-0039.bin","parent":106}
{"msg":"FUSE request failed","level":"ERRO","ts":"2026-10-06T21:41:58.034401364Z","instance":"remote-a-r1","service_name":"afs-node","message":"No such file or directory (os error 2)","kind":"NotFound","code":67305473}
{"msg":"fuse.create","level":"INFO","ts":"2026-10-06T21:41:58.034414488Z","instance":"remote-a-r1","service_name":"afs-node","name":"entry-0040.bin","parent":106}
{"msg":"FUSE request failed","level":"ERRO","ts":"2026-10-06T21:41:58.036561482Z","instance":"remote-a-r1","service_name":"afs-node","message":"No such file or directory (os error 2)","kind":"NotFound","code":67305473}
{"msg":"fuse.create","level":"INFO","ts":"2026-10-06T21:41:58.036578107Z","instance":"remote-a-r1","service_name":"afs-node","name":"entry-0041.bin","parent":106}
{"msg":"FUSE request failed","level":"ERRO","ts":"2026-10-06T21:41:58.038674394Z","instance":"remote-a-r1","service_name":"afs-node","message":"No such file or directory (os error 2)","kind":"NotFound","code":67305473}
{"msg":"fuse.create","level":"INFO","ts":"2026-10-06T21:41:58.038692185Z","instance":"remote-a-r1","service_name":"afs-node","name":"entry-0042.bin","parent":106}
{"msg":"FUSE request failed","level":"ERRO","ts":"2026-10-06T21:41:58.040815597Z","instance":"remote-a-r1","service_name":"afs-node","message":"No such file or directory (os error 2)","kind":"NotFound","code":67305473}
{"msg":"fuse.create","level":"INFO","ts":"2026-10-06T21:41:58.040828555Z","instance":"remote-a-r1","service_name":"afs-node","name":"entry-0043.bin","parent":106}
{"msg":"FUSE request failed","level":"ERRO","ts":"2026-10-06T21:41:58.043038714Z","instance":"remote-a-r1","service_name":"afs-node","message":"No such file or directory (os error 2)","kind":"NotFound","code":67305473}
{"msg":"fuse.create","level":"INFO","ts":"2026-10-06T21:41:58.043055672Z","instance":"remote-a-r1","service_name":"afs-node","name":"entry-0044.bin","parent":106}
{"msg":"FUSE request failed","level":"ERRO","ts":"2026-10-06T21:41:58.045188042Z","instance":"remote-a-r1","service_name":"afs-node","message":"No such file or directory (os error 2)","kind":"NotFound","code":67305473}
{"msg":"fuse.create","level":"INFO","ts":"2026-10-06T21:41:58.0452135Z","instance":"remote-a-r1","service_name":"afs-node","name":"entry-0045.bin","parent":106}
{"msg":"FUSE request failed","level":"ERRO","ts":"2026-10-06T21:41:58.047599197Z","instance":"remote-a-r1","service_name":"afs-node","message":"No such file or directory (os error 2)","kind":"NotFound","code":67305473}
{"msg":"fuse.create","level":"INFO","ts":"2026-10-06T21:41:58.047628405Z","instance":"remote-a-r1","service_name":"afs-node","name":"entry-0046.bin","parent":106}
{"msg":"FUSE request failed","level":"ERRO","ts":"2026-10-06T21:41:58.050025227Z","instance":"remote-a-r1","service_name":"afs-node","message":"No such file or directory (os error 2)","kind":"NotFound","code":67305473}
{"msg":"fuse.create","level":"INFO","ts":"2026-10-06T21:41:58.050047393Z","instance":"remote-a-r1","service_name":"afs-node","name":"entry-0047.bin","parent":106}
{"msg":"FUSE request failed","level":"ERRO","ts":"2026-10-06T21:41:58.052108723Z","instance":"remote-a-r1","service_name":"afs-node","message":"No such file or directory (os error 2)","kind":"NotFound","code":67305473}
{"msg":"fuse.create","level":"INFO","ts":"2026-10-06T21:41:58.052123681Z","instance":"remote-a-r1","service_name":"afs-node","name":"entry-0048.bin","parent":106}
{"msg":"FUSE request failed","level":"ERRO","ts":"2026-10-06T21:41:58.054261008Z","instance":"remote-a-r1","service_name":"afs-node","message":"No such file or directory (os error 2)","kind":"NotFound","code":67305473}
{"msg":"fuse.create","level":"INFO","ts":"2026-10-06T21:41:58.05427205Z","instance":"remote-a-r1","service_name":"afs-node","name":"entry-0049.bin","parent":106}
{"msg":"FUSE request failed","level":"ERRO","ts":"2026-10-06T21:41:58.056813202Z","instance":"remote-a-r1","service_name":"afs-node","message":"No such file or directory (os error 2)","kind":"NotFound","code":67305473}
{"msg":"fuse.create","level":"INFO","ts":"2026-10-06T21:41:58.056836951Z","instance":"remote-a-r1","service_name":"afs-node","name":"entry-0050.bin","parent":106}
{"msg":"FUSE request failed","level":"ERRO","ts":"2026-10-06T21:41:58.059027111Z","instance":"remote-a-r1","service_name":"afs-node","message":"No such file or directory (os error 2)","kind":"NotFound","code":67305473}
{"msg":"fuse.create","level":"INFO","ts":"2026-10-06T21:41:58.059053027Z","instance":"remote-a-r1","service_name":"afs-node","name":"entry-0051.bin","parent":106}
{"msg":"FUSE request failed","level":"ERRO","ts":"2026-10-06T21:41:58.061247812Z","instance":"remote-a-r1","service_name":"afs-node","message":"No such file or directory (os error 2)","kind":"NotFound","code":67305473}
{"msg":"fuse.create","level":"INFO","ts":"2026-10-06T21:41:58.061273937Z","instance":"remote-a-r1","service_name":"afs-node","name":"entry-0052.bin","parent":106}
{"msg":"FUSE request failed","level":"ERRO","ts":"2026-10-06T21:41:58.06332235Z","instance":"remote-a-r1","service_name":"afs-node","message":"No such file or directory (os error 2)","kind":"NotFound","code":67305473}
{"msg":"fuse.create","level":"INFO","ts":"2026-10-06T21:41:58.063333475Z","instance":"remote-a-r1","service_name":"afs-node","name":"entry-0053.bin","parent":106}
{"msg":"FUSE request failed","level":"ERRO","ts":"2026-10-06T21:41:58.066196661Z","instance":"remote-a-r1","service_name":"afs-node","message":"No such file or directory (os error 2)","kind":"NotFound","code":67305473}
{"msg":"fuse.create","level":"INFO","ts":"2026-10-06T21:41:58.066220244Z","instance":"remote-a-r1","service_name":"afs-node","name":"entry-0054.bin","parent":106}
{"msg":"FUSE request failed","level":"ERRO","ts":"2026-10-06T21:41:58.068577609Z","instance":"remote-a-r1","service_name":"afs-node","message":"No such file or directory (os error 2)","kind":"NotFound","code":67305473}
{"msg":"fuse.create","level":"INFO","ts":"2026-10-06T21:41:58.068598525Z","instance":"remote-a-r1","service_name":"afs-node","name":"entry-0055.bin","parent":106}
{"msg":"FUSE request failed","level":"ERRO","ts":"2026-10-06T21:41:58.07103118Z","instance":"remote-a-r1","service_name":"afs-node","message":"No such file or directory (os error 2)","kind":"NotFound","code":67305473}
{"msg":"fuse.create","level":"INFO","ts":"2026-10-06T21:41:58.071048013Z","instance":"remote-a-r1","service_name":"afs-node","name":"entry-0056.bin","parent":106}
{"msg":"FUSE request failed","level":"ERRO","ts":"2026-10-06T21:41:58.073552707Z","instance":"remote-a-r1","service_name":"afs-node","message":"No such file or directory (os error 2)","kind":"NotFound","code":67305473}
{"msg":"fuse.create","level":"INFO","ts":"2026-10-06T21:41:58.07357379Z","instance":"remote-a-r1","service_name":"afs-node","name":"entry-0057.bin","parent":106}
{"msg":"FUSE request failed","level":"ERRO","ts":"2026-10-06T21:41:58.075788366Z","instance":"remote-a-r1","service_name":"afs-node","message":"No such file or directory (os error 2)","kind":"NotFound","code":67305473}
{"msg":"fuse.create","level":"INFO","ts":"2026-10-06T21:41:58.075802283Z","instance":"remote-a-r1","service_name":"afs-node","name":"entry-0058.bin","parent":106}
{"msg":"FUSE request failed","level":"ERRO","ts":"2026-10-06T21:41:58.078175522Z","instance":"remote-a-r1","service_name":"afs-node","message":"No such file or directory (os error 2)","kind":"NotFound","code":67305473}
{"msg":"fuse.create","level":"INFO","ts":"2026-10-06T21:41:58.078185063Z","instance":"remote-a-r1","service_name":"afs-node","name":"entry-0059.bin","parent":106}
{"msg":"FUSE request failed","level":"ERRO","ts":"2026-10-06T21:41:58.080263059Z","instance":"remote-a-r1","service_name":"afs-node","message":"No such file or directory (os error 2)","kind":"NotFound","code":67305473}
{"msg":"fuse.create","level":"INFO","ts":"2026-10-06T21:41:58.080277267Z","instance":"remote-a-r1","service_name":"afs-node","name":"entry-0060.bin","parent":106}
{"msg":"FUSE request failed","level":"ERRO","ts":"2026-10-06T21:41:58.082465052Z","instance":"remote-a-r1","service_name":"afs-node","message":"No such file or directory (os error 2)","kind":"NotFound","code":67305473}
{"msg":"fuse.create","level":"INFO","ts":"2026-10-06T21:41:58.082491552Z","instance":"remote-a-r1","service_name":"afs-node","name":"entry-0061.bin","parent":106}
{"msg":"FUSE request failed","level":"ERRO","ts":"2026-10-06T21:41:58.084597588Z","instance":"remote-a-r1","service_name":"afs-node","message":"No such file or directory (os error 2)","kind":"NotFound","code":67305473}
{"msg":"fuse.create","level":"INFO","ts":"2026-10-06T21:41:58.084612755Z","instance":"remote-a-r1","service_name":"afs-node","name":"entry-0062.bin","parent":106}
{"msg":"FUSE request failed","level":"ERRO","ts":"2026-10-06T21:41:58.086693209Z","instance":"remote-a-r1","service_name":"afs-node","message":"No such file or directory (os error 2)","kind":"NotFound","code":67305473}
{"msg":"fuse.create","level":"INFO","ts":"2026-10-06T21:41:58.086714625Z","instance":"remote-a-r1","service_name":"afs-node","name":"entry-0063.bin","parent":106}
{"msg":"FUSE request failed","level":"ERRO","ts":"2026-10-06T21:41:58.088732455Z","instance":"remote-a-r1","service_name":"afs-node","message":"No such file or directory (os error 2)","kind":"NotFound","code":67305473}
{"msg":"fuse.create","level":"INFO","ts":"2026-10-06T21:41:58.088749247Z","instance":"remote-a-r1","service_name":"afs-node","name":"entry-0064.bin","parent":106}
{"msg":"FUSE request failed","level":"ERRO","ts":"2026-10-06T21:41:58.090886283Z","instance":"remote-a-r1","service_name":"afs-node","message":"No such file or directory (os error 2)","kind":"NotFound","code":67305473}
{"msg":"fuse.create","level":"INFO","ts":"2026-10-06T21:41:58.090906074Z","instance":"remote-a-r1","service_name":"afs-node","name":"entry-0065.bin","parent":106}
{"msg":"FUSE request failed","level":"ERRO","ts":"2026-10-06T21:41:58.09305486Z","instance":"remote-a-r1","service_name":"afs-node","message":"No such file or directory (os error 2)","kind":"NotFound","code":67305473}
{"msg":"fuse.create","level":"INFO","ts":"2026-10-06T21:41:58.093057152Z","instance":"remote-a-r1","service_name":"afs-node","name":"entry-0066.bin","parent":106}
{"msg":"FUSE request failed","level":"ERRO","ts":"2026-10-06T21:41:58.095124898Z","instance":"remote-a-r1","service_name":"afs-node","message":"No such file or directory (os error 2)","kind":"NotFound","code":67305473}
{"msg":"fuse.create","level":"INFO","ts":"2026-10-06T21:41:58.09515223Z","instance":"remote-a-r1","service_name":"afs-node","name":"entry-0067.bin","parent":106}
{"msg":"FUSE request failed","level":"ERRO","ts":"2026-10-06T21:41:58.097190727Z","instance":"remote-a-r1","service_name":"afs-node","message":"No such file or directory (os error 2)","kind":"NotFound","code":67305473}
{"msg":"fuse.create","level":"INFO","ts":"2026-10-06T21:41:58.09721181Z","instance":"remote-a-r1","service_name":"afs-node","name":"entry-0068.bin","parent":106}
{"msg":"FUSE request failed","level":"ERRO","ts":"2026-10-06T21:41:58.099424303Z","instance":"remote-a-r1","service_name":"afs-node","message":"No such file or directory (os error 2)","kind":"NotFound","code":67305473}
{"msg":"fuse.create","level":"INFO","ts":"2026-10-06T21:41:58.099445219Z","instance":"remote-a-r1","service_name":"afs-node","name":"entry-0069.bin","parent":106}
{"msg":"FUSE request failed","level":"ERRO","ts":"2026-10-06T21:41:58.101531923Z","instance":"remote-a-r1","service_name":"afs-node","message":"No such file or directory (os error 2)","kind":"NotFound","code":67305473}
{"msg":"fuse.create","level":"INFO","ts":"2026-10-06T21:41:58.101543173Z","instance":"remote-a-r1","service_name":"afs-node","name":"entry-0070.bin","parent":106}
{"msg":"FUSE request failed","level":"ERRO","ts":"2026-10-06T21:41:58.103644626Z","instance":"remote-a-r1","service_name":"afs-node","message":"No such file or directory (os error 2)","kind":"NotFound","code":67305473}
{"msg":"fuse.create","level":"INFO","ts":"2026-10-06T21:41:58.103662126Z","instance":"remote-a-r1","service_name":"afs-node","name":"entry-0071.bin","parent":106}
{"msg":"FUSE request failed","level":"ERRO","ts":"2026-10-06T21:41:58.106092947Z","instance":"remote-a-r1","service_name":"afs-node","message":"No such file or directory (os error 2)","kind":"NotFound","code":67305473}
{"msg":"fuse.create","level":"INFO","ts":"2026-10-06T21:41:58.106110322Z","instance":"remote-a-r1","service_name":"afs-node","name":"entry-0072.bin","parent":106}
{"msg":"FUSE request failed","level":"ERRO","ts":"2026-10-06T21:41:58.108176401Z","instance":"remote-a-r1","service_name":"afs-node","message":"No such file or directory (os error 2)","kind":"NotFound","code":67305473}
{"msg":"fuse.create","level":"INFO","ts":"2026-10-06T21:41:58.108199734Z","instance":"remote-a-r1","service_name":"afs-node","name":"entry-0073.bin","parent":106}
{"msg":"FUSE request failed","level":"ERRO","ts":"2026-10-06T21:41:58.110358395Z","instance":"remote-a-r1","service_name":"afs-node","message":"No such file or directory (os error 2)","kind":"NotFound","code":67305473}
{"msg":"fuse.create","level":"INFO","ts":"2026-10-06T21:41:58.110375603Z","instance":"remote-a-r1","service_name":"afs-node","name":"entry-0074.bin","parent":106}
{"msg":"FUSE request failed","level":"ERRO","ts":"2026-10-06T21:41:58.112464015Z","instance":"remote-a-r1","service_name":"afs-node","message":"No such file or directory (os error 2)","kind":"NotFound","code":67305473}
{"msg":"fuse.create","level":"INFO","ts":"2026-10-06T21:41:58.112466598Z","instance":"remote-a-r1","service_name":"afs-node","name":"entry-0075.bin","parent":106}
{"msg":"FUSE request failed","level":"ERRO","ts":"2026-10-06T21:41:58.115049291Z","instance":"remote-a-r1","service_name":"afs-node","message":"No such file or directory (os error 2)","kind":"NotFound","code":67305473}
{"msg":"fuse.create","level":"INFO","ts":"2026-10-06T21:41:58.115076624Z","instance":"remote-a-r1","service_name":"afs-node","name":"entry-0076.bin","parent":106}
{"msg":"FUSE request failed","level":"ERRO","ts":"2026-10-06T21:41:58.117222076Z","instance":"remote-a-r1","service_name":"afs-node","message":"No such file or directory (os error 2)","kind":"NotFound","code":67305473}
{"msg":"fuse.create","level":"INFO","ts":"2026-10-06T21:41:58.11722716Z","instance":"remote-a-r1","service_name":"afs-node","name":"entry-0077.bin","parent":106}
{"msg":"FUSE request failed","level":"ERRO","ts":"2026-10-06T21:41:58.119415945Z","instance":"remote-a-r1","service_name":"afs-node","message":"No such file or directory (os error 2)","kind":"NotFound","code":67305473}
{"msg":"fuse.create","level":"INFO","ts":"2026-10-06T21:41:58.119441944Z","instance":"remote-a-r1","service_name":"afs-node","name":"entry-0078.bin","parent":106}
{"msg":"FUSE request failed","level":"ERRO","ts":"2026-10-06T21:41:58.121630312Z","instance":"remote-a-r1","service_name":"afs-node","message":"No such file or directory (os error 2)","kind":"NotFound","code":67305473}
{"msg":"fuse.create","level":"INFO","ts":"2026-10-06T21:41:58.121680353Z","instance":"remote-a-r1","service_name":"afs-node","name":"entry-0079.bin","parent":106}
{"msg":"FUSE request failed","level":"ERRO","ts":"2026-10-06T21:41:58.124324836Z","instance":"remote-a-r1","service_name":"afs-node","message":"No such file or directory (os error 2)","kind":"NotFound","code":67305473}
{"msg":"fuse.create","level":"INFO","ts":"2026-10-06T21:41:58.124341628Z","instance":"remote-a-r1","service_name":"afs-node","name":"entry-0080.bin","parent":106}
{"msg":"FUSE request failed","level":"ERRO","ts":"2026-10-06T21:41:58.126532162Z","instance":"remote-a-r1","service_name":"afs-node","message":"No such file or directory (os error 2)","kind":"NotFound","code":67305473}
{"msg":"fuse.create","level":"INFO","ts":"2026-10-06T21:41:58.126536371Z","instance":"remote-a-r1","service_name":"afs-node","name":"entry-0081.bin","parent":106}
{"msg":"FUSE request failed","level":"ERRO","ts":"2026-10-06T21:41:58.128660865Z","instance":"remote-a-r1","service_name":"afs-node","message":"No such file or directory (os error 2)","kind":"NotFound","code":67305473}
{"msg":"fuse.create","level":"INFO","ts":"2026-10-06T21:41:58.128663782Z","instance":"remote-a-r1","service_name":"afs-node","name":"entry-0082.bin","parent":106}
{"msg":"FUSE request failed","level":"ERRO","ts":"2026-10-06T21:41:58.131000647Z","instance":"remote-a-r1","service_name":"afs-node","message":"No such file or directory (os error 2)","kind":"NotFound","code":67305473}
{"msg":"fuse.create","level":"INFO","ts":"2026-10-06T21:41:58.131017855Z","instance":"remote-a-r1","service_name":"afs-node","name":"entry-0083.bin","parent":106}
{"msg":"FUSE request failed","level":"ERRO","ts":"2026-10-06T21:41:58.133419677Z","instance":"remote-a-r1","service_name":"afs-node","message":"No such file or directory (os error 2)","kind":"NotFound","code":67305473}
{"msg":"fuse.create","level":"INFO","ts":"2026-10-06T21:41:58.133423177Z","instance":"remote-a-r1","service_name":"afs-node","name":"entry-0084.bin","parent":106}
{"msg":"FUSE request failed","level":"ERRO","ts":"2026-10-06T21:41:58.135728501Z","instance":"remote-a-r1","service_name":"afs-node","message":"No such file or directory (os error 2)","kind":"NotFound","code":67305473}
{"msg":"fuse.create","level":"INFO","ts":"2026-10-06T21:41:58.135737209Z","instance":"remote-a-r1","service_name":"afs-node","name":"entry-0085.bin","parent":106}
{"msg":"FUSE request failed","level":"ERRO","ts":"2026-10-06T21:41:58.137888162Z","instance":"remote-a-r1","service_name":"afs-node","message":"No such file or directory (os error 2)","kind":"NotFound","code":67305473}
{"msg":"fuse.create","level":"INFO","ts":"2026-10-06T21:41:58.137910036Z","instance":"remote-a-r1","service_name":"afs-node","name":"entry-0086.bin","parent":106}
{"msg":"FUSE request failed","level":"ERRO","ts":"2026-10-06T21:41:58.140087113Z","instance":"remote-a-r1","service_name":"afs-node","message":"No such file or directory (os error 2)","kind":"NotFound","code":67305473}
{"msg":"fuse.create","level":"INFO","ts":"2026-10-06T21:41:58.140109404Z","instance":"remote-a-r1","service_name":"afs-node","name":"entry-0087.bin","parent":106}
{"msg":"FUSE request failed","level":"ERRO","ts":"2026-10-06T21:41:58.142553184Z","instance":"remote-a-r1","service_name":"afs-node","message":"No such file or directory (os error 2)","kind":"NotFound","code":67305473}
{"msg":"fuse.create","level":"INFO","ts":"2026-10-06T21:41:58.142566475Z","instance":"remote-a-r1","service_name":"afs-node","name":"entry-0088.bin","parent":106}
{"msg":"FUSE request failed","level":"ERRO","ts":"2026-10-06T21:41:58.144674637Z","instance":"remote-a-r1","service_name":"afs-node","message":"No such file or directory (os error 2)","kind":"NotFound","code":67305473}
{"msg":"fuse.create","level":"INFO","ts":"2026-10-06T21:41:58.144692595Z","instance":"remote-a-r1","service_name":"afs-node","name":"entry-0089.bin","parent":106}
{"msg":"FUSE request failed","level":"ERRO","ts":"2026-10-06T21:41:58.146923712Z","instance":"remote-a-r1","service_name":"afs-node","message":"No such file or directory (os error 2)","kind":"NotFound","code":67305473}
{"msg":"fuse.create","level":"INFO","ts":"2026-10-06T21:41:58.146947628Z","instance":"remote-a-r1","service_name":"afs-node","name":"entry-0090.bin","parent":106}
{"msg":"FUSE request failed","level":"ERRO","ts":"2026-10-06T21:41:58.149502197Z","instance":"remote-a-r1","service_name":"afs-node","message":"No such file or directory (os error 2)","kind":"NotFound","code":67305473}
{"msg":"fuse.create","level":"INFO","ts":"2026-10-06T21:41:58.14951428Z","instance":"remote-a-r1","service_name":"afs-node","name":"entry-0091.bin","parent":106}
{"msg":"FUSE request failed","level":"ERRO","ts":"2026-10-06T21:41:58.151802313Z","instance":"remote-a-r1","service_name":"afs-node","message":"No such file or directory (os error 2)","kind":"NotFound","code":67305473}
{"msg":"fuse.create","level":"INFO","ts":"2026-10-06T21:41:58.151825437Z","instance":"remote-a-r1","service_name":"afs-node","name":"entry-0092.bin","parent":106}
{"msg":"FUSE request failed","level":"ERRO","ts":"2026-10-06T21:41:58.153930891Z","instance":"remote-a-r1","service_name":"afs-node","message":"No such file or directory (os error 2)","kind":"NotFound","code":67305473}
{"msg":"fuse.create","level":"INFO","ts":"2026-10-06T21:41:58.153942891Z","instance":"remote-a-r1","service_name":"afs-node","name":"entry-0093.bin","parent":106}
{"msg":"FUSE request failed","level":"ERRO","ts":"2026-10-06T21:41:58.156062802Z","instance":"remote-a-r1","service_name":"afs-node","message":"No such file or directory (os error 2)","kind":"NotFound","code":67305473}
{"msg":"fuse.create","level":"INFO","ts":"2026-10-06T21:41:58.156083677Z","instance":"remote-a-r1","service_name":"afs-node","name":"entry-0094.bin","parent":106}
{"msg":"FUSE request failed","level":"ERRO","ts":"2026-10-06T21:41:58.158933239Z","instance":"remote-a-r1","service_name":"afs-node","message":"No such file or directory (os error 2)","kind":"NotFound","code":67305473}
{"msg":"fuse.create","level":"INFO","ts":"2026-10-06T21:41:58.15895328Z","instance":"remote-a-r1","service_name":"afs-node","name":"entry-0095.bin","parent":106}
{"msg":"FUSE request failed","level":"ERRO","ts":"2026-10-06T21:41:58.161411101Z","instance":"remote-a-r1","service_name":"afs-node","message":"No such file or directory (os error 2)","kind":"NotFound","code":67305473}
{"msg":"fuse.create","level":"INFO","ts":"2026-10-06T21:41:58.161413559Z","instance":"remote-a-r1","service_name":"afs-node","name":"entry-0096.bin","parent":106}
{"msg":"FUSE request failed","level":"ERRO","ts":"2026-10-06T21:41:58.163575303Z","instance":"remote-a-r1","service_name":"afs-node","message":"No such file or directory (os error 2)","kind":"NotFound","code":67305473}
{"msg":"fuse.create","level":"INFO","ts":"2026-10-06T21:41:58.163592802Z","instance":"remote-a-r1","service_name":"afs-node","name":"entry-0097.bin","parent":106}
{"msg":"FUSE request failed","level":"ERRO","ts":"2026-10-06T21:41:58.165711631Z","instance":"remote-a-r1","service_name":"afs-node","message":"No such file or directory (os error 2)","kind":"NotFound","code":67305473}
{"msg":"fuse.create","level":"INFO","ts":"2026-10-06T21:41:58.165714089Z","instance":"remote-a-r1","service_name":"afs-node","name":"entry-0098.bin","parent":106}
{"msg":"FUSE request failed","level":"ERRO","ts":"2026-10-06T21:41:58.167842584Z","instance":"remote-a-r1","service_name":"afs-node","message":"No such file or directory (os error 2)","kind":"NotFound","code":67305473}
{"msg":"fuse.create","level":"INFO","ts":"2026-10-06T21:41:58.167858125Z","instance":"remote-a-r1","service_name":"afs-node","name":"entry-0099.bin","parent":106}
{"msg":"[Not Implemented] ioctl(ino: 0x6b, fh: 326, flags: 0, cmd: 21505, in_data.len(): 0, out_size: 0)","level":"WARN","ts":"2026-10-06T21:41:58.171147761Z","instance":"remote-a-r1","service_name":"afs-node"}
{"msg":"[Not Implemented] ioctl(ino: 0x6c, fh: 327, flags: 0, cmd: 21505, in_data.len(): 0, out_size: 0)","level":"WARN","ts":"2026-10-06T21:41:58.17283964Z","instance":"remote-a-r1","service_name":"afs-node"}
{"msg":"[Not Implemented] ioctl(ino: 0x6d, fh: 328, flags: 0, cmd: 21505, in_data.len(): 0, out_size: 0)","level":"WARN","ts":"2026-10-06T21:41:58.174509811Z","instance":"remote-a-r1","service_name":"afs-node"}
{"msg":"[Not Implemented] ioctl(ino: 0x6e, fh: 329, flags: 0, cmd: 21505, in_data.len(): 0, out_size: 0)","level":"WARN","ts":"2026-10-06T21:41:58.176330521Z","instance":"remote-a-r1","service_name":"afs-node"}
{"msg":"[Not Implemented] ioctl(ino: 0x6f, fh: 330, flags: 0, cmd: 21505, in_data.len(): 0, out_size: 0)","level":"WARN","ts":"2026-10-06T21:41:58.178237687Z","instance":"remote-a-r1","service_name":"afs-node"}
{"msg":"[Not Implemented] ioctl(ino: 0x70, fh: 331, flags: 0, cmd: 21505, in_data.len(): 0, out_size: 0)","level":"WARN","ts":"2026-10-06T21:41:58.180081188Z","instance":"remote-a-r1","service_name":"afs-node"}
{"msg":"[Not Implemented] ioctl(ino: 0x71, fh: 332, flags: 0, cmd: 21505, in_data.len(): 0, out_size: 0)","level":"WARN","ts":"2026-10-06T21:41:58.182029312Z","instance":"remote-a-r1","service_name":"afs-node"}
{"msg":"[Not Implemented] ioctl(ino: 0x72, fh: 333, flags: 0, cmd: 21505, in_data.len(): 0, out_size: 0)","level":"WARN","ts":"2026-10-06T21:41:58.184001602Z","instance":"remote-a-r1","service_name":"afs-node"}
{"msg":"[Not Implemented] ioctl(ino: 0x73, fh: 334, flags: 0, cmd: 21505, in_data.len(): 0, out_size: 0)","level":"WARN","ts":"2026-10-06T21:41:58.186088222Z","instance":"remote-a-r1","service_name":"afs-node"}
{"msg":"[Not Implemented] ioctl(ino: 0x74, fh: 335, flags: 0, cmd: 21505, in_data.len(): 0, out_size: 0)","level":"WARN","ts":"2026-10-06T21:41:58.188030055Z","instance":"remote-a-r1","service_name":"afs-node"}
{"msg":"[Not Implemented] ioctl(ino: 0x75, fh: 336, flags: 0, cmd: 21505, in_data.len(): 0, out_size: 0)","level":"WARN","ts":"2026-10-06T21:41:58.19002651Z","instance":"remote-a-r1","service_name":"afs-node"}
{"msg":"[Not Implemented] ioctl(ino: 0x76, fh: 337, flags: 0, cmd: 21505, in_data.len(): 0, out_size: 0)","level":"WARN","ts":"2026-10-06T21:41:58.191882761Z","instance":"remote-a-r1","service_name":"afs-node"}
{"msg":"[Not Implemented] ioctl(ino: 0x77, fh: 338, flags: 0, cmd: 21505, in_data.len(): 0, out_size: 0)","level":"WARN","ts":"2026-10-06T21:41:58.193832426Z","instance":"remote-a-r1","service_name":"afs-node"}
{"msg":"[Not Implemented] ioctl(ino: 0x78, fh: 339, flags: 0, cmd: 21505, in_data.len(): 0, out_size: 0)","level":"WARN","ts":"2026-10-06T21:41:58.195820799Z","instance":"remote-a-r1","service_name":"afs-node"}
{"msg":"[Not Implemented] ioctl(ino: 0x79, fh: 340, flags: 0, cmd: 21505, in_data.len(): 0, out_size: 0)","level":"WARN","ts":"2026-10-06T21:41:58.198070624Z","instance":"remote-a-r1","service_name":"afs-node"}
{"msg":"[Not Implemented] ioctl(ino: 0x7a, fh: 341, flags: 0, cmd: 21505, in_data.len(): 0, out_size: 0)","level":"WARN","ts":"2026-10-06T21:41:58.200009582Z","instance":"remote-a-r1","service_name":"afs-node"}
{"msg":"[Not Implemented] ioctl(ino: 0x7b, fh: 342, flags: 0, cmd: 21505, in_data.len(): 0, out_size: 0)","level":"WARN","ts":"2026-10-06T21:41:58.201891415Z","instance":"remote-a-r1","service_name":"afs-node"}
{"msg":"[Not Implemented] ioctl(ino: 0x7c, fh: 343, flags: 0, cmd: 21505, in_data.len(): 0, out_size: 0)","level":"WARN","ts":"2026-10-06T21:41:58.203881913Z","instance":"remote-a-r1","service_name":"afs-node"}
{"msg":"[Not Implemented] ioctl(ino: 0x7d, fh: 344, flags: 0, cmd: 21505, in_data.len(): 0, out_size: 0)","level":"WARN","ts":"2026-10-06T21:41:58.205790912Z","instance":"remote-a-r1","service_name":"afs-node"}
{"msg":"[Not Implemented] ioctl(ino: 0x7e, fh: 345, flags: 0, cmd: 21505, in_data.len(): 0, out_size: 0)","level":"WARN","ts":"2026-10-06T21:41:58.207748744Z","instance":"remote-a-r1","service_name":"afs-node"}
{"msg":"[Not Implemented] ioctl(ino: 0x7f, fh: 346, flags: 0, cmd: 21505, in_data.len(): 0, out_size: 0)","level":"WARN","ts":"2026-10-06T21:41:58.209939071Z","instance":"remote-a-r1","service_name":"afs-node"}
{"msg":"[Not Implemented] ioctl(ino: 0x80, fh: 347, flags: 0, cmd: 21505, in_data.len(): 0, out_size: 0)","level":"WARN","ts":"2026-10-06T21:41:58.212140772Z","instance":"remote-a-r1","service_name":"afs-node"}
{"msg":"[Not Implemented] ioctl(ino: 0x81, fh: 348, flags: 0, cmd: 21505, in_data.len(): 0, out_size: 0)","level":"WARN","ts":"2026-10-06T21:41:58.214138811Z","instance":"remote-a-r1","service_name":"afs-node"}
{"msg":"[Not Implemented] ioctl(ino: 0x82, fh: 349, flags: 0, cmd: 21505, in_data.len(): 0, out_size: 0)","level":"WARN","ts":"2026-10-06T21:41:58.215949355Z","instance":"remote-a-r1","service_name":"afs-node"}
{"msg":"[Not Implemented] ioctl(ino: 0x83, fh: 350, flags: 0, cmd: 21505, in_data.len(): 0, out_size: 0)","level":"WARN","ts":"2026-10-06T21:41:58.217825897Z","instance":"remote-a-r1","service_name":"afs-node"}
{"msg":"[Not Implemented] ioctl(ino: 0x84, fh: 351, flags: 0, cmd: 21505, in_data.len(): 0, out_size: 0)","level":"WARN","ts":"2026-10-06T21:41:58.219593774Z","instance":"remote-a-r1","service_name":"afs-node"}
{"msg":"[Not Implemented] ioctl(ino: 0x85, fh: 352, flags: 0, cmd: 21505, in_data.len(): 0, out_size: 0)","level":"WARN","ts":"2026-10-06T21:41:58.221230446Z","instance":"remote-a-r1","service_name":"afs-node"}
{"msg":"[Not Implemented] ioctl(ino: 0x86, fh: 353, flags: 0, cmd: 21505, in_data.len(): 0, out_size: 0)","level":"WARN","ts":"2026-10-06T21:41:58.222871202Z","instance":"remote-a-r1","service_name":"afs-node"}
{"msg":"[Not Implemented] ioctl(ino: 0x87, fh: 354, flags: 0, cmd: 21505, in_data.len(): 0, out_size: 0)","level":"WARN","ts":"2026-10-06T21:41:58.224537165Z","instance":"remote-a-r1","service_name":"afs-node"}
{"msg":"[Not Implemented] ioctl(ino: 0x88, fh: 355, flags: 0, cmd: 21505, in_data.len(): 0, out_size: 0)","level":"WARN","ts":"2026-10-06T21:41:58.226233169Z","instance":"remote-a-r1","service_name":"afs-node"}
{"msg":"[Not Implemented] ioctl(ino: 0x89, fh: 356, flags: 0, cmd: 21505, in_data.len(): 0, out_size: 0)","level":"WARN","ts":"2026-10-06T21:41:58.2278813Z","instance":"remote-a-r1","service_name":"afs-node"}
{"msg":"[Not Implemented] ioctl(ino: 0x8a, fh: 357, flags: 0, cmd: 21505, in_data.len(): 0, out_size: 0)","level":"WARN","ts":"2026-10-06T21:41:58.229511722Z","instance":"remote-a-r1","service_name":"afs-node"}
{"msg":"[Not Implemented] ioctl(ino: 0x8b, fh: 358, flags: 0, cmd: 21505, in_data.len(): 0, out_size: 0)","level":"WARN","ts":"2026-10-06T21:41:58.231111895Z","instance":"remote-a-r1","service_name":"afs-node"}
{"msg":"[Not Implemented] ioctl(ino: 0x8c, fh: 359, flags: 0, cmd: 21505, in_data.len(): 0, out_size: 0)","level":"WARN","ts":"2026-10-06T21:41:58.232695943Z","instance":"remote-a-r1","service_name":"afs-node"}
{"msg":"[Not Implemented] ioctl(ino: 0x8d, fh: 360, flags: 0, cmd: 21505, in_data.len(): 0, out_size: 0)","level":"WARN","ts":"2026-10-06T21:41:58.234380239Z","instance":"remote-a-r1","service_name":"afs-node"}
{"msg":"[Not Implemented] ioctl(ino: 0x8e, fh: 361, flags: 0, cmd: 21505, in_data.len(): 0, out_size: 0)","level":"WARN","ts":"2026-10-06T21:41:58.236032995Z","instance":"remote-a-r1","service_name":"afs-node"}
{"msg":"[Not Implemented] ioctl(ino: 0x8f, fh: 362, flags: 0, cmd: 21505, in_data.len(): 0, out_size: 0)","level":"WARN","ts":"2026-10-06T21:41:58.238038034Z","instance":"remote-a-r1","service_name":"afs-node"}
{"msg":"[Not Implemented] ioctl(ino: 0x90, fh: 363, flags: 0, cmd: 21505, in_data.len(): 0, out_size: 0)","level":"WARN","ts":"2026-10-06T21:41:58.240019823Z","instance":"remote-a-r1","service_name":"afs-node"}
{"msg":"[Not Implemented] ioctl(ino: 0x91, fh: 364, flags: 0, cmd: 21505, in_data.len(): 0, out_size: 0)","level":"WARN","ts":"2026-10-06T21:41:58.241979238Z","instance":"remote-a-r1","service_name":"afs-node"}
{"msg":"[Not Implemented] ioctl(ino: 0x92, fh: 365, flags: 0, cmd: 21505, in_data.len(): 0, out_size: 0)","level":"WARN","ts":"2026-10-06T21:41:58.243988652Z","instance":"remote-a-r1","service_name":"afs-node"}
{"msg":"[Not Implemented] ioctl(ino: 0x93, fh: 366, flags: 0, cmd: 21505, in_data.len(): 0, out_size: 0)","level":"WARN","ts":"2026-10-06T21:41:58.24599815Z","instance":"remote-a-r1","service_name":"afs-node"}
{"msg":"[Not Implemented] ioctl(ino: 0x94, fh: 367, flags: 0, cmd: 21505, in_data.len(): 0, out_size: 0)","level":"WARN","ts":"2026-10-06T21:41:58.247893108Z","instance":"remote-a-r1","service_name":"afs-node"}
{"msg":"[Not Implemented] ioctl(ino: 0x95, fh: 368, flags: 0, cmd: 21505, in_data.len(): 0, out_size: 0)","level":"WARN","ts":"2026-10-06T21:41:58.249789774Z","instance":"remote-a-r1","service_name":"afs-node"}
{"msg":"[Not Implemented] ioctl(ino: 0x96, fh: 369, flags: 0, cmd: 21505, in_data.len(): 0, out_size: 0)","level":"WARN","ts":"2026-10-06T21:41:58.251727731Z","instance":"remote-a-r1","service_name":"afs-node"}
{"msg":"[Not Implemented] ioctl(ino: 0x97, fh: 370, flags: 0, cmd: 21505, in_data.len(): 0, out_size: 0)","level":"WARN","ts":"2026-10-06T21:41:58.25369198Z","instance":"remote-a-r1","service_name":"afs-node"}
{"msg":"[Not Implemented] ioctl(ino: 0x98, fh: 371, flags: 0, cmd: 21505, in_data.len(): 0, out_size: 0)","level":"WARN","ts":"2026-10-06T21:41:58.255595646Z","instance":"remote-a-r1","service_name":"afs-node"}
{"msg":"[Not Implemented] ioctl(ino: 0x99, fh: 372, flags: 0, cmd: 21505, in_data.len(): 0, out_size: 0)","level":"WARN","ts":"2026-10-06T21:41:58.257460396Z","instance":"remote-a-r1","service_name":"afs-node"}
{"msg":"[Not Implemented] ioctl(ino: 0x9a, fh: 373, flags: 0, cmd: 21505, in_data.len(): 0, out_size: 0)","level":"WARN","ts":"2026-10-06T21:41:58.259384437Z","instance":"remote-a-r1","service_name":"afs-node"}
{"msg":"[Not Implemented] ioctl(ino: 0x9b, fh: 374, flags: 0, cmd: 21505, in_data.len(): 0, out_size: 0)","level":"WARN","ts":"2026-10-06T21:41:58.261425017Z","instance":"remote-a-r1","service_name":"afs-node"}
{"msg":"[Not Implemented] ioctl(ino: 0x9c, fh: 375, flags: 0, cmd: 21505, in_data.len(): 0, out_size: 0)","level":"WARN","ts":"2026-10-06T21:41:58.263257852Z","instance":"remote-a-r1","service_name":"afs-node"}
{"msg":"[Not Implemented] ioctl(ino: 0x9d, fh: 376, flags: 0, cmd: 21505, in_data.len(): 0, out_size: 0)","level":"WARN","ts":"2026-10-06T21:41:58.265265266Z","instance":"remote-a-r1","service_name":"afs-node"}
{"msg":"[Not Implemented] ioctl(ino: 0x9e, fh: 377, flags: 0, cmd: 21505, in_data.len(): 0, out_size: 0)","level":"WARN","ts":"2026-10-06T21:41:58.267251139Z","instance":"remote-a-r1","service_name":"afs-node"}
{"msg":"[Not Implemented] ioctl(ino: 0x9f, fh: 378, flags: 0, cmd: 21505, in_data.len(): 0, out_size: 0)","level":"WARN","ts":"2026-10-06T21:41:58.269195054Z","instance":"remote-a-r1","service_name":"afs-node"}
{"msg":"[Not Implemented] ioctl(ino: 0xa0, fh: 379, flags: 0, cmd: 21505, in_data.len(): 0, out_size: 0)","level":"WARN","ts":"2026-10-06T21:41:58.27111972Z","instance":"remote-a-r1","service_name":"afs-node"}
{"msg":"[Not Implemented] ioctl(ino: 0xa1, fh: 380, flags: 0, cmd: 21505, in_data.len(): 0, out_size: 0)","level":"WARN","ts":"2026-10-06T21:41:58.27315105Z","instance":"remote-a-r1","service_name":"afs-node"}
{"msg":"[Not Implemented] ioctl(ino: 0xa2, fh: 381, flags: 0, cmd: 21505, in_data.len(): 0, out_size: 0)","level":"WARN","ts":"2026-10-06T21:41:58.275018467Z","instance":"remote-a-r1","service_name":"afs-node"}
{"msg":"[Not Implemented] ioctl(ino: 0xa3, fh: 382, flags: 0, cmd: 21505, in_data.len(): 0, out_size: 0)","level":"WARN","ts":"2026-10-06T21:41:58.276938716Z","instance":"remote-a-r1","service_name":"afs-node"}
{"msg":"[Not Implemented] ioctl(ino: 0xa4, fh: 383, flags: 0, cmd: 21505, in_data.len(): 0, out_size: 0)","level":"WARN","ts":"2026-10-06T21:41:58.278998171Z","instance":"remote-a-r1","service_name":"afs-node"}
{"msg":"[Not Implemented] ioctl(ino: 0xa5, fh: 384, flags: 0, cmd: 21505, in_data.len(): 0, out_size: 0)","level":"WARN","ts":"2026-10-06T21:41:58.280979502Z","instance":"remote-a-r1","service_name":"afs-node"}
{"msg":"[Not Implemented] ioctl(ino: 0xa6, fh: 385, flags: 0, cmd: 21505, in_data.len(): 0, out_size: 0)","level":"WARN","ts":"2026-10-06T21:41:58.28289271Z","instance":"remote-a-r1","service_name":"afs-node"}
{"msg":"[Not Implemented] ioctl(ino: 0xa7, fh: 386, flags: 0, cmd: 21505, in_data.len(): 0, out_size: 0)","level":"WARN","ts":"2026-10-06T21:41:58.284794126Z","instance":"remote-a-r1","service_name":"afs-node"}
{"msg":"[Not Implemented] ioctl(ino: 0xa8, fh: 387, flags: 0, cmd: 21505, in_data.len(): 0, out_size: 0)","level":"WARN","ts":"2026-10-06T21:41:58.286823831Z","instance":"remote-a-r1","service_name":"afs-node"}
{"msg":"[Not Implemented] ioctl(ino: 0xa9, fh: 388, flags: 0, cmd: 21505, in_data.len(): 0, out_size: 0)","level":"WARN","ts":"2026-10-06T21:41:58.288677832Z","instance":"remote-a-r1","service_name":"afs-node"}
{"msg":"[Not Implemented] ioctl(ino: 0xaa, fh: 389, flags: 0, cmd: 21505, in_data.len(): 0, out_size: 0)","level":"WARN","ts":"2026-10-06T21:41:58.290594415Z","instance":"remote-a-r1","service_name":"afs-node"}
{"msg":"[Not Implemented] ioctl(ino: 0xab, fh: 390, flags: 0, cmd: 21505, in_data.len(): 0, out_size: 0)","level":"WARN","ts":"2026-10-06T21:41:58.292525622Z","instance":"remote-a-r1","service_name":"afs-node"}
{"msg":"[Not Implemented] ioctl(ino: 0xac, fh: 391, flags: 0, cmd: 21505, in_data.len(): 0, out_size: 0)","level":"WARN","ts":"2026-10-06T21:41:58.294469663Z","instance":"remote-a-r1","service_name":"afs-node"}
{"msg":"[Not Implemented] ioctl(ino: 0xad, fh: 392, flags: 0, cmd: 21505, in_data.len(): 0, out_size: 0)","level":"WARN","ts":"2026-10-06T21:41:58.296427411Z","instance":"remote-a-r1","service_name":"afs-node"}
{"msg":"[Not Implemented] ioctl(ino: 0xae, fh: 393, flags: 0, cmd: 21505, in_data.len(): 0, out_size: 0)","level":"WARN","ts":"2026-10-06T21:41:58.298276787Z","instance":"remote-a-r1","service_name":"afs-node"}
{"msg":"[Not Implemented] ioctl(ino: 0xaf, fh: 394, flags: 0, cmd: 21505, in_data.len(): 0, out_size: 0)","level":"WARN","ts":"2026-10-06T21:41:58.300295451Z","instance":"remote-a-r1","service_name":"afs-node"}
{"msg":"[Not Implemented] ioctl(ino: 0xb0, fh: 395, flags: 0, cmd: 21505, in_data.len(): 0, out_size: 0)","level":"WARN","ts":"2026-10-06T21:41:58.302162868Z","instance":"remote-a-r1","service_name":"afs-node"}
{"msg":"[Not Implemented] ioctl(ino: 0xb1, fh: 396, flags: 0, cmd: 21505, in_data.len(): 0, out_size: 0)","level":"WARN","ts":"2026-10-06T21:41:58.304064076Z","instance":"remote-a-r1","service_name":"afs-node"}
{"msg":"[Not Implemented] ioctl(ino: 0xb2, fh: 397, flags: 0, cmd: 21505, in_data.len(): 0, out_size: 0)","level":"WARN","ts":"2026-10-06T21:41:58.306000075Z","instance":"remote-a-r1","service_name":"afs-node"}
{"msg":"[Not Implemented] ioctl(ino: 0xb3, fh: 398, flags: 0, cmd: 21505, in_data.len(): 0, out_size: 0)","level":"WARN","ts":"2026-10-06T21:41:58.307926157Z","instance":"remote-a-r1","service_name":"afs-node"}
{"msg":"[Not Implemented] ioctl(ino: 0xb4, fh: 399, flags: 0, cmd: 21505, in_data.len(): 0, out_size: 0)","level":"WARN","ts":"2026-10-06T21:41:58.309799866Z","instance":"remote-a-r1","service_name":"afs-node"}
{"msg":"[Not Implemented] ioctl(ino: 0xb5, fh: 400, flags: 0, cmd: 21505, in_data.len(): 0, out_size: 0)","level":"WARN","ts":"2026-10-06T21:41:58.311844362Z","instance":"remote-a-r1","service_name":"afs-node"}
{"msg":"[Not Implemented] ioctl(ino: 0xb6, fh: 401, flags: 0, cmd: 21505, in_data.len(): 0, out_size: 0)","level":"WARN","ts":"2026-10-06T21:41:58.313770986Z","instance":"remote-a-r1","service_name":"afs-node"}
{"msg":"[Not Implemented] ioctl(ino: 0xb7, fh: 402, flags: 0, cmd: 21505, in_data.len(): 0, out_size: 0)","level":"WARN","ts":"2026-10-06T21:41:58.315757817Z","instance":"remote-a-r1","service_name":"afs-node"}
{"msg":"[Not Implemented] ioctl(ino: 0xb8, fh: 403, flags: 0, cmd: 21505, in_data.len(): 0, out_size: 0)","level":"WARN","ts":"2026-10-06T21:41:58.317702816Z","instance":"remote-a-r1","service_name":"afs-node"}
{"msg":"[Not Implemented] ioctl(ino: 0xb9, fh: 404, flags: 0, cmd: 21505, in_data.len(): 0, out_size: 0)","level":"WARN","ts":"2026-10-06T21:41:58.319600066Z","instance":"remote-a-r1","service_name":"afs-node"}
{"msg":"[Not Implemented] ioctl(ino: 0xba, fh: 405, flags: 0, cmd: 21505, in_data.len(): 0, out_size: 0)","level":"WARN","ts":"2026-10-06T21:41:58.321497357Z","instance":"remote-a-r1","service_name":"afs-node"}
{"msg":"[Not Implemented] ioctl(ino: 0xbb, fh: 406, flags: 0, cmd: 21505, in_data.len(): 0, out_size: 0)","level":"WARN","ts":"2026-10-06T21:41:58.323444731Z","instance":"remote-a-r1","service_name":"afs-node"}
{"msg":"[Not Implemented] ioctl(ino: 0xbc, fh: 407, flags: 0, cmd: 21505, in_data.len(): 0, out_size: 0)","level":"WARN","ts":"2026-10-06T21:41:58.325476436Z","instance":"remote-a-r1","service_name":"afs-node"}
{"msg":"[Not Implemented] ioctl(ino: 0xbd, fh: 408, flags: 0, cmd: 21505, in_data.len(): 0, out_size: 0)","level":"WARN","ts":"2026-10-06T21:41:58.327401935Z","instance":"remote-a-r1","service_name":"afs-node"}
{"msg":"[Not Implemented] ioctl(ino: 0xbe, fh: 409, flags: 0, cmd: 21505, in_data.len(): 0, out_size: 0)","level":"WARN","ts":"2026-10-06T21:41:58.329378517Z","instance":"remote-a-r1","service_name":"afs-node"}
{"msg":"[Not Implemented] ioctl(ino: 0xbf, fh: 410, flags: 0, cmd: 21505, in_data.len(): 0, out_size: 0)","level":"WARN","ts":"2026-10-06T21:41:58.331378348Z","instance":"remote-a-r1","service_name":"afs-node"}
{"msg":"[Not Implemented] ioctl(ino: 0xc0, fh: 411, flags: 0, cmd: 21505, in_data.len(): 0, out_size: 0)","level":"WARN","ts":"2026-10-06T21:41:58.333482551Z","instance":"remote-a-r1","service_name":"afs-node"}
{"msg":"[Not Implemented] ioctl(ino: 0xc1, fh: 412, flags: 0, cmd: 21505, in_data.len(): 0, out_size: 0)","level":"WARN","ts":"2026-10-06T21:41:58.335337677Z","instance":"remote-a-r1","service_name":"afs-node"}
{"msg":"[Not Implemented] ioctl(ino: 0xc2, fh: 413, flags: 0, cmd: 21505, in_data.len(): 0, out_size: 0)","level":"WARN","ts":"2026-10-06T21:41:58.337307217Z","instance":"remote-a-r1","service_name":"afs-node"}
{"msg":"[Not Implemented] ioctl(ino: 0xc3, fh: 414, flags: 0, cmd: 21505, in_data.len(): 0, out_size: 0)","level":"WARN","ts":"2026-10-06T21:41:58.339134385Z","instance":"remote-a-r1","service_name":"afs-node"}
{"msg":"[Not Implemented] ioctl(ino: 0xc4, fh: 415, flags: 0, cmd: 21505, in_data.len(): 0, out_size: 0)","level":"WARN","ts":"2026-10-06T21:41:58.34099451Z","instance":"remote-a-r1","service_name":"afs-node"}
{"msg":"[Not Implemented] ioctl(ino: 0xc5, fh: 416, flags: 0, cmd: 21505, in_data.len(): 0, out_size: 0)","level":"WARN","ts":"2026-10-06T21:41:58.342919218Z","instance":"remote-a-r1","service_name":"afs-node"}
{"msg":"[Not Implemented] ioctl(ino: 0xc6, fh: 417, flags: 0, cmd: 21505, in_data.len(): 0, out_size: 0)","level":"WARN","ts":"2026-10-06T21:41:58.344859717Z","instance":"remote-a-r1","service_name":"afs-node"}
{"msg":"[Not Implemented] ioctl(ino: 0xc7, fh: 418, flags: 0, cmd: 21505, in_data.len(): 0, out_size: 0)","level":"WARN","ts":"2026-10-06T21:41:58.34679534Z","instance":"remote-a-r1","service_name":"afs-node"}
{"msg":"[Not Implemented] ioctl(ino: 0xc8, fh: 419, flags: 0, cmd: 21505, in_data.len(): 0, out_size: 0)","level":"WARN","ts":"2026-10-06T21:41:58.348784005Z","instance":"remote-a-r1","service_name":"afs-node"}
{"msg":"[Not Implemented] ioctl(ino: 0xc9, fh: 420, flags: 0, cmd: 21505, in_data.len(): 0, out_size: 0)","level":"WARN","ts":"2026-10-06T21:41:58.350715962Z","instance":"remote-a-r1","service_name":"afs-node"}
{"msg":"[Not Implemented] ioctl(ino: 0xca, fh: 421, flags: 0, cmd: 21505, in_data.len(): 0, out_size: 0)","level":"WARN","ts":"2026-10-06T21:41:58.352625212Z","instance":"remote-a-r1","service_name":"afs-node"}
{"msg":"[Not Implemented] ioctl(ino: 0xcb, fh: 422, flags: 0, cmd: 21505, in_data.len(): 0, out_size: 0)","level":"WARN","ts":"2026-10-06T21:41:58.354673708Z","instance":"remote-a-r1","service_name":"afs-node"}
{"msg":"[Not Implemented] ioctl(ino: 0xcc, fh: 423, flags: 0, cmd: 21505, in_data.len(): 0, out_size: 0)","level":"WARN","ts":"2026-10-06T21:41:58.356482168Z","instance":"remote-a-r1","service_name":"afs-node"}
{"msg":"[Not Implemented] ioctl(ino: 0xcd, fh: 424, flags: 0, cmd: 21505, in_data.len(): 0, out_size: 0)","level":"WARN","ts":"2026-10-06T21:41:58.358400834Z","instance":"remote-a-r1","service_name":"afs-node"}
{"msg":"[Not Implemented] ioctl(ino: 0xce, fh: 425, flags: 0, cmd: 21505, in_data.len(): 0, out_size: 0)","level":"WARN","ts":"2026-10-06T21:41:58.360242169Z","instance":"remote-a-r1","service_name":"afs-node"}
{"msg":"FUSE request failed","level":"ERRO","ts":"2026-10-06T21:41:58.463407641Z","instance":"remote-a-r1","service_name":"afs-node","message":"No such file or directory (os error 2)","kind":"NotFound","code":67305473}
{"msg":"FUSE request failed","level":"ERRO","ts":"2026-10-06T21:41:58.46608829Z","instance":"remote-a-r1","service_name":"afs-node","message":"No such file or directory (os error 2)","kind":"NotFound","code":67305473}
{"msg":"fuse.create","level":"INFO","ts":"2026-10-06T21:41:58.466118331Z","instance":"remote-a-r1","service_name":"afs-node","name":"entry-0000.bin","parent":207}
{"msg":"FUSE request failed","level":"ERRO","ts":"2026-10-06T21:41:58.468664441Z","instance":"remote-a-r1","service_name":"afs-node","message":"No such file or directory (os error 2)","kind":"NotFound","code":67305473}
{"msg":"fuse.create","level":"INFO","ts":"2026-10-06T21:41:58.468691691Z","instance":"remote-a-r1","service_name":"afs-node","name":"entry-0001.bin","parent":207}
{"msg":"FUSE request failed","level":"ERRO","ts":"2026-10-06T21:41:58.471172969Z","instance":"remote-a-r1","service_name":"afs-node","message":"No such file or directory (os error 2)","kind":"NotFound","code":67305473}
{"msg":"fuse.create","level":"INFO","ts":"2026-10-06T21:41:58.471189927Z","instance":"remote-a-r1","service_name":"afs-node","name":"entry-0002.bin","parent":207}
{"msg":"FUSE request failed","level":"ERRO","ts":"2026-10-06T21:41:58.473618082Z","instance":"remote-a-r1","service_name":"afs-node","message":"No such file or directory (os error 2)","kind":"NotFound","code":67305473}
{"msg":"fuse.create","level":"INFO","ts":"2026-10-06T21:41:58.473640331Z","instance":"remote-a-r1","service_name":"afs-node","name":"entry-0003.bin","parent":207}
{"msg":"FUSE request failed","level":"ERRO","ts":"2026-10-06T21:41:58.476203066Z","instance":"remote-a-r1","service_name":"afs-node","message":"No such file or directory (os error 2)","kind":"NotFound","code":67305473}
{"msg":"fuse.create","level":"INFO","ts":"2026-10-06T21:41:58.476230107Z","instance":"remote-a-r1","service_name":"afs-node","name":"entry-0004.bin","parent":207}
{"msg":"FUSE request failed","level":"ERRO","ts":"2026-10-06T21:41:58.478758593Z","instance":"remote-a-r1","service_name":"afs-node","message":"No such file or directory (os error 2)","kind":"NotFound","code":67305473}
{"msg":"fuse.create","level":"INFO","ts":"2026-10-06T21:41:58.478787759Z","instance":"remote-a-r1","service_name":"afs-node","name":"entry-0005.bin","parent":207}
{"msg":"FUSE request failed","level":"ERRO","ts":"2026-10-06T21:41:58.48129737Z","instance":"remote-a-r1","service_name":"afs-node","message":"No such file or directory (os error 2)","kind":"NotFound","code":67305473}
{"msg":"fuse.create","level":"INFO","ts":"2026-10-06T21:41:58.481325787Z","instance":"remote-a-r1","service_name":"afs-node","name":"entry-0006.bin","parent":207}
{"msg":"FUSE request failed","level":"ERRO","ts":"2026-10-06T21:41:58.483914729Z","instance":"remote-a-r1","service_name":"afs-node","message":"No such file or directory (os error 2)","kind":"NotFound","code":67305473}
{"msg":"fuse.create","level":"INFO","ts":"2026-10-06T21:41:58.483921021Z","instance":"remote-a-r1","service_name":"afs-node","name":"entry-0007.bin","parent":207}
{"msg":"FUSE request failed","level":"ERRO","ts":"2026-10-06T21:41:58.486477923Z","instance":"remote-a-r1","service_name":"afs-node","message":"No such file or directory (os error 2)","kind":"NotFound","code":67305473}
{"msg":"fuse.create","level":"INFO","ts":"2026-10-06T21:41:58.486506755Z","instance":"remote-a-r1","service_name":"afs-node","name":"entry-0008.bin","parent":207}
{"msg":"FUSE request failed","level":"ERRO","ts":"2026-10-06T21:41:58.48909974Z","instance":"remote-a-r1","service_name":"afs-node","message":"No such file or directory (os error 2)","kind":"NotFound","code":67305473}
{"msg":"fuse.create","level":"INFO","ts":"2026-10-06T21:41:58.489124406Z","instance":"remote-a-r1","service_name":"afs-node","name":"entry-0009.bin","parent":207}
{"msg":"FUSE request failed","level":"ERRO","ts":"2026-10-06T21:41:58.491497312Z","instance":"remote-a-r1","service_name":"afs-node","message":"No such file or directory (os error 2)","kind":"NotFound","code":67305473}
{"msg":"fuse.create","level":"INFO","ts":"2026-10-06T21:41:58.491513978Z","instance":"remote-a-r1","service_name":"afs-node","name":"entry-0010.bin","parent":207}
{"msg":"FUSE request failed","level":"ERRO","ts":"2026-10-06T21:41:58.494170128Z","instance":"remote-a-r1","service_name":"afs-node","message":"No such file or directory (os error 2)","kind":"NotFound","code":67305473}
{"msg":"fuse.create","level":"INFO","ts":"2026-10-06T21:41:58.494204377Z","instance":"remote-a-r1","service_name":"afs-node","name":"entry-0011.bin","parent":207}
{"msg":"FUSE request failed","level":"ERRO","ts":"2026-10-06T21:41:58.496746571Z","instance":"remote-a-r1","service_name":"afs-node","message":"No such file or directory (os error 2)","kind":"NotFound","code":67305473}
{"msg":"fuse.create","level":"INFO","ts":"2026-10-06T21:41:58.496770862Z","instance":"remote-a-r1","service_name":"afs-node","name":"entry-0012.bin","parent":207}
{"msg":"FUSE request failed","level":"ERRO","ts":"2026-10-06T21:41:58.49883915Z","instance":"remote-a-r1","service_name":"afs-node","message":"No such file or directory (os error 2)","kind":"NotFound","code":67305473}
{"msg":"fuse.create","level":"INFO","ts":"2026-10-06T21:41:58.498865358Z","instance":"remote-a-r1","service_name":"afs-node","name":"entry-0013.bin","parent":207}
{"msg":"FUSE request failed","level":"ERRO","ts":"2026-10-06T21:41:58.500971353Z","instance":"remote-a-r1","service_name":"afs-node","message":"No such file or directory (os error 2)","kind":"NotFound","code":67305473}
{"msg":"fuse.create","level":"INFO","ts":"2026-10-06T21:41:58.500987186Z","instance":"remote-a-r1","service_name":"afs-node","name":"entry-0014.bin","parent":207}
{"msg":"FUSE request failed","level":"ERRO","ts":"2026-10-06T21:41:58.503501089Z","instance":"remote-a-r1","service_name":"afs-node","message":"No such file or directory (os error 2)","kind":"NotFound","code":67305473}
{"msg":"fuse.create","level":"INFO","ts":"2026-10-06T21:41:58.503505047Z","instance":"remote-a-r1","service_name":"afs-node","name":"entry-0015.bin","parent":207}
{"msg":"FUSE request failed","level":"ERRO","ts":"2026-10-06T21:41:58.505678624Z","instance":"remote-a-r1","service_name":"afs-node","message":"No such file or directory (os error 2)","kind":"NotFound","code":67305473}
{"msg":"fuse.create","level":"INFO","ts":"2026-10-06T21:41:58.505682874Z","instance":"remote-a-r1","service_name":"afs-node","name":"entry-0016.bin","parent":207}
{"msg":"FUSE request failed","level":"ERRO","ts":"2026-10-06T21:41:58.507742412Z","instance":"remote-a-r1","service_name":"afs-node","message":"No such file or directory (os error 2)","kind":"NotFound","code":67305473}
{"msg":"fuse.create","level":"INFO","ts":"2026-10-06T21:41:58.507756203Z","instance":"remote-a-r1","service_name":"afs-node","name":"entry-0017.bin","parent":207}
{"msg":"FUSE request failed","level":"ERRO","ts":"2026-10-06T21:41:58.509814949Z","instance":"remote-a-r1","service_name":"afs-node","message":"No such file or directory (os error 2)","kind":"NotFound","code":67305473}
{"msg":"fuse.create","level":"INFO","ts":"2026-10-06T21:41:58.509832782Z","instance":"remote-a-r1","service_name":"afs-node","name":"entry-0018.bin","parent":207}
{"msg":"FUSE request failed","level":"ERRO","ts":"2026-10-06T21:41:58.511944569Z","instance":"remote-a-r1","service_name":"afs-node","message":"No such file or directory (os error 2)","kind":"NotFound","code":67305473}
{"msg":"fuse.create","level":"INFO","ts":"2026-10-06T21:41:58.511957902Z","instance":"remote-a-r1","service_name":"afs-node","name":"entry-0019.bin","parent":207}
{"msg":"FUSE request failed","level":"ERRO","ts":"2026-10-06T21:41:58.513998357Z","instance":"remote-a-r1","service_name":"afs-node","message":"No such file or directory (os error 2)","kind":"NotFound","code":67305473}
{"msg":"fuse.create","level":"INFO","ts":"2026-10-06T21:41:58.514001107Z","instance":"remote-a-r1","service_name":"afs-node","name":"entry-0020.bin","parent":207}
{"msg":"FUSE request failed","level":"ERRO","ts":"2026-10-06T21:41:58.516136935Z","instance":"remote-a-r1","service_name":"afs-node","message":"No such file or directory (os error 2)","kind":"NotFound","code":67305473}
{"msg":"fuse.create","level":"INFO","ts":"2026-10-06T21:41:58.516144768Z","instance":"remote-a-r1","service_name":"afs-node","name":"entry-0021.bin","parent":207}
{"msg":"FUSE request failed","level":"ERRO","ts":"2026-10-06T21:41:58.518205431Z","instance":"remote-a-r1","service_name":"afs-node","message":"No such file or directory (os error 2)","kind":"NotFound","code":67305473}
{"msg":"fuse.create","level":"INFO","ts":"2026-10-06T21:41:58.518224263Z","instance":"remote-a-r1","service_name":"afs-node","name":"entry-0022.bin","parent":207}
{"msg":"FUSE request failed","level":"ERRO","ts":"2026-10-06T21:41:58.520425881Z","instance":"remote-a-r1","service_name":"afs-node","message":"No such file or directory (os error 2)","kind":"NotFound","code":67305473}
{"msg":"fuse.create","level":"INFO","ts":"2026-10-06T21:41:58.520428965Z","instance":"remote-a-r1","service_name":"afs-node","name":"entry-0023.bin","parent":207}
{"msg":"FUSE request failed","level":"ERRO","ts":"2026-10-06T21:41:58.522644124Z","instance":"remote-a-r1","service_name":"afs-node","message":"No such file or directory (os error 2)","kind":"NotFound","code":67305473}
{"msg":"fuse.create","level":"INFO","ts":"2026-10-06T21:41:58.522647249Z","instance":"remote-a-r1","service_name":"afs-node","name":"entry-0024.bin","parent":207}
{"msg":"FUSE request failed","level":"ERRO","ts":"2026-10-06T21:41:58.524765494Z","instance":"remote-a-r1","service_name":"afs-node","message":"No such file or directory (os error 2)","kind":"NotFound","code":67305473}
{"msg":"fuse.create","level":"INFO","ts":"2026-10-06T21:41:58.524780744Z","instance":"remote-a-r1","service_name":"afs-node","name":"entry-0025.bin","parent":207}
{"msg":"FUSE request failed","level":"ERRO","ts":"2026-10-06T21:41:58.527123692Z","instance":"remote-a-r1","service_name":"afs-node","message":"No such file or directory (os error 2)","kind":"NotFound","code":67305473}
{"msg":"fuse.create","level":"INFO","ts":"2026-10-06T21:41:58.527147566Z","instance":"remote-a-r1","service_name":"afs-node","name":"entry-0026.bin","parent":207}
{"msg":"FUSE request failed","level":"ERRO","ts":"2026-10-06T21:41:58.529332226Z","instance":"remote-a-r1","service_name":"afs-node","message":"No such file or directory (os error 2)","kind":"NotFound","code":67305473}
{"msg":"fuse.create","level":"INFO","ts":"2026-10-06T21:41:58.529347643Z","instance":"remote-a-r1","service_name":"afs-node","name":"entry-0027.bin","parent":207}
{"msg":"FUSE request failed","level":"ERRO","ts":"2026-10-06T21:41:58.531649675Z","instance":"remote-a-r1","service_name":"afs-node","message":"No such file or directory (os error 2)","kind":"NotFound","code":67305473}
{"msg":"fuse.create","level":"INFO","ts":"2026-10-06T21:41:58.531703132Z","instance":"remote-a-r1","service_name":"afs-node","name":"entry-0028.bin","parent":207}
{"msg":"FUSE request failed","level":"ERRO","ts":"2026-10-06T21:41:58.533720255Z","instance":"remote-a-r1","service_name":"afs-node","message":"No such file or directory (os error 2)","kind":"NotFound","code":67305473}
{"msg":"fuse.create","level":"INFO","ts":"2026-10-06T21:41:58.533745504Z","instance":"remote-a-r1","service_name":"afs-node","name":"entry-0029.bin","parent":207}
{"msg":"FUSE request failed","level":"ERRO","ts":"2026-10-06T21:41:58.53583675Z","instance":"remote-a-r1","service_name":"afs-node","message":"No such file or directory (os error 2)","kind":"NotFound","code":67305473}
{"msg":"fuse.create","level":"INFO","ts":"2026-10-06T21:41:58.535879624Z","instance":"remote-a-r1","service_name":"afs-node","name":"entry-0030.bin","parent":207}
{"msg":"FUSE request failed","level":"ERRO","ts":"2026-10-06T21:41:58.537969744Z","instance":"remote-a-r1","service_name":"afs-node","message":"No such file or directory (os error 2)","kind":"NotFound","code":67305473}
{"msg":"fuse.create","level":"INFO","ts":"2026-10-06T21:41:58.537992952Z","instance":"remote-a-r1","service_name":"afs-node","name":"entry-0031.bin","parent":207}
{"msg":"FUSE request failed","level":"ERRO","ts":"2026-10-06T21:41:58.540259194Z","instance":"remote-a-r1","service_name":"afs-node","message":"No such file or directory (os error 2)","kind":"NotFound","code":67305473}
{"msg":"fuse.create","level":"INFO","ts":"2026-10-06T21:41:58.540301776Z","instance":"remote-a-r1","service_name":"afs-node","name":"entry-0032.bin","parent":207}
{"msg":"FUSE request failed","level":"ERRO","ts":"2026-10-06T21:41:58.542502977Z","instance":"remote-a-r1","service_name":"afs-node","message":"No such file or directory (os error 2)","kind":"NotFound","code":67305473}
{"msg":"fuse.create","level":"INFO","ts":"2026-10-06T21:41:58.542506186Z","instance":"remote-a-r1","service_name":"afs-node","name":"entry-0033.bin","parent":207}
{"msg":"FUSE request failed","level":"ERRO","ts":"2026-10-06T21:41:58.544627597Z","instance":"remote-a-r1","service_name":"afs-node","message":"No such file or directory (os error 2)","kind":"NotFound","code":67305473}
{"msg":"fuse.create","level":"INFO","ts":"2026-10-06T21:41:58.544685554Z","instance":"remote-a-r1","service_name":"afs-node","name":"entry-0034.bin","parent":207}
{"msg":"FUSE request failed","level":"ERRO","ts":"2026-10-06T21:41:58.546898214Z","instance":"remote-a-r1","service_name":"afs-node","message":"No such file or directory (os error 2)","kind":"NotFound","code":67305473}
{"msg":"fuse.create","level":"INFO","ts":"2026-10-06T21:41:58.546912005Z","instance":"remote-a-r1","service_name":"afs-node","name":"entry-0035.bin","parent":207}
{"msg":"FUSE request failed","level":"ERRO","ts":"2026-10-06T21:41:58.549023958Z","instance":"remote-a-r1","service_name":"afs-node","message":"No such file or directory (os error 2)","kind":"NotFound","code":67305473}
{"msg":"fuse.create","level":"INFO","ts":"2026-10-06T21:41:58.549043583Z","instance":"remote-a-r1","service_name":"afs-node","name":"entry-0036.bin","parent":207}
{"msg":"FUSE request failed","level":"ERRO","ts":"2026-10-06T21:41:58.551182744Z","instance":"remote-a-r1","service_name":"afs-node","message":"No such file or directory (os error 2)","kind":"NotFound","code":67305473}
{"msg":"fuse.create","level":"INFO","ts":"2026-10-06T21:41:58.55119966Z","instance":"remote-a-r1","service_name":"afs-node","name":"entry-0037.bin","parent":207}
{"msg":"FUSE request failed","level":"ERRO","ts":"2026-10-06T21:41:58.553763145Z","instance":"remote-a-r1","service_name":"afs-node","message":"No such file or directory (os error 2)","kind":"NotFound","code":67305473}
{"msg":"fuse.create","level":"INFO","ts":"2026-10-06T21:41:58.553787853Z","instance":"remote-a-r1","service_name":"afs-node","name":"entry-0038.bin","parent":207}
{"msg":"FUSE request failed","level":"ERRO","ts":"2026-10-06T21:41:58.555915973Z","instance":"remote-a-r1","service_name":"afs-node","message":"No such file or directory (os error 2)","kind":"NotFound","code":67305473}
{"msg":"fuse.create","level":"INFO","ts":"2026-10-06T21:41:58.555924931Z","instance":"remote-a-r1","service_name":"afs-node","name":"entry-0039.bin","parent":207}
{"msg":"FUSE request failed","level":"ERRO","ts":"2026-10-06T21:41:58.558187131Z","instance":"remote-a-r1","service_name":"afs-node","message":"No such file or directory (os error 2)","kind":"NotFound","code":67305473}
{"msg":"fuse.create","level":"INFO","ts":"2026-10-06T21:41:58.558204006Z","instance":"remote-a-r1","service_name":"afs-node","name":"entry-0040.bin","parent":207}
{"msg":"FUSE request failed","level":"ERRO","ts":"2026-10-06T21:41:58.560331959Z","instance":"remote-a-r1","service_name":"afs-node","message":"No such file or directory (os error 2)","kind":"NotFound","code":67305473}
{"msg":"fuse.create","level":"INFO","ts":"2026-10-06T21:41:58.560351708Z","instance":"remote-a-r1","service_name":"afs-node","name":"entry-0041.bin","parent":207}
{"msg":"FUSE request failed","level":"ERRO","ts":"2026-10-06T21:41:58.562482703Z","instance":"remote-a-r1","service_name":"afs-node","message":"No such file or directory (os error 2)","kind":"NotFound","code":67305473}
{"msg":"fuse.create","level":"INFO","ts":"2026-10-06T21:41:58.562506077Z","instance":"remote-a-r1","service_name":"afs-node","name":"entry-0042.bin","parent":207}
{"msg":"FUSE request failed","level":"ERRO","ts":"2026-10-06T21:41:58.564660988Z","instance":"remote-a-r1","service_name":"afs-node","message":"No such file or directory (os error 2)","kind":"NotFound","code":67305473}
{"msg":"fuse.create","level":"INFO","ts":"2026-10-06T21:41:58.564674196Z","instance":"remote-a-r1","service_name":"afs-node","name":"entry-0043.bin","parent":207}
{"msg":"FUSE request failed","level":"ERRO","ts":"2026-10-06T21:41:58.5671621Z","instance":"remote-a-r1","service_name":"afs-node","message":"No such file or directory (os error 2)","kind":"NotFound","code":67305473}
{"msg":"fuse.create","level":"INFO","ts":"2026-10-06T21:41:58.567182974Z","instance":"remote-a-r1","service_name":"afs-node","name":"entry-0044.bin","parent":207}
{"msg":"FUSE request failed","level":"ERRO","ts":"2026-10-06T21:41:58.569647461Z","instance":"remote-a-r1","service_name":"afs-node","message":"No such file or directory (os error 2)","kind":"NotFound","code":67305473}
{"msg":"fuse.create","level":"INFO","ts":"2026-10-06T21:41:58.569699043Z","instance":"remote-a-r1","service_name":"afs-node","name":"entry-0045.bin","parent":207}
{"msg":"FUSE request failed","level":"ERRO","ts":"2026-10-06T21:41:58.571890495Z","instance":"remote-a-r1","service_name":"afs-node","message":"No such file or directory (os error 2)","kind":"NotFound","code":67305473}
{"msg":"fuse.create","level":"INFO","ts":"2026-10-06T21:41:58.571907411Z","instance":"remote-a-r1","service_name":"afs-node","name":"entry-0046.bin","parent":207}
{"msg":"FUSE request failed","level":"ERRO","ts":"2026-10-06T21:41:58.57415682Z","instance":"remote-a-r1","service_name":"afs-node","message":"No such file or directory (os error 2)","kind":"NotFound","code":67305473}
{"msg":"fuse.create","level":"INFO","ts":"2026-10-06T21:41:58.57417107Z","instance":"remote-a-r1","service_name":"afs-node","name":"entry-0047.bin","parent":207}
{"msg":"FUSE request failed","level":"ERRO","ts":"2026-10-06T21:41:58.576729847Z","instance":"remote-a-r1","service_name":"afs-node","message":"No such file or directory (os error 2)","kind":"NotFound","code":67305473}
{"msg":"fuse.create","level":"INFO","ts":"2026-10-06T21:41:58.576745888Z","instance":"remote-a-r1","service_name":"afs-node","name":"entry-0048.bin","parent":207}
{"msg":"FUSE request failed","level":"ERRO","ts":"2026-10-06T21:41:58.578905757Z","instance":"remote-a-r1","service_name":"afs-node","message":"No such file or directory (os error 2)","kind":"NotFound","code":67305473}
{"msg":"fuse.create","level":"INFO","ts":"2026-10-06T21:41:58.57892234Z","instance":"remote-a-r1","service_name":"afs-node","name":"entry-0049.bin","parent":207}
{"msg":"FUSE request failed","level":"ERRO","ts":"2026-10-06T21:41:58.581084792Z","instance":"remote-a-r1","service_name":"afs-node","message":"No such file or directory (os error 2)","kind":"NotFound","code":67305473}
{"msg":"fuse.create","level":"INFO","ts":"2026-10-06T21:41:58.581100292Z","instance":"remote-a-r1","service_name":"afs-node","name":"entry-0050.bin","parent":207}
{"msg":"FUSE request failed","level":"ERRO","ts":"2026-10-06T21:41:58.58353303Z","instance":"remote-a-r1","service_name":"afs-node","message":"No such file or directory (os error 2)","kind":"NotFound","code":67305473}
{"msg":"fuse.create","level":"INFO","ts":"2026-10-06T21:41:58.583556737Z","instance":"remote-a-r1","service_name":"afs-node","name":"entry-0051.bin","parent":207}
{"msg":"FUSE request failed","level":"ERRO","ts":"2026-10-06T21:41:58.585655441Z","instance":"remote-a-r1","service_name":"afs-node","message":"No such file or directory (os error 2)","kind":"NotFound","code":67305473}
{"msg":"fuse.create","level":"INFO","ts":"2026-10-06T21:41:58.585675191Z","instance":"remote-a-r1","service_name":"afs-node","name":"entry-0052.bin","parent":207}
{"msg":"FUSE request failed","level":"ERRO","ts":"2026-10-06T21:41:58.58775602Z","instance":"remote-a-r1","service_name":"afs-node","message":"No such file or directory (os error 2)","kind":"NotFound","code":67305473}
{"msg":"fuse.create","level":"INFO","ts":"2026-10-06T21:41:58.587778811Z","instance":"remote-a-r1","service_name":"afs-node","name":"entry-0053.bin","parent":207}
{"msg":"FUSE request failed","level":"ERRO","ts":"2026-10-06T21:41:58.590223007Z","instance":"remote-a-r1","service_name":"afs-node","message":"No such file or directory (os error 2)","kind":"NotFound","code":67305473}
{"msg":"fuse.create","level":"INFO","ts":"2026-10-06T21:41:58.590246756Z","instance":"remote-a-r1","service_name":"afs-node","name":"entry-0054.bin","parent":207}
{"msg":"FUSE request failed","level":"ERRO","ts":"2026-10-06T21:41:58.592425458Z","instance":"remote-a-r1","service_name":"afs-node","message":"No such file or directory (os error 2)","kind":"NotFound","code":67305473}
{"msg":"fuse.create","level":"INFO","ts":"2026-10-06T21:41:58.592441916Z","instance":"remote-a-r1","service_name":"afs-node","name":"entry-0055.bin","parent":207}
{"msg":"FUSE request failed","level":"ERRO","ts":"2026-10-06T21:41:58.5946877Z","instance":"remote-a-r1","service_name":"afs-node","message":"No such file or directory (os error 2)","kind":"NotFound","code":67305473}
{"msg":"fuse.create","level":"INFO","ts":"2026-10-06T21:41:58.594714033Z","instance":"remote-a-r1","service_name":"afs-node","name":"entry-0056.bin","parent":207}
{"msg":"FUSE request failed","level":"ERRO","ts":"2026-10-06T21:41:58.596851111Z","instance":"remote-a-r1","service_name":"afs-node","message":"No such file or directory (os error 2)","kind":"NotFound","code":67305473}
{"msg":"fuse.create","level":"INFO","ts":"2026-10-06T21:41:58.596869694Z","instance":"remote-a-r1","service_name":"afs-node","name":"entry-0057.bin","parent":207}
{"msg":"FUSE request failed","level":"ERRO","ts":"2026-10-06T21:41:58.59928039Z","instance":"remote-a-r1","service_name":"afs-node","message":"No such file or directory (os error 2)","kind":"NotFound","code":67305473}
{"msg":"fuse.create","level":"INFO","ts":"2026-10-06T21:41:58.599307723Z","instance":"remote-a-r1","service_name":"afs-node","name":"entry-0058.bin","parent":207}
{"msg":"FUSE request failed","level":"ERRO","ts":"2026-10-06T21:41:58.601536215Z","instance":"remote-a-r1","service_name":"afs-node","message":"No such file or directory (os error 2)","kind":"NotFound","code":67305473}
{"msg":"fuse.create","level":"INFO","ts":"2026-10-06T21:41:58.601561798Z","instance":"remote-a-r1","service_name":"afs-node","name":"entry-0059.bin","parent":207}
{"msg":"FUSE request failed","level":"ERRO","ts":"2026-10-06T21:41:58.603794999Z","instance":"remote-a-r1","service_name":"afs-node","message":"No such file or directory (os error 2)","kind":"NotFound","code":67305473}
{"msg":"fuse.create","level":"INFO","ts":"2026-10-06T21:41:58.603805832Z","instance":"remote-a-r1","service_name":"afs-node","name":"entry-0060.bin","parent":207}
{"msg":"FUSE request failed","level":"ERRO","ts":"2026-10-06T21:41:58.606465107Z","instance":"remote-a-r1","service_name":"afs-node","message":"No such file or directory (os error 2)","kind":"NotFound","code":67305473}
{"msg":"fuse.create","level":"INFO","ts":"2026-10-06T21:41:58.606483231Z","instance":"remote-a-r1","service_name":"afs-node","name":"entry-0061.bin","parent":207}
{"msg":"FUSE request failed","level":"ERRO","ts":"2026-10-06T21:41:58.608612518Z","instance":"remote-a-r1","service_name":"afs-node","message":"No such file or directory (os error 2)","kind":"NotFound","code":67305473}
{"msg":"fuse.create","level":"INFO","ts":"2026-10-06T21:41:58.608628809Z","instance":"remote-a-r1","service_name":"afs-node","name":"entry-0062.bin","parent":207}
{"msg":"FUSE request failed","level":"ERRO","ts":"2026-10-06T21:41:58.61076197Z","instance":"remote-a-r1","service_name":"afs-node","message":"No such file or directory (os error 2)","kind":"NotFound","code":67305473}
{"msg":"fuse.create","level":"INFO","ts":"2026-10-06T21:41:58.610764637Z","instance":"remote-a-r1","service_name":"afs-node","name":"entry-0063.bin","parent":207}
{"msg":"FUSE request failed","level":"ERRO","ts":"2026-10-06T21:41:58.612856591Z","instance":"remote-a-r1","service_name":"afs-node","message":"No such file or directory (os error 2)","kind":"NotFound","code":67305473}
{"msg":"fuse.create","level":"INFO","ts":"2026-10-06T21:41:58.61286059Z","instance":"remote-a-r1","service_name":"afs-node","name":"entry-0064.bin","parent":207}
{"msg":"FUSE request failed","level":"ERRO","ts":"2026-10-06T21:41:58.615523615Z","instance":"remote-a-r1","service_name":"afs-node","message":"No such file or directory (os error 2)","kind":"NotFound","code":67305473}
{"msg":"fuse.create","level":"INFO","ts":"2026-10-06T21:41:58.615555656Z","instance":"remote-a-r1","service_name":"afs-node","name":"entry-0065.bin","parent":207}
{"msg":"FUSE request failed","level":"ERRO","ts":"2026-10-06T21:41:58.617995977Z","instance":"remote-a-r1","service_name":"afs-node","message":"No such file or directory (os error 2)","kind":"NotFound","code":67305473}
{"msg":"fuse.create","level":"INFO","ts":"2026-10-06T21:41:58.618013602Z","instance":"remote-a-r1","service_name":"afs-node","name":"entry-0066.bin","parent":207}
{"msg":"FUSE request failed","level":"ERRO","ts":"2026-10-06T21:41:58.620224261Z","instance":"remote-a-r1","service_name":"afs-node","message":"No such file or directory (os error 2)","kind":"NotFound","code":67305473}
{"msg":"fuse.create","level":"INFO","ts":"2026-10-06T21:41:58.620234386Z","instance":"remote-a-r1","service_name":"afs-node","name":"entry-0067.bin","parent":207}
{"msg":"FUSE request failed","level":"ERRO","ts":"2026-10-06T21:41:58.622460378Z","instance":"remote-a-r1","service_name":"afs-node","message":"No such file or directory (os error 2)","kind":"NotFound","code":67305473}
{"msg":"fuse.create","level":"INFO","ts":"2026-10-06T21:41:58.622463003Z","instance":"remote-a-r1","service_name":"afs-node","name":"entry-0068.bin","parent":207}
{"msg":"FUSE request failed","level":"ERRO","ts":"2026-10-06T21:41:58.624988864Z","instance":"remote-a-r1","service_name":"afs-node","message":"No such file or directory (os error 2)","kind":"NotFound","code":67305473}
{"msg":"fuse.create","level":"INFO","ts":"2026-10-06T21:41:58.625009447Z","instance":"remote-a-r1","service_name":"afs-node","name":"entry-0069.bin","parent":207}
{"msg":"FUSE request failed","level":"ERRO","ts":"2026-10-06T21:41:58.627140275Z","instance":"remote-a-r1","service_name":"afs-node","message":"No such file or directory (os error 2)","kind":"NotFound","code":67305473}
{"msg":"fuse.create","level":"INFO","ts":"2026-10-06T21:41:58.627158816Z","instance":"remote-a-r1","service_name":"afs-node","name":"entry-0070.bin","parent":207}
{"msg":"FUSE request failed","level":"ERRO","ts":"2026-10-06T21:41:58.629320894Z","instance":"remote-a-r1","service_name":"afs-node","message":"No such file or directory (os error 2)","kind":"NotFound","code":67305473}
{"msg":"fuse.create","level":"INFO","ts":"2026-10-06T21:41:58.629337935Z","instance":"remote-a-r1","service_name":"afs-node","name":"entry-0071.bin","parent":207}
{"msg":"FUSE request failed","level":"ERRO","ts":"2026-10-06T21:41:58.63151097Z","instance":"remote-a-r1","service_name":"afs-node","message":"No such file or directory (os error 2)","kind":"NotFound","code":67305473}
{"msg":"fuse.create","level":"INFO","ts":"2026-10-06T21:41:58.631513387Z","instance":"remote-a-r1","service_name":"afs-node","name":"entry-0072.bin","parent":207}
{"msg":"FUSE request failed","level":"ERRO","ts":"2026-10-06T21:41:58.633682922Z","instance":"remote-a-r1","service_name":"afs-node","message":"No such file or directory (os error 2)","kind":"NotFound","code":67305473}
{"msg":"fuse.create","level":"INFO","ts":"2026-10-06T21:41:58.633703672Z","instance":"remote-a-r1","service_name":"afs-node","name":"entry-0073.bin","parent":207}
{"msg":"FUSE request failed","level":"ERRO","ts":"2026-10-06T21:41:58.635855458Z","instance":"remote-a-r1","service_name":"afs-node","message":"No such file or directory (os error 2)","kind":"NotFound","code":67305473}
{"msg":"fuse.create","level":"INFO","ts":"2026-10-06T21:41:58.635874499Z","instance":"remote-a-r1","service_name":"afs-node","name":"entry-0074.bin","parent":207}
{"msg":"FUSE request failed","level":"ERRO","ts":"2026-10-06T21:41:58.637976453Z","instance":"remote-a-r1","service_name":"afs-node","message":"No such file or directory (os error 2)","kind":"NotFound","code":67305473}
{"msg":"fuse.create","level":"INFO","ts":"2026-10-06T21:41:58.637979661Z","instance":"remote-a-r1","service_name":"afs-node","name":"entry-0075.bin","parent":207}
{"msg":"FUSE request failed","level":"ERRO","ts":"2026-10-06T21:41:58.640259069Z","instance":"remote-a-r1","service_name":"afs-node","message":"No such file or directory (os error 2)","kind":"NotFound","code":67305473}
{"msg":"fuse.create","level":"INFO","ts":"2026-10-06T21:41:58.640268027Z","instance":"remote-a-r1","service_name":"afs-node","name":"entry-0076.bin","parent":207}
{"msg":"FUSE request failed","level":"ERRO","ts":"2026-10-06T21:41:58.642355814Z","instance":"remote-a-r1","service_name":"afs-node","message":"No such file or directory (os error 2)","kind":"NotFound","code":67305473}
{"msg":"fuse.create","level":"INFO","ts":"2026-10-06T21:41:58.642373105Z","instance":"remote-a-r1","service_name":"afs-node","name":"entry-0077.bin","parent":207}
{"msg":"FUSE request failed","level":"ERRO","ts":"2026-10-06T21:41:58.644760386Z","instance":"remote-a-r1","service_name":"afs-node","message":"No such file or directory (os error 2)","kind":"NotFound","code":67305473}
{"msg":"fuse.create","level":"INFO","ts":"2026-10-06T21:41:58.644777761Z","instance":"remote-a-r1","service_name":"afs-node","name":"entry-0078.bin","parent":207}
{"msg":"FUSE request failed","level":"ERRO","ts":"2026-10-06T21:41:58.647214832Z","instance":"remote-a-r1","service_name":"afs-node","message":"No such file or directory (os error 2)","kind":"NotFound","code":67305473}
{"msg":"fuse.create","level":"INFO","ts":"2026-10-06T21:41:58.647228332Z","instance":"remote-a-r1","service_name":"afs-node","name":"entry-0079.bin","parent":207}
{"msg":"FUSE request failed","level":"ERRO","ts":"2026-10-06T21:41:58.649343826Z","instance":"remote-a-r1","service_name":"afs-node","message":"No such file or directory (os error 2)","kind":"NotFound","code":67305473}
{"msg":"fuse.create","level":"INFO","ts":"2026-10-06T21:41:58.649364326Z","instance":"remote-a-r1","service_name":"afs-node","name":"entry-0080.bin","parent":207}
{"msg":"FUSE request failed","level":"ERRO","ts":"2026-10-06T21:41:58.651838396Z","instance":"remote-a-r1","service_name":"afs-node","message":"No such file or directory (os error 2)","kind":"NotFound","code":67305473}
{"msg":"fuse.create","level":"INFO","ts":"2026-10-06T21:41:58.651848396Z","instance":"remote-a-r1","service_name":"afs-node","name":"entry-0081.bin","parent":207}
{"msg":"FUSE request failed","level":"ERRO","ts":"2026-10-06T21:41:58.65409643Z","instance":"remote-a-r1","service_name":"afs-node","message":"No such file or directory (os error 2)","kind":"NotFound","code":67305473}
{"msg":"fuse.create","level":"INFO","ts":"2026-10-06T21:41:58.654119471Z","instance":"remote-a-r1","service_name":"afs-node","name":"entry-0082.bin","parent":207}
{"msg":"FUSE request failed","level":"ERRO","ts":"2026-10-06T21:41:58.656400254Z","instance":"remote-a-r1","service_name":"afs-node","message":"No such file or directory (os error 2)","kind":"NotFound","code":67305473}
{"msg":"fuse.create","level":"INFO","ts":"2026-10-06T21:41:58.656402546Z","instance":"remote-a-r1","service_name":"afs-node","name":"entry-0083.bin","parent":207}
{"msg":"FUSE request failed","level":"ERRO","ts":"2026-10-06T21:41:58.658538707Z","instance":"remote-a-r1","service_name":"afs-node","message":"No such file or directory (os error 2)","kind":"NotFound","code":67305473}
{"msg":"fuse.create","level":"INFO","ts":"2026-10-06T21:41:58.658558956Z","instance":"remote-a-r1","service_name":"afs-node","name":"entry-0084.bin","parent":207}
{"msg":"FUSE request failed","level":"ERRO","ts":"2026-10-06T21:41:58.660937362Z","instance":"remote-a-r1","service_name":"afs-node","message":"No such file or directory (os error 2)","kind":"NotFound","code":67305473}
{"msg":"fuse.create","level":"INFO","ts":"2026-10-06T21:41:58.660953487Z","instance":"remote-a-r1","service_name":"afs-node","name":"entry-0085.bin","parent":207}
{"msg":"FUSE request failed","level":"ERRO","ts":"2026-10-06T21:41:58.663377683Z","instance":"remote-a-r1","service_name":"afs-node","message":"No such file or directory (os error 2)","kind":"NotFound","code":67305473}
{"msg":"fuse.create","level":"INFO","ts":"2026-10-06T21:41:58.663393766Z","instance":"remote-a-r1","service_name":"afs-node","name":"entry-0086.bin","parent":207}
{"msg":"FUSE request failed","level":"ERRO","ts":"2026-10-06T21:41:58.665783172Z","instance":"remote-a-r1","service_name":"afs-node","message":"No such file or directory (os error 2)","kind":"NotFound","code":67305473}
{"msg":"fuse.create","level":"INFO","ts":"2026-10-06T21:41:58.665798047Z","instance":"remote-a-r1","service_name":"afs-node","name":"entry-0087.bin","parent":207}
{"msg":"FUSE request failed","level":"ERRO","ts":"2026-10-06T21:41:58.668060038Z","instance":"remote-a-r1","service_name":"afs-node","message":"No such file or directory (os error 2)","kind":"NotFound","code":67305473}
{"msg":"fuse.create","level":"INFO","ts":"2026-10-06T21:41:58.668062996Z","instance":"remote-a-r1","service_name":"afs-node","name":"entry-0088.bin","parent":207}
{"msg":"FUSE request failed","level":"ERRO","ts":"2026-10-06T21:41:58.670403528Z","instance":"remote-a-r1","service_name":"afs-node","message":"No such file or directory (os error 2)","kind":"NotFound","code":67305473}
{"msg":"fuse.create","level":"INFO","ts":"2026-10-06T21:41:58.670406153Z","instance":"remote-a-r1","service_name":"afs-node","name":"entry-0089.bin","parent":207}
{"msg":"FUSE request failed","level":"ERRO","ts":"2026-10-06T21:41:58.672506607Z","instance":"remote-a-r1","service_name":"afs-node","message":"No such file or directory (os error 2)","kind":"NotFound","code":67305473}
{"msg":"fuse.create","level":"INFO","ts":"2026-10-06T21:41:58.672526481Z","instance":"remote-a-r1","service_name":"afs-node","name":"entry-0090.bin","parent":207}
{"msg":"FUSE request failed","level":"ERRO","ts":"2026-10-06T21:41:58.675118799Z","instance":"remote-a-r1","service_name":"afs-node","message":"No such file or directory (os error 2)","kind":"NotFound","code":67305473}
{"msg":"fuse.create","level":"INFO","ts":"2026-10-06T21:41:58.675135215Z","instance":"remote-a-r1","service_name":"afs-node","name":"entry-0091.bin","parent":207}
{"msg":"FUSE request failed","level":"ERRO","ts":"2026-10-06T21:41:58.677349416Z","instance":"remote-a-r1","service_name":"afs-node","message":"No such file or directory (os error 2)","kind":"NotFound","code":67305473}
{"msg":"fuse.create","level":"INFO","ts":"2026-10-06T21:41:58.677370833Z","instance":"remote-a-r1","service_name":"afs-node","name":"entry-0092.bin","parent":207}
{"msg":"FUSE request failed","level":"ERRO","ts":"2026-10-06T21:41:58.679477369Z","instance":"remote-a-r1","service_name":"afs-node","message":"No such file or directory (os error 2)","kind":"NotFound","code":67305473}
{"msg":"fuse.create","level":"INFO","ts":"2026-10-06T21:41:58.679493411Z","instance":"remote-a-r1","service_name":"afs-node","name":"entry-0093.bin","parent":207}
{"msg":"FUSE request failed","level":"ERRO","ts":"2026-10-06T21:41:58.681616864Z","instance":"remote-a-r1","service_name":"afs-node","message":"No such file or directory (os error 2)","kind":"NotFound","code":67305473}
{"msg":"fuse.create","level":"INFO","ts":"2026-10-06T21:41:58.681637988Z","instance":"remote-a-r1","service_name":"afs-node","name":"entry-0094.bin","parent":207}
{"msg":"FUSE request failed","level":"ERRO","ts":"2026-10-06T21:41:58.683801816Z","instance":"remote-a-r1","service_name":"afs-node","message":"No such file or directory (os error 2)","kind":"NotFound","code":67305473}
{"msg":"fuse.create","level":"INFO","ts":"2026-10-06T21:41:58.683816982Z","instance":"remote-a-r1","service_name":"afs-node","name":"entry-0095.bin","parent":207}
{"msg":"FUSE request failed","level":"ERRO","ts":"2026-10-06T21:41:58.686295886Z","instance":"remote-a-r1","service_name":"afs-node","message":"No such file or directory (os error 2)","kind":"NotFound","code":67305473}
{"msg":"fuse.create","level":"INFO","ts":"2026-10-06T21:41:58.68631051Z","instance":"remote-a-r1","service_name":"afs-node","name":"entry-0096.bin","parent":207}
{"msg":"FUSE request failed","level":"ERRO","ts":"2026-10-06T21:41:58.68852667Z","instance":"remote-a-r1","service_name":"afs-node","message":"No such file or directory (os error 2)","kind":"NotFound","code":67305473}
{"msg":"fuse.create","level":"INFO","ts":"2026-10-06T21:41:58.688547711Z","instance":"remote-a-r1","service_name":"afs-node","name":"entry-0097.bin","parent":207}
{"msg":"FUSE request failed","level":"ERRO","ts":"2026-10-06T21:41:58.690811244Z","instance":"remote-a-r1","service_name":"afs-node","message":"No such file or directory (os error 2)","kind":"NotFound","code":67305473}
{"msg":"fuse.create","level":"INFO","ts":"2026-10-06T21:41:58.690834744Z","instance":"remote-a-r1","service_name":"afs-node","name":"entry-0098.bin","parent":207}
{"msg":"FUSE request failed","level":"ERRO","ts":"2026-10-06T21:41:58.692981446Z","instance":"remote-a-r1","service_name":"afs-node","message":"No such file or directory (os error 2)","kind":"NotFound","code":67305473}
{"msg":"fuse.create","level":"INFO","ts":"2026-10-06T21:41:58.693000987Z","instance":"remote-a-r1","service_name":"afs-node","name":"entry-0099.bin","parent":207}
{"msg":"[Not Implemented] ioctl(ino: 0xd0, fh: 529, flags: 0, cmd: 21505, in_data.len(): 0, out_size: 0)","level":"WARN","ts":"2026-10-06T21:41:58.696346705Z","instance":"remote-a-r1","service_name":"afs-node"}
{"msg":"[Not Implemented] ioctl(ino: 0xd1, fh: 530, flags: 0, cmd: 21505, in_data.len(): 0, out_size: 0)","level":"WARN","ts":"2026-10-06T21:41:58.698035793Z","instance":"remote-a-r1","service_name":"afs-node"}
{"msg":"[Not Implemented] ioctl(ino: 0xd2, fh: 531, flags: 0, cmd: 21505, in_data.len(): 0, out_size: 0)","level":"WARN","ts":"2026-10-06T21:41:58.699715423Z","instance":"remote-a-r1","service_name":"afs-node"}
{"msg":"[Not Implemented] ioctl(ino: 0xd3, fh: 532, flags: 0, cmd: 21505, in_data.len(): 0, out_size: 0)","level":"WARN","ts":"2026-10-06T21:41:58.701356803Z","instance":"remote-a-r1","service_name":"afs-node"}
{"msg":"[Not Implemented] ioctl(ino: 0xd4, fh: 533, flags: 0, cmd: 21505, in_data.len(): 0, out_size: 0)","level":"WARN","ts":"2026-10-06T21:41:58.703031141Z","instance":"remote-a-r1","service_name":"afs-node"}
{"msg":"[Not Implemented] ioctl(ino: 0xd5, fh: 534, flags: 0, cmd: 21505, in_data.len(): 0, out_size: 0)","level":"WARN","ts":"2026-10-06T21:41:58.704914766Z","instance":"remote-a-r1","service_name":"afs-node"}
{"msg":"[Not Implemented] ioctl(ino: 0xd6, fh: 535, flags: 0, cmd: 21505, in_data.len(): 0, out_size: 0)","level":"WARN","ts":"2026-10-06T21:41:58.706891097Z","instance":"remote-a-r1","service_name":"afs-node"}
{"msg":"[Not Implemented] ioctl(ino: 0xd7, fh: 536, flags: 0, cmd: 21505, in_data.len(): 0, out_size: 0)","level":"WARN","ts":"2026-10-06T21:41:58.708922219Z","instance":"remote-a-r1","service_name":"afs-node"}
{"msg":"[Not Implemented] ioctl(ino: 0xd8, fh: 537, flags: 0, cmd: 21505, in_data.len(): 0, out_size: 0)","level":"WARN","ts":"2026-10-06T21:41:58.710802344Z","instance":"remote-a-r1","service_name":"afs-node"}
{"msg":"[Not Implemented] ioctl(ino: 0xd9, fh: 538, flags: 0, cmd: 21505, in_data.len(): 0, out_size: 0)","level":"WARN","ts":"2026-10-06T21:41:58.712678511Z","instance":"remote-a-r1","service_name":"afs-node"}
{"msg":"[Not Implemented] ioctl(ino: 0xda, fh: 539, flags: 0, cmd: 21505, in_data.len(): 0, out_size: 0)","level":"WARN","ts":"2026-10-06T21:41:58.714757507Z","instance":"remote-a-r1","service_name":"afs-node"}
{"msg":"[Not Implemented] ioctl(ino: 0xdb, fh: 540, flags: 0, cmd: 21505, in_data.len(): 0, out_size: 0)","level":"WARN","ts":"2026-10-06T21:41:58.716739463Z","instance":"remote-a-r1","service_name":"afs-node"}
{"msg":"[Not Implemented] ioctl(ino: 0xdc, fh: 541, flags: 0, cmd: 21505, in_data.len(): 0, out_size: 0)","level":"WARN","ts":"2026-10-06T21:41:58.718873041Z","instance":"remote-a-r1","service_name":"afs-node"}
{"msg":"[Not Implemented] ioctl(ino: 0xdd, fh: 542, flags: 0, cmd: 21505, in_data.len(): 0, out_size: 0)","level":"WARN","ts":"2026-10-06T21:41:58.720807748Z","instance":"remote-a-r1","service_name":"afs-node"}
{"msg":"[Not Implemented] ioctl(ino: 0xde, fh: 543, flags: 0, cmd: 21505, in_data.len(): 0, out_size: 0)","level":"WARN","ts":"2026-10-06T21:41:58.722759955Z","instance":"remote-a-r1","service_name":"afs-node"}
{"msg":"[Not Implemented] ioctl(ino: 0xdf, fh: 544, flags: 0, cmd: 21505, in_data.len(): 0, out_size: 0)","level":"WARN","ts":"2026-10-06T21:41:58.724769036Z","instance":"remote-a-r1","service_name":"afs-node"}
{"msg":"[Not Implemented] ioctl(ino: 0xe0, fh: 545, flags: 0, cmd: 21505, in_data.len(): 0, out_size: 0)","level":"WARN","ts":"2026-10-06T21:41:58.726719951Z","instance":"remote-a-r1","service_name":"afs-node"}
{"msg":"[Not Implemented] ioctl(ino: 0xe1, fh: 546, flags: 0, cmd: 21505, in_data.len(): 0, out_size: 0)","level":"WARN","ts":"2026-10-06T21:41:58.728738407Z","instance":"remote-a-r1","service_name":"afs-node"}
{"msg":"[Not Implemented] ioctl(ino: 0xe2, fh: 547, flags: 0, cmd: 21505, in_data.len(): 0, out_size: 0)","level":"WARN","ts":"2026-10-06T21:41:58.730691155Z","instance":"remote-a-r1","service_name":"afs-node"}
{"msg":"[Not Implemented] ioctl(ino: 0xe3, fh: 548, flags: 0, cmd: 21505, in_data.len(): 0, out_size: 0)","level":"WARN","ts":"2026-10-06T21:41:58.732581739Z","instance":"remote-a-r1","service_name":"afs-node"}
{"msg":"[Not Implemented] ioctl(ino: 0xe4, fh: 549, flags: 0, cmd: 21505, in_data.len(): 0, out_size: 0)","level":"WARN","ts":"2026-10-06T21:41:58.734628902Z","instance":"remote-a-r1","service_name":"afs-node"}
{"msg":"[Not Implemented] ioctl(ino: 0xe5, fh: 550, flags: 0, cmd: 21505, in_data.len(): 0, out_size: 0)","level":"WARN","ts":"2026-10-06T21:41:58.736634149Z","instance":"remote-a-r1","service_name":"afs-node"}
{"msg":"[Not Implemented] ioctl(ino: 0xe6, fh: 551, flags: 0, cmd: 21505, in_data.len(): 0, out_size: 0)","level":"WARN","ts":"2026-10-06T21:41:58.738656521Z","instance":"remote-a-r1","service_name":"afs-node"}
{"msg":"[Not Implemented] ioctl(ino: 0xe7, fh: 552, flags: 0, cmd: 21505, in_data.len(): 0, out_size: 0)","level":"WARN","ts":"2026-10-06T21:41:58.740668435Z","instance":"remote-a-r1","service_name":"afs-node"}
{"msg":"[Not Implemented] ioctl(ino: 0xe8, fh: 553, flags: 0, cmd: 21505, in_data.len(): 0, out_size: 0)","level":"WARN","ts":"2026-10-06T21:41:58.74264735Z","instance":"remote-a-r1","service_name":"afs-node"}
{"msg":"[Not Implemented] ioctl(ino: 0xe9, fh: 554, flags: 0, cmd: 21505, in_data.len(): 0, out_size: 0)","level":"WARN","ts":"2026-10-06T21:41:58.744628098Z","instance":"remote-a-r1","service_name":"afs-node"}
{"msg":"[Not Implemented] ioctl(ino: 0xea, fh: 555, flags: 0, cmd: 21505, in_data.len(): 0, out_size: 0)","level":"WARN","ts":"2026-10-06T21:41:58.74657518Z","instance":"remote-a-r1","service_name":"afs-node"}
{"msg":"[Not Implemented] ioctl(ino: 0xeb, fh: 556, flags: 0, cmd: 21505, in_data.len(): 0, out_size: 0)","level":"WARN","ts":"2026-10-06T21:41:58.748387764Z","instance":"remote-a-r1","service_name":"afs-node"}
{"msg":"[Not Implemented] ioctl(ino: 0xec, fh: 557, flags: 0, cmd: 21505, in_data.len(): 0, out_size: 0)","level":"WARN","ts":"2026-10-06T21:41:58.750379346Z","instance":"remote-a-r1","service_name":"afs-node"}
{"msg":"[Not Implemented] ioctl(ino: 0xed, fh: 558, flags: 0, cmd: 21505, in_data.len(): 0, out_size: 0)","level":"WARN","ts":"2026-10-06T21:41:58.752318719Z","instance":"remote-a-r1","service_name":"afs-node"}
{"msg":"[Not Implemented] ioctl(ino: 0xee, fh: 559, flags: 0, cmd: 21505, in_data.len(): 0, out_size: 0)","level":"WARN","ts":"2026-10-06T21:41:58.754274843Z","instance":"remote-a-r1","service_name":"afs-node"}
{"msg":"[Not Implemented] ioctl(ino: 0xef, fh: 560, flags: 0, cmd: 21505, in_data.len(): 0, out_size: 0)","level":"WARN","ts":"2026-10-06T21:41:58.756283548Z","instance":"remote-a-r1","service_name":"afs-node"}
{"msg":"[Not Implemented] ioctl(ino: 0xf0, fh: 561, flags: 0, cmd: 21505, in_data.len(): 0, out_size: 0)","level":"WARN","ts":"2026-10-06T21:41:58.758239964Z","instance":"remote-a-r1","service_name":"afs-node"}
{"msg":"[Not Implemented] ioctl(ino: 0xf1, fh: 562, flags: 0, cmd: 21505, in_data.len(): 0, out_size: 0)","level":"WARN","ts":"2026-10-06T21:41:58.760202587Z","instance":"remote-a-r1","service_name":"afs-node"}
{"msg":"[Not Implemented] ioctl(ino: 0xf2, fh: 563, flags: 0, cmd: 21505, in_data.len(): 0, out_size: 0)","level":"WARN","ts":"2026-10-06T21:41:58.762303291Z","instance":"remote-a-r1","service_name":"afs-node"}
{"msg":"[Not Implemented] ioctl(ino: 0xf3, fh: 564, flags: 0, cmd: 21505, in_data.len(): 0, out_size: 0)","level":"WARN","ts":"2026-10-06T21:41:58.764151625Z","instance":"remote-a-r1","service_name":"afs-node"}
{"msg":"[Not Implemented] ioctl(ino: 0xf4, fh: 565, flags: 0, cmd: 21505, in_data.len(): 0, out_size: 0)","level":"WARN","ts":"2026-10-06T21:41:58.766015834Z","instance":"remote-a-r1","service_name":"afs-node"}
{"msg":"[Not Implemented] ioctl(ino: 0xf5, fh: 566, flags: 0, cmd: 21505, in_data.len(): 0, out_size: 0)","level":"WARN","ts":"2026-10-06T21:41:58.7679295Z","instance":"remote-a-r1","service_name":"afs-node"}
{"msg":"[Not Implemented] ioctl(ino: 0xf6, fh: 567, flags: 0, cmd: 21505, in_data.len(): 0, out_size: 0)","level":"WARN","ts":"2026-10-06T21:41:58.769908914Z","instance":"remote-a-r1","service_name":"afs-node"}
{"msg":"[Not Implemented] ioctl(ino: 0xf7, fh: 568, flags: 0, cmd: 21505, in_data.len(): 0, out_size: 0)","level":"WARN","ts":"2026-10-06T21:41:58.771898245Z","instance":"remote-a-r1","service_name":"afs-node"}
{"msg":"[Not Implemented] ioctl(ino: 0xf8, fh: 569, flags: 0, cmd: 21505, in_data.len(): 0, out_size: 0)","level":"WARN","ts":"2026-10-06T21:41:58.773886618Z","instance":"remote-a-r1","service_name":"afs-node"}
{"msg":"[Not Implemented] ioctl(ino: 0xf9, fh: 570, flags: 0, cmd: 21505, in_data.len(): 0, out_size: 0)","level":"WARN","ts":"2026-10-06T21:41:58.775705828Z","instance":"remote-a-r1","service_name":"afs-node"}
{"msg":"[Not Implemented] ioctl(ino: 0xfa, fh: 571, flags: 0, cmd: 21505, in_data.len(): 0, out_size: 0)","level":"WARN","ts":"2026-10-06T21:41:58.777597703Z","instance":"remote-a-r1","service_name":"afs-node"}
{"msg":"[Not Implemented] ioctl(ino: 0xfb, fh: 572, flags: 0, cmd: 21505, in_data.len(): 0, out_size: 0)","level":"WARN","ts":"2026-10-06T21:41:58.779503619Z","instance":"remote-a-r1","service_name":"afs-node"}
{"msg":"[Not Implemented] ioctl(ino: 0xfc, fh: 573, flags: 0, cmd: 21505, in_data.len(): 0, out_size: 0)","level":"WARN","ts":"2026-10-06T21:41:58.781528366Z","instance":"remote-a-r1","service_name":"afs-node"}
{"msg":"[Not Implemented] ioctl(ino: 0xfd, fh: 574, flags: 0, cmd: 21505, in_data.len(): 0, out_size: 0)","level":"WARN","ts":"2026-10-06T21:41:58.783513322Z","instance":"remote-a-r1","service_name":"afs-node"}
{"msg":"[Not Implemented] ioctl(ino: 0xfe, fh: 575, flags: 0, cmd: 21505, in_data.len(): 0, out_size: 0)","level":"WARN","ts":"2026-10-06T21:41:58.78540853Z","instance":"remote-a-r1","service_name":"afs-node"}
{"msg":"[Not Implemented] ioctl(ino: 0xff, fh: 576, flags: 0, cmd: 21505, in_data.len(): 0, out_size: 0)","level":"WARN","ts":"2026-10-06T21:41:58.787249906Z","instance":"remote-a-r1","service_name":"afs-node"}
{"msg":"[Not Implemented] ioctl(ino: 0x100, fh: 577, flags: 0, cmd: 21505, in_data.len(): 0, out_size: 0)","level":"WARN","ts":"2026-10-06T21:41:58.790760621Z","instance":"remote-a-r1","service_name":"afs-node"}
{"msg":"[Not Implemented] ioctl(ino: 0x101, fh: 578, flags: 0, cmd: 21505, in_data.len(): 0, out_size: 0)","level":"WARN","ts":"2026-10-06T21:41:58.792930656Z","instance":"remote-a-r1","service_name":"afs-node"}
{"msg":"[Not Implemented] ioctl(ino: 0x102, fh: 579, flags: 0, cmd: 21505, in_data.len(): 0, out_size: 0)","level":"WARN","ts":"2026-10-06T21:41:58.794569245Z","instance":"remote-a-r1","service_name":"afs-node"}
{"msg":"[Not Implemented] ioctl(ino: 0x103, fh: 580, flags: 0, cmd: 21505, in_data.len(): 0, out_size: 0)","level":"WARN","ts":"2026-10-06T21:41:58.796569284Z","instance":"remote-a-r1","service_name":"afs-node"}
{"msg":"[Not Implemented] ioctl(ino: 0x104, fh: 581, flags: 0, cmd: 21505, in_data.len(): 0, out_size: 0)","level":"WARN","ts":"2026-10-06T21:41:58.798563115Z","instance":"remote-a-r1","service_name":"afs-node"}
{"msg":"[Not Implemented] ioctl(ino: 0x105, fh: 582, flags: 0, cmd: 21505, in_data.len(): 0, out_size: 0)","level":"WARN","ts":"2026-10-06T21:41:58.800758358Z","instance":"remote-a-r1","service_name":"afs-node"}
{"msg":"[Not Implemented] ioctl(ino: 0x106, fh: 583, flags: 0, cmd: 21505, in_data.len(): 0, out_size: 0)","level":"WARN","ts":"2026-10-06T21:41:58.802942518Z","instance":"remote-a-r1","service_name":"afs-node"}
{"msg":"[Not Implemented] ioctl(ino: 0x107, fh: 584, flags: 0, cmd: 21505, in_data.len(): 0, out_size: 0)","level":"WARN","ts":"2026-10-06T21:41:58.804867434Z","instance":"remote-a-r1","service_name":"afs-node"}
{"msg":"[Not Implemented] ioctl(ino: 0x108, fh: 585, flags: 0, cmd: 21505, in_data.len(): 0, out_size: 0)","level":"WARN","ts":"2026-10-06T21:41:58.806971596Z","instance":"remote-a-r1","service_name":"afs-node"}
{"msg":"[Not Implemented] ioctl(ino: 0x109, fh: 586, flags: 0, cmd: 21505, in_data.len(): 0, out_size: 0)","level":"WARN","ts":"2026-10-06T21:41:58.808992343Z","instance":"remote-a-r1","service_name":"afs-node"}
{"msg":"[Not Implemented] ioctl(ino: 0x10a, fh: 587, flags: 0, cmd: 21505, in_data.len(): 0, out_size: 0)","level":"WARN","ts":"2026-10-06T21:41:58.811019173Z","instance":"remote-a-r1","service_name":"afs-node"}
{"msg":"[Not Implemented] ioctl(ino: 0x10b, fh: 588, flags: 0, cmd: 21505, in_data.len(): 0, out_size: 0)","level":"WARN","ts":"2026-10-06T21:41:58.812995505Z","instance":"remote-a-r1","service_name":"afs-node"}
{"msg":"[Not Implemented] ioctl(ino: 0x10c, fh: 589, flags: 0, cmd: 21505, in_data.len(): 0, out_size: 0)","level":"WARN","ts":"2026-10-06T21:41:58.814912962Z","instance":"remote-a-r1","service_name":"afs-node"}
{"msg":"[Not Implemented] ioctl(ino: 0x10d, fh: 590, flags: 0, cmd: 21505, in_data.len(): 0, out_size: 0)","level":"WARN","ts":"2026-10-06T21:41:58.816904043Z","instance":"remote-a-r1","service_name":"afs-node"}
{"msg":"[Not Implemented] ioctl(ino: 0x10e, fh: 591, flags: 0, cmd: 21505, in_data.len(): 0, out_size: 0)","level":"WARN","ts":"2026-10-06T21:41:58.818821043Z","instance":"remote-a-r1","service_name":"afs-node"}
{"msg":"[Not Implemented] ioctl(ino: 0x10f, fh: 592, flags: 0, cmd: 21505, in_data.len(): 0, out_size: 0)","level":"WARN","ts":"2026-10-06T21:41:58.82090958Z","instance":"remote-a-r1","service_name":"afs-node"}
{"msg":"[Not Implemented] ioctl(ino: 0x110, fh: 593, flags: 0, cmd: 21505, in_data.len(): 0, out_size: 0)","level":"WARN","ts":"2026-10-06T21:41:58.822797288Z","instance":"remote-a-r1","service_name":"afs-node"}
{"msg":"[Not Implemented] ioctl(ino: 0x111, fh: 594, flags: 0, cmd: 21505, in_data.len(): 0, out_size: 0)","level":"WARN","ts":"2026-10-06T21:41:58.824853868Z","instance":"remote-a-r1","service_name":"afs-node"}
{"msg":"[Not Implemented] ioctl(ino: 0x112, fh: 595, flags: 0, cmd: 21505, in_data.len(): 0, out_size: 0)","level":"WARN","ts":"2026-10-06T21:41:58.8267787Z","instance":"remote-a-r1","service_name":"afs-node"}
{"msg":"[Not Implemented] ioctl(ino: 0x113, fh: 596, flags: 0, cmd: 21505, in_data.len(): 0, out_size: 0)","level":"WARN","ts":"2026-10-06T21:41:58.828756198Z","instance":"remote-a-r1","service_name":"afs-node"}
{"msg":"[Not Implemented] ioctl(ino: 0x114, fh: 597, flags: 0, cmd: 21505, in_data.len(): 0, out_size: 0)","level":"WARN","ts":"2026-10-06T21:41:58.830628574Z","instance":"remote-a-r1","service_name":"afs-node"}
{"msg":"[Not Implemented] ioctl(ino: 0x115, fh: 598, flags: 0, cmd: 21505, in_data.len(): 0, out_size: 0)","level":"WARN","ts":"2026-10-06T21:41:58.832477241Z","instance":"remote-a-r1","service_name":"afs-node"}
{"msg":"[Not Implemented] ioctl(ino: 0x116, fh: 599, flags: 0, cmd: 21505, in_data.len(): 0, out_size: 0)","level":"WARN","ts":"2026-10-06T21:41:58.834317075Z","instance":"remote-a-r1","service_name":"afs-node"}
{"msg":"[Not Implemented] ioctl(ino: 0x117, fh: 600, flags: 0, cmd: 21505, in_data.len(): 0, out_size: 0)","level":"WARN","ts":"2026-10-06T21:41:58.836112202Z","instance":"remote-a-r1","service_name":"afs-node"}
{"msg":"[Not Implemented] ioctl(ino: 0x118, fh: 601, flags: 0, cmd: 21505, in_data.len(): 0, out_size: 0)","level":"WARN","ts":"2026-10-06T21:41:58.838067409Z","instance":"remote-a-r1","service_name":"afs-node"}
{"msg":"[Not Implemented] ioctl(ino: 0x119, fh: 602, flags: 0, cmd: 21505, in_data.len(): 0, out_size: 0)","level":"WARN","ts":"2026-10-06T21:41:58.840086906Z","instance":"remote-a-r1","service_name":"afs-node"}
{"msg":"[Not Implemented] ioctl(ino: 0x11a, fh: 603, flags: 0, cmd: 21505, in_data.len(): 0, out_size: 0)","level":"WARN","ts":"2026-10-06T21:41:58.842176569Z","instance":"remote-a-r1","service_name":"afs-node"}
{"msg":"[Not Implemented] ioctl(ino: 0x11b, fh: 604, flags: 0, cmd: 21505, in_data.len(): 0, out_size: 0)","level":"WARN","ts":"2026-10-06T21:41:58.844081068Z","instance":"remote-a-r1","service_name":"afs-node"}
{"msg":"[Not Implemented] ioctl(ino: 0x11c, fh: 605, flags: 0, cmd: 21505, in_data.len(): 0, out_size: 0)","level":"WARN","ts":"2026-10-06T21:41:58.845918069Z","instance":"remote-a-r1","service_name":"afs-node"}
{"msg":"[Not Implemented] ioctl(ino: 0x11d, fh: 606, flags: 0, cmd: 21505, in_data.len(): 0, out_size: 0)","level":"WARN","ts":"2026-10-06T21:41:58.847900942Z","instance":"remote-a-r1","service_name":"afs-node"}
{"msg":"[Not Implemented] ioctl(ino: 0x11e, fh: 607, flags: 0, cmd: 21505, in_data.len(): 0, out_size: 0)","level":"WARN","ts":"2026-10-06T21:41:58.849893856Z","instance":"remote-a-r1","service_name":"afs-node"}
{"msg":"[Not Implemented] ioctl(ino: 0x11f, fh: 608, flags: 0, cmd: 21505, in_data.len(): 0, out_size: 0)","level":"WARN","ts":"2026-10-06T21:41:58.851874521Z","instance":"remote-a-r1","service_name":"afs-node"}
{"msg":"[Not Implemented] ioctl(ino: 0x120, fh: 609, flags: 0, cmd: 21505, in_data.len(): 0, out_size: 0)","level":"WARN","ts":"2026-10-06T21:41:58.853688231Z","instance":"remote-a-r1","service_name":"afs-node"}
{"msg":"[Not Implemented] ioctl(ino: 0x121, fh: 610, flags: 0, cmd: 21505, in_data.len(): 0, out_size: 0)","level":"WARN","ts":"2026-10-06T21:41:58.855647229Z","instance":"remote-a-r1","service_name":"afs-node"}
{"msg":"[Not Implemented] ioctl(ino: 0x122, fh: 611, flags: 0, cmd: 21505, in_data.len(): 0, out_size: 0)","level":"WARN","ts":"2026-10-06T21:41:58.857540271Z","instance":"remote-a-r1","service_name":"afs-node"}
{"msg":"[Not Implemented] ioctl(ino: 0x123, fh: 612, flags: 0, cmd: 21505, in_data.len(): 0, out_size: 0)","level":"WARN","ts":"2026-10-06T21:41:58.859464103Z","instance":"remote-a-r1","service_name":"afs-node"}
{"msg":"[Not Implemented] ioctl(ino: 0x124, fh: 613, flags: 0, cmd: 21505, in_data.len(): 0, out_size: 0)","level":"WARN","ts":"2026-10-06T21:41:58.861493809Z","instance":"remote-a-r1","service_name":"afs-node"}
{"msg":"[Not Implemented] ioctl(ino: 0x125, fh: 614, flags: 0, cmd: 21505, in_data.len(): 0, out_size: 0)","level":"WARN","ts":"2026-10-06T21:41:58.863322352Z","instance":"remote-a-r1","service_name":"afs-node"}
{"msg":"[Not Implemented] ioctl(ino: 0x126, fh: 615, flags: 0, cmd: 21505, in_data.len(): 0, out_size: 0)","level":"WARN","ts":"2026-10-06T21:41:58.865188269Z","instance":"remote-a-r1","service_name":"afs-node"}
{"msg":"[Not Implemented] ioctl(ino: 0x127, fh: 616, flags: 0, cmd: 21505, in_data.len(): 0, out_size: 0)","level":"WARN","ts":"2026-10-06T21:41:58.866932522Z","instance":"remote-a-r1","service_name":"afs-node"}
{"msg":"[Not Implemented] ioctl(ino: 0x128, fh: 617, flags: 0, cmd: 21505, in_data.len(): 0, out_size: 0)","level":"WARN","ts":"2026-10-06T21:41:58.868787356Z","instance":"remote-a-r1","service_name":"afs-node"}
{"msg":"[Not Implemented] ioctl(ino: 0x129, fh: 618, flags: 0, cmd: 21505, in_data.len(): 0, out_size: 0)","level":"WARN","ts":"2026-10-06T21:41:58.870718605Z","instance":"remote-a-r1","service_name":"afs-node"}
{"msg":"[Not Implemented] ioctl(ino: 0x12a, fh: 619, flags: 0, cmd: 21505, in_data.len(): 0, out_size: 0)","level":"WARN","ts":"2026-10-06T21:41:58.872764518Z","instance":"remote-a-r1","service_name":"afs-node"}
{"msg":"[Not Implemented] ioctl(ino: 0x12b, fh: 620, flags: 0, cmd: 21505, in_data.len(): 0, out_size: 0)","level":"WARN","ts":"2026-10-06T21:41:58.874674601Z","instance":"remote-a-r1","service_name":"afs-node"}
{"msg":"[Not Implemented] ioctl(ino: 0x12c, fh: 621, flags: 0, cmd: 21505, in_data.len(): 0, out_size: 0)","level":"WARN","ts":"2026-10-06T21:41:58.876567476Z","instance":"remote-a-r1","service_name":"afs-node"}
{"msg":"[Not Implemented] ioctl(ino: 0x12d, fh: 622, flags: 0, cmd: 21505, in_data.len(): 0, out_size: 0)","level":"WARN","ts":"2026-10-06T21:41:58.878494433Z","instance":"remote-a-r1","service_name":"afs-node"}
{"msg":"[Not Implemented] ioctl(ino: 0x12e, fh: 623, flags: 0, cmd: 21505, in_data.len(): 0, out_size: 0)","level":"WARN","ts":"2026-10-06T21:41:58.880352101Z","instance":"remote-a-r1","service_name":"afs-node"}
{"msg":"[Not Implemented] ioctl(ino: 0x12f, fh: 624, flags: 0, cmd: 21505, in_data.len(): 0, out_size: 0)","level":"WARN","ts":"2026-10-06T21:41:58.882233101Z","instance":"remote-a-r1","service_name":"afs-node"}
{"msg":"[Not Implemented] ioctl(ino: 0x130, fh: 625, flags: 0, cmd: 21505, in_data.len(): 0, out_size: 0)","level":"WARN","ts":"2026-10-06T21:41:58.884161266Z","instance":"remote-a-r1","service_name":"afs-node"}
{"msg":"[Not Implemented] ioctl(ino: 0x131, fh: 626, flags: 0, cmd: 21505, in_data.len(): 0, out_size: 0)","level":"WARN","ts":"2026-10-06T21:41:58.88604885Z","instance":"remote-a-r1","service_name":"afs-node"}
{"msg":"[Not Implemented] ioctl(ino: 0x132, fh: 627, flags: 0, cmd: 21505, in_data.len(): 0, out_size: 0)","level":"WARN","ts":"2026-10-06T21:41:58.888037598Z","instance":"remote-a-r1","service_name":"afs-node"}
{"msg":"[Not Implemented] ioctl(ino: 0x133, fh: 628, flags: 0, cmd: 21505, in_data.len(): 0, out_size: 0)","level":"WARN","ts":"2026-10-06T21:41:58.890064636Z","instance":"remote-a-r1","service_name":"afs-node"}
{"msg":"FUSE request failed","level":"ERRO","ts":"2026-10-06T21:42:00.173705642Z","instance":"remote-a-r1","service_name":"afs-node","message":"No such file or directory (os error 2)","kind":"NotFound","code":67305473}
{"msg":"FUSE request failed","level":"ERRO","ts":"2026-10-06T21:42:00.17609084Z","instance":"remote-a-r1","service_name":"afs-node","message":"No such file or directory (os error 2)","kind":"NotFound","code":67305473}
{"msg":"fuse.create","level":"INFO","ts":"2026-10-06T21:42:00.176120547Z","instance":"remote-a-r1","service_name":"afs-node","name":"entry-0000.bin","parent":308}
{"msg":"FUSE request failed","level":"ERRO","ts":"2026-10-06T21:42:00.178451371Z","instance":"remote-a-r1","service_name":"afs-node","message":"No such file or directory (os error 2)","kind":"NotFound","code":67305473}
{"msg":"fuse.create","level":"INFO","ts":"2026-10-06T21:42:00.178455621Z","instance":"remote-a-r1","service_name":"afs-node","name":"entry-0001.bin","parent":308}
{"msg":"FUSE request failed","level":"ERRO","ts":"2026-10-06T21:42:00.180579241Z","instance":"remote-a-r1","service_name":"afs-node","message":"No such file or directory (os error 2)","kind":"NotFound","code":67305473}
{"msg":"fuse.create","level":"INFO","ts":"2026-10-06T21:42:00.180604657Z","instance":"remote-a-r1","service_name":"afs-node","name":"entry-0002.bin","parent":308}
{"msg":"FUSE request failed","level":"ERRO","ts":"2026-10-06T21:42:00.182799192Z","instance":"remote-a-r1","service_name":"afs-node","message":"No such file or directory (os error 2)","kind":"NotFound","code":67305473}
{"msg":"fuse.create","level":"INFO","ts":"2026-10-06T21:42:00.182802608Z","instance":"remote-a-r1","service_name":"afs-node","name":"entry-0003.bin","parent":308}
{"msg":"FUSE request failed","level":"ERRO","ts":"2026-10-06T21:42:00.185359219Z","instance":"remote-a-r1","service_name":"afs-node","message":"No such file or directory (os error 2)","kind":"NotFound","code":67305473}
{"msg":"fuse.create","level":"INFO","ts":"2026-10-06T21:42:00.185363052Z","instance":"remote-a-r1","service_name":"afs-node","name":"entry-0004.bin","parent":308}
{"msg":"FUSE request failed","level":"ERRO","ts":"2026-10-06T21:42:00.187881246Z","instance":"remote-a-r1","service_name":"afs-node","message":"No such file or directory (os error 2)","kind":"NotFound","code":67305473}
{"msg":"fuse.create","level":"INFO","ts":"2026-10-06T21:42:00.187907829Z","instance":"remote-a-r1","service_name":"afs-node","name":"entry-0005.bin","parent":308}
{"msg":"FUSE request failed","level":"ERRO","ts":"2026-10-06T21:42:00.190226236Z","instance":"remote-a-r1","service_name":"afs-node","message":"No such file or directory (os error 2)","kind":"NotFound","code":67305473}
{"msg":"fuse.create","level":"INFO","ts":"2026-10-06T21:42:00.190247277Z","instance":"remote-a-r1","service_name":"afs-node","name":"entry-0006.bin","parent":308}
{"msg":"FUSE request failed","level":"ERRO","ts":"2026-10-06T21:42:00.192682349Z","instance":"remote-a-r1","service_name":"afs-node","message":"No such file or directory (os error 2)","kind":"NotFound","code":67305473}
{"msg":"fuse.create","level":"INFO","ts":"2026-10-06T21:42:00.192707556Z","instance":"remote-a-r1","service_name":"afs-node","name":"entry-0007.bin","parent":308}
{"msg":"FUSE request failed","level":"ERRO","ts":"2026-10-06T21:42:00.194999298Z","instance":"remote-a-r1","service_name":"afs-node","message":"No such file or directory (os error 2)","kind":"NotFound","code":67305473}
{"msg":"fuse.create","level":"INFO","ts":"2026-10-06T21:42:00.195019005Z","instance":"remote-a-r1","service_name":"afs-node","name":"entry-0008.bin","parent":308}
{"msg":"FUSE request failed","level":"ERRO","ts":"2026-10-06T21:42:00.197163625Z","instance":"remote-a-r1","service_name":"afs-node","message":"No such file or directory (os error 2)","kind":"NotFound","code":67305473}
{"msg":"fuse.create","level":"INFO","ts":"2026-10-06T21:42:00.197166291Z","instance":"remote-a-r1","service_name":"afs-node","name":"entry-0009.bin","parent":308}
{"msg":"FUSE request failed","level":"ERRO","ts":"2026-10-06T21:42:00.199292453Z","instance":"remote-a-r1","service_name":"afs-node","message":"No such file or directory (os error 2)","kind":"NotFound","code":67305473}
{"msg":"fuse.create","level":"INFO","ts":"2026-10-06T21:42:00.199310161Z","instance":"remote-a-r1","service_name":"afs-node","name":"entry-0010.bin","parent":308}
{"msg":"FUSE request failed","level":"ERRO","ts":"2026-10-06T21:42:00.201806689Z","instance":"remote-a-r1","service_name":"afs-node","message":"No such file or directory (os error 2)","kind":"NotFound","code":67305473}
{"msg":"fuse.create","level":"INFO","ts":"2026-10-06T21:42:00.20182148Z","instance":"remote-a-r1","service_name":"afs-node","name":"entry-0011.bin","parent":308}
{"msg":"FUSE request failed","level":"ERRO","ts":"2026-10-06T21:42:00.203944892Z","instance":"remote-a-r1","service_name":"afs-node","message":"No such file or directory (os error 2)","kind":"NotFound","code":67305473}
{"msg":"fuse.create","level":"INFO","ts":"2026-10-06T21:42:00.20396835Z","instance":"remote-a-r1","service_name":"afs-node","name":"entry-0012.bin","parent":308}
{"msg":"FUSE request failed","level":"ERRO","ts":"2026-10-06T21:42:00.206131635Z","instance":"remote-a-r1","service_name":"afs-node","message":"No such file or directory (os error 2)","kind":"NotFound","code":67305473}
{"msg":"fuse.create","level":"INFO","ts":"2026-10-06T21:42:00.20615751Z","instance":"remote-a-r1","service_name":"afs-node","name":"entry-0013.bin","parent":308}
{"msg":"FUSE request failed","level":"ERRO","ts":"2026-10-06T21:42:00.208683329Z","instance":"remote-a-r1","service_name":"afs-node","message":"No such file or directory (os error 2)","kind":"NotFound","code":67305473}
{"msg":"fuse.create","level":"INFO","ts":"2026-10-06T21:42:00.208693079Z","instance":"remote-a-r1","service_name":"afs-node","name":"entry-0014.bin","parent":308}
{"msg":"FUSE request failed","level":"ERRO","ts":"2026-10-06T21:42:00.210979445Z","instance":"remote-a-r1","service_name":"afs-node","message":"No such file or directory (os error 2)","kind":"NotFound","code":67305473}
{"msg":"fuse.create","level":"INFO","ts":"2026-10-06T21:42:00.211007403Z","instance":"remote-a-r1","service_name":"afs-node","name":"entry-0015.bin","parent":308}
{"msg":"FUSE request failed","level":"ERRO","ts":"2026-10-06T21:42:00.21326627Z","instance":"remote-a-r1","service_name":"afs-node","message":"No such file or directory (os error 2)","kind":"NotFound","code":67305473}
{"msg":"fuse.create","level":"INFO","ts":"2026-10-06T21:42:00.213283353Z","instance":"remote-a-r1","service_name":"afs-node","name":"entry-0016.bin","parent":308}
{"msg":"FUSE request failed","level":"ERRO","ts":"2026-10-06T21:42:00.215441222Z","instance":"remote-a-r1","service_name":"afs-node","message":"No such file or directory (os error 2)","kind":"NotFound","code":67305473}
{"msg":"fuse.create","level":"INFO","ts":"2026-10-06T21:42:00.21545768Z","instance":"remote-a-r1","service_name":"afs-node","name":"entry-0017.bin","parent":308}
{"msg":"FUSE request failed","level":"ERRO","ts":"2026-10-06T21:42:00.218182953Z","instance":"remote-a-r1","service_name":"afs-node","message":"No such file or directory (os error 2)","kind":"NotFound","code":67305473}
{"msg":"fuse.create","level":"INFO","ts":"2026-10-06T21:42:00.218186536Z","instance":"remote-a-r1","service_name":"afs-node","name":"entry-0018.bin","parent":308}
{"msg":"FUSE request failed","level":"ERRO","ts":"2026-10-06T21:42:00.22050011Z","instance":"remote-a-r1","service_name":"afs-node","message":"No such file or directory (os error 2)","kind":"NotFound","code":67305473}
{"msg":"fuse.create","level":"INFO","ts":"2026-10-06T21:42:00.220509818Z","instance":"remote-a-r1","service_name":"afs-node","name":"entry-0019.bin","parent":308}
{"msg":"FUSE request failed","level":"ERRO","ts":"2026-10-06T21:42:00.223267966Z","instance":"remote-a-r1","service_name":"afs-node","message":"No such file or directory (os error 2)","kind":"NotFound","code":67305473}
{"msg":"fuse.create","level":"INFO","ts":"2026-10-06T21:42:00.22329659Z","instance":"remote-a-r1","service_name":"afs-node","name":"entry-0020.bin","parent":308}
{"msg":"FUSE request failed","level":"ERRO","ts":"2026-10-06T21:42:00.226195693Z","instance":"remote-a-r1","service_name":"afs-node","message":"No such file or directory (os error 2)","kind":"NotFound","code":67305473}
{"msg":"fuse.create","level":"INFO","ts":"2026-10-06T21:42:00.226218484Z","instance":"remote-a-r1","service_name":"afs-node","name":"entry-0021.bin","parent":308}
{"msg":"FUSE request failed","level":"ERRO","ts":"2026-10-06T21:42:00.228732179Z","instance":"remote-a-r1","service_name":"afs-node","message":"No such file or directory (os error 2)","kind":"NotFound","code":67305473}
{"msg":"fuse.create","level":"INFO","ts":"2026-10-06T21:42:00.228753303Z","instance":"remote-a-r1","service_name":"afs-node","name":"entry-0022.bin","parent":308}
{"msg":"FUSE request failed","level":"ERRO","ts":"2026-10-06T21:42:00.23160324Z","instance":"remote-a-r1","service_name":"afs-node","message":"No such file or directory (os error 2)","kind":"NotFound","code":67305473}
{"msg":"fuse.create","level":"INFO","ts":"2026-10-06T21:42:00.231609782Z","instance":"remote-a-r1","service_name":"afs-node","name":"entry-0023.bin","parent":308}
{"msg":"FUSE request failed","level":"ERRO","ts":"2026-10-06T21:42:00.233849566Z","instance":"remote-a-r1","service_name":"afs-node","message":"No such file or directory (os error 2)","kind":"NotFound","code":67305473}
{"msg":"fuse.create","level":"INFO","ts":"2026-10-06T21:42:00.233852482Z","instance":"remote-a-r1","service_name":"afs-node","name":"entry-0024.bin","parent":308}
{"msg":"FUSE request failed","level":"ERRO","ts":"2026-10-06T21:42:00.236057184Z","instance":"remote-a-r1","service_name":"afs-node","message":"No such file or directory (os error 2)","kind":"NotFound","code":67305473}
{"msg":"fuse.create","level":"INFO","ts":"2026-10-06T21:42:00.236079225Z","instance":"remote-a-r1","service_name":"afs-node","name":"entry-0025.bin","parent":308}
{"msg":"FUSE request failed","level":"ERRO","ts":"2026-10-06T21:42:00.238942953Z","instance":"remote-a-r1","service_name":"afs-node","message":"No such file or directory (os error 2)","kind":"NotFound","code":67305473}
{"msg":"fuse.create","level":"INFO","ts":"2026-10-06T21:42:00.238970994Z","instance":"remote-a-r1","service_name":"afs-node","name":"entry-0026.bin","parent":308}
{"msg":"FUSE request failed","level":"ERRO","ts":"2026-10-06T21:42:00.241117072Z","instance":"remote-a-r1","service_name":"afs-node","message":"No such file or directory (os error 2)","kind":"NotFound","code":67305473}
{"msg":"fuse.create","level":"INFO","ts":"2026-10-06T21:42:00.241135738Z","instance":"remote-a-r1","service_name":"afs-node","name":"entry-0027.bin","parent":308}
{"msg":"FUSE request failed","level":"ERRO","ts":"2026-10-06T21:42:00.243483728Z","instance":"remote-a-r1","service_name":"afs-node","message":"No such file or directory (os error 2)","kind":"NotFound","code":67305473}
{"msg":"fuse.create","level":"INFO","ts":"2026-10-06T21:42:00.243502144Z","instance":"remote-a-r1","service_name":"afs-node","name":"entry-0028.bin","parent":308}
{"msg":"FUSE request failed","level":"ERRO","ts":"2026-10-06T21:42:00.245637056Z","instance":"remote-a-r1","service_name":"afs-node","message":"No such file or directory (os error 2)","kind":"NotFound","code":67305473}
{"msg":"fuse.create","level":"INFO","ts":"2026-10-06T21:42:00.245650805Z","instance":"remote-a-r1","service_name":"afs-node","name":"entry-0029.bin","parent":308}
{"msg":"FUSE request failed","level":"ERRO","ts":"2026-10-06T21:42:00.247912756Z","instance":"remote-a-r1","service_name":"afs-node","message":"No such file or directory (os error 2)","kind":"NotFound","code":67305473}
{"msg":"fuse.create","level":"INFO","ts":"2026-10-06T21:42:00.247928297Z","instance":"remote-a-r1","service_name":"afs-node","name":"entry-0030.bin","parent":308}
{"msg":"FUSE request failed","level":"ERRO","ts":"2026-10-06T21:42:00.250076583Z","instance":"remote-a-r1","service_name":"afs-node","message":"No such file or directory (os error 2)","kind":"NotFound","code":67305473}
{"msg":"fuse.create","level":"INFO","ts":"2026-10-06T21:42:00.250091916Z","instance":"remote-a-r1","service_name":"afs-node","name":"entry-0031.bin","parent":308}
{"msg":"FUSE request failed","level":"ERRO","ts":"2026-10-06T21:42:00.252602444Z","instance":"remote-a-r1","service_name":"afs-node","message":"No such file or directory (os error 2)","kind":"NotFound","code":67305473}
{"msg":"fuse.create","level":"INFO","ts":"2026-10-06T21:42:00.25262361Z","instance":"remote-a-r1","service_name":"afs-node","name":"entry-0032.bin","parent":308}
{"msg":"FUSE request failed","level":"ERRO","ts":"2026-10-06T21:42:00.257542335Z","instance":"remote-a-r1","service_name":"afs-node","message":"No such file or directory (os error 2)","kind":"NotFound","code":67305473}
{"msg":"fuse.create","level":"INFO","ts":"2026-10-06T21:42:00.257559168Z","instance":"remote-a-r1","service_name":"afs-node","name":"entry-0033.bin","parent":308}
{"msg":"FUSE request failed","level":"ERRO","ts":"2026-10-06T21:42:00.262342479Z","instance":"remote-a-r1","service_name":"afs-node","message":"No such file or directory (os error 2)","kind":"NotFound","code":67305473}
{"msg":"fuse.create","level":"INFO","ts":"2026-10-06T21:42:00.262369562Z","instance":"remote-a-r1","service_name":"afs-node","name":"entry-0034.bin","parent":308}
{"msg":"FUSE request failed","level":"ERRO","ts":"2026-10-06T21:42:00.264841674Z","instance":"remote-a-r1","service_name":"afs-node","message":"No such file or directory (os error 2)","kind":"NotFound","code":67305473}
{"msg":"fuse.create","level":"INFO","ts":"2026-10-06T21:42:00.264860173Z","instance":"remote-a-r1","service_name":"afs-node","name":"entry-0035.bin","parent":308}
{"msg":"FUSE request failed","level":"ERRO","ts":"2026-10-06T21:42:00.267247246Z","instance":"remote-a-r1","service_name":"afs-node","message":"No such file or directory (os error 2)","kind":"NotFound","code":67305473}
{"msg":"fuse.create","level":"INFO","ts":"2026-10-06T21:42:00.267277037Z","instance":"remote-a-r1","service_name":"afs-node","name":"entry-0036.bin","parent":308}
{"msg":"FUSE request failed","level":"ERRO","ts":"2026-10-06T21:42:00.269484363Z","instance":"remote-a-r1","service_name":"afs-node","message":"No such file or directory (os error 2)","kind":"NotFound","code":67305473}
{"msg":"fuse.create","level":"INFO","ts":"2026-10-06T21:42:00.269549445Z","instance":"remote-a-r1","service_name":"afs-node","name":"entry-0037.bin","parent":308}
{"msg":"FUSE request failed","level":"ERRO","ts":"2026-10-06T21:42:00.272113305Z","instance":"remote-a-r1","service_name":"afs-node","message":"No such file or directory (os error 2)","kind":"NotFound","code":67305473}
{"msg":"fuse.create","level":"INFO","ts":"2026-10-06T21:42:00.272132388Z","instance":"remote-a-r1","service_name":"afs-node","name":"entry-0038.bin","parent":308}
{"msg":"FUSE request failed","level":"ERRO","ts":"2026-10-06T21:42:00.274348339Z","instance":"remote-a-r1","service_name":"afs-node","message":"No such file or directory (os error 2)","kind":"NotFound","code":67305473}
{"msg":"fuse.create","level":"INFO","ts":"2026-10-06T21:42:00.27436363Z","instance":"remote-a-r1","service_name":"afs-node","name":"entry-0039.bin","parent":308}
{"msg":"FUSE request failed","level":"ERRO","ts":"2026-10-06T21:42:00.27659104Z","instance":"remote-a-r1","service_name":"afs-node","message":"No such file or directory (os error 2)","kind":"NotFound","code":67305473}
{"msg":"fuse.create","level":"INFO","ts":"2026-10-06T21:42:00.276614581Z","instance":"remote-a-r1","service_name":"afs-node","name":"entry-0040.bin","parent":308}
{"msg":"FUSE request failed","level":"ERRO","ts":"2026-10-06T21:42:00.278740117Z","instance":"remote-a-r1","service_name":"afs-node","message":"No such file or directory (os error 2)","kind":"NotFound","code":67305473}
{"msg":"fuse.create","level":"INFO","ts":"2026-10-06T21:42:00.278764367Z","instance":"remote-a-r1","service_name":"afs-node","name":"entry-0041.bin","parent":308}
{"msg":"FUSE request failed","level":"ERRO","ts":"2026-10-06T21:42:00.280935569Z","instance":"remote-a-r1","service_name":"afs-node","message":"No such file or directory (os error 2)","kind":"NotFound","code":67305473}
{"msg":"fuse.create","level":"INFO","ts":"2026-10-06T21:42:00.280954068Z","instance":"remote-a-r1","service_name":"afs-node","name":"entry-0042.bin","parent":308}
{"msg":"FUSE request failed","level":"ERRO","ts":"2026-10-06T21:42:00.283084396Z","instance":"remote-a-r1","service_name":"afs-node","message":"No such file or directory (os error 2)","kind":"NotFound","code":67305473}
{"msg":"fuse.create","level":"INFO","ts":"2026-10-06T21:42:00.283107563Z","instance":"remote-a-r1","service_name":"afs-node","name":"entry-0043.bin","parent":308}
{"msg":"FUSE request failed","level":"ERRO","ts":"2026-10-06T21:42:00.285170225Z","instance":"remote-a-r1","service_name":"afs-node","message":"No such file or directory (os error 2)","kind":"NotFound","code":67305473}
{"msg":"fuse.create","level":"INFO","ts":"2026-10-06T21:42:00.285191183Z","instance":"remote-a-r1","service_name":"afs-node","name":"entry-0044.bin","parent":308}
{"msg":"FUSE request failed","level":"ERRO","ts":"2026-10-06T21:42:00.287982413Z","instance":"remote-a-r1","service_name":"afs-node","message":"No such file or directory (os error 2)","kind":"NotFound","code":67305473}
{"msg":"fuse.create","level":"INFO","ts":"2026-10-06T21:42:00.288002705Z","instance":"remote-a-r1","service_name":"afs-node","name":"entry-0045.bin","parent":308}
{"msg":"FUSE request failed","level":"ERRO","ts":"2026-10-06T21:42:00.290783768Z","instance":"remote-a-r1","service_name":"afs-node","message":"No such file or directory (os error 2)","kind":"NotFound","code":67305473}
{"msg":"fuse.create","level":"INFO","ts":"2026-10-06T21:42:00.290803351Z","instance":"remote-a-r1","service_name":"afs-node","name":"entry-0046.bin","parent":308}
{"msg":"FUSE request failed","level":"ERRO","ts":"2026-10-06T21:42:00.292952554Z","instance":"remote-a-r1","service_name":"afs-node","message":"No such file or directory (os error 2)","kind":"NotFound","code":67305473}
{"msg":"fuse.create","level":"INFO","ts":"2026-10-06T21:42:00.292971512Z","instance":"remote-a-r1","service_name":"afs-node","name":"entry-0047.bin","parent":308}
{"msg":"FUSE request failed","level":"ERRO","ts":"2026-10-06T21:42:00.295079382Z","instance":"remote-a-r1","service_name":"afs-node","message":"No such file or directory (os error 2)","kind":"NotFound","code":67305473}
{"msg":"fuse.create","level":"INFO","ts":"2026-10-06T21:42:00.295094882Z","instance":"remote-a-r1","service_name":"afs-node","name":"entry-0048.bin","parent":308}
{"msg":"FUSE request failed","level":"ERRO","ts":"2026-10-06T21:42:00.297214751Z","instance":"remote-a-r1","service_name":"afs-node","message":"No such file or directory (os error 2)","kind":"NotFound","code":67305473}
{"msg":"fuse.create","level":"INFO","ts":"2026-10-06T21:42:00.297217835Z","instance":"remote-a-r1","service_name":"afs-node","name":"entry-0049.bin","parent":308}
{"msg":"FUSE request failed","level":"ERRO","ts":"2026-10-06T21:42:00.299377454Z","instance":"remote-a-r1","service_name":"afs-node","message":"No such file or directory (os error 2)","kind":"NotFound","code":67305473}
{"msg":"fuse.create","level":"INFO","ts":"2026-10-06T21:42:00.29939312Z","instance":"remote-a-r1","service_name":"afs-node","name":"entry-0050.bin","parent":308}
{"msg":"FUSE request failed","level":"ERRO","ts":"2026-10-06T21:42:00.301487699Z","instance":"remote-a-r1","service_name":"afs-node","message":"No such file or directory (os error 2)","kind":"NotFound","code":67305473}
{"msg":"fuse.create","level":"INFO","ts":"2026-10-06T21:42:00.30150524Z","instance":"remote-a-r1","service_name":"afs-node","name":"entry-0051.bin","parent":308}
{"msg":"FUSE request failed","level":"ERRO","ts":"2026-10-06T21:42:00.303604569Z","instance":"remote-a-r1","service_name":"afs-node","message":"No such file or directory (os error 2)","kind":"NotFound","code":67305473}
{"msg":"fuse.create","level":"INFO","ts":"2026-10-06T21:42:00.303624152Z","instance":"remote-a-r1","service_name":"afs-node","name":"entry-0052.bin","parent":308}
{"msg":"FUSE request failed","level":"ERRO","ts":"2026-10-06T21:42:00.305783854Z","instance":"remote-a-r1","service_name":"afs-node","message":"No such file or directory (os error 2)","kind":"NotFound","code":67305473}
{"msg":"fuse.create","level":"INFO","ts":"2026-10-06T21:42:00.305799104Z","instance":"remote-a-r1","service_name":"afs-node","name":"entry-0053.bin","parent":308}
{"msg":"FUSE request failed","level":"ERRO","ts":"2026-10-06T21:42:00.308304674Z","instance":"remote-a-r1","service_name":"afs-node","message":"No such file or directory (os error 2)","kind":"NotFound","code":67305473}
{"msg":"fuse.create","level":"INFO","ts":"2026-10-06T21:42:00.308328965Z","instance":"remote-a-r1","service_name":"afs-node","name":"entry-0054.bin","parent":308}
{"msg":"FUSE request failed","level":"ERRO","ts":"2026-10-06T21:42:00.310463209Z","instance":"remote-a-r1","service_name":"afs-node","message":"No such file or directory (os error 2)","kind":"NotFound","code":67305473}
{"msg":"fuse.create","level":"INFO","ts":"2026-10-06T21:42:00.310474376Z","instance":"remote-a-r1","service_name":"afs-node","name":"entry-0055.bin","parent":308}
{"msg":"FUSE request failed","level":"ERRO","ts":"2026-10-06T21:42:00.312712701Z","instance":"remote-a-r1","service_name":"afs-node","message":"No such file or directory (os error 2)","kind":"NotFound","code":67305473}
{"msg":"fuse.create","level":"INFO","ts":"2026-10-06T21:42:00.312730368Z","instance":"remote-a-r1","service_name":"afs-node","name":"entry-0056.bin","parent":308}
{"msg":"FUSE request failed","level":"ERRO","ts":"2026-10-06T21:42:00.315151148Z","instance":"remote-a-r1","service_name":"afs-node","message":"No such file or directory (os error 2)","kind":"NotFound","code":67305473}
{"msg":"fuse.create","level":"INFO","ts":"2026-10-06T21:42:00.315173564Z","instance":"remote-a-r1","service_name":"afs-node","name":"entry-0057.bin","parent":308}
{"msg":"FUSE request failed","level":"ERRO","ts":"2026-10-06T21:42:00.317600427Z","instance":"remote-a-r1","service_name":"afs-node","message":"No such file or directory (os error 2)","kind":"NotFound","code":67305473}
{"msg":"fuse.create","level":"INFO","ts":"2026-10-06T21:42:00.31761351Z","instance":"remote-a-r1","service_name":"afs-node","name":"entry-0058.bin","parent":308}
{"msg":"FUSE request failed","level":"ERRO","ts":"2026-10-06T21:42:00.319829669Z","instance":"remote-a-r1","service_name":"afs-node","message":"No such file or directory (os error 2)","kind":"NotFound","code":67305473}
{"msg":"fuse.create","level":"INFO","ts":"2026-10-06T21:42:00.319846836Z","instance":"remote-a-r1","service_name":"afs-node","name":"entry-0059.bin","parent":308}
{"msg":"FUSE request failed","level":"ERRO","ts":"2026-10-06T21:42:00.322082953Z","instance":"remote-a-r1","service_name":"afs-node","message":"No such file or directory (os error 2)","kind":"NotFound","code":67305473}
{"msg":"fuse.create","level":"INFO","ts":"2026-10-06T21:42:00.322105369Z","instance":"remote-a-r1","service_name":"afs-node","name":"entry-0060.bin","parent":308}
{"msg":"FUSE request failed","level":"ERRO","ts":"2026-10-06T21:42:00.325020555Z","instance":"remote-a-r1","service_name":"afs-node","message":"No such file or directory (os error 2)","kind":"NotFound","code":67305473}
{"msg":"fuse.create","level":"INFO","ts":"2026-10-06T21:42:00.325023221Z","instance":"remote-a-r1","service_name":"afs-node","name":"entry-0061.bin","parent":308}
{"msg":"FUSE request failed","level":"ERRO","ts":"2026-10-06T21:42:00.327201215Z","instance":"remote-a-r1","service_name":"afs-node","message":"No such file or directory (os error 2)","kind":"NotFound","code":67305473}
{"msg":"fuse.create","level":"INFO","ts":"2026-10-06T21:42:00.327220715Z","instance":"remote-a-r1","service_name":"afs-node","name":"entry-0062.bin","parent":308}
{"msg":"FUSE request failed","level":"ERRO","ts":"2026-10-06T21:42:00.329371876Z","instance":"remote-a-r1","service_name":"afs-node","message":"No such file or directory (os error 2)","kind":"NotFound","code":67305473}
{"msg":"fuse.create","level":"INFO","ts":"2026-10-06T21:42:00.329384792Z","instance":"remote-a-r1","service_name":"afs-node","name":"entry-0063.bin","parent":308}
{"msg":"FUSE request failed","level":"ERRO","ts":"2026-10-06T21:42:00.332006942Z","instance":"remote-a-r1","service_name":"afs-node","message":"No such file or directory (os error 2)","kind":"NotFound","code":67305473}
{"msg":"fuse.create","level":"INFO","ts":"2026-10-06T21:42:00.332020859Z","instance":"remote-a-r1","service_name":"afs-node","name":"entry-0064.bin","parent":308}
{"msg":"FUSE request failed","level":"ERRO","ts":"2026-10-06T21:42:00.334108604Z","instance":"remote-a-r1","service_name":"afs-node","message":"No such file or directory (os error 2)","kind":"NotFound","code":67305473}
{"msg":"fuse.create","level":"INFO","ts":"2026-10-06T21:42:00.334128604Z","instance":"remote-a-r1","service_name":"afs-node","name":"entry-0065.bin","parent":308}
{"msg":"FUSE request failed","level":"ERRO","ts":"2026-10-06T21:42:00.336416095Z","instance":"remote-a-r1","service_name":"afs-node","message":"No such file or directory (os error 2)","kind":"NotFound","code":67305473}
{"msg":"fuse.create","level":"INFO","ts":"2026-10-06T21:42:00.336445803Z","instance":"remote-a-r1","service_name":"afs-node","name":"entry-0066.bin","parent":308}
{"msg":"FUSE request failed","level":"ERRO","ts":"2026-10-06T21:42:00.338657587Z","instance":"remote-a-r1","service_name":"afs-node","message":"No such file or directory (os error 2)","kind":"NotFound","code":67305473}
{"msg":"fuse.create","level":"INFO","ts":"2026-10-06T21:42:00.338674962Z","instance":"remote-a-r1","service_name":"afs-node","name":"entry-0067.bin","parent":308}
{"msg":"FUSE request failed","level":"ERRO","ts":"2026-10-06T21:42:00.340820123Z","instance":"remote-a-r1","service_name":"afs-node","message":"No such file or directory (os error 2)","kind":"NotFound","code":67305473}
{"msg":"fuse.create","level":"INFO","ts":"2026-10-06T21:42:00.340847289Z","instance":"remote-a-r1","service_name":"afs-node","name":"entry-0068.bin","parent":308}
{"msg":"FUSE request failed","level":"ERRO","ts":"2026-10-06T21:42:00.34305474Z","instance":"remote-a-r1","service_name":"afs-node","message":"No such file or directory (os error 2)","kind":"NotFound","code":67305473}
{"msg":"fuse.create","level":"INFO","ts":"2026-10-06T21:42:00.343068865Z","instance":"remote-a-r1","service_name":"afs-node","name":"entry-0069.bin","parent":308}
{"msg":"FUSE request failed","level":"ERRO","ts":"2026-10-06T21:42:00.345241109Z","instance":"remote-a-r1","service_name":"afs-node","message":"No such file or directory (os error 2)","kind":"NotFound","code":67305473}
{"msg":"fuse.create","level":"INFO","ts":"2026-10-06T21:42:00.345244775Z","instance":"remote-a-r1","service_name":"afs-node","name":"entry-0070.bin","parent":308}
{"msg":"FUSE request failed","level":"ERRO","ts":"2026-10-06T21:42:00.34731448Z","instance":"remote-a-r1","service_name":"afs-node","message":"No such file or directory (os error 2)","kind":"NotFound","code":67305473}
{"msg":"fuse.create","level":"INFO","ts":"2026-10-06T21:42:00.347334104Z","instance":"remote-a-r1","service_name":"afs-node","name":"entry-0071.bin","parent":308}
{"msg":"FUSE request failed","level":"ERRO","ts":"2026-10-06T21:42:00.349500973Z","instance":"remote-a-r1","service_name":"afs-node","message":"No such file or directory (os error 2)","kind":"NotFound","code":67305473}
{"msg":"fuse.create","level":"INFO","ts":"2026-10-06T21:42:00.349524931Z","instance":"remote-a-r1","service_name":"afs-node","name":"entry-0072.bin","parent":308}
{"msg":"FUSE request failed","level":"ERRO","ts":"2026-10-06T21:42:00.351708466Z","instance":"remote-a-r1","service_name":"afs-node","message":"No such file or directory (os error 2)","kind":"NotFound","code":67305473}
{"msg":"fuse.create","level":"INFO","ts":"2026-10-06T21:42:00.351716674Z","instance":"remote-a-r1","service_name":"afs-node","name":"entry-0073.bin","parent":308}
{"msg":"FUSE request failed","level":"ERRO","ts":"2026-10-06T21:42:00.353913043Z","instance":"remote-a-r1","service_name":"afs-node","message":"No such file or directory (os error 2)","kind":"NotFound","code":67305473}
{"msg":"fuse.create","level":"INFO","ts":"2026-10-06T21:42:00.353932792Z","instance":"remote-a-r1","service_name":"afs-node","name":"entry-0074.bin","parent":308}
{"msg":"FUSE request failed","level":"ERRO","ts":"2026-10-06T21:42:00.356397405Z","instance":"remote-a-r1","service_name":"afs-node","message":"No such file or directory (os error 2)","kind":"NotFound","code":67305473}
{"msg":"fuse.create","level":"INFO","ts":"2026-10-06T21:42:00.356413029Z","instance":"remote-a-r1","service_name":"afs-node","name":"entry-0075.bin","parent":308}
{"msg":"FUSE request failed","level":"ERRO","ts":"2026-10-06T21:42:00.358543149Z","instance":"remote-a-r1","service_name":"afs-node","message":"No such file or directory (os error 2)","kind":"NotFound","code":67305473}
{"msg":"fuse.create","level":"INFO","ts":"2026-10-06T21:42:00.358571732Z","instance":"remote-a-r1","service_name":"afs-node","name":"entry-0076.bin","parent":308}
{"msg":"FUSE request failed","level":"ERRO","ts":"2026-10-06T21:42:00.361048135Z","instance":"remote-a-r1","service_name":"afs-node","message":"No such file or directory (os error 2)","kind":"NotFound","code":67305473}
{"msg":"fuse.create","level":"INFO","ts":"2026-10-06T21:42:00.361064552Z","instance":"remote-a-r1","service_name":"afs-node","name":"entry-0077.bin","parent":308}
{"msg":"FUSE request failed","level":"ERRO","ts":"2026-10-06T21:42:00.363276628Z","instance":"remote-a-r1","service_name":"afs-node","message":"No such file or directory (os error 2)","kind":"NotFound","code":67305473}
{"msg":"fuse.create","level":"INFO","ts":"2026-10-06T21:42:00.363296752Z","instance":"remote-a-r1","service_name":"afs-node","name":"entry-0078.bin","parent":308}
{"msg":"FUSE request failed","level":"ERRO","ts":"2026-10-06T21:42:00.365769781Z","instance":"remote-a-r1","service_name":"afs-node","message":"No such file or directory (os error 2)","kind":"NotFound","code":67305473}
{"msg":"fuse.create","level":"INFO","ts":"2026-10-06T21:42:00.365787156Z","instance":"remote-a-r1","service_name":"afs-node","name":"entry-0079.bin","parent":308}
{"msg":"FUSE request failed","level":"ERRO","ts":"2026-10-06T21:42:00.367887943Z","instance":"remote-a-r1","service_name":"afs-node","message":"No such file or directory (os error 2)","kind":"NotFound","code":67305473}
{"msg":"fuse.create","level":"INFO","ts":"2026-10-06T21:42:00.367906192Z","instance":"remote-a-r1","service_name":"afs-node","name":"entry-0080.bin","parent":308}
{"msg":"FUSE request failed","level":"ERRO","ts":"2026-10-06T21:42:00.370270432Z","instance":"remote-a-r1","service_name":"afs-node","message":"No such file or directory (os error 2)","kind":"NotFound","code":67305473}
{"msg":"fuse.create","level":"INFO","ts":"2026-10-06T21:42:00.370275473Z","instance":"remote-a-r1","service_name":"afs-node","name":"entry-0081.bin","parent":308}
{"msg":"FUSE request failed","level":"ERRO","ts":"2026-10-06T21:42:00.372412176Z","instance":"remote-a-r1","service_name":"afs-node","message":"No such file or directory (os error 2)","kind":"NotFound","code":67305473}
{"msg":"fuse.create","level":"INFO","ts":"2026-10-06T21:42:00.372416385Z","instance":"remote-a-r1","service_name":"afs-node","name":"entry-0082.bin","parent":308}
{"msg":"FUSE request failed","level":"ERRO","ts":"2026-10-06T21:42:00.374704792Z","instance":"remote-a-r1","service_name":"afs-node","message":"No such file or directory (os error 2)","kind":"NotFound","code":67305473}
{"msg":"fuse.create","level":"INFO","ts":"2026-10-06T21:42:00.374718667Z","instance":"remote-a-r1","service_name":"afs-node","name":"entry-0083.bin","parent":308}
{"msg":"FUSE request failed","level":"ERRO","ts":"2026-10-06T21:42:00.376934827Z","instance":"remote-a-r1","service_name":"afs-node","message":"No such file or directory (os error 2)","kind":"NotFound","code":67305473}
{"msg":"fuse.create","level":"INFO","ts":"2026-10-06T21:42:00.376951701Z","instance":"remote-a-r1","service_name":"afs-node","name":"entry-0084.bin","parent":308}
{"msg":"FUSE request failed","level":"ERRO","ts":"2026-10-06T21:42:00.37941348Z","instance":"remote-a-r1","service_name":"afs-node","message":"No such file or directory (os error 2)","kind":"NotFound","code":67305473}
{"msg":"fuse.create","level":"INFO","ts":"2026-10-06T21:42:00.37944198Z","instance":"remote-a-r1","service_name":"afs-node","name":"entry-0085.bin","parent":308}
{"msg":"FUSE request failed","level":"ERRO","ts":"2026-10-06T21:42:00.382141878Z","instance":"remote-a-r1","service_name":"afs-node","message":"No such file or directory (os error 2)","kind":"NotFound","code":67305473}
{"msg":"fuse.create","level":"INFO","ts":"2026-10-06T21:42:00.382151003Z","instance":"remote-a-r1","service_name":"afs-node","name":"entry-0086.bin","parent":308}
{"msg":"FUSE request failed","level":"ERRO","ts":"2026-10-06T21:42:00.38434483Z","instance":"remote-a-r1","service_name":"afs-node","message":"No such file or directory (os error 2)","kind":"NotFound","code":67305473}
{"msg":"fuse.create","level":"INFO","ts":"2026-10-06T21:42:00.384360788Z","instance":"remote-a-r1","service_name":"afs-node","name":"entry-0087.bin","parent":308}
{"msg":"FUSE request failed","level":"ERRO","ts":"2026-10-06T21:42:00.386403118Z","instance":"remote-a-r1","service_name":"afs-node","message":"No such file or directory (os error 2)","kind":"NotFound","code":67305473}
{"msg":"fuse.create","level":"INFO","ts":"2026-10-06T21:42:00.386416992Z","instance":"remote-a-r1","service_name":"afs-node","name":"entry-0088.bin","parent":308}
{"msg":"FUSE request failed","level":"ERRO","ts":"2026-10-06T21:42:00.389149432Z","instance":"remote-a-r1","service_name":"afs-node","message":"No such file or directory (os error 2)","kind":"NotFound","code":67305473}
{"msg":"fuse.create","level":"INFO","ts":"2026-10-06T21:42:00.389177973Z","instance":"remote-a-r1","service_name":"afs-node","name":"entry-0089.bin","parent":308}
{"msg":"FUSE request failed","level":"ERRO","ts":"2026-10-06T21:42:00.391469881Z","instance":"remote-a-r1","service_name":"afs-node","message":"No such file or directory (os error 2)","kind":"NotFound","code":67305473}
{"msg":"fuse.create","level":"INFO","ts":"2026-10-06T21:42:00.391485631Z","instance":"remote-a-r1","service_name":"afs-node","name":"entry-0090.bin","parent":308}
{"msg":"FUSE request failed","level":"ERRO","ts":"2026-10-06T21:42:00.393609334Z","instance":"remote-a-r1","service_name":"afs-node","message":"No such file or directory (os error 2)","kind":"NotFound","code":67305473}
{"msg":"fuse.create","level":"INFO","ts":"2026-10-06T21:42:00.393634958Z","instance":"remote-a-r1","service_name":"afs-node","name":"entry-0091.bin","parent":308}
{"msg":"FUSE request failed","level":"ERRO","ts":"2026-10-06T21:42:00.396174069Z","instance":"remote-a-r1","service_name":"afs-node","message":"No such file or directory (os error 2)","kind":"NotFound","code":67305473}
{"msg":"fuse.create","level":"INFO","ts":"2026-10-06T21:42:00.396193985Z","instance":"remote-a-r1","service_name":"afs-node","name":"entry-0092.bin","parent":308}
{"msg":"FUSE request failed","level":"ERRO","ts":"2026-10-06T21:42:00.398422811Z","instance":"remote-a-r1","service_name":"afs-node","message":"No such file or directory (os error 2)","kind":"NotFound","code":67305473}
{"msg":"fuse.create","level":"INFO","ts":"2026-10-06T21:42:00.398442352Z","instance":"remote-a-r1","service_name":"afs-node","name":"entry-0093.bin","parent":308}
{"msg":"FUSE request failed","level":"ERRO","ts":"2026-10-06T21:42:00.400778551Z","instance":"remote-a-r1","service_name":"afs-node","message":"No such file or directory (os error 2)","kind":"NotFound","code":67305473}
{"msg":"fuse.create","level":"INFO","ts":"2026-10-06T21:42:00.400789675Z","instance":"remote-a-r1","service_name":"afs-node","name":"entry-0094.bin","parent":308}
{"msg":"FUSE request failed","level":"ERRO","ts":"2026-10-06T21:42:00.403551156Z","instance":"remote-a-r1","service_name":"afs-node","message":"No such file or directory (os error 2)","kind":"NotFound","code":67305473}
{"msg":"fuse.create","level":"INFO","ts":"2026-10-06T21:42:00.403558156Z","instance":"remote-a-r1","service_name":"afs-node","name":"entry-0095.bin","parent":308}
{"msg":"FUSE request failed","level":"ERRO","ts":"2026-10-06T21:42:00.40566361Z","instance":"remote-a-r1","service_name":"afs-node","message":"No such file or directory (os error 2)","kind":"NotFound","code":67305473}
{"msg":"fuse.create","level":"INFO","ts":"2026-10-06T21:42:00.405686859Z","instance":"remote-a-r1","service_name":"afs-node","name":"entry-0096.bin","parent":308}
{"msg":"FUSE request failed","level":"ERRO","ts":"2026-10-06T21:42:00.409452943Z","instance":"remote-a-r1","service_name":"afs-node","message":"No such file or directory (os error 2)","kind":"NotFound","code":67305473}
{"msg":"fuse.create","level":"INFO","ts":"2026-10-06T21:42:00.40948165Z","instance":"remote-a-r1","service_name":"afs-node","name":"entry-0097.bin","parent":308}
{"msg":"FUSE request failed","level":"ERRO","ts":"2026-10-06T21:42:00.411642061Z","instance":"remote-a-r1","service_name":"afs-node","message":"No such file or directory (os error 2)","kind":"NotFound","code":67305473}
{"msg":"fuse.create","level":"INFO","ts":"2026-10-06T21:42:00.411658269Z","instance":"remote-a-r1","service_name":"afs-node","name":"entry-0098.bin","parent":308}
{"msg":"FUSE request failed","level":"ERRO","ts":"2026-10-06T21:42:00.414602496Z","instance":"remote-a-r1","service_name":"afs-node","message":"No such file or directory (os error 2)","kind":"NotFound","code":67305473}
{"msg":"fuse.create","level":"INFO","ts":"2026-10-06T21:42:00.414625454Z","instance":"remote-a-r1","service_name":"afs-node","name":"entry-0099.bin","parent":308}
{"msg":"[Not Implemented] ioctl(ino: 0x135, fh: 732, flags: 0, cmd: 21505, in_data.len(): 0, out_size: 0)","level":"WARN","ts":"2026-10-06T21:42:00.418247499Z","instance":"remote-a-r1","service_name":"afs-node"}
{"msg":"[Not Implemented] ioctl(ino: 0x136, fh: 733, flags: 0, cmd: 21505, in_data.len(): 0, out_size: 0)","level":"WARN","ts":"2026-10-06T21:42:00.420054876Z","instance":"remote-a-r1","service_name":"afs-node"}
{"msg":"[Not Implemented] ioctl(ino: 0x137, fh: 734, flags: 0, cmd: 21505, in_data.len(): 0, out_size: 0)","level":"WARN","ts":"2026-10-06T21:42:00.421827503Z","instance":"remote-a-r1","service_name":"afs-node"}
{"msg":"[Not Implemented] ioctl(ino: 0x138, fh: 735, flags: 0, cmd: 21505, in_data.len(): 0, out_size: 0)","level":"WARN","ts":"2026-10-06T21:42:00.423540424Z","instance":"remote-a-r1","service_name":"afs-node"}
{"msg":"[Not Implemented] ioctl(ino: 0x139, fh: 736, flags: 0, cmd: 21505, in_data.len(): 0, out_size: 0)","level":"WARN","ts":"2026-10-06T21:42:00.425520047Z","instance":"remote-a-r1","service_name":"afs-node"}
{"msg":"[Not Implemented] ioctl(ino: 0x13a, fh: 737, flags: 0, cmd: 21505, in_data.len(): 0, out_size: 0)","level":"WARN","ts":"2026-10-06T21:42:00.427501253Z","instance":"remote-a-r1","service_name":"afs-node"}
{"msg":"[Not Implemented] ioctl(ino: 0x13b, fh: 738, flags: 0, cmd: 21505, in_data.len(): 0, out_size: 0)","level":"WARN","ts":"2026-10-06T21:42:00.429377087Z","instance":"remote-a-r1","service_name":"afs-node"}
{"msg":"[Not Implemented] ioctl(ino: 0x13c, fh: 739, flags: 0, cmd: 21505, in_data.len(): 0, out_size: 0)","level":"WARN","ts":"2026-10-06T21:42:00.431271961Z","instance":"remote-a-r1","service_name":"afs-node"}
{"msg":"[Not Implemented] ioctl(ino: 0x13d, fh: 740, flags: 0, cmd: 21505, in_data.len(): 0, out_size: 0)","level":"WARN","ts":"2026-10-06T21:42:00.433262918Z","instance":"remote-a-r1","service_name":"afs-node"}
{"msg":"[Not Implemented] ioctl(ino: 0x13e, fh: 741, flags: 0, cmd: 21505, in_data.len(): 0, out_size: 0)","level":"WARN","ts":"2026-10-06T21:42:00.435295123Z","instance":"remote-a-r1","service_name":"afs-node"}
{"msg":"[Not Implemented] ioctl(ino: 0x13f, fh: 742, flags: 0, cmd: 21505, in_data.len(): 0, out_size: 0)","level":"WARN","ts":"2026-10-06T21:42:00.437134582Z","instance":"remote-a-r1","service_name":"afs-node"}
{"msg":"[Not Implemented] ioctl(ino: 0x140, fh: 743, flags: 0, cmd: 21505, in_data.len(): 0, out_size: 0)","level":"WARN","ts":"2026-10-06T21:42:00.439099872Z","instance":"remote-a-r1","service_name":"afs-node"}
{"msg":"[Not Implemented] ioctl(ino: 0x141, fh: 744, flags: 0, cmd: 21505, in_data.len(): 0, out_size: 0)","level":"WARN","ts":"2026-10-06T21:42:00.441117994Z","instance":"remote-a-r1","service_name":"afs-node"}
{"msg":"[Not Implemented] ioctl(ino: 0x142, fh: 745, flags: 0, cmd: 21505, in_data.len(): 0, out_size: 0)","level":"WARN","ts":"2026-10-06T21:42:00.443111575Z","instance":"remote-a-r1","service_name":"afs-node"}
{"msg":"[Not Implemented] ioctl(ino: 0x143, fh: 746, flags: 0, cmd: 21505, in_data.len(): 0, out_size: 0)","level":"WARN","ts":"2026-10-06T21:42:00.445103115Z","instance":"remote-a-r1","service_name":"afs-node"}
{"msg":"[Not Implemented] ioctl(ino: 0x144, fh: 747, flags: 0, cmd: 21505, in_data.len(): 0, out_size: 0)","level":"WARN","ts":"2026-10-06T21:42:00.447082238Z","instance":"remote-a-r1","service_name":"afs-node"}
{"msg":"[Not Implemented] ioctl(ino: 0x145, fh: 748, flags: 0, cmd: 21505, in_data.len(): 0, out_size: 0)","level":"WARN","ts":"2026-10-06T21:42:00.449079527Z","instance":"remote-a-r1","service_name":"afs-node"}
{"msg":"[Not Implemented] ioctl(ino: 0x146, fh: 749, flags: 0, cmd: 21505, in_data.len(): 0, out_size: 0)","level":"WARN","ts":"2026-10-06T21:42:00.451040734Z","instance":"remote-a-r1","service_name":"afs-node"}
{"msg":"[Not Implemented] ioctl(ino: 0x147, fh: 750, flags: 0, cmd: 21505, in_data.len(): 0, out_size: 0)","level":"WARN","ts":"2026-10-06T21:42:00.4529564Z","instance":"remote-a-r1","service_name":"afs-node"}
{"msg":"[Not Implemented] ioctl(ino: 0x148, fh: 751, flags: 0, cmd: 21505, in_data.len(): 0, out_size: 0)","level":"WARN","ts":"2026-10-06T21:42:00.454978855Z","instance":"remote-a-r1","service_name":"afs-node"}
{"msg":"[Not Implemented] ioctl(ino: 0x149, fh: 752, flags: 0, cmd: 21505, in_data.len(): 0, out_size: 0)","level":"WARN","ts":"2026-10-06T21:42:00.456990186Z","instance":"remote-a-r1","service_name":"afs-node"}
{"msg":"[Not Implemented] ioctl(ino: 0x14a, fh: 753, flags: 0, cmd: 21505, in_data.len(): 0, out_size: 0)","level":"WARN","ts":"2026-10-06T21:42:00.458831979Z","instance":"remote-a-r1","service_name":"afs-node"}
{"msg":"[Not Implemented] ioctl(ino: 0x14b, fh: 754, flags: 0, cmd: 21505, in_data.len(): 0, out_size: 0)","level":"WARN","ts":"2026-10-06T21:42:00.460708979Z","instance":"remote-a-r1","service_name":"afs-node"}
{"msg":"[Not Implemented] ioctl(ino: 0x14c, fh: 755, flags: 0, cmd: 21505, in_data.len(): 0, out_size: 0)","level":"WARN","ts":"2026-10-06T21:42:00.462685477Z","instance":"remote-a-r1","service_name":"afs-node"}
{"msg":"[Not Implemented] ioctl(ino: 0x14d, fh: 756, flags: 0, cmd: 21505, in_data.len(): 0, out_size: 0)","level":"WARN","ts":"2026-10-06T21:42:00.464665975Z","instance":"remote-a-r1","service_name":"afs-node"}
{"msg":"[Not Implemented] ioctl(ino: 0x14e, fh: 757, flags: 0, cmd: 21505, in_data.len(): 0, out_size: 0)","level":"WARN","ts":"2026-10-06T21:42:00.466671181Z","instance":"remote-a-r1","service_name":"afs-node"}
{"msg":"[Not Implemented] ioctl(ino: 0x14f, fh: 758, flags: 0, cmd: 21505, in_data.len(): 0, out_size: 0)","level":"WARN","ts":"2026-10-06T21:42:00.468566889Z","instance":"remote-a-r1","service_name":"afs-node"}
{"msg":"[Not Implemented] ioctl(ino: 0x150, fh: 759, flags: 0, cmd: 21505, in_data.len(): 0, out_size: 0)","level":"WARN","ts":"2026-10-06T21:42:00.47048918Z","instance":"remote-a-r1","service_name":"afs-node"}
{"msg":"[Not Implemented] ioctl(ino: 0x151, fh: 760, flags: 0, cmd: 21505, in_data.len(): 0, out_size: 0)","level":"WARN","ts":"2026-10-06T21:42:00.472511594Z","instance":"remote-a-r1","service_name":"afs-node"}
{"msg":"[Not Implemented] ioctl(ino: 0x152, fh: 761, flags: 0, cmd: 21505, in_data.len(): 0, out_size: 0)","level":"WARN","ts":"2026-10-06T21:42:00.474487133Z","instance":"remote-a-r1","service_name":"afs-node"}
{"msg":"[Not Implemented] ioctl(ino: 0x153, fh: 762, flags: 0, cmd: 21505, in_data.len(): 0, out_size: 0)","level":"WARN","ts":"2026-10-06T21:42:00.476390716Z","instance":"remote-a-r1","service_name":"afs-node"}
{"msg":"[Not Implemented] ioctl(ino: 0x154, fh: 763, flags: 0, cmd: 21505, in_data.len(): 0, out_size: 0)","level":"WARN","ts":"2026-10-06T21:42:00.478279216Z","instance":"remote-a-r1","service_name":"afs-node"}
{"msg":"[Not Implemented] ioctl(ino: 0x155, fh: 764, flags: 0, cmd: 21505, in_data.len(): 0, out_size: 0)","level":"WARN","ts":"2026-10-06T21:42:00.480247173Z","instance":"remote-a-r1","service_name":"afs-node"}
{"msg":"[Not Implemented] ioctl(ino: 0x156, fh: 765, flags: 0, cmd: 21505, in_data.len(): 0, out_size: 0)","level":"WARN","ts":"2026-10-06T21:42:00.482225213Z","instance":"remote-a-r1","service_name":"afs-node"}
{"msg":"[Not Implemented] ioctl(ino: 0x157, fh: 766, flags: 0, cmd: 21505, in_data.len(): 0, out_size: 0)","level":"WARN","ts":"2026-10-06T21:42:00.484192378Z","instance":"remote-a-r1","service_name":"afs-node"}
{"msg":"[Not Implemented] ioctl(ino: 0x158, fh: 767, flags: 0, cmd: 21505, in_data.len(): 0, out_size: 0)","level":"WARN","ts":"2026-10-06T21:42:00.486138793Z","instance":"remote-a-r1","service_name":"afs-node"}
{"msg":"[Not Implemented] ioctl(ino: 0x159, fh: 768, flags: 0, cmd: 21505, in_data.len(): 0, out_size: 0)","level":"WARN","ts":"2026-10-06T21:42:00.488069875Z","instance":"remote-a-r1","service_name":"afs-node"}
{"msg":"[Not Implemented] ioctl(ino: 0x15a, fh: 769, flags: 0, cmd: 21505, in_data.len(): 0, out_size: 0)","level":"WARN","ts":"2026-10-06T21:42:00.490126663Z","instance":"remote-a-r1","service_name":"afs-node"}
{"msg":"[Not Implemented] ioctl(ino: 0x15b, fh: 770, flags: 0, cmd: 21505, in_data.len(): 0, out_size: 0)","level":"WARN","ts":"2026-10-06T21:42:00.492172702Z","instance":"remote-a-r1","service_name":"afs-node"}
{"msg":"[Not Implemented] ioctl(ino: 0x15c, fh: 771, flags: 0, cmd: 21505, in_data.len(): 0, out_size: 0)","level":"WARN","ts":"2026-10-06T21:42:00.494118992Z","instance":"remote-a-r1","service_name":"afs-node"}
{"msg":"[Not Implemented] ioctl(ino: 0x15d, fh: 772, flags: 0, cmd: 21505, in_data.len(): 0, out_size: 0)","level":"WARN","ts":"2026-10-06T21:42:00.496131198Z","instance":"remote-a-r1","service_name":"afs-node"}
{"msg":"[Not Implemented] ioctl(ino: 0x15e, fh: 773, flags: 0, cmd: 21505, in_data.len(): 0, out_size: 0)","level":"WARN","ts":"2026-10-06T21:42:00.498109821Z","instance":"remote-a-r1","service_name":"afs-node"}
{"msg":"[Not Implemented] ioctl(ino: 0x15f, fh: 774, flags: 0, cmd: 21505, in_data.len(): 0, out_size: 0)","level":"WARN","ts":"2026-10-06T21:42:00.499960405Z","instance":"remote-a-r1","service_name":"afs-node"}
{"msg":"[Not Implemented] ioctl(ino: 0x160, fh: 775, flags: 0, cmd: 21505, in_data.len(): 0, out_size: 0)","level":"WARN","ts":"2026-10-06T21:42:00.501959027Z","instance":"remote-a-r1","service_name":"afs-node"}
{"msg":"[Not Implemented] ioctl(ino: 0x161, fh: 776, flags: 0, cmd: 21505, in_data.len(): 0, out_size: 0)","level":"WARN","ts":"2026-10-06T21:42:00.503868444Z","instance":"remote-a-r1","service_name":"afs-node"}
{"msg":"[Not Implemented] ioctl(ino: 0x162, fh: 777, flags: 0, cmd: 21505, in_data.len(): 0, out_size: 0)","level":"WARN","ts":"2026-10-06T21:42:00.505801901Z","instance":"remote-a-r1","service_name":"afs-node"}
{"msg":"[Not Implemented] ioctl(ino: 0x163, fh: 778, flags: 0, cmd: 21505, in_data.len(): 0, out_size: 0)","level":"WARN","ts":"2026-10-06T21:42:00.507855856Z","instance":"remote-a-r1","service_name":"afs-node"}
{"msg":"[Not Implemented] ioctl(ino: 0x164, fh: 779, flags: 0, cmd: 21505, in_data.len(): 0, out_size: 0)","level":"WARN","ts":"2026-10-06T21:42:00.509717648Z","instance":"remote-a-r1","service_name":"afs-node"}
{"msg":"[Not Implemented] ioctl(ino: 0x165, fh: 780, flags: 0, cmd: 21505, in_data.len(): 0, out_size: 0)","level":"WARN","ts":"2026-10-06T21:42:00.511629272Z","instance":"remote-a-r1","service_name":"afs-node"}
{"msg":"[Not Implemented] ioctl(ino: 0x166, fh: 781, flags: 0, cmd: 21505, in_data.len(): 0, out_size: 0)","level":"WARN","ts":"2026-10-06T21:42:00.513619062Z","instance":"remote-a-r1","service_name":"afs-node"}
{"msg":"[Not Implemented] ioctl(ino: 0x167, fh: 782, flags: 0, cmd: 21505, in_data.len(): 0, out_size: 0)","level":"WARN","ts":"2026-10-06T21:42:00.515493604Z","instance":"remote-a-r1","service_name":"afs-node"}
{"msg":"[Not Implemented] ioctl(ino: 0x168, fh: 783, flags: 0, cmd: 21505, in_data.len(): 0, out_size: 0)","level":"WARN","ts":"2026-10-06T21:42:00.517384479Z","instance":"remote-a-r1","service_name":"afs-node"}
{"msg":"[Not Implemented] ioctl(ino: 0x169, fh: 784, flags: 0, cmd: 21505, in_data.len(): 0, out_size: 0)","level":"WARN","ts":"2026-10-06T21:42:00.519394934Z","instance":"remote-a-r1","service_name":"afs-node"}
{"msg":"[Not Implemented] ioctl(ino: 0x16a, fh: 785, flags: 0, cmd: 21505, in_data.len(): 0, out_size: 0)","level":"WARN","ts":"2026-10-06T21:42:00.521240477Z","instance":"remote-a-r1","service_name":"afs-node"}
{"msg":"[Not Implemented] ioctl(ino: 0x16b, fh: 786, flags: 0, cmd: 21505, in_data.len(): 0, out_size: 0)","level":"WARN","ts":"2026-10-06T21:42:00.523219433Z","instance":"remote-a-r1","service_name":"afs-node"}
{"msg":"[Not Implemented] ioctl(ino: 0x16c, fh: 787, flags: 0, cmd: 21505, in_data.len(): 0, out_size: 0)","level":"WARN","ts":"2026-10-06T21:42:00.525142391Z","instance":"remote-a-r1","service_name":"afs-node"}
{"msg":"[Not Implemented] ioctl(ino: 0x16d, fh: 788, flags: 0, cmd: 21505, in_data.len(): 0, out_size: 0)","level":"WARN","ts":"2026-10-06T21:42:00.527036391Z","instance":"remote-a-r1","service_name":"afs-node"}
{"msg":"[Not Implemented] ioctl(ino: 0x16e, fh: 789, flags: 0, cmd: 21505, in_data.len(): 0, out_size: 0)","level":"WARN","ts":"2026-10-06T21:42:00.52896264Z","instance":"remote-a-r1","service_name":"afs-node"}
{"msg":"[Not Implemented] ioctl(ino: 0x16f, fh: 790, flags: 0, cmd: 21505, in_data.len(): 0, out_size: 0)","level":"WARN","ts":"2026-10-06T21:42:00.530934388Z","instance":"remote-a-r1","service_name":"afs-node"}
{"msg":"[Not Implemented] ioctl(ino: 0x170, fh: 791, flags: 0, cmd: 21505, in_data.len(): 0, out_size: 0)","level":"WARN","ts":"2026-10-06T21:42:00.532963844Z","instance":"remote-a-r1","service_name":"afs-node"}
{"msg":"[Not Implemented] ioctl(ino: 0x171, fh: 792, flags: 0, cmd: 21505, in_data.len(): 0, out_size: 0)","level":"WARN","ts":"2026-10-06T21:42:00.534928675Z","instance":"remote-a-r1","service_name":"afs-node"}
{"msg":"[Not Implemented] ioctl(ino: 0x172, fh: 793, flags: 0, cmd: 21505, in_data.len(): 0, out_size: 0)","level":"WARN","ts":"2026-10-06T21:42:00.536893424Z","instance":"remote-a-r1","service_name":"afs-node"}
{"msg":"[Not Implemented] ioctl(ino: 0x173, fh: 794, flags: 0, cmd: 21505, in_data.len(): 0, out_size: 0)","level":"WARN","ts":"2026-10-06T21:42:00.538870797Z","instance":"remote-a-r1","service_name":"afs-node"}
{"msg":"[Not Implemented] ioctl(ino: 0x174, fh: 795, flags: 0, cmd: 21505, in_data.len(): 0, out_size: 0)","level":"WARN","ts":"2026-10-06T21:42:00.540857336Z","instance":"remote-a-r1","service_name":"afs-node"}
{"msg":"[Not Implemented] ioctl(ino: 0x175, fh: 796, flags: 0, cmd: 21505, in_data.len(): 0, out_size: 0)","level":"WARN","ts":"2026-10-06T21:42:00.542828751Z","instance":"remote-a-r1","service_name":"afs-node"}
{"msg":"[Not Implemented] ioctl(ino: 0x176, fh: 797, flags: 0, cmd: 21505, in_data.len(): 0, out_size: 0)","level":"WARN","ts":"2026-10-06T21:42:00.544794791Z","instance":"remote-a-r1","service_name":"afs-node"}
{"msg":"[Not Implemented] ioctl(ino: 0x177, fh: 798, flags: 0, cmd: 21505, in_data.len(): 0, out_size: 0)","level":"WARN","ts":"2026-10-06T21:42:00.546648167Z","instance":"remote-a-r1","service_name":"afs-node"}
{"msg":"[Not Implemented] ioctl(ino: 0x178, fh: 799, flags: 0, cmd: 21505, in_data.len(): 0, out_size: 0)","level":"WARN","ts":"2026-10-06T21:42:00.548561833Z","instance":"remote-a-r1","service_name":"afs-node"}
{"msg":"[Not Implemented] ioctl(ino: 0x179, fh: 800, flags: 0, cmd: 21505, in_data.len(): 0, out_size: 0)","level":"WARN","ts":"2026-10-06T21:42:00.550543247Z","instance":"remote-a-r1","service_name":"afs-node"}
{"msg":"[Not Implemented] ioctl(ino: 0x17a, fh: 801, flags: 0, cmd: 21505, in_data.len(): 0, out_size: 0)","level":"WARN","ts":"2026-10-06T21:42:00.552471038Z","instance":"remote-a-r1","service_name":"afs-node"}
{"msg":"[Not Implemented] ioctl(ino: 0x17b, fh: 802, flags: 0, cmd: 21505, in_data.len(): 0, out_size: 0)","level":"WARN","ts":"2026-10-06T21:42:00.554360205Z","instance":"remote-a-r1","service_name":"afs-node"}
{"msg":"[Not Implemented] ioctl(ino: 0x17c, fh: 803, flags: 0, cmd: 21505, in_data.len(): 0, out_size: 0)","level":"WARN","ts":"2026-10-06T21:42:00.556073126Z","instance":"remote-a-r1","service_name":"afs-node"}
{"msg":"[Not Implemented] ioctl(ino: 0x17d, fh: 804, flags: 0, cmd: 21505, in_data.len(): 0, out_size: 0)","level":"WARN","ts":"2026-10-06T21:42:00.557948459Z","instance":"remote-a-r1","service_name":"afs-node"}
{"msg":"[Not Implemented] ioctl(ino: 0x17e, fh: 805, flags: 0, cmd: 21505, in_data.len(): 0, out_size: 0)","level":"WARN","ts":"2026-10-06T21:42:00.559924582Z","instance":"remote-a-r1","service_name":"afs-node"}
{"msg":"[Not Implemented] ioctl(ino: 0x17f, fh: 806, flags: 0, cmd: 21505, in_data.len(): 0, out_size: 0)","level":"WARN","ts":"2026-10-06T21:42:00.561871248Z","instance":"remote-a-r1","service_name":"afs-node"}
{"msg":"[Not Implemented] ioctl(ino: 0x180, fh: 807, flags: 0, cmd: 21505, in_data.len(): 0, out_size: 0)","level":"WARN","ts":"2026-10-06T21:42:00.563688958Z","instance":"remote-a-r1","service_name":"afs-node"}
{"msg":"[Not Implemented] ioctl(ino: 0x181, fh: 808, flags: 0, cmd: 21505, in_data.len(): 0, out_size: 0)","level":"WARN","ts":"2026-10-06T21:42:00.565633831Z","instance":"remote-a-r1","service_name":"afs-node"}
{"msg":"[Not Implemented] ioctl(ino: 0x182, fh: 809, flags: 0, cmd: 21505, in_data.len(): 0, out_size: 0)","level":"WARN","ts":"2026-10-06T21:42:00.567979905Z","instance":"remote-a-r1","service_name":"afs-node"}
{"msg":"[Not Implemented] ioctl(ino: 0x183, fh: 810, flags: 0, cmd: 21505, in_data.len(): 0, out_size: 0)","level":"WARN","ts":"2026-10-06T21:42:00.569873113Z","instance":"remote-a-r1","service_name":"afs-node"}
{"msg":"[Not Implemented] ioctl(ino: 0x184, fh: 811, flags: 0, cmd: 21505, in_data.len(): 0, out_size: 0)","level":"WARN","ts":"2026-10-06T21:42:00.571790404Z","instance":"remote-a-r1","service_name":"afs-node"}
{"msg":"[Not Implemented] ioctl(ino: 0x185, fh: 812, flags: 0, cmd: 21505, in_data.len(): 0, out_size: 0)","level":"WARN","ts":"2026-10-06T21:42:00.573669946Z","instance":"remote-a-r1","service_name":"afs-node"}
{"msg":"[Not Implemented] ioctl(ino: 0x186, fh: 813, flags: 0, cmd: 21505, in_data.len(): 0, out_size: 0)","level":"WARN","ts":"2026-10-06T21:42:00.57558857Z","instance":"remote-a-r1","service_name":"afs-node"}
{"msg":"[Not Implemented] ioctl(ino: 0x187, fh: 814, flags: 0, cmd: 21505, in_data.len(): 0, out_size: 0)","level":"WARN","ts":"2026-10-06T21:42:00.577570693Z","instance":"remote-a-r1","service_name":"afs-node"}
{"msg":"[Not Implemented] ioctl(ino: 0x188, fh: 815, flags: 0, cmd: 21505, in_data.len(): 0, out_size: 0)","level":"WARN","ts":"2026-10-06T21:42:00.579512192Z","instance":"remote-a-r1","service_name":"afs-node"}
{"msg":"[Not Implemented] ioctl(ino: 0x189, fh: 816, flags: 0, cmd: 21505, in_data.len(): 0, out_size: 0)","level":"WARN","ts":"2026-10-06T21:42:00.581645062Z","instance":"remote-a-r1","service_name":"afs-node"}
{"msg":"[Not Implemented] ioctl(ino: 0x18a, fh: 817, flags: 0, cmd: 21505, in_data.len(): 0, out_size: 0)","level":"WARN","ts":"2026-10-06T21:42:00.583528895Z","instance":"remote-a-r1","service_name":"afs-node"}
{"msg":"[Not Implemented] ioctl(ino: 0x18b, fh: 818, flags: 0, cmd: 21505, in_data.len(): 0, out_size: 0)","level":"WARN","ts":"2026-10-06T21:42:00.585499893Z","instance":"remote-a-r1","service_name":"afs-node"}
{"msg":"[Not Implemented] ioctl(ino: 0x18c, fh: 819, flags: 0, cmd: 21505, in_data.len(): 0, out_size: 0)","level":"WARN","ts":"2026-10-06T21:42:00.587326645Z","instance":"remote-a-r1","service_name":"afs-node"}
{"msg":"[Not Implemented] ioctl(ino: 0x18d, fh: 820, flags: 0, cmd: 21505, in_data.len(): 0, out_size: 0)","level":"WARN","ts":"2026-10-06T21:42:00.589280685Z","instance":"remote-a-r1","service_name":"afs-node"}
{"msg":"[Not Implemented] ioctl(ino: 0x18e, fh: 821, flags: 0, cmd: 21505, in_data.len(): 0, out_size: 0)","level":"WARN","ts":"2026-10-06T21:42:00.591146144Z","instance":"remote-a-r1","service_name":"afs-node"}
{"msg":"[Not Implemented] ioctl(ino: 0x18f, fh: 822, flags: 0, cmd: 21505, in_data.len(): 0, out_size: 0)","level":"WARN","ts":"2026-10-06T21:42:00.593126308Z","instance":"remote-a-r1","service_name":"afs-node"}
{"msg":"[Not Implemented] ioctl(ino: 0x190, fh: 823, flags: 0, cmd: 21505, in_data.len(): 0, out_size: 0)","level":"WARN","ts":"2026-10-06T21:42:00.594897936Z","instance":"remote-a-r1","service_name":"afs-node"}
{"msg":"[Not Implemented] ioctl(ino: 0x191, fh: 824, flags: 0, cmd: 21505, in_data.len(): 0, out_size: 0)","level":"WARN","ts":"2026-10-06T21:42:00.596875226Z","instance":"remote-a-r1","service_name":"afs-node"}
{"msg":"[Not Implemented] ioctl(ino: 0x192, fh: 825, flags: 0, cmd: 21505, in_data.len(): 0, out_size: 0)","level":"WARN","ts":"2026-10-06T21:42:00.598909514Z","instance":"remote-a-r1","service_name":"afs-node"}
{"msg":"[Not Implemented] ioctl(ino: 0x193, fh: 826, flags: 0, cmd: 21505, in_data.len(): 0, out_size: 0)","level":"WARN","ts":"2026-10-06T21:42:00.600822514Z","instance":"remote-a-r1","service_name":"afs-node"}
{"msg":"[Not Implemented] ioctl(ino: 0x194, fh: 827, flags: 0, cmd: 21505, in_data.len(): 0, out_size: 0)","level":"WARN","ts":"2026-10-06T21:42:00.602861302Z","instance":"remote-a-r1","service_name":"afs-node"}
{"msg":"[Not Implemented] ioctl(ino: 0x195, fh: 828, flags: 0, cmd: 21505, in_data.len(): 0, out_size: 0)","level":"WARN","ts":"2026-10-06T21:42:00.604712803Z","instance":"remote-a-r1","service_name":"afs-node"}
{"msg":"[Not Implemented] ioctl(ino: 0x196, fh: 829, flags: 0, cmd: 21505, in_data.len(): 0, out_size: 0)","level":"WARN","ts":"2026-10-06T21:42:00.606761133Z","instance":"remote-a-r1","service_name":"afs-node"}
{"msg":"[Not Implemented] ioctl(ino: 0x197, fh: 830, flags: 0, cmd: 21505, in_data.len(): 0, out_size: 0)","level":"WARN","ts":"2026-10-06T21:42:00.60867009Z","instance":"remote-a-r1","service_name":"afs-node"}
{"msg":"[Not Implemented] ioctl(ino: 0x198, fh: 831, flags: 0, cmd: 21505, in_data.len(): 0, out_size: 0)","level":"WARN","ts":"2026-10-06T21:42:00.610556049Z","instance":"remote-a-r1","service_name":"afs-node"}
{"msg":"FUSE request failed","level":"ERRO","ts":"2026-10-06T21:42:00.715504484Z","instance":"remote-a-r1","service_name":"afs-node","message":"No such file or directory (os error 2)","kind":"NotFound","code":67305473}
{"msg":"FUSE request failed","level":"ERRO","ts":"2026-10-06T21:42:00.71757523Z","instance":"remote-a-r1","service_name":"afs-node","message":"No such file or directory (os error 2)","kind":"NotFound","code":67305473}
{"msg":"fuse.create","level":"INFO","ts":"2026-10-06T21:42:00.717580188Z","instance":"remote-a-r1","service_name":"afs-node","name":"entry-0000.bin","parent":409}
{"msg":"FUSE request failed","level":"ERRO","ts":"2026-10-06T21:42:00.719988385Z","instance":"remote-a-r1","service_name":"afs-node","message":"No such file or directory (os error 2)","kind":"NotFound","code":67305473}
{"msg":"fuse.create","level":"INFO","ts":"2026-10-06T21:42:00.720007926Z","instance":"remote-a-r1","service_name":"afs-node","name":"entry-0001.bin","parent":409}
{"msg":"FUSE request failed","level":"ERRO","ts":"2026-10-06T21:42:00.72294932Z","instance":"remote-a-r1","service_name":"afs-node","message":"No such file or directory (os error 2)","kind":"NotFound","code":67305473}
{"msg":"fuse.create","level":"INFO","ts":"2026-10-06T21:42:00.722998944Z","instance":"remote-a-r1","service_name":"afs-node","name":"entry-0002.bin","parent":409}
{"msg":"FUSE request failed","level":"ERRO","ts":"2026-10-06T21:42:00.725533846Z","instance":"remote-a-r1","service_name":"afs-node","message":"No such file or directory (os error 2)","kind":"NotFound","code":67305473}
{"msg":"fuse.create","level":"INFO","ts":"2026-10-06T21:42:00.725556262Z","instance":"remote-a-r1","service_name":"afs-node","name":"entry-0003.bin","parent":409}
{"msg":"FUSE request failed","level":"ERRO","ts":"2026-10-06T21:42:00.728067832Z","instance":"remote-a-r1","service_name":"afs-node","message":"No such file or directory (os error 2)","kind":"NotFound","code":67305473}
{"msg":"fuse.create","level":"INFO","ts":"2026-10-06T21:42:00.728084623Z","instance":"remote-a-r1","service_name":"afs-node","name":"entry-0004.bin","parent":409}
{"msg":"FUSE request failed","level":"ERRO","ts":"2026-10-06T21:42:00.730632484Z","instance":"remote-a-r1","service_name":"afs-node","message":"No such file or directory (os error 2)","kind":"NotFound","code":67305473}
{"msg":"fuse.create","level":"INFO","ts":"2026-10-06T21:42:00.730666316Z","instance":"remote-a-r1","service_name":"afs-node","name":"entry-0005.bin","parent":409}
{"msg":"FUSE request failed","level":"ERRO","ts":"2026-10-06T21:42:00.732937975Z","instance":"remote-a-r1","service_name":"afs-node","message":"No such file or directory (os error 2)","kind":"NotFound","code":67305473}
{"msg":"fuse.create","level":"INFO","ts":"2026-10-06T21:42:00.732956724Z","instance":"remote-a-r1","service_name":"afs-node","name":"entry-0006.bin","parent":409}
{"msg":"FUSE request failed","level":"ERRO","ts":"2026-10-06T21:42:00.735091219Z","instance":"remote-a-r1","service_name":"afs-node","message":"No such file or directory (os error 2)","kind":"NotFound","code":67305473}
{"msg":"fuse.create","level":"INFO","ts":"2026-10-06T21:42:00.735116802Z","instance":"remote-a-r1","service_name":"afs-node","name":"entry-0007.bin","parent":409}
{"msg":"FUSE request failed","level":"ERRO","ts":"2026-10-06T21:42:00.737346419Z","instance":"remote-a-r1","service_name":"afs-node","message":"No such file or directory (os error 2)","kind":"NotFound","code":67305473}
{"msg":"fuse.create","level":"INFO","ts":"2026-10-06T21:42:00.737368419Z","instance":"remote-a-r1","service_name":"afs-node","name":"entry-0008.bin","parent":409}
{"msg":"FUSE request failed","level":"ERRO","ts":"2026-10-06T21:42:00.739439873Z","instance":"remote-a-r1","service_name":"afs-node","message":"No such file or directory (os error 2)","kind":"NotFound","code":67305473}
{"msg":"fuse.create","level":"INFO","ts":"2026-10-06T21:42:00.739442665Z","instance":"remote-a-r1","service_name":"afs-node","name":"entry-0009.bin","parent":409}
{"msg":"FUSE request failed","level":"ERRO","ts":"2026-10-06T21:42:00.741576784Z","instance":"remote-a-r1","service_name":"afs-node","message":"No such file or directory (os error 2)","kind":"NotFound","code":67305473}
{"msg":"fuse.create","level":"INFO","ts":"2026-10-06T21:42:00.741602492Z","instance":"remote-a-r1","service_name":"afs-node","name":"entry-0010.bin","parent":409}
{"msg":"FUSE request failed","level":"ERRO","ts":"2026-10-06T21:42:00.744220559Z","instance":"remote-a-r1","service_name":"afs-node","message":"No such file or directory (os error 2)","kind":"NotFound","code":67305473}
{"msg":"fuse.create","level":"INFO","ts":"2026-10-06T21:42:00.74423685Z","instance":"remote-a-r1","service_name":"afs-node","name":"entry-0011.bin","parent":409}
{"msg":"FUSE request failed","level":"ERRO","ts":"2026-10-06T21:42:00.746557466Z","instance":"remote-a-r1","service_name":"afs-node","message":"No such file or directory (os error 2)","kind":"NotFound","code":67305473}
{"msg":"fuse.create","level":"INFO","ts":"2026-10-06T21:42:00.74657834Z","instance":"remote-a-r1","service_name":"afs-node","name":"entry-0012.bin","parent":409}
{"msg":"FUSE request failed","level":"ERRO","ts":"2026-10-06T21:42:00.74870621Z","instance":"remote-a-r1","service_name":"afs-node","message":"No such file or directory (os error 2)","kind":"NotFound","code":67305473}
{"msg":"fuse.create","level":"INFO","ts":"2026-10-06T21:42:00.748722502Z","instance":"remote-a-r1","service_name":"afs-node","name":"entry-0013.bin","parent":409}
{"msg":"FUSE request failed","level":"ERRO","ts":"2026-10-06T21:42:00.751107657Z","instance":"remote-a-r1","service_name":"afs-node","message":"No such file or directory (os error 2)","kind":"NotFound","code":67305473}
{"msg":"fuse.create","level":"INFO","ts":"2026-10-06T21:42:00.751133365Z","instance":"remote-a-r1","service_name":"afs-node","name":"entry-0014.bin","parent":409}
{"msg":"FUSE request failed","level":"ERRO","ts":"2026-10-06T21:42:00.753521812Z","instance":"remote-a-r1","service_name":"afs-node","message":"No such file or directory (os error 2)","kind":"NotFound","code":67305473}
{"msg":"fuse.create","level":"INFO","ts":"2026-10-06T21:42:00.75354152Z","instance":"remote-a-r1","service_name":"afs-node","name":"entry-0015.bin","parent":409}
{"msg":"FUSE request failed","level":"ERRO","ts":"2026-10-06T21:42:00.756023757Z","instance":"remote-a-r1","service_name":"afs-node","message":"No such file or directory (os error 2)","kind":"NotFound","code":67305473}
{"msg":"fuse.create","level":"INFO","ts":"2026-10-06T21:42:00.756048173Z","instance":"remote-a-r1","service_name":"afs-node","name":"entry-0016.bin","parent":409}
{"msg":"FUSE request failed","level":"ERRO","ts":"2026-10-06T21:42:00.758236875Z","instance":"remote-a-r1","service_name":"afs-node","message":"No such file or directory (os error 2)","kind":"NotFound","code":67305473}
{"msg":"fuse.create","level":"INFO","ts":"2026-10-06T21:42:00.758257083Z","instance":"remote-a-r1","service_name":"afs-node","name":"entry-0017.bin","parent":409}
{"msg":"FUSE request failed","level":"ERRO","ts":"2026-10-06T21:42:00.760468034Z","instance":"remote-a-r1","service_name":"afs-node","message":"No such file or directory (os error 2)","kind":"NotFound","code":67305473}
{"msg":"fuse.create","level":"INFO","ts":"2026-10-06T21:42:00.760491075Z","instance":"remote-a-r1","service_name":"afs-node","name":"entry-0018.bin","parent":409}
{"msg":"FUSE request failed","level":"ERRO","ts":"2026-10-06T21:42:00.762773358Z","instance":"remote-a-r1","service_name":"afs-node","message":"No such file or directory (os error 2)","kind":"NotFound","code":67305473}
{"msg":"fuse.create","level":"INFO","ts":"2026-10-06T21:42:00.762797274Z","instance":"remote-a-r1","service_name":"afs-node","name":"entry-0019.bin","parent":409}
{"msg":"FUSE request failed","level":"ERRO","ts":"2026-10-06T21:42:00.764919353Z","instance":"remote-a-r1","service_name":"afs-node","message":"No such file or directory (os error 2)","kind":"NotFound","code":67305473}
{"msg":"fuse.create","level":"INFO","ts":"2026-10-06T21:42:00.76494056Z","instance":"remote-a-r1","service_name":"afs-node","name":"entry-0020.bin","parent":409}
{"msg":"FUSE request failed","level":"ERRO","ts":"2026-10-06T21:42:00.767222677Z","instance":"remote-a-r1","service_name":"afs-node","message":"No such file or directory (os error 2)","kind":"NotFound","code":67305473}
{"msg":"fuse.create","level":"INFO","ts":"2026-10-06T21:42:00.767241176Z","instance":"remote-a-r1","service_name":"afs-node","name":"entry-0021.bin","parent":409}
{"msg":"FUSE request failed","level":"ERRO","ts":"2026-10-06T21:42:00.769671664Z","instance":"remote-a-r1","service_name":"afs-node","message":"No such file or directory (os error 2)","kind":"NotFound","code":67305473}
{"msg":"fuse.create","level":"INFO","ts":"2026-10-06T21:42:00.769689664Z","instance":"remote-a-r1","service_name":"afs-node","name":"entry-0022.bin","parent":409}
{"msg":"FUSE request failed","level":"ERRO","ts":"2026-10-06T21:42:00.771802659Z","instance":"remote-a-r1","service_name":"afs-node","message":"No such file or directory (os error 2)","kind":"NotFound","code":67305473}
{"msg":"fuse.create","level":"INFO","ts":"2026-10-06T21:42:00.77182245Z","instance":"remote-a-r1","service_name":"afs-node","name":"entry-0023.bin","parent":409}
{"msg":"FUSE request failed","level":"ERRO","ts":"2026-10-06T21:42:00.7741059Z","instance":"remote-a-r1","service_name":"afs-node","message":"No such file or directory (os error 2)","kind":"NotFound","code":67305473}
{"msg":"fuse.create","level":"INFO","ts":"2026-10-06T21:42:00.774122941Z","instance":"remote-a-r1","service_name":"afs-node","name":"entry-0024.bin","parent":409}
{"msg":"FUSE request failed","level":"ERRO","ts":"2026-10-06T21:42:00.77636285Z","instance":"remote-a-r1","service_name":"afs-node","message":"No such file or directory (os error 2)","kind":"NotFound","code":67305473}
{"msg":"fuse.create","level":"INFO","ts":"2026-10-06T21:42:00.7763851Z","instance":"remote-a-r1","service_name":"afs-node","name":"entry-0025.bin","parent":409}
{"msg":"FUSE request failed","level":"ERRO","ts":"2026-10-06T21:42:00.778544302Z","instance":"remote-a-r1","service_name":"afs-node","message":"No such file or directory (os error 2)","kind":"NotFound","code":67305473}
{"msg":"fuse.create","level":"INFO","ts":"2026-10-06T21:42:00.778564385Z","instance":"remote-a-r1","service_name":"afs-node","name":"entry-0026.bin","parent":409}
{"msg":"FUSE request failed","level":"ERRO","ts":"2026-10-06T21:42:00.780998498Z","instance":"remote-a-r1","service_name":"afs-node","message":"No such file or directory (os error 2)","kind":"NotFound","code":67305473}
{"msg":"fuse.create","level":"INFO","ts":"2026-10-06T21:42:00.781011414Z","instance":"remote-a-r1","service_name":"afs-node","name":"entry-0027.bin","parent":409}
{"msg":"FUSE request failed","level":"ERRO","ts":"2026-10-06T21:42:00.783131284Z","instance":"remote-a-r1","service_name":"afs-node","message":"No such file or directory (os error 2)","kind":"NotFound","code":67305473}
{"msg":"fuse.create","level":"INFO","ts":"2026-10-06T21:42:00.783134326Z","instance":"remote-a-r1","service_name":"afs-node","name":"entry-0028.bin","parent":409}
{"msg":"FUSE request failed","level":"ERRO","ts":"2026-10-06T21:42:00.785878849Z","instance":"remote-a-r1","service_name":"afs-node","message":"No such file or directory (os error 2)","kind":"NotFound","code":67305473}
{"msg":"fuse.create","level":"INFO","ts":"2026-10-06T21:42:00.785897348Z","instance":"remote-a-r1","service_name":"afs-node","name":"entry-0029.bin","parent":409}
{"msg":"FUSE request failed","level":"ERRO","ts":"2026-10-06T21:42:00.788042093Z","instance":"remote-a-r1","service_name":"afs-node","message":"No such file or directory (os error 2)","kind":"NotFound","code":67305473}
{"msg":"fuse.create","level":"INFO","ts":"2026-10-06T21:42:00.788044718Z","instance":"remote-a-r1","service_name":"afs-node","name":"entry-0030.bin","parent":409}
{"msg":"FUSE request failed","level":"ERRO","ts":"2026-10-06T21:42:00.791265355Z","instance":"remote-a-r1","service_name":"afs-node","message":"No such file or directory (os error 2)","kind":"NotFound","code":67305473}
{"msg":"fuse.create","level":"INFO","ts":"2026-10-06T21:42:00.791287229Z","instance":"remote-a-r1","service_name":"afs-node","name":"entry-0031.bin","parent":409}
{"msg":"FUSE request failed","level":"ERRO","ts":"2026-10-06T21:42:00.793470265Z","instance":"remote-a-r1","service_name":"afs-node","message":"No such file or directory (os error 2)","kind":"NotFound","code":67305473}
{"msg":"fuse.create","level":"INFO","ts":"2026-10-06T21:42:00.793494597Z","instance":"remote-a-r1","service_name":"afs-node","name":"entry-0032.bin","parent":409}
{"msg":"FUSE request failed","level":"ERRO","ts":"2026-10-06T21:42:00.79572709Z","instance":"remote-a-r1","service_name":"afs-node","message":"No such file or directory (os error 2)","kind":"NotFound","code":67305473}
{"msg":"fuse.create","level":"INFO","ts":"2026-10-06T21:42:00.795729548Z","instance":"remote-a-r1","service_name":"afs-node","name":"entry-0033.bin","parent":409}
{"msg":"FUSE request failed","level":"ERRO","ts":"2026-10-06T21:42:00.797893459Z","instance":"remote-a-r1","service_name":"afs-node","message":"No such file or directory (os error 2)","kind":"NotFound","code":67305473}
{"msg":"fuse.create","level":"INFO","ts":"2026-10-06T21:42:00.797895959Z","instance":"remote-a-r1","service_name":"afs-node","name":"entry-0034.bin","parent":409}
{"msg":"FUSE request failed","level":"ERRO","ts":"2026-10-06T21:42:00.800025287Z","instance":"remote-a-r1","service_name":"afs-node","message":"No such file or directory (os error 2)","kind":"NotFound","code":67305473}
{"msg":"fuse.create","level":"INFO","ts":"2026-10-06T21:42:00.80004262Z","instance":"remote-a-r1","service_name":"afs-node","name":"entry-0035.bin","parent":409}
{"msg":"FUSE request failed","level":"ERRO","ts":"2026-10-06T21:42:00.802185739Z","instance":"remote-a-r1","service_name":"afs-node","message":"No such file or directory (os error 2)","kind":"NotFound","code":67305473}
{"msg":"fuse.create","level":"INFO","ts":"2026-10-06T21:42:00.802213488Z","instance":"remote-a-r1","service_name":"afs-node","name":"entry-0036.bin","parent":409}
{"msg":"FUSE request failed","level":"ERRO","ts":"2026-10-06T21:42:00.804581519Z","instance":"remote-a-r1","service_name":"afs-node","message":"No such file or directory (os error 2)","kind":"NotFound","code":67305473}
{"msg":"fuse.create","level":"INFO","ts":"2026-10-06T21:42:00.804604519Z","instance":"remote-a-r1","service_name":"afs-node","name":"entry-0037.bin","parent":409}
{"msg":"FUSE request failed","level":"ERRO","ts":"2026-10-06T21:42:00.806685223Z","instance":"remote-a-r1","service_name":"afs-node","message":"No such file or directory (os error 2)","kind":"NotFound","code":67305473}
{"msg":"fuse.create","level":"INFO","ts":"2026-10-06T21:42:00.806714389Z","instance":"remote-a-r1","service_name":"afs-node","name":"entry-0038.bin","parent":409}
{"msg":"FUSE request failed","level":"ERRO","ts":"2026-10-06T21:42:00.8088823Z","instance":"remote-a-r1","service_name":"afs-node","message":"No such file or directory (os error 2)","kind":"NotFound","code":67305473}
{"msg":"fuse.create","level":"INFO","ts":"2026-10-06T21:42:00.808899966Z","instance":"remote-a-r1","service_name":"afs-node","name":"entry-0039.bin","parent":409}
{"msg":"FUSE request failed","level":"ERRO","ts":"2026-10-06T21:42:00.81103521Z","instance":"remote-a-r1","service_name":"afs-node","message":"No such file or directory (os error 2)","kind":"NotFound","code":67305473}
{"msg":"fuse.create","level":"INFO","ts":"2026-10-06T21:42:00.811049502Z","instance":"remote-a-r1","service_name":"afs-node","name":"entry-0040.bin","parent":409}
{"msg":"FUSE request failed","level":"ERRO","ts":"2026-10-06T21:42:00.81354228Z","instance":"remote-a-r1","service_name":"afs-node","message":"No such file or directory (os error 2)","kind":"NotFound","code":67305473}
{"msg":"fuse.create","level":"INFO","ts":"2026-10-06T21:42:00.813564738Z","instance":"remote-a-r1","service_name":"afs-node","name":"entry-0041.bin","parent":409}
{"msg":"FUSE request failed","level":"ERRO","ts":"2026-10-06T21:42:00.815699983Z","instance":"remote-a-r1","service_name":"afs-node","message":"No such file or directory (os error 2)","kind":"NotFound","code":67305473}
{"msg":"fuse.create","level":"INFO","ts":"2026-10-06T21:42:00.815719899Z","instance":"remote-a-r1","service_name":"afs-node","name":"entry-0042.bin","parent":409}
{"msg":"FUSE request failed","level":"ERRO","ts":"2026-10-06T21:42:00.818371257Z","instance":"remote-a-r1","service_name":"afs-node","message":"No such file or directory (os error 2)","kind":"NotFound","code":67305473}
{"msg":"fuse.create","level":"INFO","ts":"2026-10-06T21:42:00.818386548Z","instance":"remote-a-r1","service_name":"afs-node","name":"entry-0043.bin","parent":409}
{"msg":"FUSE request failed","level":"ERRO","ts":"2026-10-06T21:42:00.82042667Z","instance":"remote-a-r1","service_name":"afs-node","message":"No such file or directory (os error 2)","kind":"NotFound","code":67305473}
{"msg":"fuse.create","level":"INFO","ts":"2026-10-06T21:42:00.820439336Z","instance":"remote-a-r1","service_name":"afs-node","name":"entry-0044.bin","parent":409}
{"msg":"FUSE request failed","level":"ERRO","ts":"2026-10-06T21:42:00.822843325Z","instance":"remote-a-r1","service_name":"afs-node","message":"No such file or directory (os error 2)","kind":"NotFound","code":67305473}
{"msg":"fuse.create","level":"INFO","ts":"2026-10-06T21:42:00.822862491Z","instance":"remote-a-r1","service_name":"afs-node","name":"entry-0045.bin","parent":409}
{"msg":"FUSE request failed","level":"ERRO","ts":"2026-10-06T21:42:00.824957195Z","instance":"remote-a-r1","service_name":"afs-node","message":"No such file or directory (os error 2)","kind":"NotFound","code":67305473}
{"msg":"fuse.create","level":"INFO","ts":"2026-10-06T21:42:00.824959653Z","instance":"remote-a-r1","service_name":"afs-node","name":"entry-0046.bin","parent":409}
{"msg":"FUSE request failed","level":"ERRO","ts":"2026-10-06T21:42:00.827112481Z","instance":"remote-a-r1","service_name":"afs-node","message":"No such file or directory (os error 2)","kind":"NotFound","code":67305473}
{"msg":"fuse.create","level":"INFO","ts":"2026-10-06T21:42:00.827127647Z","instance":"remote-a-r1","service_name":"afs-node","name":"entry-0047.bin","parent":409}
{"msg":"FUSE request failed","level":"ERRO","ts":"2026-10-06T21:42:00.829549427Z","instance":"remote-a-r1","service_name":"afs-node","message":"No such file or directory (os error 2)","kind":"NotFound","code":67305473}
{"msg":"fuse.create","level":"INFO","ts":"2026-10-06T21:42:00.829566468Z","instance":"remote-a-r1","service_name":"afs-node","name":"entry-0048.bin","parent":409}
{"msg":"FUSE request failed","level":"ERRO","ts":"2026-10-06T21:42:00.831655506Z","instance":"remote-a-r1","service_name":"afs-node","message":"No such file or directory (os error 2)","kind":"NotFound","code":67305473}
{"msg":"fuse.create","level":"INFO","ts":"2026-10-06T21:42:00.831660256Z","instance":"remote-a-r1","service_name":"afs-node","name":"entry-0049.bin","parent":409}
{"msg":"FUSE request failed","level":"ERRO","ts":"2026-10-06T21:42:00.833709127Z","instance":"remote-a-r1","service_name":"afs-node","message":"No such file or directory (os error 2)","kind":"NotFound","code":67305473}
{"msg":"fuse.create","level":"INFO","ts":"2026-10-06T21:42:00.833719793Z","instance":"remote-a-r1","service_name":"afs-node","name":"entry-0050.bin","parent":409}
{"msg":"FUSE request failed","level":"ERRO","ts":"2026-10-06T21:42:00.836252071Z","instance":"remote-a-r1","service_name":"afs-node","message":"No such file or directory (os error 2)","kind":"NotFound","code":67305473}
{"msg":"fuse.create","level":"INFO","ts":"2026-10-06T21:42:00.836272321Z","instance":"remote-a-r1","service_name":"afs-node","name":"entry-0051.bin","parent":409}
{"msg":"FUSE request failed","level":"ERRO","ts":"2026-10-06T21:42:00.838427981Z","instance":"remote-a-r1","service_name":"afs-node","message":"No such file or directory (os error 2)","kind":"NotFound","code":67305473}
{"msg":"fuse.create","level":"INFO","ts":"2026-10-06T21:42:00.838443856Z","instance":"remote-a-r1","service_name":"afs-node","name":"entry-0052.bin","parent":409}
{"msg":"FUSE request failed","level":"ERRO","ts":"2026-10-06T21:42:00.840808512Z","instance":"remote-a-r1","service_name":"afs-node","message":"No such file or directory (os error 2)","kind":"NotFound","code":67305473}
{"msg":"fuse.create","level":"INFO","ts":"2026-10-06T21:42:00.840834803Z","instance":"remote-a-r1","service_name":"afs-node","name":"entry-0053.bin","parent":409}
{"msg":"FUSE request failed","level":"ERRO","ts":"2026-10-06T21:42:00.842973256Z","instance":"remote-a-r1","service_name":"afs-node","message":"No such file or directory (os error 2)","kind":"NotFound","code":67305473}
{"msg":"fuse.create","level":"INFO","ts":"2026-10-06T21:42:00.842987672Z","instance":"remote-a-r1","service_name":"afs-node","name":"entry-0054.bin","parent":409}
{"msg":"FUSE request failed","level":"ERRO","ts":"2026-10-06T21:42:00.845131542Z","instance":"remote-a-r1","service_name":"afs-node","message":"No such file or directory (os error 2)","kind":"NotFound","code":67305473}
{"msg":"fuse.create","level":"INFO","ts":"2026-10-06T21:42:00.845153708Z","instance":"remote-a-r1","service_name":"afs-node","name":"entry-0055.bin","parent":409}
{"msg":"FUSE request failed","level":"ERRO","ts":"2026-10-06T21:42:00.847262536Z","instance":"remote-a-r1","service_name":"afs-node","message":"No such file or directory (os error 2)","kind":"NotFound","code":67305473}
{"msg":"fuse.create","level":"INFO","ts":"2026-10-06T21:42:00.84726637Z","instance":"remote-a-r1","service_name":"afs-node","name":"entry-0056.bin","parent":409}
{"msg":"FUSE request failed","level":"ERRO","ts":"2026-10-06T21:42:00.849626484Z","instance":"remote-a-r1","service_name":"afs-node","message":"No such file or directory (os error 2)","kind":"NotFound","code":67305473}
{"msg":"fuse.create","level":"INFO","ts":"2026-10-06T21:42:00.849643859Z","instance":"remote-a-r1","service_name":"afs-node","name":"entry-0057.bin","parent":409}
{"msg":"FUSE request failed","level":"ERRO","ts":"2026-10-06T21:42:00.852319008Z","instance":"remote-a-r1","service_name":"afs-node","message":"No such file or directory (os error 2)","kind":"NotFound","code":67305473}
{"msg":"fuse.create","level":"INFO","ts":"2026-10-06T21:42:00.852345674Z","instance":"remote-a-r1","service_name":"afs-node","name":"entry-0058.bin","parent":409}
{"msg":"FUSE request failed","level":"ERRO","ts":"2026-10-06T21:42:00.854730788Z","instance":"remote-a-r1","service_name":"afs-node","message":"No such file or directory (os error 2)","kind":"NotFound","code":67305473}
{"msg":"fuse.create","level":"INFO","ts":"2026-10-06T21:42:00.854746413Z","instance":"remote-a-r1","service_name":"afs-node","name":"entry-0059.bin","parent":409}
{"msg":"FUSE request failed","level":"ERRO","ts":"2026-10-06T21:42:00.856981155Z","instance":"remote-a-r1","service_name":"afs-node","message":"No such file or directory (os error 2)","kind":"NotFound","code":67305473}
{"msg":"fuse.create","level":"INFO","ts":"2026-10-06T21:42:00.85698678Z","instance":"remote-a-r1","service_name":"afs-node","name":"entry-0060.bin","parent":409}
{"msg":"FUSE request failed","level":"ERRO","ts":"2026-10-06T21:42:00.859392602Z","instance":"remote-a-r1","service_name":"afs-node","message":"No such file or directory (os error 2)","kind":"NotFound","code":67305473}
{"msg":"fuse.create","level":"INFO","ts":"2026-10-06T21:42:00.859416393Z","instance":"remote-a-r1","service_name":"afs-node","name":"entry-0061.bin","parent":409}
{"msg":"FUSE request failed","level":"ERRO","ts":"2026-10-06T21:42:00.861700385Z","instance":"remote-a-r1","service_name":"afs-node","message":"No such file or directory (os error 2)","kind":"NotFound","code":67305473}
{"msg":"fuse.create","level":"INFO","ts":"2026-10-06T21:42:00.861715801Z","instance":"remote-a-r1","service_name":"afs-node","name":"entry-0062.bin","parent":409}
{"msg":"FUSE request failed","level":"ERRO","ts":"2026-10-06T21:42:00.863777756Z","instance":"remote-a-r1","service_name":"afs-node","message":"No such file or directory (os error 2)","kind":"NotFound","code":67305473}
{"msg":"fuse.create","level":"INFO","ts":"2026-10-06T21:42:00.863794255Z","instance":"remote-a-r1","service_name":"afs-node","name":"entry-0063.bin","parent":409}
{"msg":"FUSE request failed","level":"ERRO","ts":"2026-10-06T21:42:00.866034706Z","instance":"remote-a-r1","service_name":"afs-node","message":"No such file or directory (os error 2)","kind":"NotFound","code":67305473}
{"msg":"fuse.create","level":"INFO","ts":"2026-10-06T21:42:00.866049039Z","instance":"remote-a-r1","service_name":"afs-node","name":"entry-0064.bin","parent":409}
{"msg":"FUSE request failed","level":"ERRO","ts":"2026-10-06T21:42:00.868173409Z","instance":"remote-a-r1","service_name":"afs-node","message":"No such file or directory (os error 2)","kind":"NotFound","code":67305473}
{"msg":"fuse.create","level":"INFO","ts":"2026-10-06T21:42:00.868195158Z","instance":"remote-a-r1","service_name":"afs-node","name":"entry-0065.bin","parent":409}
{"msg":"FUSE request failed","level":"ERRO","ts":"2026-10-06T21:42:00.870394568Z","instance":"remote-a-r1","service_name":"afs-node","message":"No such file or directory (os error 2)","kind":"NotFound","code":67305473}
{"msg":"fuse.create","level":"INFO","ts":"2026-10-06T21:42:00.870400609Z","instance":"remote-a-r1","service_name":"afs-node","name":"entry-0066.bin","parent":409}
{"msg":"FUSE request failed","level":"ERRO","ts":"2026-10-06T21:42:00.872848014Z","instance":"remote-a-r1","service_name":"afs-node","message":"No such file or directory (os error 2)","kind":"NotFound","code":67305473}
{"msg":"fuse.create","level":"INFO","ts":"2026-10-06T21:42:00.872866222Z","instance":"remote-a-r1","service_name":"afs-node","name":"entry-0067.bin","parent":409}
{"msg":"FUSE request failed","level":"ERRO","ts":"2026-10-06T21:42:00.875018841Z","instance":"remote-a-r1","service_name":"afs-node","message":"No such file or directory (os error 2)","kind":"NotFound","code":67305473}
{"msg":"fuse.create","level":"INFO","ts":"2026-10-06T21:42:00.875044215Z","instance":"remote-a-r1","service_name":"afs-node","name":"entry-0068.bin","parent":409}
{"msg":"FUSE request failed","level":"ERRO","ts":"2026-10-06T21:42:00.877258667Z","instance":"remote-a-r1","service_name":"afs-node","message":"No such file or directory (os error 2)","kind":"NotFound","code":67305473}
{"msg":"fuse.create","level":"INFO","ts":"2026-10-06T21:42:00.877261041Z","instance":"remote-a-r1","service_name":"afs-node","name":"entry-0069.bin","parent":409}
{"msg":"FUSE request failed","level":"ERRO","ts":"2026-10-06T21:42:00.879333412Z","instance":"remote-a-r1","service_name":"afs-node","message":"No such file or directory (os error 2)","kind":"NotFound","code":67305473}
{"msg":"fuse.create","level":"INFO","ts":"2026-10-06T21:42:00.879345662Z","instance":"remote-a-r1","service_name":"afs-node","name":"entry-0070.bin","parent":409}
{"msg":"FUSE request failed","level":"ERRO","ts":"2026-10-06T21:42:00.881433283Z","instance":"remote-a-r1","service_name":"afs-node","message":"No such file or directory (os error 2)","kind":"NotFound","code":67305473}
{"msg":"fuse.create","level":"INFO","ts":"2026-10-06T21:42:00.881445116Z","instance":"remote-a-r1","service_name":"afs-node","name":"entry-0071.bin","parent":409}
{"msg":"FUSE request failed","level":"ERRO","ts":"2026-10-06T21:42:00.883560403Z","instance":"remote-a-r1","service_name":"afs-node","message":"No such file or directory (os error 2)","kind":"NotFound","code":67305473}
{"msg":"fuse.create","level":"INFO","ts":"2026-10-06T21:42:00.883586027Z","instance":"remote-a-r1","service_name":"afs-node","name":"entry-0072.bin","parent":409}
{"msg":"FUSE request failed","level":"ERRO","ts":"2026-10-06T21:42:00.886308634Z","instance":"remote-a-r1","service_name":"afs-node","message":"No such file or directory (os error 2)","kind":"NotFound","code":67305473}
{"msg":"fuse.create","level":"INFO","ts":"2026-10-06T21:42:00.886331508Z","instance":"remote-a-r1","service_name":"afs-node","name":"entry-0073.bin","parent":409}
{"msg":"FUSE request failed","level":"ERRO","ts":"2026-10-06T21:42:00.888720872Z","instance":"remote-a-r1","service_name":"afs-node","message":"No such file or directory (os error 2)","kind":"NotFound","code":67305473}
{"msg":"fuse.create","level":"INFO","ts":"2026-10-06T21:42:00.888742705Z","instance":"remote-a-r1","service_name":"afs-node","name":"entry-0074.bin","parent":409}
{"msg":"FUSE request failed","level":"ERRO","ts":"2026-10-06T21:42:00.890931365Z","instance":"remote-a-r1","service_name":"afs-node","message":"No such file or directory (os error 2)","kind":"NotFound","code":67305473}
{"msg":"fuse.create","level":"INFO","ts":"2026-10-06T21:42:00.890953281Z","instance":"remote-a-r1","service_name":"afs-node","name":"entry-0075.bin","parent":409}
{"msg":"FUSE request failed","level":"ERRO","ts":"2026-10-06T21:42:00.893074693Z","instance":"remote-a-r1","service_name":"afs-node","message":"No such file or directory (os error 2)","kind":"NotFound","code":67305473}
{"msg":"fuse.create","level":"INFO","ts":"2026-10-06T21:42:00.893076901Z","instance":"remote-a-r1","service_name":"afs-node","name":"entry-0076.bin","parent":409}
{"msg":"FUSE request failed","level":"ERRO","ts":"2026-10-06T21:42:00.895466932Z","instance":"remote-a-r1","service_name":"afs-node","message":"No such file or directory (os error 2)","kind":"NotFound","code":67305473}
{"msg":"fuse.create","level":"INFO","ts":"2026-10-06T21:42:00.89548289Z","instance":"remote-a-r1","service_name":"afs-node","name":"entry-0077.bin","parent":409}
{"msg":"FUSE request failed","level":"ERRO","ts":"2026-10-06T21:42:00.897625384Z","instance":"remote-a-r1","service_name":"afs-node","message":"No such file or directory (os error 2)","kind":"NotFound","code":67305473}
{"msg":"fuse.create","level":"INFO","ts":"2026-10-06T21:42:00.897631176Z","instance":"remote-a-r1","service_name":"afs-node","name":"entry-0078.bin","parent":409}
{"msg":"FUSE request failed","level":"ERRO","ts":"2026-10-06T21:42:00.899813002Z","instance":"remote-a-r1","service_name":"afs-node","message":"No such file or directory (os error 2)","kind":"NotFound","code":67305473}
{"msg":"fuse.create","level":"INFO","ts":"2026-10-06T21:42:00.899821502Z","instance":"remote-a-r1","service_name":"afs-node","name":"entry-0079.bin","parent":409}
{"msg":"FUSE request failed","level":"ERRO","ts":"2026-10-06T21:42:00.901943872Z","instance":"remote-a-r1","service_name":"afs-node","message":"No such file or directory (os error 2)","kind":"NotFound","code":67305473}
{"msg":"fuse.create","level":"INFO","ts":"2026-10-06T21:42:00.90195258Z","instance":"remote-a-r1","service_name":"afs-node","name":"entry-0080.bin","parent":409}
{"msg":"FUSE request failed","level":"ERRO","ts":"2026-10-06T21:42:00.90413749Z","instance":"remote-a-r1","service_name":"afs-node","message":"No such file or directory (os error 2)","kind":"NotFound","code":67305473}
{"msg":"fuse.create","level":"INFO","ts":"2026-10-06T21:42:00.90415399Z","instance":"remote-a-r1","service_name":"afs-node","name":"entry-0081.bin","parent":409}
{"msg":"FUSE request failed","level":"ERRO","ts":"2026-10-06T21:42:00.906229986Z","instance":"remote-a-r1","service_name":"afs-node","message":"No such file or directory (os error 2)","kind":"NotFound","code":67305473}
{"msg":"fuse.create","level":"INFO","ts":"2026-10-06T21:42:00.906253735Z","instance":"remote-a-r1","service_name":"afs-node","name":"entry-0082.bin","parent":409}
{"msg":"FUSE request failed","level":"ERRO","ts":"2026-10-06T21:42:00.908353606Z","instance":"remote-a-r1","service_name":"afs-node","message":"No such file or directory (os error 2)","kind":"NotFound","code":67305473}
{"msg":"fuse.create","level":"INFO","ts":"2026-10-06T21:42:00.908356272Z","instance":"remote-a-r1","service_name":"afs-node","name":"entry-0083.bin","parent":409}
{"msg":"FUSE request failed","level":"ERRO","ts":"2026-10-06T21:42:00.910541016Z","instance":"remote-a-r1","service_name":"afs-node","message":"No such file or directory (os error 2)","kind":"NotFound","code":67305473}
{"msg":"fuse.create","level":"INFO","ts":"2026-10-06T21:42:00.910548474Z","instance":"remote-a-r1","service_name":"afs-node","name":"entry-0084.bin","parent":409}
{"msg":"FUSE request failed","level":"ERRO","ts":"2026-10-06T21:42:00.912696052Z","instance":"remote-a-r1","service_name":"afs-node","message":"No such file or directory (os error 2)","kind":"NotFound","code":67305473}
{"msg":"fuse.create","level":"INFO","ts":"2026-10-06T21:42:00.912707426Z","instance":"remote-a-r1","service_name":"afs-node","name":"entry-0085.bin","parent":409}
{"msg":"FUSE request failed","level":"ERRO","ts":"2026-10-06T21:42:00.91520083Z","instance":"remote-a-r1","service_name":"afs-node","message":"No such file or directory (os error 2)","kind":"NotFound","code":67305473}
{"msg":"fuse.create","level":"INFO","ts":"2026-10-06T21:42:00.915214621Z","instance":"remote-a-r1","service_name":"afs-node","name":"entry-0086.bin","parent":409}
{"msg":"FUSE request failed","level":"ERRO","ts":"2026-10-06T21:42:00.917349449Z","instance":"remote-a-r1","service_name":"afs-node","message":"No such file or directory (os error 2)","kind":"NotFound","code":67305473}
{"msg":"fuse.create","level":"INFO","ts":"2026-10-06T21:42:00.91736799Z","instance":"remote-a-r1","service_name":"afs-node","name":"entry-0087.bin","parent":409}
{"msg":"FUSE request failed","level":"ERRO","ts":"2026-10-06T21:42:00.919806645Z","instance":"remote-a-r1","service_name":"afs-node","message":"No such file or directory (os error 2)","kind":"NotFound","code":67305473}
{"msg":"fuse.create","level":"INFO","ts":"2026-10-06T21:42:00.919823353Z","instance":"remote-a-r1","service_name":"afs-node","name":"entry-0088.bin","parent":409}
{"msg":"FUSE request failed","level":"ERRO","ts":"2026-10-06T21:42:00.922185176Z","instance":"remote-a-r1","service_name":"afs-node","message":"No such file or directory (os error 2)","kind":"NotFound","code":67305473}
{"msg":"fuse.create","level":"INFO","ts":"2026-10-06T21:42:00.922187384Z","instance":"remote-a-r1","service_name":"afs-node","name":"entry-0089.bin","parent":409}
{"msg":"FUSE request failed","level":"ERRO","ts":"2026-10-06T21:42:00.924361086Z","instance":"remote-a-r1","service_name":"afs-node","message":"No such file or directory (os error 2)","kind":"NotFound","code":67305473}
{"msg":"fuse.create","level":"INFO","ts":"2026-10-06T21:42:00.924363544Z","instance":"remote-a-r1","service_name":"afs-node","name":"entry-0090.bin","parent":409}
{"msg":"FUSE request failed","level":"ERRO","ts":"2026-10-06T21:42:00.926721992Z","instance":"remote-a-r1","service_name":"afs-node","message":"No such file or directory (os error 2)","kind":"NotFound","code":67305473}
{"msg":"fuse.create","level":"INFO","ts":"2026-10-06T21:42:00.926739075Z","instance":"remote-a-r1","service_name":"afs-node","name":"entry-0091.bin","parent":409}
{"msg":"FUSE request failed","level":"ERRO","ts":"2026-10-06T21:42:00.928887736Z","instance":"remote-a-r1","service_name":"afs-node","message":"No such file or directory (os error 2)","kind":"NotFound","code":67305473}
{"msg":"fuse.create","level":"INFO","ts":"2026-10-06T21:42:00.928892986Z","instance":"remote-a-r1","service_name":"afs-node","name":"entry-0092.bin","parent":409}
{"msg":"FUSE request failed","level":"ERRO","ts":"2026-10-06T21:42:00.931412389Z","instance":"remote-a-r1","service_name":"afs-node","message":"No such file or directory (os error 2)","kind":"NotFound","code":67305473}
{"msg":"fuse.create","level":"INFO","ts":"2026-10-06T21:42:00.931420222Z","instance":"remote-a-r1","service_name":"afs-node","name":"entry-0093.bin","parent":409}
{"msg":"FUSE request failed","level":"ERRO","ts":"2026-10-06T21:42:00.933544675Z","instance":"remote-a-r1","service_name":"afs-node","message":"No such file or directory (os error 2)","kind":"NotFound","code":67305473}
{"msg":"fuse.create","level":"INFO","ts":"2026-10-06T21:42:00.933566258Z","instance":"remote-a-r1","service_name":"afs-node","name":"entry-0094.bin","parent":409}
{"msg":"FUSE request failed","level":"ERRO","ts":"2026-10-06T21:42:00.935914373Z","instance":"remote-a-r1","service_name":"afs-node","message":"No such file or directory (os error 2)","kind":"NotFound","code":67305473}
{"msg":"fuse.create","level":"INFO","ts":"2026-10-06T21:42:00.935933372Z","instance":"remote-a-r1","service_name":"afs-node","name":"entry-0095.bin","parent":409}
{"msg":"FUSE request failed","level":"ERRO","ts":"2026-10-06T21:42:00.938316778Z","instance":"remote-a-r1","service_name":"afs-node","message":"No such file or directory (os error 2)","kind":"NotFound","code":67305473}
{"msg":"fuse.create","level":"INFO","ts":"2026-10-06T21:42:00.938337028Z","instance":"remote-a-r1","service_name":"afs-node","name":"entry-0096.bin","parent":409}
{"msg":"FUSE request failed","level":"ERRO","ts":"2026-10-06T21:42:00.940482314Z","instance":"remote-a-r1","service_name":"afs-node","message":"No such file or directory (os error 2)","kind":"NotFound","code":67305473}
{"msg":"fuse.create","level":"INFO","ts":"2026-10-06T21:42:00.940503522Z","instance":"remote-a-r1","service_name":"afs-node","name":"entry-0097.bin","parent":409}
{"msg":"FUSE request failed","level":"ERRO","ts":"2026-10-06T21:42:00.942620933Z","instance":"remote-a-r1","service_name":"afs-node","message":"No such file or directory (os error 2)","kind":"NotFound","code":67305473}
{"msg":"fuse.create","level":"INFO","ts":"2026-10-06T21:42:00.94263735Z","instance":"remote-a-r1","service_name":"afs-node","name":"entry-0098.bin","parent":409}
{"msg":"FUSE request failed","level":"ERRO","ts":"2026-10-06T21:42:00.946040566Z","instance":"remote-a-r1","service_name":"afs-node","message":"No such file or directory (os error 2)","kind":"NotFound","code":67305473}
{"msg":"fuse.create","level":"INFO","ts":"2026-10-06T21:42:00.946043816Z","instance":"remote-a-r1","service_name":"afs-node","name":"entry-0099.bin","parent":409}
{"msg":"[Not Implemented] ioctl(ino: 0x19a, fh: 935, flags: 0, cmd: 21505, in_data.len(): 0, out_size: 0)","level":"WARN","ts":"2026-10-06T21:42:00.949954813Z","instance":"remote-a-r1","service_name":"afs-node"}
{"msg":"[Not Implemented] ioctl(ino: 0x19b, fh: 936, flags: 0, cmd: 21505, in_data.len(): 0, out_size: 0)","level":"WARN","ts":"2026-10-06T21:42:00.951606693Z","instance":"remote-a-r1","service_name":"afs-node"}
{"msg":"[Not Implemented] ioctl(ino: 0x19c, fh: 937, flags: 0, cmd: 21505, in_data.len(): 0, out_size: 0)","level":"WARN","ts":"2026-10-06T21:42:00.953352572Z","instance":"remote-a-r1","service_name":"afs-node"}
{"msg":"[Not Implemented] ioctl(ino: 0x19d, fh: 938, flags: 0, cmd: 21505, in_data.len(): 0, out_size: 0)","level":"WARN","ts":"2026-10-06T21:42:00.954943161Z","instance":"remote-a-r1","service_name":"afs-node"}
{"msg":"[Not Implemented] ioctl(ino: 0x19e, fh: 939, flags: 0, cmd: 21505, in_data.len(): 0, out_size: 0)","level":"WARN","ts":"2026-10-06T21:42:00.956527085Z","instance":"remote-a-r1","service_name":"afs-node"}
{"msg":"[Not Implemented] ioctl(ino: 0x19f, fh: 940, flags: 0, cmd: 21505, in_data.len(): 0, out_size: 0)","level":"WARN","ts":"2026-10-06T21:42:00.958234089Z","instance":"remote-a-r1","service_name":"afs-node"}
{"msg":"[Not Implemented] ioctl(ino: 0x1a0, fh: 941, flags: 0, cmd: 21505, in_data.len(): 0, out_size: 0)","level":"WARN","ts":"2026-10-06T21:42:00.960086048Z","instance":"remote-a-r1","service_name":"afs-node"}
{"msg":"[Not Implemented] ioctl(ino: 0x1a1, fh: 942, flags: 0, cmd: 21505, in_data.len(): 0, out_size: 0)","level":"WARN","ts":"2026-10-06T21:42:00.962175377Z","instance":"remote-a-r1","service_name":"afs-node"}
{"msg":"[Not Implemented] ioctl(ino: 0x1a2, fh: 943, flags: 0, cmd: 21505, in_data.len(): 0, out_size: 0)","level":"WARN","ts":"2026-10-06T21:42:00.964076085Z","instance":"remote-a-r1","service_name":"afs-node"}
{"msg":"[Not Implemented] ioctl(ino: 0x1a3, fh: 944, flags: 0, cmd: 21505, in_data.len(): 0, out_size: 0)","level":"WARN","ts":"2026-10-06T21:42:00.966097374Z","instance":"remote-a-r1","service_name":"afs-node"}
{"msg":"[Not Implemented] ioctl(ino: 0x1a4, fh: 945, flags: 0, cmd: 21505, in_data.len(): 0, out_size: 0)","level":"WARN","ts":"2026-10-06T21:42:00.96808758Z","instance":"remote-a-r1","service_name":"afs-node"}
{"msg":"[Not Implemented] ioctl(ino: 0x1a5, fh: 946, flags: 0, cmd: 21505, in_data.len(): 0, out_size: 0)","level":"WARN","ts":"2026-10-06T21:42:00.970136951Z","instance":"remote-a-r1","service_name":"afs-node"}
{"msg":"[Not Implemented] ioctl(ino: 0x1a6, fh: 947, flags: 0, cmd: 21505, in_data.len(): 0, out_size: 0)","level":"WARN","ts":"2026-10-06T21:42:00.972166865Z","instance":"remote-a-r1","service_name":"afs-node"}
{"msg":"[Not Implemented] ioctl(ino: 0x1a7, fh: 948, flags: 0, cmd: 21505, in_data.len(): 0, out_size: 0)","level":"WARN","ts":"2026-10-06T21:42:00.97404099Z","instance":"remote-a-r1","service_name":"afs-node"}
{"msg":"[Not Implemented] ioctl(ino: 0x1a8, fh: 949, flags: 0, cmd: 21505, in_data.len(): 0, out_size: 0)","level":"WARN","ts":"2026-10-06T21:42:00.97594699Z","instance":"remote-a-r1","service_name":"afs-node"}
{"msg":"[Not Implemented] ioctl(ino: 0x1a9, fh: 950, flags: 0, cmd: 21505, in_data.len(): 0, out_size: 0)","level":"WARN","ts":"2026-10-06T21:42:00.977937571Z","instance":"remote-a-r1","service_name":"afs-node"}
{"msg":"[Not Implemented] ioctl(ino: 0x1aa, fh: 951, flags: 0, cmd: 21505, in_data.len(): 0, out_size: 0)","level":"WARN","ts":"2026-10-06T21:42:00.979887861Z","instance":"remote-a-r1","service_name":"afs-node"}
{"msg":"[Not Implemented] ioctl(ino: 0x1ab, fh: 952, flags: 0, cmd: 21505, in_data.len(): 0, out_size: 0)","level":"WARN","ts":"2026-10-06T21:42:00.981830318Z","instance":"remote-a-r1","service_name":"afs-node"}
{"msg":"[Not Implemented] ioctl(ino: 0x1ac, fh: 953, flags: 0, cmd: 21505, in_data.len(): 0, out_size: 0)","level":"WARN","ts":"2026-10-06T21:42:00.983892898Z","instance":"remote-a-r1","service_name":"afs-node"}
{"msg":"[Not Implemented] ioctl(ino: 0x1ad, fh: 954, flags: 0, cmd: 21505, in_data.len(): 0, out_size: 0)","level":"WARN","ts":"2026-10-06T21:42:00.985842855Z","instance":"remote-a-r1","service_name":"afs-node"}
{"msg":"[Not Implemented] ioctl(ino: 0x1ae, fh: 955, flags: 0, cmd: 21505, in_data.len(): 0, out_size: 0)","level":"WARN","ts":"2026-10-06T21:42:00.987813895Z","instance":"remote-a-r1","service_name":"afs-node"}
{"msg":"[Not Implemented] ioctl(ino: 0x1af, fh: 956, flags: 0, cmd: 21505, in_data.len(): 0, out_size: 0)","level":"WARN","ts":"2026-10-06T21:42:00.989771518Z","instance":"remote-a-r1","service_name":"afs-node"}
{"msg":"[Not Implemented] ioctl(ino: 0x1b0, fh: 957, flags: 0, cmd: 21505, in_data.len(): 0, out_size: 0)","level":"WARN","ts":"2026-10-06T21:42:00.991688851Z","instance":"remote-a-r1","service_name":"afs-node"}
{"msg":"[Not Implemented] ioctl(ino: 0x1b1, fh: 958, flags: 0, cmd: 21505, in_data.len(): 0, out_size: 0)","level":"WARN","ts":"2026-10-06T21:42:00.993666557Z","instance":"remote-a-r1","service_name":"afs-node"}
{"msg":"[Not Implemented] ioctl(ino: 0x1b2, fh: 959, flags: 0, cmd: 21505, in_data.len(): 0, out_size: 0)","level":"WARN","ts":"2026-10-06T21:42:00.995625598Z","instance":"remote-a-r1","service_name":"afs-node"}
{"msg":"[Not Implemented] ioctl(ino: 0x1b3, fh: 960, flags: 0, cmd: 21505, in_data.len(): 0, out_size: 0)","level":"WARN","ts":"2026-10-06T21:42:00.997498306Z","instance":"remote-a-r1","service_name":"afs-node"}
{"msg":"[Not Implemented] ioctl(ino: 0x1b4, fh: 961, flags: 0, cmd: 21505, in_data.len(): 0, out_size: 0)","level":"WARN","ts":"2026-10-06T21:42:00.999486804Z","instance":"remote-a-r1","service_name":"afs-node"}
{"msg":"[Not Implemented] ioctl(ino: 0x1b5, fh: 962, flags: 0, cmd: 21505, in_data.len(): 0, out_size: 0)","level":"WARN","ts":"2026-10-06T21:42:01.001300597Z","instance":"remote-a-r1","service_name":"afs-node"}
{"msg":"[Not Implemented] ioctl(ino: 0x1b6, fh: 963, flags: 0, cmd: 21505, in_data.len(): 0, out_size: 0)","level":"WARN","ts":"2026-10-06T21:42:01.003304928Z","instance":"remote-a-r1","service_name":"afs-node"}
{"msg":"[Not Implemented] ioctl(ino: 0x1b7, fh: 964, flags: 0, cmd: 21505, in_data.len(): 0, out_size: 0)","level":"WARN","ts":"2026-10-06T21:42:01.005254844Z","instance":"remote-a-r1","service_name":"afs-node"}
{"msg":"[Not Implemented] ioctl(ino: 0x1b8, fh: 965, flags: 0, cmd: 21505, in_data.len(): 0, out_size: 0)","level":"WARN","ts":"2026-10-06T21:42:01.007250633Z","instance":"remote-a-r1","service_name":"afs-node"}
{"msg":"[Not Implemented] ioctl(ino: 0x1b9, fh: 966, flags: 0, cmd: 21505, in_data.len(): 0, out_size: 0)","level":"WARN","ts":"2026-10-06T21:42:01.009114092Z","instance":"remote-a-r1","service_name":"afs-node"}
{"msg":"[Not Implemented] ioctl(ino: 0x1ba, fh: 967, flags: 0, cmd: 21505, in_data.len(): 0, out_size: 0)","level":"WARN","ts":"2026-10-06T21:42:01.010923635Z","instance":"remote-a-r1","service_name":"afs-node"}
{"msg":"[Not Implemented] ioctl(ino: 0x1bb, fh: 968, flags: 0, cmd: 21505, in_data.len(): 0, out_size: 0)","level":"WARN","ts":"2026-10-06T21:42:01.01288555Z","instance":"remote-a-r1","service_name":"afs-node"}
{"msg":"[Not Implemented] ioctl(ino: 0x1bc, fh: 969, flags: 0, cmd: 21505, in_data.len(): 0, out_size: 0)","level":"WARN","ts":"2026-10-06T21:42:01.014980837Z","instance":"remote-a-r1","service_name":"afs-node"}
{"msg":"[Not Implemented] ioctl(ino: 0x1bd, fh: 970, flags: 0, cmd: 21505, in_data.len(): 0, out_size: 0)","level":"WARN","ts":"2026-10-06T21:42:01.016933628Z","instance":"remote-a-r1","service_name":"afs-node"}
{"msg":"[Not Implemented] ioctl(ino: 0x1be, fh: 971, flags: 0, cmd: 21505, in_data.len(): 0, out_size: 0)","level":"WARN","ts":"2026-10-06T21:42:01.018901709Z","instance":"remote-a-r1","service_name":"afs-node"}
{"msg":"[Not Implemented] ioctl(ino: 0x1bf, fh: 972, flags: 0, cmd: 21505, in_data.len(): 0, out_size: 0)","level":"WARN","ts":"2026-10-06T21:42:01.020892957Z","instance":"remote-a-r1","service_name":"afs-node"}
{"msg":"[Not Implemented] ioctl(ino: 0x1c0, fh: 973, flags: 0, cmd: 21505, in_data.len(): 0, out_size: 0)","level":"WARN","ts":"2026-10-06T21:42:01.022826415Z","instance":"remote-a-r1","service_name":"afs-node"}
{"msg":"[Not Implemented] ioctl(ino: 0x1c1, fh: 974, flags: 0, cmd: 21505, in_data.len(): 0, out_size: 0)","level":"WARN","ts":"2026-10-06T21:42:01.02484012Z","instance":"remote-a-r1","service_name":"afs-node"}
{"msg":"[Not Implemented] ioctl(ino: 0x1c2, fh: 975, flags: 0, cmd: 21505, in_data.len(): 0, out_size: 0)","level":"WARN","ts":"2026-10-06T21:42:01.026638372Z","instance":"remote-a-r1","service_name":"afs-node"}
{"msg":"[Not Implemented] ioctl(ino: 0x1c3, fh: 976, flags: 0, cmd: 21505, in_data.len(): 0, out_size: 0)","level":"WARN","ts":"2026-10-06T21:42:01.028657369Z","instance":"remote-a-r1","service_name":"afs-node"}
{"msg":"[Not Implemented] ioctl(ino: 0x1c4, fh: 977, flags: 0, cmd: 21505, in_data.len(): 0, out_size: 0)","level":"WARN","ts":"2026-10-06T21:42:01.030646451Z","instance":"remote-a-r1","service_name":"afs-node"}
{"msg":"[Not Implemented] ioctl(ino: 0x1c5, fh: 978, flags: 0, cmd: 21505, in_data.len(): 0, out_size: 0)","level":"WARN","ts":"2026-10-06T21:42:01.032557617Z","instance":"remote-a-r1","service_name":"afs-node"}
{"msg":"[Not Implemented] ioctl(ino: 0x1c6, fh: 979, flags: 0, cmd: 21505, in_data.len(): 0, out_size: 0)","level":"WARN","ts":"2026-10-06T21:42:01.034580822Z","instance":"remote-a-r1","service_name":"afs-node"}
{"msg":"[Not Implemented] ioctl(ino: 0x1c7, fh: 980, flags: 0, cmd: 21505, in_data.len(): 0, out_size: 0)","level":"WARN","ts":"2026-10-06T21:42:01.036724192Z","instance":"remote-a-r1","service_name":"afs-node"}
{"msg":"[Not Implemented] ioctl(ino: 0x1c8, fh: 981, flags: 0, cmd: 21505, in_data.len(): 0, out_size: 0)","level":"WARN","ts":"2026-10-06T21:42:01.038660357Z","instance":"remote-a-r1","service_name":"afs-node"}
{"msg":"[Not Implemented] ioctl(ino: 0x1c9, fh: 982, flags: 0, cmd: 21505, in_data.len(): 0, out_size: 0)","level":"WARN","ts":"2026-10-06T21:42:01.040572732Z","instance":"remote-a-r1","service_name":"afs-node"}
{"msg":"[Not Implemented] ioctl(ino: 0x1ca, fh: 983, flags: 0, cmd: 21505, in_data.len(): 0, out_size: 0)","level":"WARN","ts":"2026-10-06T21:42:01.042466857Z","instance":"remote-a-r1","service_name":"afs-node"}
{"msg":"[Not Implemented] ioctl(ino: 0x1cb, fh: 984, flags: 0, cmd: 21505, in_data.len(): 0, out_size: 0)","level":"WARN","ts":"2026-10-06T21:42:01.044267734Z","instance":"remote-a-r1","service_name":"afs-node"}
{"msg":"[Not Implemented] ioctl(ino: 0x1cc, fh: 985, flags: 0, cmd: 21505, in_data.len(): 0, out_size: 0)","level":"WARN","ts":"2026-10-06T21:42:01.046140317Z","instance":"remote-a-r1","service_name":"afs-node"}
{"msg":"[Not Implemented] ioctl(ino: 0x1cd, fh: 986, flags: 0, cmd: 21505, in_data.len(): 0, out_size: 0)","level":"WARN","ts":"2026-10-06T21:42:01.048067691Z","instance":"remote-a-r1","service_name":"afs-node"}
{"msg":"[Not Implemented] ioctl(ino: 0x1ce, fh: 987, flags: 0, cmd: 21505, in_data.len(): 0, out_size: 0)","level":"WARN","ts":"2026-10-06T21:42:01.050024482Z","instance":"remote-a-r1","service_name":"afs-node"}
{"msg":"[Not Implemented] ioctl(ino: 0x1cf, fh: 988, flags: 0, cmd: 21505, in_data.len(): 0, out_size: 0)","level":"WARN","ts":"2026-10-06T21:42:01.051956522Z","instance":"remote-a-r1","service_name":"afs-node"}
{"msg":"[Not Implemented] ioctl(ino: 0x1d0, fh: 989, flags: 0, cmd: 21505, in_data.len(): 0, out_size: 0)","level":"WARN","ts":"2026-10-06T21:42:01.054043851Z","instance":"remote-a-r1","service_name":"afs-node"}
{"msg":"[Not Implemented] ioctl(ino: 0x1d1, fh: 990, flags: 0, cmd: 21505, in_data.len(): 0, out_size: 0)","level":"WARN","ts":"2026-10-06T21:42:01.055906352Z","instance":"remote-a-r1","service_name":"afs-node"}
{"msg":"[Not Implemented] ioctl(ino: 0x1d2, fh: 991, flags: 0, cmd: 21505, in_data.len(): 0, out_size: 0)","level":"WARN","ts":"2026-10-06T21:42:01.057835893Z","instance":"remote-a-r1","service_name":"afs-node"}
{"msg":"[Not Implemented] ioctl(ino: 0x1d3, fh: 992, flags: 0, cmd: 21505, in_data.len(): 0, out_size: 0)","level":"WARN","ts":"2026-10-06T21:42:01.059766059Z","instance":"remote-a-r1","service_name":"afs-node"}
{"msg":"[Not Implemented] ioctl(ino: 0x1d4, fh: 993, flags: 0, cmd: 21505, in_data.len(): 0, out_size: 0)","level":"WARN","ts":"2026-10-06T21:42:01.06165885Z","instance":"remote-a-r1","service_name":"afs-node"}
{"msg":"[Not Implemented] ioctl(ino: 0x1d5, fh: 994, flags: 0, cmd: 21505, in_data.len(): 0, out_size: 0)","level":"WARN","ts":"2026-10-06T21:42:01.063640515Z","instance":"remote-a-r1","service_name":"afs-node"}
{"msg":"[Not Implemented] ioctl(ino: 0x1d6, fh: 995, flags: 0, cmd: 21505, in_data.len(): 0, out_size: 0)","level":"WARN","ts":"2026-10-06T21:42:01.065592764Z","instance":"remote-a-r1","service_name":"afs-node"}
{"msg":"[Not Implemented] ioctl(ino: 0x1d7, fh: 996, flags: 0, cmd: 21505, in_data.len(): 0, out_size: 0)","level":"WARN","ts":"2026-10-06T21:42:01.067616886Z","instance":"remote-a-r1","service_name":"afs-node"}
{"msg":"[Not Implemented] ioctl(ino: 0x1d8, fh: 997, flags: 0, cmd: 21505, in_data.len(): 0, out_size: 0)","level":"WARN","ts":"2026-10-06T21:42:01.069656757Z","instance":"remote-a-r1","service_name":"afs-node"}
{"msg":"[Not Implemented] ioctl(ino: 0x1d9, fh: 998, flags: 0, cmd: 21505, in_data.len(): 0, out_size: 0)","level":"WARN","ts":"2026-10-06T21:42:01.071617506Z","instance":"remote-a-r1","service_name":"afs-node"}
{"msg":"[Not Implemented] ioctl(ino: 0x1da, fh: 999, flags: 0, cmd: 21505, in_data.len(): 0, out_size: 0)","level":"WARN","ts":"2026-10-06T21:42:01.073510506Z","instance":"remote-a-r1","service_name":"afs-node"}
{"msg":"[Not Implemented] ioctl(ino: 0x1db, fh: 1000, flags: 0, cmd: 21505, in_data.len(): 0, out_size: 0)","level":"WARN","ts":"2026-10-06T21:42:01.07537359Z","instance":"remote-a-r1","service_name":"afs-node"}
{"msg":"[Not Implemented] ioctl(ino: 0x1dc, fh: 1001, flags: 0, cmd: 21505, in_data.len(): 0, out_size: 0)","level":"WARN","ts":"2026-10-06T21:42:01.077248715Z","instance":"remote-a-r1","service_name":"afs-node"}
{"msg":"[Not Implemented] ioctl(ino: 0x1dd, fh: 1002, flags: 0, cmd: 21505, in_data.len(): 0, out_size: 0)","level":"WARN","ts":"2026-10-06T21:42:01.079013718Z","instance":"remote-a-r1","service_name":"afs-node"}
{"msg":"[Not Implemented] ioctl(ino: 0x1de, fh: 1003, flags: 0, cmd: 21505, in_data.len(): 0, out_size: 0)","level":"WARN","ts":"2026-10-06T21:42:01.080894135Z","instance":"remote-a-r1","service_name":"afs-node"}
{"msg":"[Not Implemented] ioctl(ino: 0x1df, fh: 1004, flags: 0, cmd: 21505, in_data.len(): 0, out_size: 0)","level":"WARN","ts":"2026-10-06T21:42:01.082874716Z","instance":"remote-a-r1","service_name":"afs-node"}
{"msg":"[Not Implemented] ioctl(ino: 0x1e0, fh: 1005, flags: 0, cmd: 21505, in_data.len(): 0, out_size: 0)","level":"WARN","ts":"2026-10-06T21:42:01.084876797Z","instance":"remote-a-r1","service_name":"afs-node"}
{"msg":"[Not Implemented] ioctl(ino: 0x1e1, fh: 1006, flags: 0, cmd: 21505, in_data.len(): 0, out_size: 0)","level":"WARN","ts":"2026-10-06T21:42:01.086702048Z","instance":"remote-a-r1","service_name":"afs-node"}
{"msg":"[Not Implemented] ioctl(ino: 0x1e2, fh: 1007, flags: 0, cmd: 21505, in_data.len(): 0, out_size: 0)","level":"WARN","ts":"2026-10-06T21:42:01.088627589Z","instance":"remote-a-r1","service_name":"afs-node"}
{"msg":"[Not Implemented] ioctl(ino: 0x1e3, fh: 1008, flags: 0, cmd: 21505, in_data.len(): 0, out_size: 0)","level":"WARN","ts":"2026-10-06T21:42:01.090688419Z","instance":"remote-a-r1","service_name":"afs-node"}
{"msg":"[Not Implemented] ioctl(ino: 0x1e4, fh: 1009, flags: 0, cmd: 21505, in_data.len(): 0, out_size: 0)","level":"WARN","ts":"2026-10-06T21:42:01.092753915Z","instance":"remote-a-r1","service_name":"afs-node"}
{"msg":"[Not Implemented] ioctl(ino: 0x1e5, fh: 1010, flags: 0, cmd: 21505, in_data.len(): 0, out_size: 0)","level":"WARN","ts":"2026-10-06T21:42:01.094798536Z","instance":"remote-a-r1","service_name":"afs-node"}
{"msg":"[Not Implemented] ioctl(ino: 0x1e6, fh: 1011, flags: 0, cmd: 21505, in_data.len(): 0, out_size: 0)","level":"WARN","ts":"2026-10-06T21:42:01.096812492Z","instance":"remote-a-r1","service_name":"afs-node"}
{"msg":"[Not Implemented] ioctl(ino: 0x1e7, fh: 1012, flags: 0, cmd: 21505, in_data.len(): 0, out_size: 0)","level":"WARN","ts":"2026-10-06T21:42:01.098790698Z","instance":"remote-a-r1","service_name":"afs-node"}
{"msg":"[Not Implemented] ioctl(ino: 0x1e8, fh: 1013, flags: 0, cmd: 21505, in_data.len(): 0, out_size: 0)","level":"WARN","ts":"2026-10-06T21:42:01.100667282Z","instance":"remote-a-r1","service_name":"afs-node"}
{"msg":"[Not Implemented] ioctl(ino: 0x1e9, fh: 1014, flags: 0, cmd: 21505, in_data.len(): 0, out_size: 0)","level":"WARN","ts":"2026-10-06T21:42:01.102628822Z","instance":"remote-a-r1","service_name":"afs-node"}
{"msg":"[Not Implemented] ioctl(ino: 0x1ea, fh: 1015, flags: 0, cmd: 21505, in_data.len(): 0, out_size: 0)","level":"WARN","ts":"2026-10-06T21:42:01.104510531Z","instance":"remote-a-r1","service_name":"afs-node"}
{"msg":"[Not Implemented] ioctl(ino: 0x1eb, fh: 1016, flags: 0, cmd: 21505, in_data.len(): 0, out_size: 0)","level":"WARN","ts":"2026-10-06T21:42:01.106638692Z","instance":"remote-a-r1","service_name":"afs-node"}
{"msg":"[Not Implemented] ioctl(ino: 0x1ec, fh: 1017, flags: 0, cmd: 21505, in_data.len(): 0, out_size: 0)","level":"WARN","ts":"2026-10-06T21:42:01.108626023Z","instance":"remote-a-r1","service_name":"afs-node"}
{"msg":"[Not Implemented] ioctl(ino: 0x1ed, fh: 1018, flags: 0, cmd: 21505, in_data.len(): 0, out_size: 0)","level":"WARN","ts":"2026-10-06T21:42:01.110610396Z","instance":"remote-a-r1","service_name":"afs-node"}
{"msg":"[Not Implemented] ioctl(ino: 0x1ee, fh: 1019, flags: 0, cmd: 21505, in_data.len(): 0, out_size: 0)","level":"WARN","ts":"2026-10-06T21:42:01.112522812Z","instance":"remote-a-r1","service_name":"afs-node"}
{"msg":"[Not Implemented] ioctl(ino: 0x1ef, fh: 1020, flags: 0, cmd: 21505, in_data.len(): 0, out_size: 0)","level":"WARN","ts":"2026-10-06T21:42:01.114496144Z","instance":"remote-a-r1","service_name":"afs-node"}
{"msg":"[Not Implemented] ioctl(ino: 0x1f0, fh: 1021, flags: 0, cmd: 21505, in_data.len(): 0, out_size: 0)","level":"WARN","ts":"2026-10-06T21:42:01.116444268Z","instance":"remote-a-r1","service_name":"afs-node"}
{"msg":"[Not Implemented] ioctl(ino: 0x1f1, fh: 1022, flags: 0, cmd: 21505, in_data.len(): 0, out_size: 0)","level":"WARN","ts":"2026-10-06T21:42:01.11828231Z","instance":"remote-a-r1","service_name":"afs-node"}
{"msg":"[Not Implemented] ioctl(ino: 0x1f2, fh: 1023, flags: 0, cmd: 21505, in_data.len(): 0, out_size: 0)","level":"WARN","ts":"2026-10-06T21:42:01.120296849Z","instance":"remote-a-r1","service_name":"afs-node"}
{"msg":"[Not Implemented] ioctl(ino: 0x1f3, fh: 1024, flags: 0, cmd: 21505, in_data.len(): 0, out_size: 0)","level":"WARN","ts":"2026-10-06T21:42:01.122217557Z","instance":"remote-a-r1","service_name":"afs-node"}
{"msg":"[Not Implemented] ioctl(ino: 0x1f4, fh: 1025, flags: 0, cmd: 21505, in_data.len(): 0, out_size: 0)","level":"WARN","ts":"2026-10-06T21:42:01.124046767Z","instance":"remote-a-r1","service_name":"afs-node"}
{"msg":"[Not Implemented] ioctl(ino: 0x1f5, fh: 1026, flags: 0, cmd: 21505, in_data.len(): 0, out_size: 0)","level":"WARN","ts":"2026-10-06T21:42:01.125842935Z","instance":"remote-a-r1","service_name":"afs-node"}
{"msg":"[Not Implemented] ioctl(ino: 0x1f6, fh: 1027, flags: 0, cmd: 21505, in_data.len(): 0, out_size: 0)","level":"WARN","ts":"2026-10-06T21:42:01.127795184Z","instance":"remote-a-r1","service_name":"afs-node"}
{"msg":"[Not Implemented] ioctl(ino: 0x1f7, fh: 1028, flags: 0, cmd: 21505, in_data.len(): 0, out_size: 0)","level":"WARN","ts":"2026-10-06T21:42:01.129759099Z","instance":"remote-a-r1","service_name":"afs-node"}
{"msg":"[Not Implemented] ioctl(ino: 0x1f8, fh: 1029, flags: 0, cmd: 21505, in_data.len(): 0, out_size: 0)","level":"WARN","ts":"2026-10-06T21:42:01.131724056Z","instance":"remote-a-r1","service_name":"afs-node"}
{"msg":"[Not Implemented] ioctl(ino: 0x1f9, fh: 1030, flags: 0, cmd: 21505, in_data.len(): 0, out_size: 0)","level":"WARN","ts":"2026-10-06T21:42:01.133688512Z","instance":"remote-a-r1","service_name":"afs-node"}
{"msg":"[Not Implemented] ioctl(ino: 0x1fa, fh: 1031, flags: 0, cmd: 21505, in_data.len(): 0, out_size: 0)","level":"WARN","ts":"2026-10-06T21:42:01.135662302Z","instance":"remote-a-r1","service_name":"afs-node"}
{"msg":"[Not Implemented] ioctl(ino: 0x1fb, fh: 1032, flags: 0, cmd: 21505, in_data.len(): 0, out_size: 0)","level":"WARN","ts":"2026-10-06T21:42:01.137633551Z","instance":"remote-a-r1","service_name":"afs-node"}
{"msg":"[Not Implemented] ioctl(ino: 0x1fc, fh: 1033, flags: 0, cmd: 21505, in_data.len(): 0, out_size: 0)","level":"WARN","ts":"2026-10-06T21:42:01.139502134Z","instance":"remote-a-r1","service_name":"afs-node"}
{"msg":"[Not Implemented] ioctl(ino: 0x1fd, fh: 1034, flags: 0, cmd: 21505, in_data.len(): 0, out_size: 0)","level":"WARN","ts":"2026-10-06T21:42:01.141417967Z","instance":"remote-a-r1","service_name":"afs-node"}
{"msg":"FUSE request failed","level":"ERRO","ts":"2026-10-06T21:42:02.156728172Z","instance":"remote-a-r1","service_name":"afs-node","message":"No such file or directory (os error 2)","kind":"NotFound","code":67305473}
{"msg":"FUSE request failed","level":"ERRO","ts":"2026-10-06T21:42:02.15854809Z","instance":"remote-a-r1","service_name":"afs-node","message":"No such file or directory (os error 2)","kind":"NotFound","code":67305473}
{"msg":"fuse.create","level":"INFO","ts":"2026-10-06T21:42:02.158554382Z","instance":"remote-a-r1","service_name":"afs-node","name":"entry-0000.bin","parent":510}
{"msg":"FUSE request failed","level":"ERRO","ts":"2026-10-06T21:42:02.160960829Z","instance":"remote-a-r1","service_name":"afs-node","message":"No such file or directory (os error 2)","kind":"NotFound","code":67305473}
{"msg":"fuse.create","level":"INFO","ts":"2026-10-06T21:42:02.160965037Z","instance":"remote-a-r1","service_name":"afs-node","name":"entry-0001.bin","parent":510}
{"msg":"FUSE request failed","level":"ERRO","ts":"2026-10-06T21:42:02.163071741Z","instance":"remote-a-r1","service_name":"afs-node","message":"No such file or directory (os error 2)","kind":"NotFound","code":67305473}
{"msg":"fuse.create","level":"INFO","ts":"2026-10-06T21:42:02.163089115Z","instance":"remote-a-r1","service_name":"afs-node","name":"entry-0002.bin","parent":510}
{"msg":"FUSE request failed","level":"ERRO","ts":"2026-10-06T21:42:02.165398606Z","instance":"remote-a-r1","service_name":"afs-node","message":"No such file or directory (os error 2)","kind":"NotFound","code":67305473}
{"msg":"fuse.create","level":"INFO","ts":"2026-10-06T21:42:02.165420439Z","instance":"remote-a-r1","service_name":"afs-node","name":"entry-0003.bin","parent":510}
{"msg":"FUSE request failed","level":"ERRO","ts":"2026-10-06T21:42:02.167472394Z","instance":"remote-a-r1","service_name":"afs-node","message":"No such file or directory (os error 2)","kind":"NotFound","code":67305473}
{"msg":"fuse.create","level":"INFO","ts":"2026-10-06T21:42:02.167486018Z","instance":"remote-a-r1","service_name":"afs-node","name":"entry-0004.bin","parent":510}
{"msg":"FUSE request failed","level":"ERRO","ts":"2026-10-06T21:42:02.169648554Z","instance":"remote-a-r1","service_name":"afs-node","message":"No such file or directory (os error 2)","kind":"NotFound","code":67305473}
{"msg":"fuse.create","level":"INFO","ts":"2026-10-06T21:42:02.169671303Z","instance":"remote-a-r1","service_name":"afs-node","name":"entry-0005.bin","parent":510}
{"msg":"FUSE request failed","level":"ERRO","ts":"2026-10-06T21:42:02.171789132Z","instance":"remote-a-r1","service_name":"afs-node","message":"No such file or directory (os error 2)","kind":"NotFound","code":67305473}
{"msg":"fuse.create","level":"INFO","ts":"2026-10-06T21:42:02.171808048Z","instance":"remote-a-r1","service_name":"afs-node","name":"entry-0006.bin","parent":510}
{"msg":"FUSE request failed","level":"ERRO","ts":"2026-10-06T21:42:02.174188787Z","instance":"remote-a-r1","service_name":"afs-node","message":"No such file or directory (os error 2)","kind":"NotFound","code":67305473}
{"msg":"fuse.create","level":"INFO","ts":"2026-10-06T21:42:02.174213412Z","instance":"remote-a-r1","service_name":"afs-node","name":"entry-0007.bin","parent":510}
{"msg":"FUSE request failed","level":"ERRO","ts":"2026-10-06T21:42:02.1769946Z","instance":"remote-a-r1","service_name":"afs-node","message":"No such file or directory (os error 2)","kind":"NotFound","code":67305473}
{"msg":"fuse.create","level":"INFO","ts":"2026-10-06T21:42:02.177013267Z","instance":"remote-a-r1","service_name":"afs-node","name":"entry-0008.bin","parent":510}
{"msg":"FUSE request failed","level":"ERRO","ts":"2026-10-06T21:42:02.179089263Z","instance":"remote-a-r1","service_name":"afs-node","message":"No such file or directory (os error 2)","kind":"NotFound","code":67305473}
{"msg":"fuse.create","level":"INFO","ts":"2026-10-06T21:42:02.179105721Z","instance":"remote-a-r1","service_name":"afs-node","name":"entry-0009.bin","parent":510}
{"msg":"FUSE request failed","level":"ERRO","ts":"2026-10-06T21:42:02.181097718Z","instance":"remote-a-r1","service_name":"afs-node","message":"No such file or directory (os error 2)","kind":"NotFound","code":67305473}
{"msg":"fuse.create","level":"INFO","ts":"2026-10-06T21:42:02.181100093Z","instance":"remote-a-r1","service_name":"afs-node","name":"entry-0010.bin","parent":510}
{"msg":"FUSE request failed","level":"ERRO","ts":"2026-10-06T21:42:02.183479124Z","instance":"remote-a-r1","service_name":"afs-node","message":"No such file or directory (os error 2)","kind":"NotFound","code":67305473}
{"msg":"fuse.create","level":"INFO","ts":"2026-10-06T21:42:02.183498457Z","instance":"remote-a-r1","service_name":"afs-node","name":"entry-0011.bin","parent":510}
{"msg":"FUSE request failed","level":"ERRO","ts":"2026-10-06T21:42:02.185880196Z","instance":"remote-a-r1","service_name":"afs-node","message":"No such file or directory (os error 2)","kind":"NotFound","code":67305473}
{"msg":"fuse.create","level":"INFO","ts":"2026-10-06T21:42:02.185894446Z","instance":"remote-a-r1","service_name":"afs-node","name":"entry-0012.bin","parent":510}
{"msg":"FUSE request failed","level":"ERRO","ts":"2026-10-06T21:42:02.1879739Z","instance":"remote-a-r1","service_name":"afs-node","message":"No such file or directory (os error 2)","kind":"NotFound","code":67305473}
{"msg":"fuse.create","level":"INFO","ts":"2026-10-06T21:42:02.187991775Z","instance":"remote-a-r1","service_name":"afs-node","name":"entry-0013.bin","parent":510}
{"msg":"FUSE request failed","level":"ERRO","ts":"2026-10-06T21:42:02.190285308Z","instance":"remote-a-r1","service_name":"afs-node","message":"No such file or directory (os error 2)","kind":"NotFound","code":67305473}
{"msg":"fuse.create","level":"INFO","ts":"2026-10-06T21:42:02.190300391Z","instance":"remote-a-r1","service_name":"afs-node","name":"entry-0014.bin","parent":510}
{"msg":"FUSE request failed","level":"ERRO","ts":"2026-10-06T21:42:02.192428469Z","instance":"remote-a-r1","service_name":"afs-node","message":"No such file or directory (os error 2)","kind":"NotFound","code":67305473}
{"msg":"fuse.create","level":"INFO","ts":"2026-10-06T21:42:02.192431635Z","instance":"remote-a-r1","service_name":"afs-node","name":"entry-0015.bin","parent":510}
{"msg":"FUSE request failed","level":"ERRO","ts":"2026-10-06T21:42:02.194529131Z","instance":"remote-a-r1","service_name":"afs-node","message":"No such file or directory (os error 2)","kind":"NotFound","code":67305473}
{"msg":"fuse.create","level":"INFO","ts":"2026-10-06T21:42:02.194541589Z","instance":"remote-a-r1","service_name":"afs-node","name":"entry-0016.bin","parent":510}
{"msg":"FUSE request failed","level":"ERRO","ts":"2026-10-06T21:42:02.196652751Z","instance":"remote-a-r1","service_name":"afs-node","message":"No such file or directory (os error 2)","kind":"NotFound","code":67305473}
{"msg":"fuse.create","level":"INFO","ts":"2026-10-06T21:42:02.196678083Z","instance":"remote-a-r1","service_name":"afs-node","name":"entry-0017.bin","parent":510}
{"msg":"FUSE request failed","level":"ERRO","ts":"2026-10-06T21:42:02.198847827Z","instance":"remote-a-r1","service_name":"afs-node","message":"No such file or directory (os error 2)","kind":"NotFound","code":67305473}
{"msg":"fuse.create","level":"INFO","ts":"2026-10-06T21:42:02.198872118Z","instance":"remote-a-r1","service_name":"afs-node","name":"entry-0018.bin","parent":510}
{"msg":"FUSE request failed","level":"ERRO","ts":"2026-10-06T21:42:02.200983864Z","instance":"remote-a-r1","service_name":"afs-node","message":"No such file or directory (os error 2)","kind":"NotFound","code":67305473}
{"msg":"fuse.create","level":"INFO","ts":"2026-10-06T21:42:02.200998738Z","instance":"remote-a-r1","service_name":"afs-node","name":"entry-0019.bin","parent":510}
{"msg":"FUSE request failed","level":"ERRO","ts":"2026-10-06T21:42:02.203165566Z","instance":"remote-a-r1","service_name":"afs-node","message":"No such file or directory (os error 2)","kind":"NotFound","code":67305473}
{"msg":"fuse.create","level":"INFO","ts":"2026-10-06T21:42:02.203178649Z","instance":"remote-a-r1","service_name":"afs-node","name":"entry-0020.bin","parent":510}
{"msg":"FUSE request failed","level":"ERRO","ts":"2026-10-06T21:42:02.205338684Z","instance":"remote-a-r1","service_name":"afs-node","message":"No such file or directory (os error 2)","kind":"NotFound","code":67305473}
{"msg":"fuse.create","level":"INFO","ts":"2026-10-06T21:42:02.205352101Z","instance":"remote-a-r1","service_name":"afs-node","name":"entry-0021.bin","parent":510}
{"msg":"FUSE request failed","level":"ERRO","ts":"2026-10-06T21:42:02.20755851Z","instance":"remote-a-r1","service_name":"afs-node","message":"No such file or directory (os error 2)","kind":"NotFound","code":67305473}
{"msg":"fuse.create","level":"INFO","ts":"2026-10-06T21:42:02.207576385Z","instance":"remote-a-r1","service_name":"afs-node","name":"entry-0022.bin","parent":510}
{"msg":"FUSE request failed","level":"ERRO","ts":"2026-10-06T21:42:02.210248701Z","instance":"remote-a-r1","service_name":"afs-node","message":"No such file or directory (os error 2)","kind":"NotFound","code":67305473}
{"msg":"fuse.create","level":"INFO","ts":"2026-10-06T21:42:02.210252701Z","instance":"remote-a-r1","service_name":"afs-node","name":"entry-0023.bin","parent":510}
{"msg":"FUSE request failed","level":"ERRO","ts":"2026-10-06T21:42:02.212455861Z","instance":"remote-a-r1","service_name":"afs-node","message":"No such file or directory (os error 2)","kind":"NotFound","code":67305473}
{"msg":"fuse.create","level":"INFO","ts":"2026-10-06T21:42:02.212475569Z","instance":"remote-a-r1","service_name":"afs-node","name":"entry-0024.bin","parent":510}
{"msg":"FUSE request failed","level":"ERRO","ts":"2026-10-06T21:42:02.215039304Z","instance":"remote-a-r1","service_name":"afs-node","message":"No such file or directory (os error 2)","kind":"NotFound","code":67305473}
{"msg":"fuse.create","level":"INFO","ts":"2026-10-06T21:42:02.215063303Z","instance":"remote-a-r1","service_name":"afs-node","name":"entry-0025.bin","parent":510}
{"msg":"FUSE request failed","level":"ERRO","ts":"2026-10-06T21:42:02.217245422Z","instance":"remote-a-r1","service_name":"afs-node","message":"No such file or directory (os error 2)","kind":"NotFound","code":67305473}
{"msg":"fuse.create","level":"INFO","ts":"2026-10-06T21:42:02.217267297Z","instance":"remote-a-r1","service_name":"afs-node","name":"entry-0026.bin","parent":510}
{"msg":"FUSE request failed","level":"ERRO","ts":"2026-10-06T21:42:02.219772366Z","instance":"remote-a-r1","service_name":"afs-node","message":"No such file or directory (os error 2)","kind":"NotFound","code":67305473}
{"msg":"fuse.create","level":"INFO","ts":"2026-10-06T21:42:02.219792283Z","instance":"remote-a-r1","service_name":"afs-node","name":"entry-0027.bin","parent":510}
{"msg":"FUSE request failed","level":"ERRO","ts":"2026-10-06T21:42:02.224075105Z","instance":"remote-a-r1","service_name":"afs-node","message":"No such file or directory (os error 2)","kind":"NotFound","code":67305473}
{"msg":"fuse.create","level":"INFO","ts":"2026-10-06T21:42:02.224093646Z","instance":"remote-a-r1","service_name":"afs-node","name":"entry-0028.bin","parent":510}
{"msg":"FUSE request failed","level":"ERRO","ts":"2026-10-06T21:42:02.226465552Z","instance":"remote-a-r1","service_name":"afs-node","message":"No such file or directory (os error 2)","kind":"NotFound","code":67305473}
{"msg":"fuse.create","level":"INFO","ts":"2026-10-06T21:42:02.22649576Z","instance":"remote-a-r1","service_name":"afs-node","name":"entry-0029.bin","parent":510}
{"msg":"FUSE request failed","level":"ERRO","ts":"2026-10-06T21:42:02.22860738Z","instance":"remote-a-r1","service_name":"afs-node","message":"No such file or directory (os error 2)","kind":"NotFound","code":67305473}
{"msg":"fuse.create","level":"INFO","ts":"2026-10-06T21:42:02.22862688Z","instance":"remote-a-r1","service_name":"afs-node","name":"entry-0030.bin","parent":510}
{"msg":"FUSE request failed","level":"ERRO","ts":"2026-10-06T21:42:02.231515191Z","instance":"remote-a-r1","service_name":"afs-node","message":"No such file or directory (os error 2)","kind":"NotFound","code":67305473}
{"msg":"fuse.create","level":"INFO","ts":"2026-10-06T21:42:02.231531524Z","instance":"remote-a-r1","service_name":"afs-node","name":"entry-0031.bin","parent":510}
{"msg":"FUSE request failed","level":"ERRO","ts":"2026-10-06T21:42:02.23528215Z","instance":"remote-a-r1","service_name":"afs-node","message":"No such file or directory (os error 2)","kind":"NotFound","code":67305473}
{"msg":"fuse.create","level":"INFO","ts":"2026-10-06T21:42:02.235293733Z","instance":"remote-a-r1","service_name":"afs-node","name":"entry-0032.bin","parent":510}
{"msg":"FUSE request failed","level":"ERRO","ts":"2026-10-06T21:42:02.239554847Z","instance":"remote-a-r1","service_name":"afs-node","message":"No such file or directory (os error 2)","kind":"NotFound","code":67305473}
{"msg":"fuse.create","level":"INFO","ts":"2026-10-06T21:42:02.239567472Z","instance":"remote-a-r1","service_name":"afs-node","name":"entry-0033.bin","parent":510}
{"msg":"FUSE request failed","level":"ERRO","ts":"2026-10-06T21:42:02.244737483Z","instance":"remote-a-r1","service_name":"afs-node","message":"No such file or directory (os error 2)","kind":"NotFound","code":67305473}
{"msg":"fuse.create","level":"INFO","ts":"2026-10-06T21:42:02.244748149Z","instance":"remote-a-r1","service_name":"afs-node","name":"entry-0034.bin","parent":510}
{"msg":"FUSE request failed","level":"ERRO","ts":"2026-10-06T21:42:02.247454548Z","instance":"remote-a-r1","service_name":"afs-node","message":"No such file or directory (os error 2)","kind":"NotFound","code":67305473}
{"msg":"fuse.create","level":"INFO","ts":"2026-10-06T21:42:02.247487922Z","instance":"remote-a-r1","service_name":"afs-node","name":"entry-0035.bin","parent":510}
{"msg":"FUSE request failed","level":"ERRO","ts":"2026-10-06T21:42:02.250128739Z","instance":"remote-a-r1","service_name":"afs-node","message":"No such file or directory (os error 2)","kind":"NotFound","code":67305473}
{"msg":"fuse.create","level":"INFO","ts":"2026-10-06T21:42:02.250131781Z","instance":"remote-a-r1","service_name":"afs-node","name":"entry-0036.bin","parent":510}
{"msg":"FUSE request failed","level":"ERRO","ts":"2026-10-06T21:42:02.252712057Z","instance":"remote-a-r1","service_name":"afs-node","message":"No such file or directory (os error 2)","kind":"NotFound","code":67305473}
{"msg":"fuse.create","level":"INFO","ts":"2026-10-06T21:42:02.25272514Z","instance":"remote-a-r1","service_name":"afs-node","name":"entry-0037.bin","parent":510}
{"msg":"FUSE request failed","level":"ERRO","ts":"2026-10-06T21:42:02.255205336Z","instance":"remote-a-r1","service_name":"afs-node","message":"No such file or directory (os error 2)","kind":"NotFound","code":67305473}
{"msg":"fuse.create","level":"INFO","ts":"2026-10-06T21:42:02.255229752Z","instance":"remote-a-r1","service_name":"afs-node","name":"entry-0038.bin","parent":510}
{"msg":"FUSE request failed","level":"ERRO","ts":"2026-10-06T21:42:02.257618866Z","instance":"remote-a-r1","service_name":"afs-node","message":"No such file or directory (os error 2)","kind":"NotFound","code":67305473}
{"msg":"fuse.create","level":"INFO","ts":"2026-10-06T21:42:02.257622783Z","instance":"remote-a-r1","service_name":"afs-node","name":"entry-0039.bin","parent":510}
{"msg":"FUSE request failed","level":"ERRO","ts":"2026-10-06T21:42:02.260956501Z","instance":"remote-a-r1","service_name":"afs-node","message":"No such file or directory (os error 2)","kind":"NotFound","code":67305473}
{"msg":"fuse.create","level":"INFO","ts":"2026-10-06T21:42:02.260960584Z","instance":"remote-a-r1","service_name":"afs-node","name":"entry-0040.bin","parent":510}
{"msg":"FUSE request failed","level":"ERRO","ts":"2026-10-06T21:42:02.263164452Z","instance":"remote-a-r1","service_name":"afs-node","message":"No such file or directory (os error 2)","kind":"NotFound","code":67305473}
{"msg":"fuse.create","level":"INFO","ts":"2026-10-06T21:42:02.263182702Z","instance":"remote-a-r1","service_name":"afs-node","name":"entry-0041.bin","parent":510}
{"msg":"FUSE request failed","level":"ERRO","ts":"2026-10-06T21:42:02.265292822Z","instance":"remote-a-r1","service_name":"afs-node","message":"No such file or directory (os error 2)","kind":"NotFound","code":67305473}
{"msg":"fuse.create","level":"INFO","ts":"2026-10-06T21:42:02.265315155Z","instance":"remote-a-r1","service_name":"afs-node","name":"entry-0042.bin","parent":510}
{"msg":"FUSE request failed","level":"ERRO","ts":"2026-10-06T21:42:02.267459441Z","instance":"remote-a-r1","service_name":"afs-node","message":"No such file or directory (os error 2)","kind":"NotFound","code":67305473}
{"msg":"fuse.create","level":"INFO","ts":"2026-10-06T21:42:02.267482274Z","instance":"remote-a-r1","service_name":"afs-node","name":"entry-0043.bin","parent":510}
{"msg":"FUSE request failed","level":"ERRO","ts":"2026-10-06T21:42:02.269594769Z","instance":"remote-a-r1","service_name":"afs-node","message":"No such file or directory (os error 2)","kind":"NotFound","code":67305473}
{"msg":"fuse.create","level":"INFO","ts":"2026-10-06T21:42:02.269619018Z","instance":"remote-a-r1","service_name":"afs-node","name":"entry-0044.bin","parent":510}
{"msg":"FUSE request failed","level":"ERRO","ts":"2026-10-06T21:42:02.272198961Z","instance":"remote-a-r1","service_name":"afs-node","message":"No such file or directory (os error 2)","kind":"NotFound","code":67305473}
{"msg":"fuse.create","level":"INFO","ts":"2026-10-06T21:42:02.272207503Z","instance":"remote-a-r1","service_name":"afs-node","name":"entry-0045.bin","parent":510}
{"msg":"FUSE request failed","level":"ERRO","ts":"2026-10-06T21:42:02.274891152Z","instance":"remote-a-r1","service_name":"afs-node","message":"No such file or directory (os error 2)","kind":"NotFound","code":67305473}
{"msg":"fuse.create","level":"INFO","ts":"2026-10-06T21:42:02.274936943Z","instance":"remote-a-r1","service_name":"afs-node","name":"entry-0046.bin","parent":510}
{"msg":"FUSE request failed","level":"ERRO","ts":"2026-10-06T21:42:02.279045686Z","instance":"remote-a-r1","service_name":"afs-node","message":"No such file or directory (os error 2)","kind":"NotFound","code":67305473}
{"msg":"fuse.create","level":"INFO","ts":"2026-10-06T21:42:02.279054894Z","instance":"remote-a-r1","service_name":"afs-node","name":"entry-0047.bin","parent":510}
{"msg":"FUSE request failed","level":"ERRO","ts":"2026-10-06T21:42:02.282979891Z","instance":"remote-a-r1","service_name":"afs-node","message":"No such file or directory (os error 2)","kind":"NotFound","code":67305473}
{"msg":"fuse.create","level":"INFO","ts":"2026-10-06T21:42:02.282996057Z","instance":"remote-a-r1","service_name":"afs-node","name":"entry-0048.bin","parent":510}
{"msg":"FUSE request failed","level":"ERRO","ts":"2026-10-06T21:42:02.287336711Z","instance":"remote-a-r1","service_name":"afs-node","message":"No such file or directory (os error 2)","kind":"NotFound","code":67305473}
{"msg":"fuse.create","level":"INFO","ts":"2026-10-06T21:42:02.287369794Z","instance":"remote-a-r1","service_name":"afs-node","name":"entry-0049.bin","parent":510}
{"msg":"FUSE request failed","level":"ERRO","ts":"2026-10-06T21:42:02.291523244Z","instance":"remote-a-r1","service_name":"afs-node","message":"No such file or directory (os error 2)","kind":"NotFound","code":67305473}
{"msg":"fuse.create","level":"INFO","ts":"2026-10-06T21:42:02.291538744Z","instance":"remote-a-r1","service_name":"afs-node","name":"entry-0050.bin","parent":510}
{"msg":"FUSE request failed","level":"ERRO","ts":"2026-10-06T21:42:02.295723276Z","instance":"remote-a-r1","service_name":"afs-node","message":"No such file or directory (os error 2)","kind":"NotFound","code":67305473}
{"msg":"fuse.create","level":"INFO","ts":"2026-10-06T21:42:02.295739193Z","instance":"remote-a-r1","service_name":"afs-node","name":"entry-0051.bin","parent":510}
{"msg":"FUSE request failed","level":"ERRO","ts":"2026-10-06T21:42:02.299864769Z","instance":"remote-a-r1","service_name":"afs-node","message":"No such file or directory (os error 2)","kind":"NotFound","code":67305473}
{"msg":"fuse.create","level":"INFO","ts":"2026-10-06T21:42:02.299890601Z","instance":"remote-a-r1","service_name":"afs-node","name":"entry-0052.bin","parent":510}
{"msg":"FUSE request failed","level":"ERRO","ts":"2026-10-06T21:42:02.304163466Z","instance":"remote-a-r1","service_name":"afs-node","message":"No such file or directory (os error 2)","kind":"NotFound","code":67305473}
{"msg":"fuse.create","level":"INFO","ts":"2026-10-06T21:42:02.304178757Z","instance":"remote-a-r1","service_name":"afs-node","name":"entry-0053.bin","parent":510}
{"msg":"FUSE request failed","level":"ERRO","ts":"2026-10-06T21:42:02.308566535Z","instance":"remote-a-r1","service_name":"afs-node","message":"No such file or directory (os error 2)","kind":"NotFound","code":67305473}
{"msg":"fuse.create","level":"INFO","ts":"2026-10-06T21:42:02.308586285Z","instance":"remote-a-r1","service_name":"afs-node","name":"entry-0054.bin","parent":510}
{"msg":"FUSE request failed","level":"ERRO","ts":"2026-10-06T21:42:02.313163184Z","instance":"remote-a-r1","service_name":"afs-node","message":"No such file or directory (os error 2)","kind":"NotFound","code":67305473}
{"msg":"fuse.create","level":"INFO","ts":"2026-10-06T21:42:02.313197558Z","instance":"remote-a-r1","service_name":"afs-node","name":"entry-0055.bin","parent":510}
{"msg":"FUSE request failed","level":"ERRO","ts":"2026-10-06T21:42:02.318732311Z","instance":"remote-a-r1","service_name":"afs-node","message":"No such file or directory (os error 2)","kind":"NotFound","code":67305473}
{"msg":"fuse.create","level":"INFO","ts":"2026-10-06T21:42:02.318749228Z","instance":"remote-a-r1","service_name":"afs-node","name":"entry-0056.bin","parent":510}
{"msg":"FUSE request failed","level":"ERRO","ts":"2026-10-06T21:42:02.320844348Z","instance":"remote-a-r1","service_name":"afs-node","message":"No such file or directory (os error 2)","kind":"NotFound","code":67305473}
{"msg":"fuse.create","level":"INFO","ts":"2026-10-06T21:42:02.320860473Z","instance":"remote-a-r1","service_name":"afs-node","name":"entry-0057.bin","parent":510}
{"msg":"FUSE request failed","level":"ERRO","ts":"2026-10-06T21:42:02.323213129Z","instance":"remote-a-r1","service_name":"afs-node","message":"No such file or directory (os error 2)","kind":"NotFound","code":67305473}
{"msg":"fuse.create","level":"INFO","ts":"2026-10-06T21:42:02.323233837Z","instance":"remote-a-r1","service_name":"afs-node","name":"entry-0058.bin","parent":510}
{"msg":"FUSE request failed","level":"ERRO","ts":"2026-10-06T21:42:02.32560741Z","instance":"remote-a-r1","service_name":"afs-node","message":"No such file or directory (os error 2)","kind":"NotFound","code":67305473}
{"msg":"fuse.create","level":"INFO","ts":"2026-10-06T21:42:02.325618868Z","instance":"remote-a-r1","service_name":"afs-node","name":"entry-0059.bin","parent":510}
{"msg":"FUSE request failed","level":"ERRO","ts":"2026-10-06T21:42:02.327832777Z","instance":"remote-a-r1","service_name":"afs-node","message":"No such file or directory (os error 2)","kind":"NotFound","code":67305473}
{"msg":"fuse.create","level":"INFO","ts":"2026-10-06T21:42:02.327876235Z","instance":"remote-a-r1","service_name":"afs-node","name":"entry-0060.bin","parent":510}
{"msg":"FUSE request failed","level":"ERRO","ts":"2026-10-06T21:42:02.330023646Z","instance":"remote-a-r1","service_name":"afs-node","message":"No such file or directory (os error 2)","kind":"NotFound","code":67305473}
{"msg":"fuse.create","level":"INFO","ts":"2026-10-06T21:42:02.330042354Z","instance":"remote-a-r1","service_name":"afs-node","name":"entry-0061.bin","parent":510}
{"msg":"FUSE request failed","level":"ERRO","ts":"2026-10-06T21:42:02.332204139Z","instance":"remote-a-r1","service_name":"afs-node","message":"No such file or directory (os error 2)","kind":"NotFound","code":67305473}
{"msg":"fuse.create","level":"INFO","ts":"2026-10-06T21:42:02.332208473Z","instance":"remote-a-r1","service_name":"afs-node","name":"entry-0062.bin","parent":510}
{"msg":"FUSE request failed","level":"ERRO","ts":"2026-10-06T21:42:02.334675585Z","instance":"remote-a-r1","service_name":"afs-node","message":"No such file or directory (os error 2)","kind":"NotFound","code":67305473}
{"msg":"fuse.create","level":"INFO","ts":"2026-10-06T21:42:02.334703459Z","instance":"remote-a-r1","service_name":"afs-node","name":"entry-0063.bin","parent":510}
{"msg":"FUSE request failed","level":"ERRO","ts":"2026-10-06T21:42:02.336872328Z","instance":"remote-a-r1","service_name":"afs-node","message":"No such file or directory (os error 2)","kind":"NotFound","code":67305473}
{"msg":"fuse.create","level":"INFO","ts":"2026-10-06T21:42:02.336886786Z","instance":"remote-a-r1","service_name":"afs-node","name":"entry-0064.bin","parent":510}
{"msg":"FUSE request failed","level":"ERRO","ts":"2026-10-06T21:42:02.339078613Z","instance":"remote-a-r1","service_name":"afs-node","message":"No such file or directory (os error 2)","kind":"NotFound","code":67305473}
{"msg":"fuse.create","level":"INFO","ts":"2026-10-06T21:42:02.339103446Z","instance":"remote-a-r1","service_name":"afs-node","name":"entry-0065.bin","parent":510}
{"msg":"FUSE request failed","level":"ERRO","ts":"2026-10-06T21:42:02.34118265Z","instance":"remote-a-r1","service_name":"afs-node","message":"No such file or directory (os error 2)","kind":"NotFound","code":67305473}
{"msg":"fuse.create","level":"INFO","ts":"2026-10-06T21:42:02.341199275Z","instance":"remote-a-r1","service_name":"afs-node","name":"entry-0066.bin","parent":510}
{"msg":"FUSE request failed","level":"ERRO","ts":"2026-10-06T21:42:02.343536681Z","instance":"remote-a-r1","service_name":"afs-node","message":"No such file or directory (os error 2)","kind":"NotFound","code":67305473}
{"msg":"fuse.create","level":"INFO","ts":"2026-10-06T21:42:02.343562931Z","instance":"remote-a-r1","service_name":"afs-node","name":"entry-0067.bin","parent":510}
{"msg":"FUSE request failed","level":"ERRO","ts":"2026-10-06T21:42:02.346311412Z","instance":"remote-a-r1","service_name":"afs-node","message":"No such file or directory (os error 2)","kind":"NotFound","code":67305473}
{"msg":"fuse.create","level":"INFO","ts":"2026-10-06T21:42:02.34632312Z","instance":"remote-a-r1","service_name":"afs-node","name":"entry-0068.bin","parent":510}
{"msg":"FUSE request failed","level":"ERRO","ts":"2026-10-06T21:42:02.348391116Z","instance":"remote-a-r1","service_name":"afs-node","message":"No such file or directory (os error 2)","kind":"NotFound","code":67305473}
{"msg":"fuse.create","level":"INFO","ts":"2026-10-06T21:42:02.348410282Z","instance":"remote-a-r1","service_name":"afs-node","name":"entry-0069.bin","parent":510}
{"msg":"FUSE request failed","level":"ERRO","ts":"2026-10-06T21:42:02.350563735Z","instance":"remote-a-r1","service_name":"afs-node","message":"No such file or directory (os error 2)","kind":"NotFound","code":67305473}
{"msg":"fuse.create","level":"INFO","ts":"2026-10-06T21:42:02.350582901Z","instance":"remote-a-r1","service_name":"afs-node","name":"entry-0070.bin","parent":510}
{"msg":"FUSE request failed","level":"ERRO","ts":"2026-10-06T21:42:02.352639398Z","instance":"remote-a-r1","service_name":"afs-node","message":"No such file or directory (os error 2)","kind":"NotFound","code":67305473}
{"msg":"fuse.create","level":"INFO","ts":"2026-10-06T21:42:02.352646772Z","instance":"remote-a-r1","service_name":"afs-node","name":"entry-0071.bin","parent":510}
{"msg":"FUSE request failed","level":"ERRO","ts":"2026-10-06T21:42:02.355016345Z","instance":"remote-a-r1","service_name":"afs-node","message":"No such file or directory (os error 2)","kind":"NotFound","code":67305473}
{"msg":"fuse.create","level":"INFO","ts":"2026-10-06T21:42:02.355042761Z","instance":"remote-a-r1","service_name":"afs-node","name":"entry-0072.bin","parent":510}
{"msg":"FUSE request failed","level":"ERRO","ts":"2026-10-06T21:42:02.357471916Z","instance":"remote-a-r1","service_name":"afs-node","message":"No such file or directory (os error 2)","kind":"NotFound","code":67305473}
{"msg":"fuse.create","level":"INFO","ts":"2026-10-06T21:42:02.357479958Z","instance":"remote-a-r1","service_name":"afs-node","name":"entry-0073.bin","parent":510}
{"msg":"FUSE request failed","level":"ERRO","ts":"2026-10-06T21:42:02.359589036Z","instance":"remote-a-r1","service_name":"afs-node","message":"No such file or directory (os error 2)","kind":"NotFound","code":67305473}
{"msg":"fuse.create","level":"INFO","ts":"2026-10-06T21:42:02.359617744Z","instance":"remote-a-r1","service_name":"afs-node","name":"entry-0074.bin","parent":510}
{"msg":"FUSE request failed","level":"ERRO","ts":"2026-10-06T21:42:02.362023524Z","instance":"remote-a-r1","service_name":"afs-node","message":"No such file or directory (os error 2)","kind":"NotFound","code":67305473}
{"msg":"fuse.create","level":"INFO","ts":"2026-10-06T21:42:02.362042024Z","instance":"remote-a-r1","service_name":"afs-node","name":"entry-0075.bin","parent":510}
{"msg":"FUSE request failed","level":"ERRO","ts":"2026-10-06T21:42:02.364207684Z","instance":"remote-a-r1","service_name":"afs-node","message":"No such file or directory (os error 2)","kind":"NotFound","code":67305473}
{"msg":"fuse.create","level":"INFO","ts":"2026-10-06T21:42:02.364210851Z","instance":"remote-a-r1","service_name":"afs-node","name":"entry-0076.bin","parent":510}
{"msg":"FUSE request failed","level":"ERRO","ts":"2026-10-06T21:42:02.366559341Z","instance":"remote-a-r1","service_name":"afs-node","message":"No such file or directory (os error 2)","kind":"NotFound","code":67305473}
{"msg":"fuse.create","level":"INFO","ts":"2026-10-06T21:42:02.366575882Z","instance":"remote-a-r1","service_name":"afs-node","name":"entry-0077.bin","parent":510}
{"msg":"FUSE request failed","level":"ERRO","ts":"2026-10-06T21:42:02.369051286Z","instance":"remote-a-r1","service_name":"afs-node","message":"No such file or directory (os error 2)","kind":"NotFound","code":67305473}
{"msg":"fuse.create","level":"INFO","ts":"2026-10-06T21:42:02.369070411Z","instance":"remote-a-r1","service_name":"afs-node","name":"entry-0078.bin","parent":510}
{"msg":"FUSE request failed","level":"ERRO","ts":"2026-10-06T21:42:02.371229696Z","instance":"remote-a-r1","service_name":"afs-node","message":"No such file or directory (os error 2)","kind":"NotFound","code":67305473}
{"msg":"fuse.create","level":"INFO","ts":"2026-10-06T21:42:02.371256196Z","instance":"remote-a-r1","service_name":"afs-node","name":"entry-0079.bin","parent":510}
{"msg":"FUSE request failed","level":"ERRO","ts":"2026-10-06T21:42:02.373416898Z","instance":"remote-a-r1","service_name":"afs-node","message":"No such file or directory (os error 2)","kind":"NotFound","code":67305473}
{"msg":"fuse.create","level":"INFO","ts":"2026-10-06T21:42:02.373429856Z","instance":"remote-a-r1","service_name":"afs-node","name":"entry-0080.bin","parent":510}
{"msg":"FUSE request failed","level":"ERRO","ts":"2026-10-06T21:42:02.375580976Z","instance":"remote-a-r1","service_name":"afs-node","message":"No such file or directory (os error 2)","kind":"NotFound","code":67305473}
{"msg":"fuse.create","level":"INFO","ts":"2026-10-06T21:42:02.375583475Z","instance":"remote-a-r1","service_name":"afs-node","name":"entry-0081.bin","parent":510}
{"msg":"FUSE request failed","level":"ERRO","ts":"2026-10-06T21:42:02.378166877Z","instance":"remote-a-r1","service_name":"afs-node","message":"No such file or directory (os error 2)","kind":"NotFound","code":67305473}
{"msg":"fuse.create","level":"INFO","ts":"2026-10-06T21:42:02.37818846Z","instance":"remote-a-r1","service_name":"afs-node","name":"entry-0082.bin","parent":510}
{"msg":"FUSE request failed","level":"ERRO","ts":"2026-10-06T21:42:02.380817568Z","instance":"remote-a-r1","service_name":"afs-node","message":"No such file or directory (os error 2)","kind":"NotFound","code":67305473}
{"msg":"fuse.create","level":"INFO","ts":"2026-10-06T21:42:02.380835985Z","instance":"remote-a-r1","service_name":"afs-node","name":"entry-0083.bin","parent":510}
{"msg":"FUSE request failed","level":"ERRO","ts":"2026-10-06T21:42:02.383464719Z","instance":"remote-a-r1","service_name":"afs-node","message":"No such file or directory (os error 2)","kind":"NotFound","code":67305473}
{"msg":"fuse.create","level":"INFO","ts":"2026-10-06T21:42:02.383490468Z","instance":"remote-a-r1","service_name":"afs-node","name":"entry-0084.bin","parent":510}
{"msg":"FUSE request failed","level":"ERRO","ts":"2026-10-06T21:42:02.385971913Z","instance":"remote-a-r1","service_name":"afs-node","message":"No such file or directory (os error 2)","kind":"NotFound","code":67305473}
{"msg":"fuse.create","level":"INFO","ts":"2026-10-06T21:42:02.385990996Z","instance":"remote-a-r1","service_name":"afs-node","name":"entry-0085.bin","parent":510}
{"msg":"FUSE request failed","level":"ERRO","ts":"2026-10-06T21:42:02.388011077Z","instance":"remote-a-r1","service_name":"afs-node","message":"No such file or directory (os error 2)","kind":"NotFound","code":67305473}
{"msg":"fuse.create","level":"INFO","ts":"2026-10-06T21:42:02.388037784Z","instance":"remote-a-r1","service_name":"afs-node","name":"entry-0086.bin","parent":510}
{"msg":"FUSE request failed","level":"ERRO","ts":"2026-10-06T21:42:02.390182404Z","instance":"remote-a-r1","service_name":"afs-node","message":"No such file or directory (os error 2)","kind":"NotFound","code":67305473}
{"msg":"fuse.create","level":"INFO","ts":"2026-10-06T21:42:02.390199695Z","instance":"remote-a-r1","service_name":"afs-node","name":"entry-0087.bin","parent":510}
{"msg":"FUSE request failed","level":"ERRO","ts":"2026-10-06T21:42:02.392447812Z","instance":"remote-a-r1","service_name":"afs-node","message":"No such file or directory (os error 2)","kind":"NotFound","code":67305473}
{"msg":"fuse.create","level":"INFO","ts":"2026-10-06T21:42:02.39246652Z","instance":"remote-a-r1","service_name":"afs-node","name":"entry-0088.bin","parent":510}
{"msg":"FUSE request failed","level":"ERRO","ts":"2026-10-06T21:42:02.394551058Z","instance":"remote-a-r1","service_name":"afs-node","message":"No such file or directory (os error 2)","kind":"NotFound","code":67305473}
{"msg":"fuse.create","level":"INFO","ts":"2026-10-06T21:42:02.394575599Z","instance":"remote-a-r1","service_name":"afs-node","name":"entry-0089.bin","parent":510}
{"msg":"FUSE request failed","level":"ERRO","ts":"2026-10-06T21:42:02.396746384Z","instance":"remote-a-r1","service_name":"afs-node","message":"No such file or directory (os error 2)","kind":"NotFound","code":67305473}
{"msg":"fuse.create","level":"INFO","ts":"2026-10-06T21:42:02.396751384Z","instance":"remote-a-r1","service_name":"afs-node","name":"entry-0090.bin","parent":510}
{"msg":"FUSE request failed","level":"ERRO","ts":"2026-10-06T21:42:02.399547448Z","instance":"remote-a-r1","service_name":"afs-node","message":"No such file or directory (os error 2)","kind":"NotFound","code":67305473}
{"msg":"fuse.create","level":"INFO","ts":"2026-10-06T21:42:02.399569322Z","instance":"remote-a-r1","service_name":"afs-node","name":"entry-0091.bin","parent":510}
{"msg":"FUSE request failed","level":"ERRO","ts":"2026-10-06T21:42:02.401950645Z","instance":"remote-a-r1","service_name":"afs-node","message":"No such file or directory (os error 2)","kind":"NotFound","code":67305473}
{"msg":"fuse.create","level":"INFO","ts":"2026-10-06T21:42:02.401974061Z","instance":"remote-a-r1","service_name":"afs-node","name":"entry-0092.bin","parent":510}
{"msg":"FUSE request failed","level":"ERRO","ts":"2026-10-06T21:42:02.404325426Z","instance":"remote-a-r1","service_name":"afs-node","message":"No such file or directory (os error 2)","kind":"NotFound","code":67305473}
{"msg":"fuse.create","level":"INFO","ts":"2026-10-06T21:42:02.404345092Z","instance":"remote-a-r1","service_name":"afs-node","name":"entry-0093.bin","parent":510}
{"msg":"FUSE request failed","level":"ERRO","ts":"2026-10-06T21:42:02.406762955Z","instance":"remote-a-r1","service_name":"afs-node","message":"No such file or directory (os error 2)","kind":"NotFound","code":67305473}
{"msg":"fuse.create","level":"INFO","ts":"2026-10-06T21:42:02.40678008Z","instance":"remote-a-r1","service_name":"afs-node","name":"entry-0094.bin","parent":510}
{"msg":"FUSE request failed","level":"ERRO","ts":"2026-10-06T21:42:02.408780786Z","instance":"remote-a-r1","service_name":"afs-node","message":"No such file or directory (os error 2)","kind":"NotFound","code":67305473}
{"msg":"fuse.create","level":"INFO","ts":"2026-10-06T21:42:02.408823993Z","instance":"remote-a-r1","service_name":"afs-node","name":"entry-0095.bin","parent":510}
{"msg":"FUSE request failed","level":"ERRO","ts":"2026-10-06T21:42:02.410969821Z","instance":"remote-a-r1","service_name":"afs-node","message":"No such file or directory (os error 2)","kind":"NotFound","code":67305473}
{"msg":"fuse.create","level":"INFO","ts":"2026-10-06T21:42:02.411018903Z","instance":"remote-a-r1","service_name":"afs-node","name":"entry-0096.bin","parent":510}
{"msg":"FUSE request failed","level":"ERRO","ts":"2026-10-06T21:42:02.413218521Z","instance":"remote-a-r1","service_name":"afs-node","message":"No such file or directory (os error 2)","kind":"NotFound","code":67305473}
{"msg":"fuse.create","level":"INFO","ts":"2026-10-06T21:42:02.413267895Z","instance":"remote-a-r1","service_name":"afs-node","name":"entry-0097.bin","parent":510}
{"msg":"FUSE request failed","level":"ERRO","ts":"2026-10-06T21:42:02.415350058Z","instance":"remote-a-r1","service_name":"afs-node","message":"No such file or directory (os error 2)","kind":"NotFound","code":67305473}
{"msg":"fuse.create","level":"INFO","ts":"2026-10-06T21:42:02.415363891Z","instance":"remote-a-r1","service_name":"afs-node","name":"entry-0098.bin","parent":510}
{"msg":"FUSE request failed","level":"ERRO","ts":"2026-10-06T21:42:02.417750172Z","instance":"remote-a-r1","service_name":"afs-node","message":"No such file or directory (os error 2)","kind":"NotFound","code":67305473}
{"msg":"fuse.create","level":"INFO","ts":"2026-10-06T21:42:02.417767046Z","instance":"remote-a-r1","service_name":"afs-node","name":"entry-0099.bin","parent":510}
{"msg":"[Not Implemented] ioctl(ino: 0x1ff, fh: 1138, flags: 0, cmd: 21505, in_data.len(): 0, out_size: 0)","level":"WARN","ts":"2026-10-06T21:42:02.421135264Z","instance":"remote-a-r1","service_name":"afs-node"}
{"msg":"[Not Implemented] ioctl(ino: 0x200, fh: 1139, flags: 0, cmd: 21505, in_data.len(): 0, out_size: 0)","level":"WARN","ts":"2026-10-06T21:42:02.42281881Z","instance":"remote-a-r1","service_name":"afs-node"}
{"msg":"[Not Implemented] ioctl(ino: 0x201, fh: 1140, flags: 0, cmd: 21505, in_data.len(): 0, out_size: 0)","level":"WARN","ts":"2026-10-06T21:42:02.42449869Z","instance":"remote-a-r1","service_name":"afs-node"}
{"msg":"[Not Implemented] ioctl(ino: 0x202, fh: 1141, flags: 0, cmd: 21505, in_data.len(): 0, out_size: 0)","level":"WARN","ts":"2026-10-06T21:42:02.426173861Z","instance":"remote-a-r1","service_name":"afs-node"}
{"msg":"[Not Implemented] ioctl(ino: 0x203, fh: 1142, flags: 0, cmd: 21505, in_data.len(): 0, out_size: 0)","level":"WARN","ts":"2026-10-06T21:42:02.427917531Z","instance":"remote-a-r1","service_name":"afs-node"}
{"msg":"[Not Implemented] ioctl(ino: 0x204, fh: 1143, flags: 0, cmd: 21505, in_data.len(): 0, out_size: 0)","level":"WARN","ts":"2026-10-06T21:42:02.429549703Z","instance":"remote-a-r1","service_name":"afs-node"}
{"msg":"[Not Implemented] ioctl(ino: 0x205, fh: 1144, flags: 0, cmd: 21505, in_data.len(): 0, out_size: 0)","level":"WARN","ts":"2026-10-06T21:42:02.431244708Z","instance":"remote-a-r1","service_name":"afs-node"}
{"msg":"[Not Implemented] ioctl(ino: 0x206, fh: 1145, flags: 0, cmd: 21505, in_data.len(): 0, out_size: 0)","level":"WARN","ts":"2026-10-06T21:42:02.43324258Z","instance":"remote-a-r1","service_name":"afs-node"}
{"msg":"[Not Implemented] ioctl(ino: 0x207, fh: 1146, flags: 0, cmd: 21505, in_data.len(): 0, out_size: 0)","level":"WARN","ts":"2026-10-06T21:42:02.435272161Z","instance":"remote-a-r1","service_name":"afs-node"}
{"msg":"[Not Implemented] ioctl(ino: 0x208, fh: 1147, flags: 0, cmd: 21505, in_data.len(): 0, out_size: 0)","level":"WARN","ts":"2026-10-06T21:42:02.437189202Z","instance":"remote-a-r1","service_name":"afs-node"}
{"msg":"[Not Implemented] ioctl(ino: 0x209, fh: 1148, flags: 0, cmd: 21505, in_data.len(): 0, out_size: 0)","level":"WARN","ts":"2026-10-06T21:42:02.439157492Z","instance":"remote-a-r1","service_name":"afs-node"}
{"msg":"[Not Implemented] ioctl(ino: 0x20a, fh: 1149, flags: 0, cmd: 21505, in_data.len(): 0, out_size: 0)","level":"WARN","ts":"2026-10-06T21:42:02.441052325Z","instance":"remote-a-r1","service_name":"afs-node"}
{"msg":"[Not Implemented] ioctl(ino: 0x20b, fh: 1150, flags: 0, cmd: 21505, in_data.len(): 0, out_size: 0)","level":"WARN","ts":"2026-10-06T21:42:02.442893993Z","instance":"remote-a-r1","service_name":"afs-node"}
{"msg":"[Not Implemented] ioctl(ino: 0x20c, fh: 1151, flags: 0, cmd: 21505, in_data.len(): 0, out_size: 0)","level":"WARN","ts":"2026-10-06T21:42:02.444858824Z","instance":"remote-a-r1","service_name":"afs-node"}
{"msg":"[Not Implemented] ioctl(ino: 0x20d, fh: 1152, flags: 0, cmd: 21505, in_data.len(): 0, out_size: 0)","level":"WARN","ts":"2026-10-06T21:42:02.446846906Z","instance":"remote-a-r1","service_name":"afs-node"}
{"msg":"[Not Implemented] ioctl(ino: 0x20e, fh: 1153, flags: 0, cmd: 21505, in_data.len(): 0, out_size: 0)","level":"WARN","ts":"2026-10-06T21:42:02.448695198Z","instance":"remote-a-r1","service_name":"afs-node"}
{"msg":"[Not Implemented] ioctl(ino: 0x20f, fh: 1154, flags: 0, cmd: 21505, in_data.len(): 0, out_size: 0)","level":"WARN","ts":"2026-10-06T21:42:02.45066403Z","instance":"remote-a-r1","service_name":"afs-node"}
{"msg":"[Not Implemented] ioctl(ino: 0x210, fh: 1155, flags: 0, cmd: 21505, in_data.len(): 0, out_size: 0)","level":"WARN","ts":"2026-10-06T21:42:02.452558571Z","instance":"remote-a-r1","service_name":"afs-node"}
{"msg":"[Not Implemented] ioctl(ino: 0x211, fh: 1156, flags: 0, cmd: 21505, in_data.len(): 0, out_size: 0)","level":"WARN","ts":"2026-10-06T21:42:02.454542278Z","instance":"remote-a-r1","service_name":"afs-node"}
{"msg":"[Not Implemented] ioctl(ino: 0x212, fh: 1157, flags: 0, cmd: 21505, in_data.len(): 0, out_size: 0)","level":"WARN","ts":"2026-10-06T21:42:02.45641382Z","instance":"remote-a-r1","service_name":"afs-node"}
{"msg":"[Not Implemented] ioctl(ino: 0x213, fh: 1158, flags: 0, cmd: 21505, in_data.len(): 0, out_size: 0)","level":"WARN","ts":"2026-10-06T21:42:02.458382568Z","instance":"remote-a-r1","service_name":"afs-node"}
{"msg":"[Not Implemented] ioctl(ino: 0x214, fh: 1159, flags: 0, cmd: 21505, in_data.len(): 0, out_size: 0)","level":"WARN","ts":"2026-10-06T21:42:02.460277318Z","instance":"remote-a-r1","service_name":"afs-node"}
{"msg":"[Not Implemented] ioctl(ino: 0x215, fh: 1160, flags: 0, cmd: 21505, in_data.len(): 0, out_size: 0)","level":"WARN","ts":"2026-10-06T21:42:02.462107486Z","instance":"remote-a-r1","service_name":"afs-node"}
{"msg":"[Not Implemented] ioctl(ino: 0x216, fh: 1161, flags: 0, cmd: 21505, in_data.len(): 0, out_size: 0)","level":"WARN","ts":"2026-10-06T21:42:02.46396257Z","instance":"remote-a-r1","service_name":"afs-node"}
{"msg":"[Not Implemented] ioctl(ino: 0x217, fh: 1162, flags: 0, cmd: 21505, in_data.len(): 0, out_size: 0)","level":"WARN","ts":"2026-10-06T21:42:02.465790863Z","instance":"remote-a-r1","service_name":"afs-node"}
{"msg":"[Not Implemented] ioctl(ino: 0x218, fh: 1163, flags: 0, cmd: 21505, in_data.len(): 0, out_size: 0)","level":"WARN","ts":"2026-10-06T21:42:02.467636323Z","instance":"remote-a-r1","service_name":"afs-node"}
{"msg":"[Not Implemented] ioctl(ino: 0x219, fh: 1164, flags: 0, cmd: 21505, in_data.len(): 0, out_size: 0)","level":"WARN","ts":"2026-10-06T21:42:02.469655361Z","instance":"remote-a-r1","service_name":"afs-node"}
{"msg":"[Not Implemented] ioctl(ino: 0x21a, fh: 1165, flags: 0, cmd: 21505, in_data.len(): 0, out_size: 0)","level":"WARN","ts":"2026-10-06T21:42:02.47170215Z","instance":"remote-a-r1","service_name":"afs-node"}
{"msg":"[Not Implemented] ioctl(ino: 0x21b, fh: 1166, flags: 0, cmd: 21505, in_data.len(): 0, out_size: 0)","level":"WARN","ts":"2026-10-06T21:42:02.473737271Z","instance":"remote-a-r1","service_name":"afs-node"}
{"msg":"[Not Implemented] ioctl(ino: 0x21c, fh: 1167, flags: 0, cmd: 21505, in_data.len(): 0, out_size: 0)","level":"WARN","ts":"2026-10-06T21:42:02.47569302Z","instance":"remote-a-r1","service_name":"afs-node"}
{"msg":"[Not Implemented] ioctl(ino: 0x21d, fh: 1168, flags: 0, cmd: 21505, in_data.len(): 0, out_size: 0)","level":"WARN","ts":"2026-10-06T21:42:02.477564604Z","instance":"remote-a-r1","service_name":"afs-node"}
{"msg":"[Not Implemented] ioctl(ino: 0x21e, fh: 1169, flags: 0, cmd: 21505, in_data.len(): 0, out_size: 0)","level":"WARN","ts":"2026-10-06T21:42:02.479638433Z","instance":"remote-a-r1","service_name":"afs-node"}
{"msg":"[Not Implemented] ioctl(ino: 0x21f, fh: 1170, flags: 0, cmd: 21505, in_data.len(): 0, out_size: 0)","level":"WARN","ts":"2026-10-06T21:42:02.48153735Z","instance":"remote-a-r1","service_name":"afs-node"}
{"msg":"[Not Implemented] ioctl(ino: 0x220, fh: 1171, flags: 0, cmd: 21505, in_data.len(): 0, out_size: 0)","level":"WARN","ts":"2026-10-06T21:42:02.483397725Z","instance":"remote-a-r1","service_name":"afs-node"}
{"msg":"[Not Implemented] ioctl(ino: 0x221, fh: 1172, flags: 0, cmd: 21505, in_data.len(): 0, out_size: 0)","level":"WARN","ts":"2026-10-06T21:42:02.485317016Z","instance":"remote-a-r1","service_name":"afs-node"}
{"msg":"[Not Implemented] ioctl(ino: 0x222, fh: 1173, flags: 0, cmd: 21505, in_data.len(): 0, out_size: 0)","level":"WARN","ts":"2026-10-06T21:42:02.487184684Z","instance":"remote-a-r1","service_name":"afs-node"}
{"msg":"[Not Implemented] ioctl(ino: 0x223, fh: 1174, flags: 0, cmd: 21505, in_data.len(): 0, out_size: 0)","level":"WARN","ts":"2026-10-06T21:42:02.489105308Z","instance":"remote-a-r1","service_name":"afs-node"}
{"msg":"[Not Implemented] ioctl(ino: 0x224, fh: 1175, flags: 0, cmd: 21505, in_data.len(): 0, out_size: 0)","level":"WARN","ts":"2026-10-06T21:42:02.491033974Z","instance":"remote-a-r1","service_name":"afs-node"}
{"msg":"[Not Implemented] ioctl(ino: 0x225, fh: 1176, flags: 0, cmd: 21505, in_data.len(): 0, out_size: 0)","level":"WARN","ts":"2026-10-06T21:42:02.492885141Z","instance":"remote-a-r1","service_name":"afs-node"}
{"msg":"[Not Implemented] ioctl(ino: 0x226, fh: 1177, flags: 0, cmd: 21505, in_data.len(): 0, out_size: 0)","level":"WARN","ts":"2026-10-06T21:42:02.494784724Z","instance":"remote-a-r1","service_name":"afs-node"}
{"msg":"[Not Implemented] ioctl(ino: 0x227, fh: 1178, flags: 0, cmd: 21505, in_data.len(): 0, out_size: 0)","level":"WARN","ts":"2026-10-06T21:42:02.496867345Z","instance":"remote-a-r1","service_name":"afs-node"}
{"msg":"[Not Implemented] ioctl(ino: 0x228, fh: 1179, flags: 0, cmd: 21505, in_data.len(): 0, out_size: 0)","level":"WARN","ts":"2026-10-06T21:42:02.498787928Z","instance":"remote-a-r1","service_name":"afs-node"}
{"msg":"[Not Implemented] ioctl(ino: 0x229, fh: 1180, flags: 0, cmd: 21505, in_data.len(): 0, out_size: 0)","level":"WARN","ts":"2026-10-06T21:42:02.500669886Z","instance":"remote-a-r1","service_name":"afs-node"}
{"msg":"[Not Implemented] ioctl(ino: 0x22a, fh: 1181, flags: 0, cmd: 21505, in_data.len(): 0, out_size: 0)","level":"WARN","ts":"2026-10-06T21:42:02.50252947Z","instance":"remote-a-r1","service_name":"afs-node"}
{"msg":"[Not Implemented] ioctl(ino: 0x22b, fh: 1182, flags: 0, cmd: 21505, in_data.len(): 0, out_size: 0)","level":"WARN","ts":"2026-10-06T21:42:02.504478178Z","instance":"remote-a-r1","service_name":"afs-node"}
{"msg":"[Not Implemented] ioctl(ino: 0x22c, fh: 1183, flags: 0, cmd: 21505, in_data.len(): 0, out_size: 0)","level":"WARN","ts":"2026-10-06T21:42:02.506363761Z","instance":"remote-a-r1","service_name":"afs-node"}
{"msg":"[Not Implemented] ioctl(ino: 0x22d, fh: 1184, flags: 0, cmd: 21505, in_data.len(): 0, out_size: 0)","level":"WARN","ts":"2026-10-06T21:42:02.50829451Z","instance":"remote-a-r1","service_name":"afs-node"}
{"msg":"[Not Implemented] ioctl(ino: 0x22e, fh: 1185, flags: 0, cmd: 21505, in_data.len(): 0, out_size: 0)","level":"WARN","ts":"2026-10-06T21:42:02.510253175Z","instance":"remote-a-r1","service_name":"afs-node"}
{"msg":"[Not Implemented] ioctl(ino: 0x22f, fh: 1186, flags: 0, cmd: 21505, in_data.len(): 0, out_size: 0)","level":"WARN","ts":"2026-10-06T21:42:02.512216549Z","instance":"remote-a-r1","service_name":"afs-node"}
{"msg":"[Not Implemented] ioctl(ino: 0x230, fh: 1187, flags: 0, cmd: 21505, in_data.len(): 0, out_size: 0)","level":"WARN","ts":"2026-10-06T21:42:02.514223838Z","instance":"remote-a-r1","service_name":"afs-node"}
{"msg":"[Not Implemented] ioctl(ino: 0x231, fh: 1188, flags: 0, cmd: 21505, in_data.len(): 0, out_size: 0)","level":"WARN","ts":"2026-10-06T21:42:02.516031006Z","instance":"remote-a-r1","service_name":"afs-node"}
{"msg":"[Not Implemented] ioctl(ino: 0x232, fh: 1189, flags: 0, cmd: 21505, in_data.len(): 0, out_size: 0)","level":"WARN","ts":"2026-10-06T21:42:02.517870174Z","instance":"remote-a-r1","service_name":"afs-node"}
{"msg":"[Not Implemented] ioctl(ino: 0x233, fh: 1190, flags: 0, cmd: 21505, in_data.len(): 0, out_size: 0)","level":"WARN","ts":"2026-10-06T21:42:02.519762966Z","instance":"remote-a-r1","service_name":"afs-node"}
{"msg":"[Not Implemented] ioctl(ino: 0x234, fh: 1191, flags: 0, cmd: 21505, in_data.len(): 0, out_size: 0)","level":"WARN","ts":"2026-10-06T21:42:02.521714964Z","instance":"remote-a-r1","service_name":"afs-node"}
{"msg":"[Not Implemented] ioctl(ino: 0x235, fh: 1192, flags: 0, cmd: 21505, in_data.len(): 0, out_size: 0)","level":"WARN","ts":"2026-10-06T21:42:02.523724837Z","instance":"remote-a-r1","service_name":"afs-node"}
{"msg":"[Not Implemented] ioctl(ino: 0x236, fh: 1193, flags: 0, cmd: 21505, in_data.len(): 0, out_size: 0)","level":"WARN","ts":"2026-10-06T21:42:02.525693918Z","instance":"remote-a-r1","service_name":"afs-node"}
{"msg":"[Not Implemented] ioctl(ino: 0x237, fh: 1194, flags: 0, cmd: 21505, in_data.len(): 0, out_size: 0)","level":"WARN","ts":"2026-10-06T21:42:02.527574669Z","instance":"remote-a-r1","service_name":"afs-node"}
{"msg":"[Not Implemented] ioctl(ino: 0x238, fh: 1195, flags: 0, cmd: 21505, in_data.len(): 0, out_size: 0)","level":"WARN","ts":"2026-10-06T21:42:02.529492001Z","instance":"remote-a-r1","service_name":"afs-node"}
{"msg":"[Not Implemented] ioctl(ino: 0x239, fh: 1196, flags: 0, cmd: 21505, in_data.len(): 0, out_size: 0)","level":"WARN","ts":"2026-10-06T21:42:02.531502624Z","instance":"remote-a-r1","service_name":"afs-node"}
{"msg":"[Not Implemented] ioctl(ino: 0x23a, fh: 1197, flags: 0, cmd: 21505, in_data.len(): 0, out_size: 0)","level":"WARN","ts":"2026-10-06T21:42:02.533459997Z","instance":"remote-a-r1","service_name":"afs-node"}
{"msg":"[Not Implemented] ioctl(ino: 0x23b, fh: 1198, flags: 0, cmd: 21505, in_data.len(): 0, out_size: 0)","level":"WARN","ts":"2026-10-06T21:42:02.535231583Z","instance":"remote-a-r1","service_name":"afs-node"}
{"msg":"[Not Implemented] ioctl(ino: 0x23c, fh: 1199, flags: 0, cmd: 21505, in_data.len(): 0, out_size: 0)","level":"WARN","ts":"2026-10-06T21:42:02.537070293Z","instance":"remote-a-r1","service_name":"afs-node"}
{"msg":"[Not Implemented] ioctl(ino: 0x23d, fh: 1200, flags: 0, cmd: 21505, in_data.len(): 0, out_size: 0)","level":"WARN","ts":"2026-10-06T21:42:02.538986792Z","instance":"remote-a-r1","service_name":"afs-node"}
{"msg":"[Not Implemented] ioctl(ino: 0x23e, fh: 1201, flags: 0, cmd: 21505, in_data.len(): 0, out_size: 0)","level":"WARN","ts":"2026-10-06T21:42:02.540853793Z","instance":"remote-a-r1","service_name":"afs-node"}
{"msg":"[Not Implemented] ioctl(ino: 0x23f, fh: 1202, flags: 0, cmd: 21505, in_data.len(): 0, out_size: 0)","level":"WARN","ts":"2026-10-06T21:42:02.542759459Z","instance":"remote-a-r1","service_name":"afs-node"}
{"msg":"[Not Implemented] ioctl(ino: 0x240, fh: 1203, flags: 0, cmd: 21505, in_data.len(): 0, out_size: 0)","level":"WARN","ts":"2026-10-06T21:42:02.544778331Z","instance":"remote-a-r1","service_name":"afs-node"}
{"msg":"[Not Implemented] ioctl(ino: 0x241, fh: 1204, flags: 0, cmd: 21505, in_data.len(): 0, out_size: 0)","level":"WARN","ts":"2026-10-06T21:42:02.546711747Z","instance":"remote-a-r1","service_name":"afs-node"}
{"msg":"[Not Implemented] ioctl(ino: 0x242, fh: 1205, flags: 0, cmd: 21505, in_data.len(): 0, out_size: 0)","level":"WARN","ts":"2026-10-06T21:42:02.548600331Z","instance":"remote-a-r1","service_name":"afs-node"}
{"msg":"[Not Implemented] ioctl(ino: 0x243, fh: 1206, flags: 0, cmd: 21505, in_data.len(): 0, out_size: 0)","level":"WARN","ts":"2026-10-06T21:42:02.550423124Z","instance":"remote-a-r1","service_name":"afs-node"}
{"msg":"[Not Implemented] ioctl(ino: 0x244, fh: 1207, flags: 0, cmd: 21505, in_data.len(): 0, out_size: 0)","level":"WARN","ts":"2026-10-06T21:42:02.552373331Z","instance":"remote-a-r1","service_name":"afs-node"}
{"msg":"[Not Implemented] ioctl(ino: 0x245, fh: 1208, flags: 0, cmd: 21505, in_data.len(): 0, out_size: 0)","level":"WARN","ts":"2026-10-06T21:42:02.554229373Z","instance":"remote-a-r1","service_name":"afs-node"}
{"msg":"[Not Implemented] ioctl(ino: 0x246, fh: 1209, flags: 0, cmd: 21505, in_data.len(): 0, out_size: 0)","level":"WARN","ts":"2026-10-06T21:42:02.556106123Z","instance":"remote-a-r1","service_name":"afs-node"}
{"msg":"[Not Implemented] ioctl(ino: 0x247, fh: 1210, flags: 0, cmd: 21505, in_data.len(): 0, out_size: 0)","level":"WARN","ts":"2026-10-06T21:42:02.557915917Z","instance":"remote-a-r1","service_name":"afs-node"}
{"msg":"[Not Implemented] ioctl(ino: 0x248, fh: 1211, flags: 0, cmd: 21505, in_data.len(): 0, out_size: 0)","level":"WARN","ts":"2026-10-06T21:42:02.559933956Z","instance":"remote-a-r1","service_name":"afs-node"}
{"msg":"[Not Implemented] ioctl(ino: 0x249, fh: 1212, flags: 0, cmd: 21505, in_data.len(): 0, out_size: 0)","level":"WARN","ts":"2026-10-06T21:42:02.561770707Z","instance":"remote-a-r1","service_name":"afs-node"}
{"msg":"[Not Implemented] ioctl(ino: 0x24a, fh: 1213, flags: 0, cmd: 21505, in_data.len(): 0, out_size: 0)","level":"WARN","ts":"2026-10-06T21:42:02.563672165Z","instance":"remote-a-r1","service_name":"afs-node"}
{"msg":"[Not Implemented] ioctl(ino: 0x24b, fh: 1214, flags: 0, cmd: 21505, in_data.len(): 0, out_size: 0)","level":"WARN","ts":"2026-10-06T21:42:02.565559124Z","instance":"remote-a-r1","service_name":"afs-node"}
{"msg":"[Not Implemented] ioctl(ino: 0x24c, fh: 1215, flags: 0, cmd: 21505, in_data.len(): 0, out_size: 0)","level":"WARN","ts":"2026-10-06T21:42:02.567459498Z","instance":"remote-a-r1","service_name":"afs-node"}
{"msg":"[Not Implemented] ioctl(ino: 0x24d, fh: 1216, flags: 0, cmd: 21505, in_data.len(): 0, out_size: 0)","level":"WARN","ts":"2026-10-06T21:42:02.569362915Z","instance":"remote-a-r1","service_name":"afs-node"}
{"msg":"[Not Implemented] ioctl(ino: 0x24e, fh: 1217, flags: 0, cmd: 21505, in_data.len(): 0, out_size: 0)","level":"WARN","ts":"2026-10-06T21:42:02.571219624Z","instance":"remote-a-r1","service_name":"afs-node"}
{"msg":"[Not Implemented] ioctl(ino: 0x24f, fh: 1218, flags: 0, cmd: 21505, in_data.len(): 0, out_size: 0)","level":"WARN","ts":"2026-10-06T21:42:02.573154623Z","instance":"remote-a-r1","service_name":"afs-node"}
{"msg":"[Not Implemented] ioctl(ino: 0x250, fh: 1219, flags: 0, cmd: 21505, in_data.len(): 0, out_size: 0)","level":"WARN","ts":"2026-10-06T21:42:02.575012832Z","instance":"remote-a-r1","service_name":"afs-node"}
{"msg":"[Not Implemented] ioctl(ino: 0x251, fh: 1220, flags: 0, cmd: 21505, in_data.len(): 0, out_size: 0)","level":"WARN","ts":"2026-10-06T21:42:02.576772043Z","instance":"remote-a-r1","service_name":"afs-node"}
{"msg":"[Not Implemented] ioctl(ino: 0x252, fh: 1221, flags: 0, cmd: 21505, in_data.len(): 0, out_size: 0)","level":"WARN","ts":"2026-10-06T21:42:02.578681251Z","instance":"remote-a-r1","service_name":"afs-node"}
{"msg":"[Not Implemented] ioctl(ino: 0x253, fh: 1222, flags: 0, cmd: 21505, in_data.len(): 0, out_size: 0)","level":"WARN","ts":"2026-10-06T21:42:02.580584293Z","instance":"remote-a-r1","service_name":"afs-node"}
{"msg":"[Not Implemented] ioctl(ino: 0x254, fh: 1223, flags: 0, cmd: 21505, in_data.len(): 0, out_size: 0)","level":"WARN","ts":"2026-10-06T21:42:02.582484792Z","instance":"remote-a-r1","service_name":"afs-node"}
{"msg":"[Not Implemented] ioctl(ino: 0x255, fh: 1224, flags: 0, cmd: 21505, in_data.len(): 0, out_size: 0)","level":"WARN","ts":"2026-10-06T21:42:02.584253378Z","instance":"remote-a-r1","service_name":"afs-node"}
{"msg":"[Not Implemented] ioctl(ino: 0x256, fh: 1225, flags: 0, cmd: 21505, in_data.len(): 0, out_size: 0)","level":"WARN","ts":"2026-10-06T21:42:02.586083046Z","instance":"remote-a-r1","service_name":"afs-node"}
{"msg":"[Not Implemented] ioctl(ino: 0x257, fh: 1226, flags: 0, cmd: 21505, in_data.len(): 0, out_size: 0)","level":"WARN","ts":"2026-10-06T21:42:02.587933714Z","instance":"remote-a-r1","service_name":"afs-node"}
{"msg":"[Not Implemented] ioctl(ino: 0x258, fh: 1227, flags: 0, cmd: 21505, in_data.len(): 0, out_size: 0)","level":"WARN","ts":"2026-10-06T21:42:02.589898754Z","instance":"remote-a-r1","service_name":"afs-node"}
{"msg":"[Not Implemented] ioctl(ino: 0x259, fh: 1228, flags: 0, cmd: 21505, in_data.len(): 0, out_size: 0)","level":"WARN","ts":"2026-10-06T21:42:02.591787171Z","instance":"remote-a-r1","service_name":"afs-node"}
{"msg":"[Not Implemented] ioctl(ino: 0x25a, fh: 1229, flags: 0, cmd: 21505, in_data.len(): 0, out_size: 0)","level":"WARN","ts":"2026-10-06T21:42:02.593813584Z","instance":"remote-a-r1","service_name":"afs-node"}
{"msg":"[Not Implemented] ioctl(ino: 0x25b, fh: 1230, flags: 0, cmd: 21505, in_data.len(): 0, out_size: 0)","level":"WARN","ts":"2026-10-06T21:42:02.595848956Z","instance":"remote-a-r1","service_name":"afs-node"}
{"msg":"[Not Implemented] ioctl(ino: 0x25c, fh: 1231, flags: 0, cmd: 21505, in_data.len(): 0, out_size: 0)","level":"WARN","ts":"2026-10-06T21:42:02.597862037Z","instance":"remote-a-r1","service_name":"afs-node"}
{"msg":"[Not Implemented] ioctl(ino: 0x25d, fh: 1232, flags: 0, cmd: 21505, in_data.len(): 0, out_size: 0)","level":"WARN","ts":"2026-10-06T21:42:02.599817452Z","instance":"remote-a-r1","service_name":"afs-node"}
{"msg":"[Not Implemented] ioctl(ino: 0x25e, fh: 1233, flags: 0, cmd: 21505, in_data.len(): 0, out_size: 0)","level":"WARN","ts":"2026-10-06T21:42:02.601688994Z","instance":"remote-a-r1","service_name":"afs-node"}
{"msg":"[Not Implemented] ioctl(ino: 0x25f, fh: 1234, flags: 0, cmd: 21505, in_data.len(): 0, out_size: 0)","level":"WARN","ts":"2026-10-06T21:42:02.603630118Z","instance":"remote-a-r1","service_name":"afs-node"}
{"msg":"[Not Implemented] ioctl(ino: 0x260, fh: 1235, flags: 0, cmd: 21505, in_data.len(): 0, out_size: 0)","level":"WARN","ts":"2026-10-06T21:42:02.605619949Z","instance":"remote-a-r1","service_name":"afs-node"}
{"msg":"[Not Implemented] ioctl(ino: 0x261, fh: 1236, flags: 0, cmd: 21505, in_data.len(): 0, out_size: 0)","level":"WARN","ts":"2026-10-06T21:42:02.60754849Z","instance":"remote-a-r1","service_name":"afs-node"}
{"msg":"[Not Implemented] ioctl(ino: 0x262, fh: 1237, flags: 0, cmd: 21505, in_data.len(): 0, out_size: 0)","level":"WARN","ts":"2026-10-06T21:42:02.609468948Z","instance":"remote-a-r1","service_name":"afs-node"}
{"msg":"services.stopped","level":"INFO","ts":"2026-10-06T21:44:39.70610362Z","instance":"remote-a-r1","service_name":"afs-node"}
