{"msg":"Mounting /mnt/lima-afsbdata/afs-delivery/owner-remote-6d-bhome-20261007-r1/mount/ownerfs","level":"INFO","ts":"2026-10-06T21:39:03.142372059Z","instance":"remote-b-r1","service_name":"afs-node"}
{"msg":"node.ready","level":"INFO","ts":"2026-10-06T21:39:03.147901745Z","instance":"remote-b-r1","service_name":"afs-node","dfs":false,"ownerfs":true,"uds":"/mnt/lima-afsbdata/afs-delivery/owner-remote-6d-bhome-20261007-r1/run/node.sock","rest":"0.0.0.0:22901","grpc":"0.0.0.0:22900"}
{"msg":"FUSE request failed","level":"ERRO","ts":"2026-10-06T21:39:56.355723794Z","instance":"remote-b-r1","service_name":"afs-node","message":"OwnerFs root is not registered in Meta","kind":"NotFound","code":34078721}
{"msg":"[Not Implemented] ioctl(ino: 0x4, fh: 2, flags: 0, cmd: 21505, in_data.len(): 0, out_size: 0)","level":"WARN","ts":"2026-10-06T21:41:37.9956881Z","instance":"remote-b-r1","service_name":"afs-node"}
{"msg":"FUSE request failed","level":"ERRO","ts":"2026-10-06T21:43:00.479903642Z","instance":"remote-b-r1","service_name":"afs-node","message":"No such file or directory (os error 2)","kind":"NotFound","code":67305473}
{"msg":"FUSE request failed","level":"ERRO","ts":"2026-10-06T21:43:00.479983806Z","instance":"remote-b-r1","service_name":"afs-node","message":"No such file or directory (os error 2)","kind":"NotFound","code":67305473}
{"msg":"FUSE request failed","level":"ERRO","ts":"2026-10-06T21:43:00.480076679Z","instance":"remote-b-r1","service_name":"afs-node","message":"No such file or directory (os error 2)","kind":"NotFound","code":67305473}
{"msg":"FUSE request failed","level":"ERRO","ts":"2026-10-06T21:43:00.480200134Z","instance":"remote-b-r1","service_name":"afs-node","message":"No such file or directory (os error 2)","kind":"NotFound","code":67305473}
{"msg":"FUSE request failed","level":"ERRO","ts":"2026-10-06T21:43:00.480308673Z","instance":"remote-b-r1","service_name":"afs-node","message":"No such file or directory (os error 2)","kind":"NotFound","code":67305473}
{"msg":"FUSE request failed","level":"ERRO","ts":"2026-10-06T21:43:00.480432419Z","instance":"remote-b-r1","service_name":"afs-node","message":"No such file or directory (os error 2)","kind":"NotFound","code":67305473}
{"msg":"FUSE request failed","level":"ERRO","ts":"2026-10-06T21:43:00.480561124Z","instance":"remote-b-r1","service_name":"afs-node","message":"No such file or directory (os error 2)","kind":"NotFound","code":67305473}
{"msg":"FUSE request failed","level":"ERRO","ts":"2026-10-06T21:43:00.480669288Z","instance":"remote-b-r1","service_name":"afs-node","message":"No such file or directory (os error 2)","kind":"NotFound","code":67305473}
{"msg":"FUSE request failed","level":"ERRO","ts":"2026-10-06T21:43:00.480788868Z","instance":"remote-b-r1","service_name":"afs-node","message":"No such file or directory (os error 2)","kind":"NotFound","code":67305473}
{"msg":"FUSE request failed","level":"ERRO","ts":"2026-10-06T21:43:00.48089999Z","instance":"remote-b-r1","service_name":"afs-node","message":"No such file or directory (os error 2)","kind":"NotFound","code":67305473}
{"msg":"FUSE request failed","level":"ERRO","ts":"2026-10-06T21:43:00.481045611Z","instance":"remote-b-r1","service_name":"afs-node","message":"No such file or directory (os error 2)","kind":"NotFound","code":67305473}
{"msg":"FUSE request failed","level":"ERRO","ts":"2026-10-06T21:43:00.481168566Z","instance":"remote-b-r1","service_name":"afs-node","message":"No such file or directory (os error 2)","kind":"NotFound","code":67305473}
{"msg":"FUSE request failed","level":"ERRO","ts":"2026-10-06T21:43:00.481291688Z","instance":"remote-b-r1","service_name":"afs-node","message":"No such file or directory (os error 2)","kind":"NotFound","code":67305473}
{"msg":"FUSE request failed","level":"ERRO","ts":"2026-10-06T21:43:00.481415143Z","instance":"remote-b-r1","service_name":"afs-node","message":"No such file or directory (os error 2)","kind":"NotFound","code":67305473}
{"msg":"FUSE request failed","level":"ERRO","ts":"2026-10-06T21:43:00.481538723Z","instance":"remote-b-r1","service_name":"afs-node","message":"No such file or directory (os error 2)","kind":"NotFound","code":67305473}
{"msg":"FUSE request failed","level":"ERRO","ts":"2026-10-06T21:43:00.481673469Z","instance":"remote-b-r1","service_name":"afs-node","message":"No such file or directory (os error 2)","kind":"NotFound","code":67305473}
{"msg":"FUSE request failed","level":"ERRO","ts":"2026-10-06T21:43:00.4817913Z","instance":"remote-b-r1","service_name":"afs-node","message":"No such file or directory (os error 2)","kind":"NotFound","code":67305473}
{"msg":"FUSE request failed","level":"ERRO","ts":"2026-10-06T21:43:00.481904297Z","instance":"remote-b-r1","service_name":"afs-node","message":"No such file or directory (os error 2)","kind":"NotFound","code":67305473}
{"msg":"FUSE request failed","level":"ERRO","ts":"2026-10-06T21:43:00.482021127Z","instance":"remote-b-r1","service_name":"afs-node","message":"No such file or directory (os error 2)","kind":"NotFound","code":67305473}
{"msg":"FUSE request failed","level":"ERRO","ts":"2026-10-06T21:43:00.482142082Z","instance":"remote-b-r1","service_name":"afs-node","message":"No such file or directory (os error 2)","kind":"NotFound","code":67305473}
{"msg":"FUSE request failed","level":"ERRO","ts":"2026-10-06T21:43:00.482260162Z","instance":"remote-b-r1","service_name":"afs-node","message":"No such file or directory (os error 2)","kind":"NotFound","code":67305473}
{"msg":"FUSE request failed","level":"ERRO","ts":"2026-10-06T21:43:00.482380576Z","instance":"remote-b-r1","service_name":"afs-node","message":"No such file or directory (os error 2)","kind":"NotFound","code":67305473}
{"msg":"FUSE request failed","level":"ERRO","ts":"2026-10-06T21:43:00.482481198Z","instance":"remote-b-r1","service_name":"afs-node","message":"No such file or directory (os error 2)","kind":"NotFound","code":67305473}
{"msg":"FUSE request failed","level":"ERRO","ts":"2026-10-06T21:43:00.482599653Z","instance":"remote-b-r1","service_name":"afs-node","message":"No such file or directory (os error 2)","kind":"NotFound","code":67305473}
{"msg":"FUSE request failed","level":"ERRO","ts":"2026-10-06T21:43:00.4827044Z","instance":"remote-b-r1","service_name":"afs-node","message":"No such file or directory (os error 2)","kind":"NotFound","code":67305473}
{"msg":"FUSE request failed","level":"ERRO","ts":"2026-10-06T21:43:00.482810523Z","instance":"remote-b-r1","service_name":"afs-node","message":"No such file or directory (os error 2)","kind":"NotFound","code":67305473}
{"msg":"FUSE request failed","level":"ERRO","ts":"2026-10-06T21:43:00.482916645Z","instance":"remote-b-r1","service_name":"afs-node","message":"No such file or directory (os error 2)","kind":"NotFound","code":67305473}
{"msg":"FUSE request failed","level":"ERRO","ts":"2026-10-06T21:43:00.483026808Z","instance":"remote-b-r1","service_name":"afs-node","message":"No such file or directory (os error 2)","kind":"NotFound","code":67305473}
{"msg":"FUSE request failed","level":"ERRO","ts":"2026-10-06T21:43:00.483141805Z","instance":"remote-b-r1","service_name":"afs-node","message":"No such file or directory (os error 2)","kind":"NotFound","code":67305473}
{"msg":"FUSE request failed","level":"ERRO","ts":"2026-10-06T21:43:00.483253469Z","instance":"remote-b-r1","service_name":"afs-node","message":"No such file or directory (os error 2)","kind":"NotFound","code":67305473}
{"msg":"FUSE request failed","level":"ERRO","ts":"2026-10-06T21:43:00.483371508Z","instance":"remote-b-r1","service_name":"afs-node","message":"No such file or directory (os error 2)","kind":"NotFound","code":67305473}
{"msg":"FUSE request failed","level":"ERRO","ts":"2026-10-06T21:43:00.483472088Z","instance":"remote-b-r1","service_name":"afs-node","message":"No such file or directory (os error 2)","kind":"NotFound","code":67305473}
{"msg":"FUSE request failed","level":"ERRO","ts":"2026-10-06T21:43:00.483582377Z","instance":"remote-b-r1","service_name":"afs-node","message":"No such file or directory (os error 2)","kind":"NotFound","code":67305473}
{"msg":"FUSE request failed","level":"ERRO","ts":"2026-10-06T21:43:00.483697332Z","instance":"remote-b-r1","service_name":"afs-node","message":"No such file or directory (os error 2)","kind":"NotFound","code":67305473}
{"msg":"FUSE request failed","level":"ERRO","ts":"2026-10-06T21:43:00.483806121Z","instance":"remote-b-r1","service_name":"afs-node","message":"No such file or directory (os error 2)","kind":"NotFound","code":67305473}
{"msg":"FUSE request failed","level":"ERRO","ts":"2026-10-06T21:43:00.483936118Z","instance":"remote-b-r1","service_name":"afs-node","message":"No such file or directory (os error 2)","kind":"NotFound","code":67305473}
{"msg":"FUSE request failed","level":"ERRO","ts":"2026-10-06T21:43:00.48403574Z","instance":"remote-b-r1","service_name":"afs-node","message":"No such file or directory (os error 2)","kind":"NotFound","code":67305473}
{"msg":"FUSE request failed","level":"ERRO","ts":"2026-10-06T21:43:00.484144487Z","instance":"remote-b-r1","service_name":"afs-node","message":"No such file or directory (os error 2)","kind":"NotFound","code":67305473}
{"msg":"FUSE request failed","level":"ERRO","ts":"2026-10-06T21:43:00.484257234Z","instance":"remote-b-r1","service_name":"afs-node","message":"No such file or directory (os error 2)","kind":"NotFound","code":67305473}
{"msg":"FUSE request failed","level":"ERRO","ts":"2026-10-06T21:43:00.484360065Z","instance":"remote-b-r1","service_name":"afs-node","message":"No such file or directory (os error 2)","kind":"NotFound","code":67305473}
{"msg":"FUSE request failed","level":"ERRO","ts":"2026-10-06T21:43:00.484478853Z","instance":"remote-b-r1","service_name":"afs-node","message":"No such file or directory (os error 2)","kind":"NotFound","code":67305473}
{"msg":"FUSE request failed","level":"ERRO","ts":"2026-10-06T21:43:00.484592225Z","instance":"remote-b-r1","service_name":"afs-node","message":"No such file or directory (os error 2)","kind":"NotFound","code":67305473}
{"msg":"FUSE request failed","level":"ERRO","ts":"2026-10-06T21:43:00.484706389Z","instance":"remote-b-r1","service_name":"afs-node","message":"No such file or directory (os error 2)","kind":"NotFound","code":67305473}
{"msg":"FUSE request failed","level":"ERRO","ts":"2026-10-06T21:43:00.484818344Z","instance":"remote-b-r1","service_name":"afs-node","message":"No such file or directory (os error 2)","kind":"NotFound","code":67305473}
{"msg":"FUSE request failed","level":"ERRO","ts":"2026-10-06T21:43:00.484935049Z","instance":"remote-b-r1","service_name":"afs-node","message":"No such file or directory (os error 2)","kind":"NotFound","code":67305473}
{"msg":"FUSE request failed","level":"ERRO","ts":"2026-10-06T21:43:00.485049046Z","instance":"remote-b-r1","service_name":"afs-node","message":"No such file or directory (os error 2)","kind":"NotFound","code":67305473}
{"msg":"FUSE request failed","level":"ERRO","ts":"2026-10-06T21:43:00.485161585Z","instance":"remote-b-r1","service_name":"afs-node","message":"No such file or directory (os error 2)","kind":"NotFound","code":67305473}
{"msg":"FUSE request failed","level":"ERRO","ts":"2026-10-06T21:43:00.485284165Z","instance":"remote-b-r1","service_name":"afs-node","message":"No such file or directory (os error 2)","kind":"NotFound","code":67305473}
{"msg":"FUSE request failed","level":"ERRO","ts":"2026-10-06T21:43:00.485398412Z","instance":"remote-b-r1","service_name":"afs-node","message":"No such file or directory (os error 2)","kind":"NotFound","code":67305473}
{"msg":"FUSE request failed","level":"ERRO","ts":"2026-10-06T21:43:00.485505242Z","instance":"remote-b-r1","service_name":"afs-node","message":"No such file or directory (os error 2)","kind":"NotFound","code":67305473}
{"msg":"FUSE request failed","level":"ERRO","ts":"2026-10-06T21:43:00.485613698Z","instance":"remote-b-r1","service_name":"afs-node","message":"No such file or directory (os error 2)","kind":"NotFound","code":67305473}
{"msg":"FUSE request failed","level":"ERRO","ts":"2026-10-06T21:43:00.485726362Z","instance":"remote-b-r1","service_name":"afs-node","message":"No such file or directory (os error 2)","kind":"NotFound","code":67305473}
{"msg":"FUSE request failed","level":"ERRO","ts":"2026-10-06T21:43:00.485834775Z","instance":"remote-b-r1","service_name":"afs-node","message":"No such file or directory (os error 2)","kind":"NotFound","code":67305473}
{"msg":"FUSE request failed","level":"ERRO","ts":"2026-10-06T21:43:00.485945731Z","instance":"remote-b-r1","service_name":"afs-node","message":"No such file or directory (os error 2)","kind":"NotFound","code":67305473}
{"msg":"FUSE request failed","level":"ERRO","ts":"2026-10-06T21:43:00.486051811Z","instance":"remote-b-r1","service_name":"afs-node","message":"No such file or directory (os error 2)","kind":"NotFound","code":67305473}
{"msg":"FUSE request failed","level":"ERRO","ts":"2026-10-06T21:43:00.486151975Z","instance":"remote-b-r1","service_name":"afs-node","message":"No such file or directory (os error 2)","kind":"NotFound","code":67305473}
{"msg":"FUSE request failed","level":"ERRO","ts":"2026-10-06T21:43:00.48626668Z","instance":"remote-b-r1","service_name":"afs-node","message":"No such file or directory (os error 2)","kind":"NotFound","code":67305473}
{"msg":"FUSE request failed","level":"ERRO","ts":"2026-10-06T21:43:00.486380511Z","instance":"remote-b-r1","service_name":"afs-node","message":"No such file or directory (os error 2)","kind":"NotFound","code":67305473}
{"msg":"FUSE request failed","level":"ERRO","ts":"2026-10-06T21:43:00.486495049Z","instance":"remote-b-r1","service_name":"afs-node","message":"No such file or directory (os error 2)","kind":"NotFound","code":67305473}
{"msg":"FUSE request failed","level":"ERRO","ts":"2026-10-06T21:43:00.486600338Z","instance":"remote-b-r1","service_name":"afs-node","message":"No such file or directory (os error 2)","kind":"NotFound","code":67305473}
{"msg":"FUSE request failed","level":"ERRO","ts":"2026-10-06T21:43:00.486697794Z","instance":"remote-b-r1","service_name":"afs-node","message":"No such file or directory (os error 2)","kind":"NotFound","code":67305473}
{"msg":"FUSE request failed","level":"ERRO","ts":"2026-10-06T21:43:00.486791666Z","instance":"remote-b-r1","service_name":"afs-node","message":"No such file or directory (os error 2)","kind":"NotFound","code":67305473}
{"msg":"FUSE request failed","level":"ERRO","ts":"2026-10-06T21:43:00.486896539Z","instance":"remote-b-r1","service_name":"afs-node","message":"No such file or directory (os error 2)","kind":"NotFound","code":67305473}
{"msg":"FUSE request failed","level":"ERRO","ts":"2026-10-06T21:43:00.487005369Z","instance":"remote-b-r1","service_name":"afs-node","message":"No such file or directory (os error 2)","kind":"NotFound","code":67305473}
{"msg":"FUSE request failed","level":"ERRO","ts":"2026-10-06T21:43:00.487119824Z","instance":"remote-b-r1","service_name":"afs-node","message":"No such file or directory (os error 2)","kind":"NotFound","code":67305473}
{"msg":"FUSE request failed","level":"ERRO","ts":"2026-10-06T21:43:00.487218238Z","instance":"remote-b-r1","service_name":"afs-node","message":"No such file or directory (os error 2)","kind":"NotFound","code":67305473}
{"msg":"FUSE request failed","level":"ERRO","ts":"2026-10-06T21:43:00.487298445Z","instance":"remote-b-r1","service_name":"afs-node","message":"No such file or directory (os error 2)","kind":"NotFound","code":67305473}
{"msg":"FUSE request failed","level":"ERRO","ts":"2026-10-06T21:43:00.48739465Z","instance":"remote-b-r1","service_name":"afs-node","message":"No such file or directory (os error 2)","kind":"NotFound","code":67305473}
{"msg":"FUSE request failed","level":"ERRO","ts":"2026-10-06T21:43:00.487502939Z","instance":"remote-b-r1","service_name":"afs-node","message":"No such file or directory (os error 2)","kind":"NotFound","code":67305473}
{"msg":"FUSE request failed","level":"ERRO","ts":"2026-10-06T21:43:00.487605561Z","instance":"remote-b-r1","service_name":"afs-node","message":"No such file or directory (os error 2)","kind":"NotFound","code":67305473}
{"msg":"FUSE request failed","level":"ERRO","ts":"2026-10-06T21:43:00.487719475Z","instance":"remote-b-r1","service_name":"afs-node","message":"No such file or directory (os error 2)","kind":"NotFound","code":67305473}
{"msg":"FUSE request failed","level":"ERRO","ts":"2026-10-06T21:43:00.487822931Z","instance":"remote-b-r1","service_name":"afs-node","message":"No such file or directory (os error 2)","kind":"NotFound","code":67305473}
{"msg":"FUSE request failed","level":"ERRO","ts":"2026-10-06T21:43:00.487930094Z","instance":"remote-b-r1","service_name":"afs-node","message":"No such file or directory (os error 2)","kind":"NotFound","code":67305473}
{"msg":"FUSE request failed","level":"ERRO","ts":"2026-10-06T21:43:00.4880283Z","instance":"remote-b-r1","service_name":"afs-node","message":"No such file or directory (os error 2)","kind":"NotFound","code":67305473}
{"msg":"FUSE request failed","level":"ERRO","ts":"2026-10-06T21:43:00.488146839Z","instance":"remote-b-r1","service_name":"afs-node","message":"No such file or directory (os error 2)","kind":"NotFound","code":67305473}
{"msg":"FUSE request failed","level":"ERRO","ts":"2026-10-06T21:43:00.488247378Z","instance":"remote-b-r1","service_name":"afs-node","message":"No such file or directory (os error 2)","kind":"NotFound","code":67305473}
{"msg":"FUSE request failed","level":"ERRO","ts":"2026-10-06T21:43:00.488350667Z","instance":"remote-b-r1","service_name":"afs-node","message":"No such file or directory (os error 2)","kind":"NotFound","code":67305473}
{"msg":"FUSE request failed","level":"ERRO","ts":"2026-10-06T21:43:00.488450164Z","instance":"remote-b-r1","service_name":"afs-node","message":"No such file or directory (os error 2)","kind":"NotFound","code":67305473}
{"msg":"FUSE request failed","level":"ERRO","ts":"2026-10-06T21:43:00.488544995Z","instance":"remote-b-r1","service_name":"afs-node","message":"No such file or directory (os error 2)","kind":"NotFound","code":67305473}
{"msg":"FUSE request failed","level":"ERRO","ts":"2026-10-06T21:43:00.488639201Z","instance":"remote-b-r1","service_name":"afs-node","message":"No such file or directory (os error 2)","kind":"NotFound","code":67305473}
{"msg":"FUSE request failed","level":"ERRO","ts":"2026-10-06T21:43:00.488733781Z","instance":"remote-b-r1","service_name":"afs-node","message":"No such file or directory (os error 2)","kind":"NotFound","code":67305473}
{"msg":"FUSE request failed","level":"ERRO","ts":"2026-10-06T21:43:00.488835237Z","instance":"remote-b-r1","service_name":"afs-node","message":"No such file or directory (os error 2)","kind":"NotFound","code":67305473}
{"msg":"FUSE request failed","level":"ERRO","ts":"2026-10-06T21:43:00.48892761Z","instance":"remote-b-r1","service_name":"afs-node","message":"No such file or directory (os error 2)","kind":"NotFound","code":67305473}
{"msg":"FUSE request failed","level":"ERRO","ts":"2026-10-06T21:43:00.48903069Z","instance":"remote-b-r1","service_name":"afs-node","message":"No such file or directory (os error 2)","kind":"NotFound","code":67305473}
{"msg":"FUSE request failed","level":"ERRO","ts":"2026-10-06T21:43:00.489128396Z","instance":"remote-b-r1","service_name":"afs-node","message":"No such file or directory (os error 2)","kind":"NotFound","code":67305473}
{"msg":"FUSE request failed","level":"ERRO","ts":"2026-10-06T21:43:00.489236476Z","instance":"remote-b-r1","service_name":"afs-node","message":"No such file or directory (os error 2)","kind":"NotFound","code":67305473}
{"msg":"FUSE request failed","level":"ERRO","ts":"2026-10-06T21:43:00.489337057Z","instance":"remote-b-r1","service_name":"afs-node","message":"No such file or directory (os error 2)","kind":"NotFound","code":67305473}
{"msg":"FUSE request failed","level":"ERRO","ts":"2026-10-06T21:43:00.489444804Z","instance":"remote-b-r1","service_name":"afs-node","message":"No such file or directory (os error 2)","kind":"NotFound","code":67305473}
{"msg":"FUSE request failed","level":"ERRO","ts":"2026-10-06T21:43:00.489562926Z","instance":"remote-b-r1","service_name":"afs-node","message":"No such file or directory (os error 2)","kind":"NotFound","code":67305473}
{"msg":"FUSE request failed","level":"ERRO","ts":"2026-10-06T21:43:00.48967709Z","instance":"remote-b-r1","service_name":"afs-node","message":"No such file or directory (os error 2)","kind":"NotFound","code":67305473}
{"msg":"FUSE request failed","level":"ERRO","ts":"2026-10-06T21:43:00.489788295Z","instance":"remote-b-r1","service_name":"afs-node","message":"No such file or directory (os error 2)","kind":"NotFound","code":67305473}
{"msg":"FUSE request failed","level":"ERRO","ts":"2026-10-06T21:43:00.489892292Z","instance":"remote-b-r1","service_name":"afs-node","message":"No such file or directory (os error 2)","kind":"NotFound","code":67305473}
{"msg":"FUSE request failed","level":"ERRO","ts":"2026-10-06T21:43:00.489998956Z","instance":"remote-b-r1","service_name":"afs-node","message":"No such file or directory (os error 2)","kind":"NotFound","code":67305473}
{"msg":"FUSE request failed","level":"ERRO","ts":"2026-10-06T21:43:00.490110161Z","instance":"remote-b-r1","service_name":"afs-node","message":"No such file or directory (os error 2)","kind":"NotFound","code":67305473}
{"msg":"FUSE request failed","level":"ERRO","ts":"2026-10-06T21:43:00.490227908Z","instance":"remote-b-r1","service_name":"afs-node","message":"No such file or directory (os error 2)","kind":"NotFound","code":67305473}
{"msg":"FUSE request failed","level":"ERRO","ts":"2026-10-06T21:43:00.490348947Z","instance":"remote-b-r1","service_name":"afs-node","message":"No such file or directory (os error 2)","kind":"NotFound","code":67305473}
{"msg":"FUSE request failed","level":"ERRO","ts":"2026-10-06T21:43:00.490467319Z","instance":"remote-b-r1","service_name":"afs-node","message":"No such file or directory (os error 2)","kind":"NotFound","code":67305473}
{"msg":"FUSE request failed","level":"ERRO","ts":"2026-10-06T21:43:00.490585232Z","instance":"remote-b-r1","service_name":"afs-node","message":"No such file or directory (os error 2)","kind":"NotFound","code":67305473}
{"msg":"FUSE request failed","level":"ERRO","ts":"2026-10-06T21:43:00.490699979Z","instance":"remote-b-r1","service_name":"afs-node","message":"No such file or directory (os error 2)","kind":"NotFound","code":67305473}
{"msg":"FUSE request failed","level":"ERRO","ts":"2026-10-06T21:43:00.490813059Z","instance":"remote-b-r1","service_name":"afs-node","message":"No such file or directory (os error 2)","kind":"NotFound","code":67305473}
{"msg":"FUSE request failed","level":"ERRO","ts":"2026-10-06T21:43:00.49091214Z","instance":"remote-b-r1","service_name":"afs-node","message":"No such file or directory (os error 2)","kind":"NotFound","code":67305473}
{"msg":"FUSE request failed","level":"ERRO","ts":"2026-10-06T21:43:00.491057261Z","instance":"remote-b-r1","service_name":"afs-node","message":"No such file or directory (os error 2)","kind":"NotFound","code":67305473}
{"msg":"FUSE request failed","level":"ERRO","ts":"2026-10-06T21:43:00.491158758Z","instance":"remote-b-r1","service_name":"afs-node","message":"No such file or directory (os error 2)","kind":"NotFound","code":67305473}
{"msg":"FUSE request failed","level":"ERRO","ts":"2026-10-06T21:43:00.49127213Z","instance":"remote-b-r1","service_name":"afs-node","message":"No such file or directory (os error 2)","kind":"NotFound","code":67305473}
{"msg":"FUSE request failed","level":"ERRO","ts":"2026-10-06T21:43:00.491390294Z","instance":"remote-b-r1","service_name":"afs-node","message":"No such file or directory (os error 2)","kind":"NotFound","code":67305473}
{"msg":"FUSE request failed","level":"ERRO","ts":"2026-10-06T21:43:00.491491708Z","instance":"remote-b-r1","service_name":"afs-node","message":"No such file or directory (os error 2)","kind":"NotFound","code":67305473}
{"msg":"FUSE request failed","level":"ERRO","ts":"2026-10-06T21:43:00.491600622Z","instance":"remote-b-r1","service_name":"afs-node","message":"No such file or directory (os error 2)","kind":"NotFound","code":67305473}
{"msg":"FUSE request failed","level":"ERRO","ts":"2026-10-06T21:43:00.491715869Z","instance":"remote-b-r1","service_name":"afs-node","message":"No such file or directory (os error 2)","kind":"NotFound","code":67305473}
{"msg":"FUSE request failed","level":"ERRO","ts":"2026-10-06T21:43:00.491824824Z","instance":"remote-b-r1","service_name":"afs-node","message":"No such file or directory (os error 2)","kind":"NotFound","code":67305473}
{"msg":"FUSE request failed","level":"ERRO","ts":"2026-10-06T21:43:00.491937029Z","instance":"remote-b-r1","service_name":"afs-node","message":"No such file or directory (os error 2)","kind":"NotFound","code":67305473}
{"msg":"FUSE request failed","level":"ERRO","ts":"2026-10-06T21:43:00.49205511Z","instance":"remote-b-r1","service_name":"afs-node","message":"No such file or directory (os error 2)","kind":"NotFound","code":67305473}
{"msg":"FUSE request failed","level":"ERRO","ts":"2026-10-06T21:43:00.492176565Z","instance":"remote-b-r1","service_name":"afs-node","message":"No such file or directory (os error 2)","kind":"NotFound","code":67305473}
{"msg":"FUSE request failed","level":"ERRO","ts":"2026-10-06T21:43:00.492291145Z","instance":"remote-b-r1","service_name":"afs-node","message":"No such file or directory (os error 2)","kind":"NotFound","code":67305473}
{"msg":"FUSE request failed","level":"ERRO","ts":"2026-10-06T21:43:00.492421766Z","instance":"remote-b-r1","service_name":"afs-node","message":"No such file or directory (os error 2)","kind":"NotFound","code":67305473}
{"msg":"FUSE request failed","level":"ERRO","ts":"2026-10-06T21:43:00.492550221Z","instance":"remote-b-r1","service_name":"afs-node","message":"No such file or directory (os error 2)","kind":"NotFound","code":67305473}
{"msg":"FUSE request failed","level":"ERRO","ts":"2026-10-06T21:43:00.492659843Z","instance":"remote-b-r1","service_name":"afs-node","message":"No such file or directory (os error 2)","kind":"NotFound","code":67305473}
{"msg":"FUSE request failed","level":"ERRO","ts":"2026-10-06T21:43:00.492772674Z","instance":"remote-b-r1","service_name":"afs-node","message":"No such file or directory (os error 2)","kind":"NotFound","code":67305473}
{"msg":"FUSE request failed","level":"ERRO","ts":"2026-10-06T21:43:00.492876129Z","instance":"remote-b-r1","service_name":"afs-node","message":"No such file or directory (os error 2)","kind":"NotFound","code":67305473}
{"msg":"FUSE request failed","level":"ERRO","ts":"2026-10-06T21:43:00.492987793Z","instance":"remote-b-r1","service_name":"afs-node","message":"No such file or directory (os error 2)","kind":"NotFound","code":67305473}
{"msg":"FUSE request failed","level":"ERRO","ts":"2026-10-06T21:43:00.493109373Z","instance":"remote-b-r1","service_name":"afs-node","message":"No such file or directory (os error 2)","kind":"NotFound","code":67305473}
{"msg":"FUSE request failed","level":"ERRO","ts":"2026-10-06T21:43:00.49322712Z","instance":"remote-b-r1","service_name":"afs-node","message":"No such file or directory (os error 2)","kind":"NotFound","code":67305473}
{"msg":"FUSE request failed","level":"ERRO","ts":"2026-10-06T21:43:00.493324867Z","instance":"remote-b-r1","service_name":"afs-node","message":"No such file or directory (os error 2)","kind":"NotFound","code":67305473}
{"msg":"FUSE request failed","level":"ERRO","ts":"2026-10-06T21:43:00.493440239Z","instance":"remote-b-r1","service_name":"afs-node","message":"No such file or directory (os error 2)","kind":"NotFound","code":67305473}
{"msg":"FUSE request failed","level":"ERRO","ts":"2026-10-06T21:43:00.493540737Z","instance":"remote-b-r1","service_name":"afs-node","message":"No such file or directory (os error 2)","kind":"NotFound","code":67305473}
{"msg":"FUSE request failed","level":"ERRO","ts":"2026-10-06T21:43:00.493654692Z","instance":"remote-b-r1","service_name":"afs-node","message":"No such file or directory (os error 2)","kind":"NotFound","code":67305473}
{"msg":"FUSE request failed","level":"ERRO","ts":"2026-10-06T21:43:00.493797522Z","instance":"remote-b-r1","service_name":"afs-node","message":"No such file or directory (os error 2)","kind":"NotFound","code":67305473}
{"msg":"FUSE request failed","level":"ERRO","ts":"2026-10-06T21:43:00.493943851Z","instance":"remote-b-r1","service_name":"afs-node","message":"No such file or directory (os error 2)","kind":"NotFound","code":67305473}
{"msg":"FUSE request failed","level":"ERRO","ts":"2026-10-06T21:43:00.494073931Z","instance":"remote-b-r1","service_name":"afs-node","message":"No such file or directory (os error 2)","kind":"NotFound","code":67305473}
{"msg":"FUSE request failed","level":"ERRO","ts":"2026-10-06T21:43:00.494184303Z","instance":"remote-b-r1","service_name":"afs-node","message":"No such file or directory (os error 2)","kind":"NotFound","code":67305473}
{"msg":"FUSE request failed","level":"ERRO","ts":"2026-10-06T21:43:00.4942858Z","instance":"remote-b-r1","service_name":"afs-node","message":"No such file or directory (os error 2)","kind":"NotFound","code":67305473}
{"msg":"FUSE request failed","level":"ERRO","ts":"2026-10-06T21:43:00.494401964Z","instance":"remote-b-r1","service_name":"afs-node","message":"No such file or directory (os error 2)","kind":"NotFound","code":67305473}
{"msg":"FUSE request failed","level":"ERRO","ts":"2026-10-06T21:43:00.494513502Z","instance":"remote-b-r1","service_name":"afs-node","message":"No such file or directory (os error 2)","kind":"NotFound","code":67305473}
{"msg":"FUSE request failed","level":"ERRO","ts":"2026-10-06T21:43:00.494622083Z","instance":"remote-b-r1","service_name":"afs-node","message":"No such file or directory (os error 2)","kind":"NotFound","code":67305473}
{"msg":"FUSE request failed","level":"ERRO","ts":"2026-10-06T21:43:00.494729538Z","instance":"remote-b-r1","service_name":"afs-node","message":"No such file or directory (os error 2)","kind":"NotFound","code":67305473}
{"msg":"FUSE request failed","level":"ERRO","ts":"2026-10-06T21:43:00.494853035Z","instance":"remote-b-r1","service_name":"afs-node","message":"No such file or directory (os error 2)","kind":"NotFound","code":67305473}
{"msg":"FUSE request failed","level":"ERRO","ts":"2026-10-06T21:43:00.49499349Z","instance":"remote-b-r1","service_name":"afs-node","message":"No such file or directory (os error 2)","kind":"NotFound","code":67305473}
{"msg":"FUSE request failed","level":"ERRO","ts":"2026-10-06T21:43:00.495106153Z","instance":"remote-b-r1","service_name":"afs-node","message":"No such file or directory (os error 2)","kind":"NotFound","code":67305473}
{"msg":"FUSE request failed","level":"ERRO","ts":"2026-10-06T21:43:00.495207692Z","instance":"remote-b-r1","service_name":"afs-node","message":"No such file or directory (os error 2)","kind":"NotFound","code":67305473}
{"msg":"FUSE request failed","level":"ERRO","ts":"2026-10-06T21:43:00.495304523Z","instance":"remote-b-r1","service_name":"afs-node","message":"No such file or directory (os error 2)","kind":"NotFound","code":67305473}
{"msg":"FUSE request failed","level":"ERRO","ts":"2026-10-06T21:43:00.495416895Z","instance":"remote-b-r1","service_name":"afs-node","message":"No such file or directory (os error 2)","kind":"NotFound","code":67305473}
{"msg":"FUSE request failed","level":"ERRO","ts":"2026-10-06T21:43:00.495528225Z","instance":"remote-b-r1","service_name":"afs-node","message":"No such file or directory (os error 2)","kind":"NotFound","code":67305473}
{"msg":"FUSE request failed","level":"ERRO","ts":"2026-10-06T21:43:00.495626473Z","instance":"remote-b-r1","service_name":"afs-node","message":"No such file or directory (os error 2)","kind":"NotFound","code":67305473}
{"msg":"FUSE request failed","level":"ERRO","ts":"2026-10-06T21:43:00.495724928Z","instance":"remote-b-r1","service_name":"afs-node","message":"No such file or directory (os error 2)","kind":"NotFound","code":67305473}
{"msg":"FUSE request failed","level":"ERRO","ts":"2026-10-06T21:43:00.495826301Z","instance":"remote-b-r1","service_name":"afs-node","message":"No such file or directory (os error 2)","kind":"NotFound","code":67305473}
{"msg":"FUSE request failed","level":"ERRO","ts":"2026-10-06T21:43:00.495923298Z","instance":"remote-b-r1","service_name":"afs-node","message":"No such file or directory (os error 2)","kind":"NotFound","code":67305473}
{"msg":"FUSE request failed","level":"ERRO","ts":"2026-10-06T21:43:00.496027587Z","instance":"remote-b-r1","service_name":"afs-node","message":"No such file or directory (os error 2)","kind":"NotFound","code":67305473}
{"msg":"FUSE request failed","level":"ERRO","ts":"2026-10-06T21:43:00.496138626Z","instance":"remote-b-r1","service_name":"afs-node","message":"No such file or directory (os error 2)","kind":"NotFound","code":67305473}
{"msg":"FUSE request failed","level":"ERRO","ts":"2026-10-06T21:43:00.496243373Z","instance":"remote-b-r1","service_name":"afs-node","message":"No such file or directory (os error 2)","kind":"NotFound","code":67305473}
{"msg":"FUSE request failed","level":"ERRO","ts":"2026-10-06T21:43:00.496352495Z","instance":"remote-b-r1","service_name":"afs-node","message":"No such file or directory (os error 2)","kind":"NotFound","code":67305473}
{"msg":"FUSE request failed","level":"ERRO","ts":"2026-10-06T21:43:00.496458409Z","instance":"remote-b-r1","service_name":"afs-node","message":"No such file or directory (os error 2)","kind":"NotFound","code":67305473}
{"msg":"FUSE request failed","level":"ERRO","ts":"2026-10-06T21:43:00.49655274Z","instance":"remote-b-r1","service_name":"afs-node","message":"No such file or directory (os error 2)","kind":"NotFound","code":67305473}
{"msg":"FUSE request failed","level":"ERRO","ts":"2026-10-06T21:43:00.496660445Z","instance":"remote-b-r1","service_name":"afs-node","message":"No such file or directory (os error 2)","kind":"NotFound","code":67305473}
{"msg":"FUSE request failed","level":"ERRO","ts":"2026-10-06T21:43:00.496807733Z","instance":"remote-b-r1","service_name":"afs-node","message":"No such file or directory (os error 2)","kind":"NotFound","code":67305473}
{"msg":"FUSE request failed","level":"ERRO","ts":"2026-10-06T21:43:00.496963271Z","instance":"remote-b-r1","service_name":"afs-node","message":"No such file or directory (os error 2)","kind":"NotFound","code":67305473}
{"msg":"FUSE request failed","level":"ERRO","ts":"2026-10-06T21:43:00.49709335Z","instance":"remote-b-r1","service_name":"afs-node","message":"No such file or directory (os error 2)","kind":"NotFound","code":67305473}
{"msg":"FUSE request failed","level":"ERRO","ts":"2026-10-06T21:43:00.497208514Z","instance":"remote-b-r1","service_name":"afs-node","message":"No such file or directory (os error 2)","kind":"NotFound","code":67305473}
{"msg":"FUSE request failed","level":"ERRO","ts":"2026-10-06T21:43:00.497303845Z","instance":"remote-b-r1","service_name":"afs-node","message":"No such file or directory (os error 2)","kind":"NotFound","code":67305473}
{"msg":"FUSE request failed","level":"ERRO","ts":"2026-10-06T21:43:00.4974063Z","instance":"remote-b-r1","service_name":"afs-node","message":"No such file or directory (os error 2)","kind":"NotFound","code":67305473}
{"msg":"FUSE request failed","level":"ERRO","ts":"2026-10-06T21:43:00.497504298Z","instance":"remote-b-r1","service_name":"afs-node","message":"No such file or directory (os error 2)","kind":"NotFound","code":67305473}
{"msg":"FUSE request failed","level":"ERRO","ts":"2026-10-06T21:43:00.497615128Z","instance":"remote-b-r1","service_name":"afs-node","message":"No such file or directory (os error 2)","kind":"NotFound","code":67305473}
{"msg":"FUSE request failed","level":"ERRO","ts":"2026-10-06T21:43:00.497725Z","instance":"remote-b-r1","service_name":"afs-node","message":"No such file or directory (os error 2)","kind":"NotFound","code":67305473}
{"msg":"FUSE request failed","level":"ERRO","ts":"2026-10-06T21:43:00.497870038Z","instance":"remote-b-r1","service_name":"afs-node","message":"No such file or directory (os error 2)","kind":"NotFound","code":67305473}
{"msg":"FUSE request failed","level":"ERRO","ts":"2026-10-06T21:43:00.498001326Z","instance":"remote-b-r1","service_name":"afs-node","message":"No such file or directory (os error 2)","kind":"NotFound","code":67305473}
{"msg":"FUSE request failed","level":"ERRO","ts":"2026-10-06T21:43:00.49811274Z","instance":"remote-b-r1","service_name":"afs-node","message":"No such file or directory (os error 2)","kind":"NotFound","code":67305473}
{"msg":"FUSE request failed","level":"ERRO","ts":"2026-10-06T21:43:00.498211821Z","instance":"remote-b-r1","service_name":"afs-node","message":"No such file or directory (os error 2)","kind":"NotFound","code":67305473}
{"msg":"FUSE request failed","level":"ERRO","ts":"2026-10-06T21:43:00.498315151Z","instance":"remote-b-r1","service_name":"afs-node","message":"No such file or directory (os error 2)","kind":"NotFound","code":67305473}
{"msg":"FUSE request failed","level":"ERRO","ts":"2026-10-06T21:43:00.498422273Z","instance":"remote-b-r1","service_name":"afs-node","message":"No such file or directory (os error 2)","kind":"NotFound","code":67305473}
{"msg":"FUSE request failed","level":"ERRO","ts":"2026-10-06T21:43:00.498527271Z","instance":"remote-b-r1","service_name":"afs-node","message":"No such file or directory (os error 2)","kind":"NotFound","code":67305473}
{"msg":"FUSE request failed","level":"ERRO","ts":"2026-10-06T21:43:00.498636184Z","instance":"remote-b-r1","service_name":"afs-node","message":"No such file or directory (os error 2)","kind":"NotFound","code":67305473}
{"msg":"FUSE request failed","level":"ERRO","ts":"2026-10-06T21:43:00.498749598Z","instance":"remote-b-r1","service_name":"afs-node","message":"No such file or directory (os error 2)","kind":"NotFound","code":67305473}
{"msg":"FUSE request failed","level":"ERRO","ts":"2026-10-06T21:43:00.498864887Z","instance":"remote-b-r1","service_name":"afs-node","message":"No such file or directory (os error 2)","kind":"NotFound","code":67305473}
{"msg":"FUSE request failed","level":"ERRO","ts":"2026-10-06T21:43:00.498961259Z","instance":"remote-b-r1","service_name":"afs-node","message":"No such file or directory (os error 2)","kind":"NotFound","code":67305473}
{"msg":"FUSE request failed","level":"ERRO","ts":"2026-10-06T21:43:00.499063506Z","instance":"remote-b-r1","service_name":"afs-node","message":"No such file or directory (os error 2)","kind":"NotFound","code":67305473}
{"msg":"FUSE request failed","level":"ERRO","ts":"2026-10-06T21:43:00.499175462Z","instance":"remote-b-r1","service_name":"afs-node","message":"No such file or directory (os error 2)","kind":"NotFound","code":67305473}
{"msg":"FUSE request failed","level":"ERRO","ts":"2026-10-06T21:43:00.499292417Z","instance":"remote-b-r1","service_name":"afs-node","message":"No such file or directory (os error 2)","kind":"NotFound","code":67305473}
{"msg":"FUSE request failed","level":"ERRO","ts":"2026-10-06T21:43:00.499401164Z","instance":"remote-b-r1","service_name":"afs-node","message":"No such file or directory (os error 2)","kind":"NotFound","code":67305473}
{"msg":"FUSE request failed","level":"ERRO","ts":"2026-10-06T21:43:00.49949937Z","instance":"remote-b-r1","service_name":"afs-node","message":"No such file or directory (os error 2)","kind":"NotFound","code":67305473}
{"msg":"FUSE request failed","level":"ERRO","ts":"2026-10-06T21:43:00.499605117Z","instance":"remote-b-r1","service_name":"afs-node","message":"No such file or directory (os error 2)","kind":"NotFound","code":67305473}
{"msg":"FUSE request failed","level":"ERRO","ts":"2026-10-06T21:43:00.499730905Z","instance":"remote-b-r1","service_name":"afs-node","message":"No such file or directory (os error 2)","kind":"NotFound","code":67305473}
{"msg":"FUSE request failed","level":"ERRO","ts":"2026-10-06T21:43:00.499845902Z","instance":"remote-b-r1","service_name":"afs-node","message":"No such file or directory (os error 2)","kind":"NotFound","code":67305473}
{"msg":"FUSE request failed","level":"ERRO","ts":"2026-10-06T21:43:00.499944983Z","instance":"remote-b-r1","service_name":"afs-node","message":"No such file or directory (os error 2)","kind":"NotFound","code":67305473}
{"msg":"FUSE request failed","level":"ERRO","ts":"2026-10-06T21:43:00.500027731Z","instance":"remote-b-r1","service_name":"afs-node","message":"No such file or directory (os error 2)","kind":"NotFound","code":67305473}
{"msg":"FUSE request failed","level":"ERRO","ts":"2026-10-06T21:43:00.500135394Z","instance":"remote-b-r1","service_name":"afs-node","message":"No such file or directory (os error 2)","kind":"NotFound","code":67305473}
{"msg":"FUSE request failed","level":"ERRO","ts":"2026-10-06T21:43:00.500259433Z","instance":"remote-b-r1","service_name":"afs-node","message":"No such file or directory (os error 2)","kind":"NotFound","code":67305473}
{"msg":"FUSE request failed","level":"ERRO","ts":"2026-10-06T21:43:00.500403887Z","instance":"remote-b-r1","service_name":"afs-node","message":"No such file or directory (os error 2)","kind":"NotFound","code":67305473}
{"msg":"FUSE request failed","level":"ERRO","ts":"2026-10-06T21:43:00.5005463Z","instance":"remote-b-r1","service_name":"afs-node","message":"No such file or directory (os error 2)","kind":"NotFound","code":67305473}
{"msg":"FUSE request failed","level":"ERRO","ts":"2026-10-06T21:43:00.500680796Z","instance":"remote-b-r1","service_name":"afs-node","message":"No such file or directory (os error 2)","kind":"NotFound","code":67305473}
{"msg":"FUSE request failed","level":"ERRO","ts":"2026-10-06T21:43:00.500819168Z","instance":"remote-b-r1","service_name":"afs-node","message":"No such file or directory (os error 2)","kind":"NotFound","code":67305473}
{"msg":"FUSE request failed","level":"ERRO","ts":"2026-10-06T21:43:00.500971664Z","instance":"remote-b-r1","service_name":"afs-node","message":"No such file or directory (os error 2)","kind":"NotFound","code":67305473}
{"msg":"FUSE request failed","level":"ERRO","ts":"2026-10-06T21:43:00.501113535Z","instance":"remote-b-r1","service_name":"afs-node","message":"No such file or directory (os error 2)","kind":"NotFound","code":67305473}
{"msg":"FUSE request failed","level":"ERRO","ts":"2026-10-06T21:43:00.50122374Z","instance":"remote-b-r1","service_name":"afs-node","message":"No such file or directory (os error 2)","kind":"NotFound","code":67305473}
{"msg":"FUSE request failed","level":"ERRO","ts":"2026-10-06T21:43:00.501334779Z","instance":"remote-b-r1","service_name":"afs-node","message":"No such file or directory (os error 2)","kind":"NotFound","code":67305473}
{"msg":"FUSE request failed","level":"ERRO","ts":"2026-10-06T21:43:00.501461484Z","instance":"remote-b-r1","service_name":"afs-node","message":"No such file or directory (os error 2)","kind":"NotFound","code":67305473}
{"msg":"FUSE request failed","level":"ERRO","ts":"2026-10-06T21:43:00.501570398Z","instance":"remote-b-r1","service_name":"afs-node","message":"No such file or directory (os error 2)","kind":"NotFound","code":67305473}
{"msg":"FUSE request failed","level":"ERRO","ts":"2026-10-06T21:43:00.501683853Z","instance":"remote-b-r1","service_name":"afs-node","message":"No such file or directory (os error 2)","kind":"NotFound","code":67305473}
{"msg":"FUSE request failed","level":"ERRO","ts":"2026-10-06T21:43:00.501782059Z","instance":"remote-b-r1","service_name":"afs-node","message":"No such file or directory (os error 2)","kind":"NotFound","code":67305473}
{"msg":"FUSE request failed","level":"ERRO","ts":"2026-10-06T21:43:00.501876765Z","instance":"remote-b-r1","service_name":"afs-node","message":"No such file or directory (os error 2)","kind":"NotFound","code":67305473}
{"msg":"FUSE request failed","level":"ERRO","ts":"2026-10-06T21:43:00.502013219Z","instance":"remote-b-r1","service_name":"afs-node","message":"No such file or directory (os error 2)","kind":"NotFound","code":67305473}
{"msg":"FUSE request failed","level":"ERRO","ts":"2026-10-06T21:43:00.502133924Z","instance":"remote-b-r1","service_name":"afs-node","message":"No such file or directory (os error 2)","kind":"NotFound","code":67305473}
{"msg":"FUSE request failed","level":"ERRO","ts":"2026-10-06T21:43:00.502254088Z","instance":"remote-b-r1","service_name":"afs-node","message":"No such file or directory (os error 2)","kind":"NotFound","code":67305473}
{"msg":"FUSE request failed","level":"ERRO","ts":"2026-10-06T21:43:00.502361043Z","instance":"remote-b-r1","service_name":"afs-node","message":"No such file or directory (os error 2)","kind":"NotFound","code":67305473}
{"msg":"FUSE request failed","level":"ERRO","ts":"2026-10-06T21:43:00.502475499Z","instance":"remote-b-r1","service_name":"afs-node","message":"No such file or directory (os error 2)","kind":"NotFound","code":67305473}
{"msg":"FUSE request failed","level":"ERRO","ts":"2026-10-06T21:43:00.502592329Z","instance":"remote-b-r1","service_name":"afs-node","message":"No such file or directory (os error 2)","kind":"NotFound","code":67305473}
{"msg":"FUSE request failed","level":"ERRO","ts":"2026-10-06T21:43:00.502724534Z","instance":"remote-b-r1","service_name":"afs-node","message":"No such file or directory (os error 2)","kind":"NotFound","code":67305473}
{"msg":"FUSE request failed","level":"ERRO","ts":"2026-10-06T21:43:00.502850364Z","instance":"remote-b-r1","service_name":"afs-node","message":"No such file or directory (os error 2)","kind":"NotFound","code":67305473}
{"msg":"FUSE request failed","level":"ERRO","ts":"2026-10-06T21:43:00.502968444Z","instance":"remote-b-r1","service_name":"afs-node","message":"No such file or directory (os error 2)","kind":"NotFound","code":67305473}
{"msg":"FUSE request failed","level":"ERRO","ts":"2026-10-06T21:43:00.503081108Z","instance":"remote-b-r1","service_name":"afs-node","message":"No such file or directory (os error 2)","kind":"NotFound","code":67305473}
{"msg":"FUSE request failed","level":"ERRO","ts":"2026-10-06T21:43:00.503192771Z","instance":"remote-b-r1","service_name":"afs-node","message":"No such file or directory (os error 2)","kind":"NotFound","code":67305473}
{"msg":"FUSE request failed","level":"ERRO","ts":"2026-10-06T21:43:00.50329781Z","instance":"remote-b-r1","service_name":"afs-node","message":"No such file or directory (os error 2)","kind":"NotFound","code":67305473}
{"msg":"FUSE request failed","level":"ERRO","ts":"2026-10-06T21:43:00.503409432Z","instance":"remote-b-r1","service_name":"afs-node","message":"No such file or directory (os error 2)","kind":"NotFound","code":67305473}
{"msg":"FUSE request failed","level":"ERRO","ts":"2026-10-06T21:43:00.503518846Z","instance":"remote-b-r1","service_name":"afs-node","message":"No such file or directory (os error 2)","kind":"NotFound","code":67305473}
{"msg":"FUSE request failed","level":"ERRO","ts":"2026-10-06T21:43:00.503631885Z","instance":"remote-b-r1","service_name":"afs-node","message":"No such file or directory (os error 2)","kind":"NotFound","code":67305473}
{"msg":"FUSE request failed","level":"ERRO","ts":"2026-10-06T21:43:00.503753798Z","instance":"remote-b-r1","service_name":"afs-node","message":"No such file or directory (os error 2)","kind":"NotFound","code":67305473}
{"msg":"FUSE request failed","level":"ERRO","ts":"2026-10-06T21:43:00.503898586Z","instance":"remote-b-r1","service_name":"afs-node","message":"No such file or directory (os error 2)","kind":"NotFound","code":67305473}
{"msg":"FUSE request failed","level":"ERRO","ts":"2026-10-06T21:43:00.504042874Z","instance":"remote-b-r1","service_name":"afs-node","message":"No such file or directory (os error 2)","kind":"NotFound","code":67305473}
{"msg":"FUSE request failed","level":"ERRO","ts":"2026-10-06T21:43:00.504150371Z","instance":"remote-b-r1","service_name":"afs-node","message":"No such file or directory (os error 2)","kind":"NotFound","code":67305473}
{"msg":"FUSE request failed","level":"ERRO","ts":"2026-10-06T21:43:00.504248701Z","instance":"remote-b-r1","service_name":"afs-node","message":"No such file or directory (os error 2)","kind":"NotFound","code":67305473}
{"msg":"FUSE request failed","level":"ERRO","ts":"2026-10-06T21:43:00.504347907Z","instance":"remote-b-r1","service_name":"afs-node","message":"No such file or directory (os error 2)","kind":"NotFound","code":67305473}
{"msg":"FUSE request failed","level":"ERRO","ts":"2026-10-06T21:43:00.504448029Z","instance":"remote-b-r1","service_name":"afs-node","message":"No such file or directory (os error 2)","kind":"NotFound","code":67305473}
{"msg":"FUSE request failed","level":"ERRO","ts":"2026-10-06T21:43:00.504556527Z","instance":"remote-b-r1","service_name":"afs-node","message":"No such file or directory (os error 2)","kind":"NotFound","code":67305473}
{"msg":"FUSE request failed","level":"ERRO","ts":"2026-10-06T21:43:00.504667482Z","instance":"remote-b-r1","service_name":"afs-node","message":"No such file or directory (os error 2)","kind":"NotFound","code":67305473}
{"msg":"FUSE request failed","level":"ERRO","ts":"2026-10-06T21:43:00.504774604Z","instance":"remote-b-r1","service_name":"afs-node","message":"No such file or directory (os error 2)","kind":"NotFound","code":67305473}
{"msg":"FUSE request failed","level":"ERRO","ts":"2026-10-06T21:43:00.504871143Z","instance":"remote-b-r1","service_name":"afs-node","message":"No such file or directory (os error 2)","kind":"NotFound","code":67305473}
{"msg":"FUSE request failed","level":"ERRO","ts":"2026-10-06T21:43:00.50498389Z","instance":"remote-b-r1","service_name":"afs-node","message":"No such file or directory (os error 2)","kind":"NotFound","code":67305473}
{"msg":"FUSE request failed","level":"ERRO","ts":"2026-10-06T21:43:00.505093637Z","instance":"remote-b-r1","service_name":"afs-node","message":"No such file or directory (os error 2)","kind":"NotFound","code":67305473}
{"msg":"FUSE request failed","level":"ERRO","ts":"2026-10-06T21:43:00.50519426Z","instance":"remote-b-r1","service_name":"afs-node","message":"No such file or directory (os error 2)","kind":"NotFound","code":67305473}
{"msg":"FUSE request failed","level":"ERRO","ts":"2026-10-06T21:43:00.505302465Z","instance":"remote-b-r1","service_name":"afs-node","message":"No such file or directory (os error 2)","kind":"NotFound","code":67305473}
{"msg":"FUSE request failed","level":"ERRO","ts":"2026-10-06T21:43:00.505421254Z","instance":"remote-b-r1","service_name":"afs-node","message":"No such file or directory (os error 2)","kind":"NotFound","code":67305473}
{"msg":"FUSE request failed","level":"ERRO","ts":"2026-10-06T21:43:00.505526126Z","instance":"remote-b-r1","service_name":"afs-node","message":"No such file or directory (os error 2)","kind":"NotFound","code":67305473}
{"msg":"FUSE request failed","level":"ERRO","ts":"2026-10-06T21:43:00.505637748Z","instance":"remote-b-r1","service_name":"afs-node","message":"No such file or directory (os error 2)","kind":"NotFound","code":67305473}
{"msg":"FUSE request failed","level":"ERRO","ts":"2026-10-06T21:43:00.505750703Z","instance":"remote-b-r1","service_name":"afs-node","message":"No such file or directory (os error 2)","kind":"NotFound","code":67305473}
{"msg":"FUSE request failed","level":"ERRO","ts":"2026-10-06T21:43:00.505861908Z","instance":"remote-b-r1","service_name":"afs-node","message":"No such file or directory (os error 2)","kind":"NotFound","code":67305473}
{"msg":"FUSE request failed","level":"ERRO","ts":"2026-10-06T21:43:00.50597353Z","instance":"remote-b-r1","service_name":"afs-node","message":"No such file or directory (os error 2)","kind":"NotFound","code":67305473}
{"msg":"FUSE request failed","level":"ERRO","ts":"2026-10-06T21:43:00.506079486Z","instance":"remote-b-r1","service_name":"afs-node","message":"No such file or directory (os error 2)","kind":"NotFound","code":67305473}
{"msg":"FUSE request failed","level":"ERRO","ts":"2026-10-06T21:43:00.506190775Z","instance":"remote-b-r1","service_name":"afs-node","message":"No such file or directory (os error 2)","kind":"NotFound","code":67305473}
{"msg":"FUSE request failed","level":"ERRO","ts":"2026-10-06T21:43:00.506288064Z","instance":"remote-b-r1","service_name":"afs-node","message":"No such file or directory (os error 2)","kind":"NotFound","code":67305473}
{"msg":"FUSE request failed","level":"ERRO","ts":"2026-10-06T21:43:00.506392519Z","instance":"remote-b-r1","service_name":"afs-node","message":"No such file or directory (os error 2)","kind":"NotFound","code":67305473}
{"msg":"FUSE request failed","level":"ERRO","ts":"2026-10-06T21:43:00.506513141Z","instance":"remote-b-r1","service_name":"afs-node","message":"No such file or directory (os error 2)","kind":"NotFound","code":67305473}
{"msg":"FUSE request failed","level":"ERRO","ts":"2026-10-06T21:43:00.506629138Z","instance":"remote-b-r1","service_name":"afs-node","message":"No such file or directory (os error 2)","kind":"NotFound","code":67305473}
{"msg":"FUSE request failed","level":"ERRO","ts":"2026-10-06T21:43:00.506740593Z","instance":"remote-b-r1","service_name":"afs-node","message":"No such file or directory (os error 2)","kind":"NotFound","code":67305473}
{"msg":"FUSE request failed","level":"ERRO","ts":"2026-10-06T21:43:00.506857674Z","instance":"remote-b-r1","service_name":"afs-node","message":"No such file or directory (os error 2)","kind":"NotFound","code":67305473}
{"msg":"FUSE request failed","level":"ERRO","ts":"2026-10-06T21:43:00.506973046Z","instance":"remote-b-r1","service_name":"afs-node","message":"No such file or directory (os error 2)","kind":"NotFound","code":67305473}
{"msg":"FUSE request failed","level":"ERRO","ts":"2026-10-06T21:43:00.507089834Z","instance":"remote-b-r1","service_name":"afs-node","message":"No such file or directory (os error 2)","kind":"NotFound","code":67305473}
{"msg":"FUSE request failed","level":"ERRO","ts":"2026-10-06T21:43:00.507204373Z","instance":"remote-b-r1","service_name":"afs-node","message":"No such file or directory (os error 2)","kind":"NotFound","code":67305473}
{"msg":"FUSE request failed","level":"ERRO","ts":"2026-10-06T21:43:00.507326036Z","instance":"remote-b-r1","service_name":"afs-node","message":"No such file or directory (os error 2)","kind":"NotFound","code":67305473}
{"msg":"FUSE request failed","level":"ERRO","ts":"2026-10-06T21:43:00.507454449Z","instance":"remote-b-r1","service_name":"afs-node","message":"No such file or directory (os error 2)","kind":"NotFound","code":67305473}
{"msg":"FUSE request failed","level":"ERRO","ts":"2026-10-06T21:43:00.50757203Z","instance":"remote-b-r1","service_name":"afs-node","message":"No such file or directory (os error 2)","kind":"NotFound","code":67305473}
{"msg":"FUSE request failed","level":"ERRO","ts":"2026-10-06T21:43:00.50767486Z","instance":"remote-b-r1","service_name":"afs-node","message":"No such file or directory (os error 2)","kind":"NotFound","code":67305473}
{"msg":"FUSE request failed","level":"ERRO","ts":"2026-10-06T21:43:00.507786982Z","instance":"remote-b-r1","service_name":"afs-node","message":"No such file or directory (os error 2)","kind":"NotFound","code":67305473}
{"msg":"FUSE request failed","level":"ERRO","ts":"2026-10-06T21:43:00.507904062Z","instance":"remote-b-r1","service_name":"afs-node","message":"No such file or directory (os error 2)","kind":"NotFound","code":67305473}
{"msg":"FUSE request failed","level":"ERRO","ts":"2026-10-06T21:43:00.508005601Z","instance":"remote-b-r1","service_name":"afs-node","message":"No such file or directory (os error 2)","kind":"NotFound","code":67305473}
{"msg":"FUSE request failed","level":"ERRO","ts":"2026-10-06T21:43:00.508118932Z","instance":"remote-b-r1","service_name":"afs-node","message":"No such file or directory (os error 2)","kind":"NotFound","code":67305473}
{"msg":"FUSE request failed","level":"ERRO","ts":"2026-10-06T21:43:00.508233845Z","instance":"remote-b-r1","service_name":"afs-node","message":"No such file or directory (os error 2)","kind":"NotFound","code":67305473}
{"msg":"FUSE request failed","level":"ERRO","ts":"2026-10-06T21:43:00.508326218Z","instance":"remote-b-r1","service_name":"afs-node","message":"No such file or directory (os error 2)","kind":"NotFound","code":67305473}
{"msg":"FUSE request failed","level":"ERRO","ts":"2026-10-06T21:43:00.508439298Z","instance":"remote-b-r1","service_name":"afs-node","message":"No such file or directory (os error 2)","kind":"NotFound","code":67305473}
{"msg":"FUSE request failed","level":"ERRO","ts":"2026-10-06T21:43:00.508557295Z","instance":"remote-b-r1","service_name":"afs-node","message":"No such file or directory (os error 2)","kind":"NotFound","code":67305473}
{"msg":"FUSE request failed","level":"ERRO","ts":"2026-10-06T21:43:00.50867425Z","instance":"remote-b-r1","service_name":"afs-node","message":"No such file or directory (os error 2)","kind":"NotFound","code":67305473}
{"msg":"FUSE request failed","level":"ERRO","ts":"2026-10-06T21:43:00.508784414Z","instance":"remote-b-r1","service_name":"afs-node","message":"No such file or directory (os error 2)","kind":"NotFound","code":67305473}
{"msg":"FUSE request failed","level":"ERRO","ts":"2026-10-06T21:43:00.508905327Z","instance":"remote-b-r1","service_name":"afs-node","message":"No such file or directory (os error 2)","kind":"NotFound","code":67305473}
{"msg":"FUSE request failed","level":"ERRO","ts":"2026-10-06T21:43:00.509023449Z","instance":"remote-b-r1","service_name":"afs-node","message":"No such file or directory (os error 2)","kind":"NotFound","code":67305473}
{"msg":"FUSE request failed","level":"ERRO","ts":"2026-10-06T21:43:00.509139738Z","instance":"remote-b-r1","service_name":"afs-node","message":"No such file or directory (os error 2)","kind":"NotFound","code":67305473}
{"msg":"FUSE request failed","level":"ERRO","ts":"2026-10-06T21:43:00.509252485Z","instance":"remote-b-r1","service_name":"afs-node","message":"No such file or directory (os error 2)","kind":"NotFound","code":67305473}
{"msg":"FUSE request failed","level":"ERRO","ts":"2026-10-06T21:43:00.50937519Z","instance":"remote-b-r1","service_name":"afs-node","message":"No such file or directory (os error 2)","kind":"NotFound","code":67305473}
{"msg":"FUSE request failed","level":"ERRO","ts":"2026-10-06T21:43:00.509511395Z","instance":"remote-b-r1","service_name":"afs-node","message":"No such file or directory (os error 2)","kind":"NotFound","code":67305473}
{"msg":"FUSE request failed","level":"ERRO","ts":"2026-10-06T21:43:00.509654432Z","instance":"remote-b-r1","service_name":"afs-node","message":"No such file or directory (os error 2)","kind":"NotFound","code":67305473}
{"msg":"FUSE request failed","level":"ERRO","ts":"2026-10-06T21:43:00.509767138Z","instance":"remote-b-r1","service_name":"afs-node","message":"No such file or directory (os error 2)","kind":"NotFound","code":67305473}
{"msg":"FUSE request failed","level":"ERRO","ts":"2026-10-06T21:43:00.509868718Z","instance":"remote-b-r1","service_name":"afs-node","message":"No such file or directory (os error 2)","kind":"NotFound","code":67305473}
{"msg":"FUSE request failed","level":"ERRO","ts":"2026-10-06T21:43:00.509980507Z","instance":"remote-b-r1","service_name":"afs-node","message":"No such file or directory (os error 2)","kind":"NotFound","code":67305473}
{"msg":"FUSE request failed","level":"ERRO","ts":"2026-10-06T21:43:00.510096379Z","instance":"remote-b-r1","service_name":"afs-node","message":"No such file or directory (os error 2)","kind":"NotFound","code":67305473}
{"msg":"FUSE request failed","level":"ERRO","ts":"2026-10-06T21:43:00.510212251Z","instance":"remote-b-r1","service_name":"afs-node","message":"No such file or directory (os error 2)","kind":"NotFound","code":67305473}
{"msg":"FUSE request failed","level":"ERRO","ts":"2026-10-06T21:43:00.510313415Z","instance":"remote-b-r1","service_name":"afs-node","message":"No such file or directory (os error 2)","kind":"NotFound","code":67305473}
{"msg":"FUSE request failed","level":"ERRO","ts":"2026-10-06T21:43:00.510478202Z","instance":"remote-b-r1","service_name":"afs-node","message":"No such file or directory (os error 2)","kind":"NotFound","code":67305473}
{"msg":"FUSE request failed","level":"ERRO","ts":"2026-10-06T21:43:00.51061649Z","instance":"remote-b-r1","service_name":"afs-node","message":"No such file or directory (os error 2)","kind":"NotFound","code":67305473}
{"msg":"FUSE request failed","level":"ERRO","ts":"2026-10-06T21:43:00.510742403Z","instance":"remote-b-r1","service_name":"afs-node","message":"No such file or directory (os error 2)","kind":"NotFound","code":67305473}
{"msg":"FUSE request failed","level":"ERRO","ts":"2026-10-06T21:43:00.510856275Z","instance":"remote-b-r1","service_name":"afs-node","message":"No such file or directory (os error 2)","kind":"NotFound","code":67305473}
{"msg":"FUSE request failed","level":"ERRO","ts":"2026-10-06T21:43:00.510986647Z","instance":"remote-b-r1","service_name":"afs-node","message":"No such file or directory (os error 2)","kind":"NotFound","code":67305473}
{"msg":"FUSE request failed","level":"ERRO","ts":"2026-10-06T21:43:00.511105852Z","instance":"remote-b-r1","service_name":"afs-node","message":"No such file or directory (os error 2)","kind":"NotFound","code":67305473}
{"msg":"FUSE request failed","level":"ERRO","ts":"2026-10-06T21:43:00.511224057Z","instance":"remote-b-r1","service_name":"afs-node","message":"No such file or directory (os error 2)","kind":"NotFound","code":67305473}
{"msg":"FUSE request failed","level":"ERRO","ts":"2026-10-06T21:43:00.511353137Z","instance":"remote-b-r1","service_name":"afs-node","message":"No such file or directory (os error 2)","kind":"NotFound","code":67305473}
{"msg":"FUSE request failed","level":"ERRO","ts":"2026-10-06T21:43:00.511502467Z","instance":"remote-b-r1","service_name":"afs-node","message":"No such file or directory (os error 2)","kind":"NotFound","code":67305473}
{"msg":"FUSE request failed","level":"ERRO","ts":"2026-10-06T21:43:00.511644546Z","instance":"remote-b-r1","service_name":"afs-node","message":"No such file or directory (os error 2)","kind":"NotFound","code":67305473}
{"msg":"FUSE request failed","level":"ERRO","ts":"2026-10-06T21:43:00.511776126Z","instance":"remote-b-r1","service_name":"afs-node","message":"No such file or directory (os error 2)","kind":"NotFound","code":67305473}
{"msg":"FUSE request failed","level":"ERRO","ts":"2026-10-06T21:43:00.511889706Z","instance":"remote-b-r1","service_name":"afs-node","message":"No such file or directory (os error 2)","kind":"NotFound","code":67305473}
{"msg":"FUSE request failed","level":"ERRO","ts":"2026-10-06T21:43:00.51200987Z","instance":"remote-b-r1","service_name":"afs-node","message":"No such file or directory (os error 2)","kind":"NotFound","code":67305473}
{"msg":"FUSE request failed","level":"ERRO","ts":"2026-10-06T21:43:00.512124492Z","instance":"remote-b-r1","service_name":"afs-node","message":"No such file or directory (os error 2)","kind":"NotFound","code":67305473}
{"msg":"FUSE request failed","level":"ERRO","ts":"2026-10-06T21:43:00.512239197Z","instance":"remote-b-r1","service_name":"afs-node","message":"No such file or directory (os error 2)","kind":"NotFound","code":67305473}
{"msg":"FUSE request failed","level":"ERRO","ts":"2026-10-06T21:43:00.51236836Z","instance":"remote-b-r1","service_name":"afs-node","message":"No such file or directory (os error 2)","kind":"NotFound","code":67305473}
{"msg":"FUSE request failed","level":"ERRO","ts":"2026-10-06T21:43:00.51249944Z","instance":"remote-b-r1","service_name":"afs-node","message":"No such file or directory (os error 2)","kind":"NotFound","code":67305473}
{"msg":"FUSE request failed","level":"ERRO","ts":"2026-10-06T21:43:00.512631145Z","instance":"remote-b-r1","service_name":"afs-node","message":"No such file or directory (os error 2)","kind":"NotFound","code":67305473}
{"msg":"FUSE request failed","level":"ERRO","ts":"2026-10-06T21:43:00.512768308Z","instance":"remote-b-r1","service_name":"afs-node","message":"No such file or directory (os error 2)","kind":"NotFound","code":67305473}
{"msg":"FUSE request failed","level":"ERRO","ts":"2026-10-06T21:43:00.512889721Z","instance":"remote-b-r1","service_name":"afs-node","message":"No such file or directory (os error 2)","kind":"NotFound","code":67305473}
{"msg":"FUSE request failed","level":"ERRO","ts":"2026-10-06T21:43:00.513005343Z","instance":"remote-b-r1","service_name":"afs-node","message":"No such file or directory (os error 2)","kind":"NotFound","code":67305473}
{"msg":"FUSE request failed","level":"ERRO","ts":"2026-10-06T21:43:00.513110674Z","instance":"remote-b-r1","service_name":"afs-node","message":"No such file or directory (os error 2)","kind":"NotFound","code":67305473}
{"msg":"FUSE request failed","level":"ERRO","ts":"2026-10-06T21:43:00.513225754Z","instance":"remote-b-r1","service_name":"afs-node","message":"No such file or directory (os error 2)","kind":"NotFound","code":67305473}
{"msg":"FUSE request failed","level":"ERRO","ts":"2026-10-06T21:43:00.513323001Z","instance":"remote-b-r1","service_name":"afs-node","message":"No such file or directory (os error 2)","kind":"NotFound","code":67305473}
{"msg":"FUSE request failed","level":"ERRO","ts":"2026-10-06T21:43:00.513438373Z","instance":"remote-b-r1","service_name":"afs-node","message":"No such file or directory (os error 2)","kind":"NotFound","code":67305473}
{"msg":"FUSE request failed","level":"ERRO","ts":"2026-10-06T21:43:00.513557037Z","instance":"remote-b-r1","service_name":"afs-node","message":"No such file or directory (os error 2)","kind":"NotFound","code":67305473}
{"msg":"FUSE request failed","level":"ERRO","ts":"2026-10-06T21:43:00.513675784Z","instance":"remote-b-r1","service_name":"afs-node","message":"No such file or directory (os error 2)","kind":"NotFound","code":67305473}
{"msg":"FUSE request failed","level":"ERRO","ts":"2026-10-06T21:43:00.513788531Z","instance":"remote-b-r1","service_name":"afs-node","message":"No such file or directory (os error 2)","kind":"NotFound","code":67305473}
{"msg":"FUSE request failed","level":"ERRO","ts":"2026-10-06T21:43:00.513905986Z","instance":"remote-b-r1","service_name":"afs-node","message":"No such file or directory (os error 2)","kind":"NotFound","code":67305473}
{"msg":"FUSE request failed","level":"ERRO","ts":"2026-10-06T21:43:00.514020608Z","instance":"remote-b-r1","service_name":"afs-node","message":"No such file or directory (os error 2)","kind":"NotFound","code":67305473}
{"msg":"FUSE request failed","level":"ERRO","ts":"2026-10-06T21:43:00.514124022Z","instance":"remote-b-r1","service_name":"afs-node","message":"No such file or directory (os error 2)","kind":"NotFound","code":67305473}
{"msg":"FUSE request failed","level":"ERRO","ts":"2026-10-06T21:43:00.514229394Z","instance":"remote-b-r1","service_name":"afs-node","message":"No such file or directory (os error 2)","kind":"NotFound","code":67305473}
{"msg":"FUSE request failed","level":"ERRO","ts":"2026-10-06T21:43:00.514331474Z","instance":"remote-b-r1","service_name":"afs-node","message":"No such file or directory (os error 2)","kind":"NotFound","code":67305473}
{"msg":"FUSE request failed","level":"ERRO","ts":"2026-10-06T21:43:00.514446013Z","instance":"remote-b-r1","service_name":"afs-node","message":"No such file or directory (os error 2)","kind":"NotFound","code":67305473}
{"msg":"FUSE request failed","level":"ERRO","ts":"2026-10-06T21:43:00.51455651Z","instance":"remote-b-r1","service_name":"afs-node","message":"No such file or directory (os error 2)","kind":"NotFound","code":67305473}
{"msg":"FUSE request failed","level":"ERRO","ts":"2026-10-06T21:43:00.514675965Z","instance":"remote-b-r1","service_name":"afs-node","message":"No such file or directory (os error 2)","kind":"NotFound","code":67305473}
{"msg":"FUSE request failed","level":"ERRO","ts":"2026-10-06T21:43:00.514790129Z","instance":"remote-b-r1","service_name":"afs-node","message":"No such file or directory (os error 2)","kind":"NotFound","code":67305473}
{"msg":"FUSE request failed","level":"ERRO","ts":"2026-10-06T21:43:00.514902668Z","instance":"remote-b-r1","service_name":"afs-node","message":"No such file or directory (os error 2)","kind":"NotFound","code":67305473}
{"msg":"FUSE request failed","level":"ERRO","ts":"2026-10-06T21:43:00.515013998Z","instance":"remote-b-r1","service_name":"afs-node","message":"No such file or directory (os error 2)","kind":"NotFound","code":67305473}
{"msg":"FUSE request failed","level":"ERRO","ts":"2026-10-06T21:43:00.51513362Z","instance":"remote-b-r1","service_name":"afs-node","message":"No such file or directory (os error 2)","kind":"NotFound","code":67305473}
{"msg":"FUSE request failed","level":"ERRO","ts":"2026-10-06T21:43:00.515249033Z","instance":"remote-b-r1","service_name":"afs-node","message":"No such file or directory (os error 2)","kind":"NotFound","code":67305473}
{"msg":"FUSE request failed","level":"ERRO","ts":"2026-10-06T21:43:00.51536403Z","instance":"remote-b-r1","service_name":"afs-node","message":"No such file or directory (os error 2)","kind":"NotFound","code":67305473}
{"msg":"FUSE request failed","level":"ERRO","ts":"2026-10-06T21:43:00.515483944Z","instance":"remote-b-r1","service_name":"afs-node","message":"No such file or directory (os error 2)","kind":"NotFound","code":67305473}
{"msg":"FUSE request failed","level":"ERRO","ts":"2026-10-06T21:43:00.51560769Z","instance":"remote-b-r1","service_name":"afs-node","message":"No such file or directory (os error 2)","kind":"NotFound","code":67305473}
{"msg":"FUSE request failed","level":"ERRO","ts":"2026-10-06T21:43:00.515725896Z","instance":"remote-b-r1","service_name":"afs-node","message":"No such file or directory (os error 2)","kind":"NotFound","code":67305473}
{"msg":"FUSE request failed","level":"ERRO","ts":"2026-10-06T21:43:00.515832434Z","instance":"remote-b-r1","service_name":"afs-node","message":"No such file or directory (os error 2)","kind":"NotFound","code":67305473}
{"msg":"FUSE request failed","level":"ERRO","ts":"2026-10-06T21:43:00.515935848Z","instance":"remote-b-r1","service_name":"afs-node","message":"No such file or directory (os error 2)","kind":"NotFound","code":67305473}
{"msg":"FUSE request failed","level":"ERRO","ts":"2026-10-06T21:43:00.516056804Z","instance":"remote-b-r1","service_name":"afs-node","message":"No such file or directory (os error 2)","kind":"NotFound","code":67305473}
{"msg":"FUSE request failed","level":"ERRO","ts":"2026-10-06T21:43:00.516171425Z","instance":"remote-b-r1","service_name":"afs-node","message":"No such file or directory (os error 2)","kind":"NotFound","code":67305473}
{"msg":"FUSE request failed","level":"ERRO","ts":"2026-10-06T21:43:00.516282214Z","instance":"remote-b-r1","service_name":"afs-node","message":"No such file or directory (os error 2)","kind":"NotFound","code":67305473}
{"msg":"FUSE request failed","level":"ERRO","ts":"2026-10-06T21:43:00.516402336Z","instance":"remote-b-r1","service_name":"afs-node","message":"No such file or directory (os error 2)","kind":"NotFound","code":67305473}
{"msg":"FUSE request failed","level":"ERRO","ts":"2026-10-06T21:43:00.516520624Z","instance":"remote-b-r1","service_name":"afs-node","message":"No such file or directory (os error 2)","kind":"NotFound","code":67305473}
{"msg":"FUSE request failed","level":"ERRO","ts":"2026-10-06T21:43:00.516639705Z","instance":"remote-b-r1","service_name":"afs-node","message":"No such file or directory (os error 2)","kind":"NotFound","code":67305473}
{"msg":"FUSE request failed","level":"ERRO","ts":"2026-10-06T21:43:00.516773243Z","instance":"remote-b-r1","service_name":"afs-node","message":"No such file or directory (os error 2)","kind":"NotFound","code":67305473}
{"msg":"FUSE request failed","level":"ERRO","ts":"2026-10-06T21:43:00.516907448Z","instance":"remote-b-r1","service_name":"afs-node","message":"No such file or directory (os error 2)","kind":"NotFound","code":67305473}
{"msg":"FUSE request failed","level":"ERRO","ts":"2026-10-06T21:43:00.517019736Z","instance":"remote-b-r1","service_name":"afs-node","message":"No such file or directory (os error 2)","kind":"NotFound","code":67305473}
{"msg":"FUSE request failed","level":"ERRO","ts":"2026-10-06T21:43:00.517139525Z","instance":"remote-b-r1","service_name":"afs-node","message":"No such file or directory (os error 2)","kind":"NotFound","code":67305473}
{"msg":"FUSE request failed","level":"ERRO","ts":"2026-10-06T21:43:00.517258147Z","instance":"remote-b-r1","service_name":"afs-node","message":"No such file or directory (os error 2)","kind":"NotFound","code":67305473}
{"msg":"FUSE request failed","level":"ERRO","ts":"2026-10-06T21:43:00.517400976Z","instance":"remote-b-r1","service_name":"afs-node","message":"No such file or directory (os error 2)","kind":"NotFound","code":67305473}
{"msg":"FUSE request failed","level":"ERRO","ts":"2026-10-06T21:43:00.517523223Z","instance":"remote-b-r1","service_name":"afs-node","message":"No such file or directory (os error 2)","kind":"NotFound","code":67305473}
{"msg":"FUSE request failed","level":"ERRO","ts":"2026-10-06T21:43:00.517649386Z","instance":"remote-b-r1","service_name":"afs-node","message":"No such file or directory (os error 2)","kind":"NotFound","code":67305473}
{"msg":"FUSE request failed","level":"ERRO","ts":"2026-10-06T21:43:00.517769591Z","instance":"remote-b-r1","service_name":"afs-node","message":"No such file or directory (os error 2)","kind":"NotFound","code":67305473}
{"msg":"FUSE request failed","level":"ERRO","ts":"2026-10-06T21:43:00.517884546Z","instance":"remote-b-r1","service_name":"afs-node","message":"No such file or directory (os error 2)","kind":"NotFound","code":67305473}
{"msg":"FUSE request failed","level":"ERRO","ts":"2026-10-06T21:43:00.518003793Z","instance":"remote-b-r1","service_name":"afs-node","message":"No such file or directory (os error 2)","kind":"NotFound","code":67305473}
{"msg":"FUSE request failed","level":"ERRO","ts":"2026-10-06T21:43:00.518131915Z","instance":"remote-b-r1","service_name":"afs-node","message":"No such file or directory (os error 2)","kind":"NotFound","code":67305473}
{"msg":"FUSE request failed","level":"ERRO","ts":"2026-10-06T21:43:00.518250953Z","instance":"remote-b-r1","service_name":"afs-node","message":"No such file or directory (os error 2)","kind":"NotFound","code":67305473}
{"msg":"FUSE request failed","level":"ERRO","ts":"2026-10-06T21:43:00.518383117Z","instance":"remote-b-r1","service_name":"afs-node","message":"No such file or directory (os error 2)","kind":"NotFound","code":67305473}
{"msg":"FUSE request failed","level":"ERRO","ts":"2026-10-06T21:43:00.518503988Z","instance":"remote-b-r1","service_name":"afs-node","message":"No such file or directory (os error 2)","kind":"NotFound","code":67305473}
{"msg":"FUSE request failed","level":"ERRO","ts":"2026-10-06T21:43:00.518624277Z","instance":"remote-b-r1","service_name":"afs-node","message":"No such file or directory (os error 2)","kind":"NotFound","code":67305473}
{"msg":"FUSE request failed","level":"ERRO","ts":"2026-10-06T21:43:00.518748398Z","instance":"remote-b-r1","service_name":"afs-node","message":"No such file or directory (os error 2)","kind":"NotFound","code":67305473}
{"msg":"FUSE request failed","level":"ERRO","ts":"2026-10-06T21:43:00.518866479Z","instance":"remote-b-r1","service_name":"afs-node","message":"No such file or directory (os error 2)","kind":"NotFound","code":67305473}
{"msg":"FUSE request failed","level":"ERRO","ts":"2026-10-06T21:43:00.51898985Z","instance":"remote-b-r1","service_name":"afs-node","message":"No such file or directory (os error 2)","kind":"NotFound","code":67305473}
{"msg":"FUSE request failed","level":"ERRO","ts":"2026-10-06T21:43:00.519100139Z","instance":"remote-b-r1","service_name":"afs-node","message":"No such file or directory (os error 2)","kind":"NotFound","code":67305473}
{"msg":"FUSE request failed","level":"ERRO","ts":"2026-10-06T21:43:00.519218594Z","instance":"remote-b-r1","service_name":"afs-node","message":"No such file or directory (os error 2)","kind":"NotFound","code":67305473}
{"msg":"FUSE request failed","level":"ERRO","ts":"2026-10-06T21:43:00.519320008Z","instance":"remote-b-r1","service_name":"afs-node","message":"No such file or directory (os error 2)","kind":"NotFound","code":67305473}
{"msg":"FUSE request failed","level":"ERRO","ts":"2026-10-06T21:43:00.519440338Z","instance":"remote-b-r1","service_name":"afs-node","message":"No such file or directory (os error 2)","kind":"NotFound","code":67305473}
{"msg":"FUSE request failed","level":"ERRO","ts":"2026-10-06T21:43:00.519569502Z","instance":"remote-b-r1","service_name":"afs-node","message":"No such file or directory (os error 2)","kind":"NotFound","code":67305473}
{"msg":"FUSE request failed","level":"ERRO","ts":"2026-10-06T21:43:00.519694498Z","instance":"remote-b-r1","service_name":"afs-node","message":"No such file or directory (os error 2)","kind":"NotFound","code":67305473}
{"msg":"FUSE request failed","level":"ERRO","ts":"2026-10-06T21:43:00.519811037Z","instance":"remote-b-r1","service_name":"afs-node","message":"No such file or directory (os error 2)","kind":"NotFound","code":67305473}
{"msg":"FUSE request failed","level":"ERRO","ts":"2026-10-06T21:43:00.519946783Z","instance":"remote-b-r1","service_name":"afs-node","message":"No such file or directory (os error 2)","kind":"NotFound","code":67305473}
{"msg":"FUSE request failed","level":"ERRO","ts":"2026-10-06T21:43:00.520068197Z","instance":"remote-b-r1","service_name":"afs-node","message":"No such file or directory (os error 2)","kind":"NotFound","code":67305473}
{"msg":"FUSE request failed","level":"ERRO","ts":"2026-10-06T21:43:00.520158694Z","instance":"remote-b-r1","service_name":"afs-node","message":"No such file or directory (os error 2)","kind":"NotFound","code":67305473}
{"msg":"FUSE request failed","level":"ERRO","ts":"2026-10-06T21:43:00.520267316Z","instance":"remote-b-r1","service_name":"afs-node","message":"No such file or directory (os error 2)","kind":"NotFound","code":67305473}
{"msg":"FUSE request failed","level":"ERRO","ts":"2026-10-06T21:43:00.520407979Z","instance":"remote-b-r1","service_name":"afs-node","message":"No such file or directory (os error 2)","kind":"NotFound","code":67305473}
{"msg":"FUSE request failed","level":"ERRO","ts":"2026-10-06T21:43:00.520538976Z","instance":"remote-b-r1","service_name":"afs-node","message":"No such file or directory (os error 2)","kind":"NotFound","code":67305473}
{"msg":"FUSE request failed","level":"ERRO","ts":"2026-10-06T21:43:00.520662014Z","instance":"remote-b-r1","service_name":"afs-node","message":"No such file or directory (os error 2)","kind":"NotFound","code":67305473}
{"msg":"FUSE request failed","level":"ERRO","ts":"2026-10-06T21:43:00.520784928Z","instance":"remote-b-r1","service_name":"afs-node","message":"No such file or directory (os error 2)","kind":"NotFound","code":67305473}
{"msg":"FUSE request failed","level":"ERRO","ts":"2026-10-06T21:43:00.520908508Z","instance":"remote-b-r1","service_name":"afs-node","message":"No such file or directory (os error 2)","kind":"NotFound","code":67305473}
{"msg":"FUSE request failed","level":"ERRO","ts":"2026-10-06T21:43:00.521016213Z","instance":"remote-b-r1","service_name":"afs-node","message":"No such file or directory (os error 2)","kind":"NotFound","code":67305473}
{"msg":"FUSE request failed","level":"ERRO","ts":"2026-10-06T21:43:00.521138626Z","instance":"remote-b-r1","service_name":"afs-node","message":"No such file or directory (os error 2)","kind":"NotFound","code":67305473}
{"msg":"FUSE request failed","level":"ERRO","ts":"2026-10-06T21:43:00.52125379Z","instance":"remote-b-r1","service_name":"afs-node","message":"No such file or directory (os error 2)","kind":"NotFound","code":67305473}
{"msg":"FUSE request failed","level":"ERRO","ts":"2026-10-06T21:43:00.521391328Z","instance":"remote-b-r1","service_name":"afs-node","message":"No such file or directory (os error 2)","kind":"NotFound","code":67305473}
{"msg":"FUSE request failed","level":"ERRO","ts":"2026-10-06T21:43:00.521518116Z","instance":"remote-b-r1","service_name":"afs-node","message":"No such file or directory (os error 2)","kind":"NotFound","code":67305473}
{"msg":"FUSE request failed","level":"ERRO","ts":"2026-10-06T21:43:00.521647863Z","instance":"remote-b-r1","service_name":"afs-node","message":"No such file or directory (os error 2)","kind":"NotFound","code":67305473}
{"msg":"FUSE request failed","level":"ERRO","ts":"2026-10-06T21:43:00.521777109Z","instance":"remote-b-r1","service_name":"afs-node","message":"No such file or directory (os error 2)","kind":"NotFound","code":67305473}
{"msg":"FUSE request failed","level":"ERRO","ts":"2026-10-06T21:43:00.521905523Z","instance":"remote-b-r1","service_name":"afs-node","message":"No such file or directory (os error 2)","kind":"NotFound","code":67305473}
{"msg":"FUSE request failed","level":"ERRO","ts":"2026-10-06T21:43:00.522031061Z","instance":"remote-b-r1","service_name":"afs-node","message":"No such file or directory (os error 2)","kind":"NotFound","code":67305473}
{"msg":"FUSE request failed","level":"ERRO","ts":"2026-10-06T21:43:00.522161974Z","instance":"remote-b-r1","service_name":"afs-node","message":"No such file or directory (os error 2)","kind":"NotFound","code":67305473}
{"msg":"FUSE request failed","level":"ERRO","ts":"2026-10-06T21:43:00.522280263Z","instance":"remote-b-r1","service_name":"afs-node","message":"No such file or directory (os error 2)","kind":"NotFound","code":67305473}
{"msg":"FUSE request failed","level":"ERRO","ts":"2026-10-06T21:43:00.522404301Z","instance":"remote-b-r1","service_name":"afs-node","message":"No such file or directory (os error 2)","kind":"NotFound","code":67305473}
{"msg":"FUSE request failed","level":"ERRO","ts":"2026-10-06T21:43:00.522527423Z","instance":"remote-b-r1","service_name":"afs-node","message":"No such file or directory (os error 2)","kind":"NotFound","code":67305473}
{"msg":"FUSE request failed","level":"ERRO","ts":"2026-10-06T21:43:00.522645378Z","instance":"remote-b-r1","service_name":"afs-node","message":"No such file or directory (os error 2)","kind":"NotFound","code":67305473}
{"msg":"FUSE request failed","level":"ERRO","ts":"2026-10-06T21:43:00.522781958Z","instance":"remote-b-r1","service_name":"afs-node","message":"No such file or directory (os error 2)","kind":"NotFound","code":67305473}
{"msg":"FUSE request failed","level":"ERRO","ts":"2026-10-06T21:43:00.522906413Z","instance":"remote-b-r1","service_name":"afs-node","message":"No such file or directory (os error 2)","kind":"NotFound","code":67305473}
{"msg":"FUSE request failed","level":"ERRO","ts":"2026-10-06T21:43:00.523027701Z","instance":"remote-b-r1","service_name":"afs-node","message":"No such file or directory (os error 2)","kind":"NotFound","code":67305473}
{"msg":"FUSE request failed","level":"ERRO","ts":"2026-10-06T21:43:00.523151531Z","instance":"remote-b-r1","service_name":"afs-node","message":"No such file or directory (os error 2)","kind":"NotFound","code":67305473}
{"msg":"FUSE request failed","level":"ERRO","ts":"2026-10-06T21:43:00.523262903Z","instance":"remote-b-r1","service_name":"afs-node","message":"No such file or directory (os error 2)","kind":"NotFound","code":67305473}
{"msg":"FUSE request failed","level":"ERRO","ts":"2026-10-06T21:43:00.523410066Z","instance":"remote-b-r1","service_name":"afs-node","message":"No such file or directory (os error 2)","kind":"NotFound","code":67305473}
{"msg":"FUSE request failed","level":"ERRO","ts":"2026-10-06T21:43:00.523533521Z","instance":"remote-b-r1","service_name":"afs-node","message":"No such file or directory (os error 2)","kind":"NotFound","code":67305473}
{"msg":"FUSE request failed","level":"ERRO","ts":"2026-10-06T21:43:00.523653893Z","instance":"remote-b-r1","service_name":"afs-node","message":"No such file or directory (os error 2)","kind":"NotFound","code":67305473}
{"msg":"FUSE request failed","level":"ERRO","ts":"2026-10-06T21:43:00.52377664Z","instance":"remote-b-r1","service_name":"afs-node","message":"No such file or directory (os error 2)","kind":"NotFound","code":67305473}
{"msg":"FUSE request failed","level":"ERRO","ts":"2026-10-06T21:43:00.523897261Z","instance":"remote-b-r1","service_name":"afs-node","message":"No such file or directory (os error 2)","kind":"NotFound","code":67305473}
{"msg":"FUSE request failed","level":"ERRO","ts":"2026-10-06T21:43:00.524019633Z","instance":"remote-b-r1","service_name":"afs-node","message":"No such file or directory (os error 2)","kind":"NotFound","code":67305473}
{"msg":"FUSE request failed","level":"ERRO","ts":"2026-10-06T21:43:00.524140921Z","instance":"remote-b-r1","service_name":"afs-node","message":"No such file or directory (os error 2)","kind":"NotFound","code":67305473}
{"msg":"FUSE request failed","level":"ERRO","ts":"2026-10-06T21:43:00.524256335Z","instance":"remote-b-r1","service_name":"afs-node","message":"No such file or directory (os error 2)","kind":"NotFound","code":67305473}
{"msg":"FUSE request failed","level":"ERRO","ts":"2026-10-06T21:43:00.524375582Z","instance":"remote-b-r1","service_name":"afs-node","message":"No such file or directory (os error 2)","kind":"NotFound","code":67305473}
{"msg":"FUSE request failed","level":"ERRO","ts":"2026-10-06T21:43:00.52449637Z","instance":"remote-b-r1","service_name":"afs-node","message":"No such file or directory (os error 2)","kind":"NotFound","code":67305473}
{"msg":"FUSE request failed","level":"ERRO","ts":"2026-10-06T21:43:00.524612284Z","instance":"remote-b-r1","service_name":"afs-node","message":"No such file or directory (os error 2)","kind":"NotFound","code":67305473}
{"msg":"FUSE request failed","level":"ERRO","ts":"2026-10-06T21:43:00.524743364Z","instance":"remote-b-r1","service_name":"afs-node","message":"No such file or directory (os error 2)","kind":"NotFound","code":67305473}
{"msg":"FUSE request failed","level":"ERRO","ts":"2026-10-06T21:43:00.524851236Z","instance":"remote-b-r1","service_name":"afs-node","message":"No such file or directory (os error 2)","kind":"NotFound","code":67305473}
{"msg":"FUSE request failed","level":"ERRO","ts":"2026-10-06T21:43:00.524964858Z","instance":"remote-b-r1","service_name":"afs-node","message":"No such file or directory (os error 2)","kind":"NotFound","code":67305473}
{"msg":"FUSE request failed","level":"ERRO","ts":"2026-10-06T21:43:00.525081313Z","instance":"remote-b-r1","service_name":"afs-node","message":"No such file or directory (os error 2)","kind":"NotFound","code":67305473}
{"msg":"FUSE request failed","level":"ERRO","ts":"2026-10-06T21:43:00.52519506Z","instance":"remote-b-r1","service_name":"afs-node","message":"No such file or directory (os error 2)","kind":"NotFound","code":67305473}
{"msg":"FUSE request failed","level":"ERRO","ts":"2026-10-06T21:43:00.525294307Z","instance":"remote-b-r1","service_name":"afs-node","message":"No such file or directory (os error 2)","kind":"NotFound","code":67305473}
{"msg":"FUSE request failed","level":"ERRO","ts":"2026-10-06T21:43:00.525405804Z","instance":"remote-b-r1","service_name":"afs-node","message":"No such file or directory (os error 2)","kind":"NotFound","code":67305473}
{"msg":"FUSE request failed","level":"ERRO","ts":"2026-10-06T21:43:00.525524135Z","instance":"remote-b-r1","service_name":"afs-node","message":"No such file or directory (os error 2)","kind":"NotFound","code":67305473}
{"msg":"FUSE request failed","level":"ERRO","ts":"2026-10-06T21:43:00.525637673Z","instance":"remote-b-r1","service_name":"afs-node","message":"No such file or directory (os error 2)","kind":"NotFound","code":67305473}
{"msg":"FUSE request failed","level":"ERRO","ts":"2026-10-06T21:43:00.525755503Z","instance":"remote-b-r1","service_name":"afs-node","message":"No such file or directory (os error 2)","kind":"NotFound","code":67305473}
{"msg":"FUSE request failed","level":"ERRO","ts":"2026-10-06T21:43:00.525868917Z","instance":"remote-b-r1","service_name":"afs-node","message":"No such file or directory (os error 2)","kind":"NotFound","code":67305473}
{"msg":"FUSE request failed","level":"ERRO","ts":"2026-10-06T21:43:00.525973164Z","instance":"remote-b-r1","service_name":"afs-node","message":"No such file or directory (os error 2)","kind":"NotFound","code":67305473}
{"msg":"FUSE request failed","level":"ERRO","ts":"2026-10-06T21:43:00.526094911Z","instance":"remote-b-r1","service_name":"afs-node","message":"No such file or directory (os error 2)","kind":"NotFound","code":67305473}
{"msg":"FUSE request failed","level":"ERRO","ts":"2026-10-06T21:43:00.526208325Z","instance":"remote-b-r1","service_name":"afs-node","message":"No such file or directory (os error 2)","kind":"NotFound","code":67305473}
{"msg":"FUSE request failed","level":"ERRO","ts":"2026-10-06T21:43:00.526304531Z","instance":"remote-b-r1","service_name":"afs-node","message":"No such file or directory (os error 2)","kind":"NotFound","code":67305473}
{"msg":"FUSE request failed","level":"ERRO","ts":"2026-10-06T21:43:00.526414403Z","instance":"remote-b-r1","service_name":"afs-node","message":"No such file or directory (os error 2)","kind":"NotFound","code":67305473}
{"msg":"FUSE request failed","level":"ERRO","ts":"2026-10-06T21:43:00.526523441Z","instance":"remote-b-r1","service_name":"afs-node","message":"No such file or directory (os error 2)","kind":"NotFound","code":67305473}
{"msg":"FUSE request failed","level":"ERRO","ts":"2026-10-06T21:43:00.526634938Z","instance":"remote-b-r1","service_name":"afs-node","message":"No such file or directory (os error 2)","kind":"NotFound","code":67305473}
{"msg":"FUSE request failed","level":"ERRO","ts":"2026-10-06T21:43:00.526748935Z","instance":"remote-b-r1","service_name":"afs-node","message":"No such file or directory (os error 2)","kind":"NotFound","code":67305473}
{"msg":"FUSE request failed","level":"ERRO","ts":"2026-10-06T21:43:00.526863932Z","instance":"remote-b-r1","service_name":"afs-node","message":"No such file or directory (os error 2)","kind":"NotFound","code":67305473}
{"msg":"FUSE request failed","level":"ERRO","ts":"2026-10-06T21:43:00.526977971Z","instance":"remote-b-r1","service_name":"afs-node","message":"No such file or directory (os error 2)","kind":"NotFound","code":67305473}
{"msg":"FUSE request failed","level":"ERRO","ts":"2026-10-06T21:43:00.527079885Z","instance":"remote-b-r1","service_name":"afs-node","message":"No such file or directory (os error 2)","kind":"NotFound","code":67305473}
{"msg":"FUSE request failed","level":"ERRO","ts":"2026-10-06T21:43:00.527177507Z","instance":"remote-b-r1","service_name":"afs-node","message":"No such file or directory (os error 2)","kind":"NotFound","code":67305473}
{"msg":"FUSE request failed","level":"ERRO","ts":"2026-10-06T21:43:00.527274671Z","instance":"remote-b-r1","service_name":"afs-node","message":"No such file or directory (os error 2)","kind":"NotFound","code":67305473}
{"msg":"FUSE request failed","level":"ERRO","ts":"2026-10-06T21:43:00.527386335Z","instance":"remote-b-r1","service_name":"afs-node","message":"No such file or directory (os error 2)","kind":"NotFound","code":67305473}
{"msg":"FUSE request failed","level":"ERRO","ts":"2026-10-06T21:43:00.527487582Z","instance":"remote-b-r1","service_name":"afs-node","message":"No such file or directory (os error 2)","kind":"NotFound","code":67305473}
{"msg":"FUSE request failed","level":"ERRO","ts":"2026-10-06T21:43:00.527588246Z","instance":"remote-b-r1","service_name":"afs-node","message":"No such file or directory (os error 2)","kind":"NotFound","code":67305473}
{"msg":"FUSE request failed","level":"ERRO","ts":"2026-10-06T21:43:00.527703327Z","instance":"remote-b-r1","service_name":"afs-node","message":"No such file or directory (os error 2)","kind":"NotFound","code":67305473}
{"msg":"FUSE request failed","level":"ERRO","ts":"2026-10-06T21:43:00.52781699Z","instance":"remote-b-r1","service_name":"afs-node","message":"No such file or directory (os error 2)","kind":"NotFound","code":67305473}
{"msg":"FUSE request failed","level":"ERRO","ts":"2026-10-06T21:43:00.527930487Z","instance":"remote-b-r1","service_name":"afs-node","message":"No such file or directory (os error 2)","kind":"NotFound","code":67305473}
{"msg":"FUSE request failed","level":"ERRO","ts":"2026-10-06T21:43:00.528043484Z","instance":"remote-b-r1","service_name":"afs-node","message":"No such file or directory (os error 2)","kind":"NotFound","code":67305473}
{"msg":"FUSE request failed","level":"ERRO","ts":"2026-10-06T21:43:00.528157356Z","instance":"remote-b-r1","service_name":"afs-node","message":"No such file or directory (os error 2)","kind":"NotFound","code":67305473}
{"msg":"FUSE request failed","level":"ERRO","ts":"2026-10-06T21:43:00.528282478Z","instance":"remote-b-r1","service_name":"afs-node","message":"No such file or directory (os error 2)","kind":"NotFound","code":67305473}
{"msg":"FUSE request failed","level":"ERRO","ts":"2026-10-06T21:43:00.528397266Z","instance":"remote-b-r1","service_name":"afs-node","message":"No such file or directory (os error 2)","kind":"NotFound","code":67305473}
{"msg":"FUSE request failed","level":"ERRO","ts":"2026-10-06T21:43:00.528508763Z","instance":"remote-b-r1","service_name":"afs-node","message":"No such file or directory (os error 2)","kind":"NotFound","code":67305473}
{"msg":"FUSE request failed","level":"ERRO","ts":"2026-10-06T21:43:00.528607136Z","instance":"remote-b-r1","service_name":"afs-node","message":"No such file or directory (os error 2)","kind":"NotFound","code":67305473}
{"msg":"FUSE request failed","level":"ERRO","ts":"2026-10-06T21:43:00.528720466Z","instance":"remote-b-r1","service_name":"afs-node","message":"No such file or directory (os error 2)","kind":"NotFound","code":67305473}
{"msg":"FUSE request failed","level":"ERRO","ts":"2026-10-06T21:43:00.528827047Z","instance":"remote-b-r1","service_name":"afs-node","message":"No such file or directory (os error 2)","kind":"NotFound","code":67305473}
{"msg":"FUSE request failed","level":"ERRO","ts":"2026-10-06T21:43:00.528930586Z","instance":"remote-b-r1","service_name":"afs-node","message":"No such file or directory (os error 2)","kind":"NotFound","code":67305473}
{"msg":"FUSE request failed","level":"ERRO","ts":"2026-10-06T21:43:00.529039499Z","instance":"remote-b-r1","service_name":"afs-node","message":"No such file or directory (os error 2)","kind":"NotFound","code":67305473}
{"msg":"FUSE request failed","level":"ERRO","ts":"2026-10-06T21:43:00.529154705Z","instance":"remote-b-r1","service_name":"afs-node","message":"No such file or directory (os error 2)","kind":"NotFound","code":67305473}
{"msg":"FUSE request failed","level":"ERRO","ts":"2026-10-06T21:43:00.529261077Z","instance":"remote-b-r1","service_name":"afs-node","message":"No such file or directory (os error 2)","kind":"NotFound","code":67305473}
{"msg":"FUSE request failed","level":"ERRO","ts":"2026-10-06T21:43:00.529374657Z","instance":"remote-b-r1","service_name":"afs-node","message":"No such file or directory (os error 2)","kind":"NotFound","code":67305473}
{"msg":"FUSE request failed","level":"ERRO","ts":"2026-10-06T21:43:00.529487904Z","instance":"remote-b-r1","service_name":"afs-node","message":"No such file or directory (os error 2)","kind":"NotFound","code":67305473}
{"msg":"FUSE request failed","level":"ERRO","ts":"2026-10-06T21:43:00.529590276Z","instance":"remote-b-r1","service_name":"afs-node","message":"No such file or directory (os error 2)","kind":"NotFound","code":67305473}
{"msg":"FUSE request failed","level":"ERRO","ts":"2026-10-06T21:43:00.529704523Z","instance":"remote-b-r1","service_name":"afs-node","message":"No such file or directory (os error 2)","kind":"NotFound","code":67305473}
{"msg":"FUSE request failed","level":"ERRO","ts":"2026-10-06T21:43:00.52981352Z","instance":"remote-b-r1","service_name":"afs-node","message":"No such file or directory (os error 2)","kind":"NotFound","code":67305473}
{"msg":"FUSE request failed","level":"ERRO","ts":"2026-10-06T21:43:00.529919476Z","instance":"remote-b-r1","service_name":"afs-node","message":"No such file or directory (os error 2)","kind":"NotFound","code":67305473}
{"msg":"FUSE request failed","level":"ERRO","ts":"2026-10-06T21:43:00.530028348Z","instance":"remote-b-r1","service_name":"afs-node","message":"No such file or directory (os error 2)","kind":"NotFound","code":67305473}
{"msg":"FUSE request failed","level":"ERRO","ts":"2026-10-06T21:43:00.530147845Z","instance":"remote-b-r1","service_name":"afs-node","message":"No such file or directory (os error 2)","kind":"NotFound","code":67305473}
{"msg":"FUSE request failed","level":"ERRO","ts":"2026-10-06T21:43:00.530256092Z","instance":"remote-b-r1","service_name":"afs-node","message":"No such file or directory (os error 2)","kind":"NotFound","code":67305473}
{"msg":"FUSE request failed","level":"ERRO","ts":"2026-10-06T21:43:00.530377839Z","instance":"remote-b-r1","service_name":"afs-node","message":"No such file or directory (os error 2)","kind":"NotFound","code":67305473}
{"msg":"FUSE request failed","level":"ERRO","ts":"2026-10-06T21:43:00.530499127Z","instance":"remote-b-r1","service_name":"afs-node","message":"No such file or directory (os error 2)","kind":"NotFound","code":67305473}
{"msg":"FUSE request failed","level":"ERRO","ts":"2026-10-06T21:43:00.530617041Z","instance":"remote-b-r1","service_name":"afs-node","message":"No such file or directory (os error 2)","kind":"NotFound","code":67305473}
{"msg":"FUSE request failed","level":"ERRO","ts":"2026-10-06T21:43:00.530716996Z","instance":"remote-b-r1","service_name":"afs-node","message":"No such file or directory (os error 2)","kind":"NotFound","code":67305473}
{"msg":"FUSE request failed","level":"ERRO","ts":"2026-10-06T21:43:00.530819369Z","instance":"remote-b-r1","service_name":"afs-node","message":"No such file or directory (os error 2)","kind":"NotFound","code":67305473}
{"msg":"FUSE request failed","level":"ERRO","ts":"2026-10-06T21:43:00.530938115Z","instance":"remote-b-r1","service_name":"afs-node","message":"No such file or directory (os error 2)","kind":"NotFound","code":67305473}
{"msg":"FUSE request failed","level":"ERRO","ts":"2026-10-06T21:43:00.531051612Z","instance":"remote-b-r1","service_name":"afs-node","message":"No such file or directory (os error 2)","kind":"NotFound","code":67305473}
{"msg":"FUSE request failed","level":"ERRO","ts":"2026-10-06T21:43:00.531167859Z","instance":"remote-b-r1","service_name":"afs-node","message":"No such file or directory (os error 2)","kind":"NotFound","code":67305473}
{"msg":"FUSE request failed","level":"ERRO","ts":"2026-10-06T21:43:00.53126469Z","instance":"remote-b-r1","service_name":"afs-node","message":"No such file or directory (os error 2)","kind":"NotFound","code":67305473}
{"msg":"FUSE request failed","level":"ERRO","ts":"2026-10-06T21:43:00.531380187Z","instance":"remote-b-r1","service_name":"afs-node","message":"No such file or directory (os error 2)","kind":"NotFound","code":67305473}
{"msg":"FUSE request failed","level":"ERRO","ts":"2026-10-06T21:43:00.531499059Z","instance":"remote-b-r1","service_name":"afs-node","message":"No such file or directory (os error 2)","kind":"NotFound","code":67305473}
{"msg":"FUSE request failed","level":"ERRO","ts":"2026-10-06T21:43:00.531615847Z","instance":"remote-b-r1","service_name":"afs-node","message":"No such file or directory (os error 2)","kind":"NotFound","code":67305473}
{"msg":"FUSE request failed","level":"ERRO","ts":"2026-10-06T21:43:00.531734844Z","instance":"remote-b-r1","service_name":"afs-node","message":"No such file or directory (os error 2)","kind":"NotFound","code":67305473}
{"msg":"FUSE request failed","level":"ERRO","ts":"2026-10-06T21:43:00.531841758Z","instance":"remote-b-r1","service_name":"afs-node","message":"No such file or directory (os error 2)","kind":"NotFound","code":67305473}
{"msg":"FUSE request failed","level":"ERRO","ts":"2026-10-06T21:43:00.531957338Z","instance":"remote-b-r1","service_name":"afs-node","message":"No such file or directory (os error 2)","kind":"NotFound","code":67305473}
{"msg":"FUSE request failed","level":"ERRO","ts":"2026-10-06T21:43:00.532067794Z","instance":"remote-b-r1","service_name":"afs-node","message":"No such file or directory (os error 2)","kind":"NotFound","code":67305473}
{"msg":"FUSE request failed","level":"ERRO","ts":"2026-10-06T21:43:00.532179707Z","instance":"remote-b-r1","service_name":"afs-node","message":"No such file or directory (os error 2)","kind":"NotFound","code":67305473}
{"msg":"FUSE request failed","level":"ERRO","ts":"2026-10-06T21:43:00.532298121Z","instance":"remote-b-r1","service_name":"afs-node","message":"No such file or directory (os error 2)","kind":"NotFound","code":67305473}
{"msg":"FUSE request failed","level":"ERRO","ts":"2026-10-06T21:43:00.532414451Z","instance":"remote-b-r1","service_name":"afs-node","message":"No such file or directory (os error 2)","kind":"NotFound","code":67305473}
{"msg":"FUSE request failed","level":"ERRO","ts":"2026-10-06T21:43:00.532526156Z","instance":"remote-b-r1","service_name":"afs-node","message":"No such file or directory (os error 2)","kind":"NotFound","code":67305473}
{"msg":"FUSE request failed","level":"ERRO","ts":"2026-10-06T21:43:00.532637737Z","instance":"remote-b-r1","service_name":"afs-node","message":"No such file or directory (os error 2)","kind":"NotFound","code":67305473}
{"msg":"FUSE request failed","level":"ERRO","ts":"2026-10-06T21:43:00.532758942Z","instance":"remote-b-r1","service_name":"afs-node","message":"No such file or directory (os error 2)","kind":"NotFound","code":67305473}
{"msg":"FUSE request failed","level":"ERRO","ts":"2026-10-06T21:43:00.532896855Z","instance":"remote-b-r1","service_name":"afs-node","message":"No such file or directory (os error 2)","kind":"NotFound","code":67305473}
{"msg":"FUSE request failed","level":"ERRO","ts":"2026-10-06T21:43:00.533013268Z","instance":"remote-b-r1","service_name":"afs-node","message":"No such file or directory (os error 2)","kind":"NotFound","code":67305473}
{"msg":"FUSE request failed","level":"ERRO","ts":"2026-10-06T21:43:00.533139265Z","instance":"remote-b-r1","service_name":"afs-node","message":"No such file or directory (os error 2)","kind":"NotFound","code":67305473}
{"msg":"FUSE request failed","level":"ERRO","ts":"2026-10-06T21:43:00.533261012Z","instance":"remote-b-r1","service_name":"afs-node","message":"No such file or directory (os error 2)","kind":"NotFound","code":67305473}
{"msg":"FUSE request failed","level":"ERRO","ts":"2026-10-06T21:43:00.5333753Z","instance":"remote-b-r1","service_name":"afs-node","message":"No such file or directory (os error 2)","kind":"NotFound","code":67305473}
{"msg":"FUSE request failed","level":"ERRO","ts":"2026-10-06T21:43:00.533495839Z","instance":"remote-b-r1","service_name":"afs-node","message":"No such file or directory (os error 2)","kind":"NotFound","code":67305473}
{"msg":"FUSE request failed","level":"ERRO","ts":"2026-10-06T21:43:00.533621877Z","instance":"remote-b-r1","service_name":"afs-node","message":"No such file or directory (os error 2)","kind":"NotFound","code":67305473}
{"msg":"FUSE request failed","level":"ERRO","ts":"2026-10-06T21:43:00.533747124Z","instance":"remote-b-r1","service_name":"afs-node","message":"No such file or directory (os error 2)","kind":"NotFound","code":67305473}
{"msg":"FUSE request failed","level":"ERRO","ts":"2026-10-06T21:43:00.533852579Z","instance":"remote-b-r1","service_name":"afs-node","message":"No such file or directory (os error 2)","kind":"NotFound","code":67305473}
{"msg":"FUSE request failed","level":"ERRO","ts":"2026-10-06T21:43:00.533974076Z","instance":"remote-b-r1","service_name":"afs-node","message":"No such file or directory (os error 2)","kind":"NotFound","code":67305473}
{"msg":"FUSE request failed","level":"ERRO","ts":"2026-10-06T21:43:00.534089906Z","instance":"remote-b-r1","service_name":"afs-node","message":"No such file or directory (os error 2)","kind":"NotFound","code":67305473}
{"msg":"FUSE request failed","level":"ERRO","ts":"2026-10-06T21:43:00.534214236Z","instance":"remote-b-r1","service_name":"afs-node","message":"No such file or directory (os error 2)","kind":"NotFound","code":67305473}
{"msg":"FUSE request failed","level":"ERRO","ts":"2026-10-06T21:43:00.534314234Z","instance":"remote-b-r1","service_name":"afs-node","message":"No such file or directory (os error 2)","kind":"NotFound","code":67305473}
{"msg":"FUSE request failed","level":"ERRO","ts":"2026-10-06T21:43:00.534435939Z","instance":"remote-b-r1","service_name":"afs-node","message":"No such file or directory (os error 2)","kind":"NotFound","code":67305473}
{"msg":"FUSE request failed","level":"ERRO","ts":"2026-10-06T21:43:00.534560019Z","instance":"remote-b-r1","service_name":"afs-node","message":"No such file or directory (os error 2)","kind":"NotFound","code":67305473}
{"msg":"FUSE request failed","level":"ERRO","ts":"2026-10-06T21:43:00.534688474Z","instance":"remote-b-r1","service_name":"afs-node","message":"No such file or directory (os error 2)","kind":"NotFound","code":67305473}
{"msg":"FUSE request failed","level":"ERRO","ts":"2026-10-06T21:43:00.534809179Z","instance":"remote-b-r1","service_name":"afs-node","message":"No such file or directory (os error 2)","kind":"NotFound","code":67305473}
{"msg":"FUSE request failed","level":"ERRO","ts":"2026-10-06T21:43:00.534933509Z","instance":"remote-b-r1","service_name":"afs-node","message":"No such file or directory (os error 2)","kind":"NotFound","code":67305473}
{"msg":"FUSE request failed","level":"ERRO","ts":"2026-10-06T21:43:00.535057047Z","instance":"remote-b-r1","service_name":"afs-node","message":"No such file or directory (os error 2)","kind":"NotFound","code":67305473}
{"msg":"FUSE request failed","level":"ERRO","ts":"2026-10-06T21:43:00.535171836Z","instance":"remote-b-r1","service_name":"afs-node","message":"No such file or directory (os error 2)","kind":"NotFound","code":67305473}
{"msg":"FUSE request failed","level":"ERRO","ts":"2026-10-06T21:43:00.535289916Z","instance":"remote-b-r1","service_name":"afs-node","message":"No such file or directory (os error 2)","kind":"NotFound","code":67305473}
{"msg":"FUSE request failed","level":"ERRO","ts":"2026-10-06T21:43:00.535399913Z","instance":"remote-b-r1","service_name":"afs-node","message":"No such file or directory (os error 2)","kind":"NotFound","code":67305473}
{"msg":"FUSE request failed","level":"ERRO","ts":"2026-10-06T21:43:00.53552966Z","instance":"remote-b-r1","service_name":"afs-node","message":"No such file or directory (os error 2)","kind":"NotFound","code":67305473}
{"msg":"FUSE request failed","level":"ERRO","ts":"2026-10-06T21:43:00.535652656Z","instance":"remote-b-r1","service_name":"afs-node","message":"No such file or directory (os error 2)","kind":"NotFound","code":67305473}
{"msg":"FUSE request failed","level":"ERRO","ts":"2026-10-06T21:43:00.53578032Z","instance":"remote-b-r1","service_name":"afs-node","message":"No such file or directory (os error 2)","kind":"NotFound","code":67305473}
{"msg":"FUSE request failed","level":"ERRO","ts":"2026-10-06T21:43:00.535905441Z","instance":"remote-b-r1","service_name":"afs-node","message":"No such file or directory (os error 2)","kind":"NotFound","code":67305473}
{"msg":"FUSE request failed","level":"ERRO","ts":"2026-10-06T21:43:00.53602248Z","instance":"remote-b-r1","service_name":"afs-node","message":"No such file or directory (os error 2)","kind":"NotFound","code":67305473}
{"msg":"FUSE request failed","level":"ERRO","ts":"2026-10-06T21:43:00.536139102Z","instance":"remote-b-r1","service_name":"afs-node","message":"No such file or directory (os error 2)","kind":"NotFound","code":67305473}
{"msg":"FUSE request failed","level":"ERRO","ts":"2026-10-06T21:43:00.536256307Z","instance":"remote-b-r1","service_name":"afs-node","message":"No such file or directory (os error 2)","kind":"NotFound","code":67305473}
{"msg":"FUSE request failed","level":"ERRO","ts":"2026-10-06T21:43:00.536363596Z","instance":"remote-b-r1","service_name":"afs-node","message":"No such file or directory (os error 2)","kind":"NotFound","code":67305473}
{"msg":"FUSE request failed","level":"ERRO","ts":"2026-10-06T21:43:00.53647701Z","instance":"remote-b-r1","service_name":"afs-node","message":"No such file or directory (os error 2)","kind":"NotFound","code":67305473}
{"msg":"FUSE request failed","level":"ERRO","ts":"2026-10-06T21:43:00.536597715Z","instance":"remote-b-r1","service_name":"afs-node","message":"No such file or directory (os error 2)","kind":"NotFound","code":67305473}
{"msg":"FUSE request failed","level":"ERRO","ts":"2026-10-06T21:43:00.536722961Z","instance":"remote-b-r1","service_name":"afs-node","message":"No such file or directory (os error 2)","kind":"NotFound","code":67305473}
{"msg":"FUSE request failed","level":"ERRO","ts":"2026-10-06T21:43:00.53684725Z","instance":"remote-b-r1","service_name":"afs-node","message":"No such file or directory (os error 2)","kind":"NotFound","code":67305473}
{"msg":"FUSE request failed","level":"ERRO","ts":"2026-10-06T21:43:00.536968538Z","instance":"remote-b-r1","service_name":"afs-node","message":"No such file or directory (os error 2)","kind":"NotFound","code":67305473}
{"msg":"FUSE request failed","level":"ERRO","ts":"2026-10-06T21:43:00.537093076Z","instance":"remote-b-r1","service_name":"afs-node","message":"No such file or directory (os error 2)","kind":"NotFound","code":67305473}
{"msg":"FUSE request failed","level":"ERRO","ts":"2026-10-06T21:43:00.537218281Z","instance":"remote-b-r1","service_name":"afs-node","message":"No such file or directory (os error 2)","kind":"NotFound","code":67305473}
{"msg":"FUSE request failed","level":"ERRO","ts":"2026-10-06T21:43:00.537340112Z","instance":"remote-b-r1","service_name":"afs-node","message":"No such file or directory (os error 2)","kind":"NotFound","code":67305473}
{"msg":"FUSE request failed","level":"ERRO","ts":"2026-10-06T21:43:00.53746865Z","instance":"remote-b-r1","service_name":"afs-node","message":"No such file or directory (os error 2)","kind":"NotFound","code":67305473}
{"msg":"FUSE request failed","level":"ERRO","ts":"2026-10-06T21:43:00.537598271Z","instance":"remote-b-r1","service_name":"afs-node","message":"No such file or directory (os error 2)","kind":"NotFound","code":67305473}
{"msg":"FUSE request failed","level":"ERRO","ts":"2026-10-06T21:43:00.537731768Z","instance":"remote-b-r1","service_name":"afs-node","message":"No such file or directory (os error 2)","kind":"NotFound","code":67305473}
{"msg":"FUSE request failed","level":"ERRO","ts":"2026-10-06T21:43:00.537858681Z","instance":"remote-b-r1","service_name":"afs-node","message":"No such file or directory (os error 2)","kind":"NotFound","code":67305473}
{"msg":"FUSE request failed","level":"ERRO","ts":"2026-10-06T21:43:00.537977053Z","instance":"remote-b-r1","service_name":"afs-node","message":"No such file or directory (os error 2)","kind":"NotFound","code":67305473}
{"msg":"FUSE request failed","level":"ERRO","ts":"2026-10-06T21:43:00.538103716Z","instance":"remote-b-r1","service_name":"afs-node","message":"No such file or directory (os error 2)","kind":"NotFound","code":67305473}
{"msg":"FUSE request failed","level":"ERRO","ts":"2026-10-06T21:43:00.538228213Z","instance":"remote-b-r1","service_name":"afs-node","message":"No such file or directory (os error 2)","kind":"NotFound","code":67305473}
{"msg":"FUSE request failed","level":"ERRO","ts":"2026-10-06T21:43:00.538369126Z","instance":"remote-b-r1","service_name":"afs-node","message":"No such file or directory (os error 2)","kind":"NotFound","code":67305473}
{"msg":"FUSE request failed","level":"ERRO","ts":"2026-10-06T21:43:00.538491039Z","instance":"remote-b-r1","service_name":"afs-node","message":"No such file or directory (os error 2)","kind":"NotFound","code":67305473}
{"msg":"FUSE request failed","level":"ERRO","ts":"2026-10-06T21:43:00.538617619Z","instance":"remote-b-r1","service_name":"afs-node","message":"No such file or directory (os error 2)","kind":"NotFound","code":67305473}
{"msg":"FUSE request failed","level":"ERRO","ts":"2026-10-06T21:43:00.538742157Z","instance":"remote-b-r1","service_name":"afs-node","message":"No such file or directory (os error 2)","kind":"NotFound","code":67305473}
{"msg":"FUSE request failed","level":"ERRO","ts":"2026-10-06T21:43:00.538861029Z","instance":"remote-b-r1","service_name":"afs-node","message":"No such file or directory (os error 2)","kind":"NotFound","code":67305473}
{"msg":"FUSE request failed","level":"ERRO","ts":"2026-10-06T21:43:00.538992276Z","instance":"remote-b-r1","service_name":"afs-node","message":"No such file or directory (os error 2)","kind":"NotFound","code":67305473}
{"msg":"FUSE request failed","level":"ERRO","ts":"2026-10-06T21:43:00.539117356Z","instance":"remote-b-r1","service_name":"afs-node","message":"No such file or directory (os error 2)","kind":"NotFound","code":67305473}
{"msg":"FUSE request failed","level":"ERRO","ts":"2026-10-06T21:43:00.539243936Z","instance":"remote-b-r1","service_name":"afs-node","message":"No such file or directory (os error 2)","kind":"NotFound","code":67305473}
{"msg":"FUSE request failed","level":"ERRO","ts":"2026-10-06T21:43:00.539366224Z","instance":"remote-b-r1","service_name":"afs-node","message":"No such file or directory (os error 2)","kind":"NotFound","code":67305473}
{"msg":"FUSE request failed","level":"ERRO","ts":"2026-10-06T21:43:00.539484846Z","instance":"remote-b-r1","service_name":"afs-node","message":"No such file or directory (os error 2)","kind":"NotFound","code":67305473}
{"msg":"FUSE request failed","level":"ERRO","ts":"2026-10-06T21:43:00.539606926Z","instance":"remote-b-r1","service_name":"afs-node","message":"No such file or directory (os error 2)","kind":"NotFound","code":67305473}
{"msg":"FUSE request failed","level":"ERRO","ts":"2026-10-06T21:43:00.539734756Z","instance":"remote-b-r1","service_name":"afs-node","message":"No such file or directory (os error 2)","kind":"NotFound","code":67305473}
{"msg":"FUSE request failed","level":"ERRO","ts":"2026-10-06T21:43:00.539862586Z","instance":"remote-b-r1","service_name":"afs-node","message":"No such file or directory (os error 2)","kind":"NotFound","code":67305473}
{"msg":"FUSE request failed","level":"ERRO","ts":"2026-10-06T21:43:00.539989874Z","instance":"remote-b-r1","service_name":"afs-node","message":"No such file or directory (os error 2)","kind":"NotFound","code":67305473}
{"msg":"FUSE request failed","level":"ERRO","ts":"2026-10-06T21:43:00.540113329Z","instance":"remote-b-r1","service_name":"afs-node","message":"No such file or directory (os error 2)","kind":"NotFound","code":67305473}
{"msg":"FUSE request failed","level":"ERRO","ts":"2026-10-06T21:43:00.540223618Z","instance":"remote-b-r1","service_name":"afs-node","message":"No such file or directory (os error 2)","kind":"NotFound","code":67305473}
{"msg":"FUSE request failed","level":"ERRO","ts":"2026-10-06T21:43:00.54031949Z","instance":"remote-b-r1","service_name":"afs-node","message":"No such file or directory (os error 2)","kind":"NotFound","code":67305473}
{"msg":"FUSE request failed","level":"ERRO","ts":"2026-10-06T21:43:00.540430696Z","instance":"remote-b-r1","service_name":"afs-node","message":"No such file or directory (os error 2)","kind":"NotFound","code":67305473}
{"msg":"FUSE request failed","level":"ERRO","ts":"2026-10-06T21:43:00.540543984Z","instance":"remote-b-r1","service_name":"afs-node","message":"No such file or directory (os error 2)","kind":"NotFound","code":67305473}
{"msg":"FUSE request failed","level":"ERRO","ts":"2026-10-06T21:43:00.540668273Z","instance":"remote-b-r1","service_name":"afs-node","message":"No such file or directory (os error 2)","kind":"NotFound","code":67305473}
{"msg":"FUSE request failed","level":"ERRO","ts":"2026-10-06T21:43:00.540786561Z","instance":"remote-b-r1","service_name":"afs-node","message":"No such file or directory (os error 2)","kind":"NotFound","code":67305473}
{"msg":"FUSE request failed","level":"ERRO","ts":"2026-10-06T21:43:00.540907683Z","instance":"remote-b-r1","service_name":"afs-node","message":"No such file or directory (os error 2)","kind":"NotFound","code":67305473}
{"msg":"FUSE request failed","level":"ERRO","ts":"2026-10-06T21:43:00.541030763Z","instance":"remote-b-r1","service_name":"afs-node","message":"No such file or directory (os error 2)","kind":"NotFound","code":67305473}
{"msg":"FUSE request failed","level":"ERRO","ts":"2026-10-06T21:43:00.54115026Z","instance":"remote-b-r1","service_name":"afs-node","message":"No such file or directory (os error 2)","kind":"NotFound","code":67305473}
{"msg":"FUSE request failed","level":"ERRO","ts":"2026-10-06T21:43:00.541263257Z","instance":"remote-b-r1","service_name":"afs-node","message":"No such file or directory (os error 2)","kind":"NotFound","code":67305473}
{"msg":"FUSE request failed","level":"ERRO","ts":"2026-10-06T21:43:00.541380421Z","instance":"remote-b-r1","service_name":"afs-node","message":"No such file or directory (os error 2)","kind":"NotFound","code":67305473}
{"msg":"FUSE request failed","level":"ERRO","ts":"2026-10-06T21:43:00.541488459Z","instance":"remote-b-r1","service_name":"afs-node","message":"No such file or directory (os error 2)","kind":"NotFound","code":67305473}
{"msg":"FUSE request failed","level":"ERRO","ts":"2026-10-06T21:43:00.541581999Z","instance":"remote-b-r1","service_name":"afs-node","message":"No such file or directory (os error 2)","kind":"NotFound","code":67305473}
{"msg":"FUSE request failed","level":"ERRO","ts":"2026-10-06T21:43:00.541694996Z","instance":"remote-b-r1","service_name":"afs-node","message":"No such file or directory (os error 2)","kind":"NotFound","code":67305473}
{"msg":"FUSE request failed","level":"ERRO","ts":"2026-10-06T21:43:00.541821117Z","instance":"remote-b-r1","service_name":"afs-node","message":"No such file or directory (os error 2)","kind":"NotFound","code":67305473}
{"msg":"FUSE request failed","level":"ERRO","ts":"2026-10-06T21:43:00.541924114Z","instance":"remote-b-r1","service_name":"afs-node","message":"No such file or directory (os error 2)","kind":"NotFound","code":67305473}
{"msg":"FUSE request failed","level":"ERRO","ts":"2026-10-06T21:43:00.542015154Z","instance":"remote-b-r1","service_name":"afs-node","message":"No such file or directory (os error 2)","kind":"NotFound","code":67305473}
{"msg":"FUSE request failed","level":"ERRO","ts":"2026-10-06T21:43:00.542105193Z","instance":"remote-b-r1","service_name":"afs-node","message":"No such file or directory (os error 2)","kind":"NotFound","code":67305473}
{"msg":"FUSE request failed","level":"ERRO","ts":"2026-10-06T21:43:00.542192232Z","instance":"remote-b-r1","service_name":"afs-node","message":"No such file or directory (os error 2)","kind":"NotFound","code":67305473}
{"msg":"FUSE request failed","level":"ERRO","ts":"2026-10-06T21:43:00.542284271Z","instance":"remote-b-r1","service_name":"afs-node","message":"No such file or directory (os error 2)","kind":"NotFound","code":67305473}
{"msg":"FUSE request failed","level":"ERRO","ts":"2026-10-06T21:43:00.542400268Z","instance":"remote-b-r1","service_name":"afs-node","message":"No such file or directory (os error 2)","kind":"NotFound","code":67305473}
{"msg":"FUSE request failed","level":"ERRO","ts":"2026-10-06T21:43:00.542496932Z","instance":"remote-b-r1","service_name":"afs-node","message":"No such file or directory (os error 2)","kind":"NotFound","code":67305473}
{"msg":"FUSE request failed","level":"ERRO","ts":"2026-10-06T21:43:00.542595055Z","instance":"remote-b-r1","service_name":"afs-node","message":"No such file or directory (os error 2)","kind":"NotFound","code":67305473}
{"msg":"FUSE request failed","level":"ERRO","ts":"2026-10-06T21:43:00.542683844Z","instance":"remote-b-r1","service_name":"afs-node","message":"No such file or directory (os error 2)","kind":"NotFound","code":67305473}
{"msg":"FUSE request failed","level":"ERRO","ts":"2026-10-06T21:43:00.542772758Z","instance":"remote-b-r1","service_name":"afs-node","message":"No such file or directory (os error 2)","kind":"NotFound","code":67305473}
{"msg":"FUSE request failed","level":"ERRO","ts":"2026-10-06T21:43:00.542873589Z","instance":"remote-b-r1","service_name":"afs-node","message":"No such file or directory (os error 2)","kind":"NotFound","code":67305473}
{"msg":"FUSE request failed","level":"ERRO","ts":"2026-10-06T21:43:00.542966753Z","instance":"remote-b-r1","service_name":"afs-node","message":"No such file or directory (os error 2)","kind":"NotFound","code":67305473}
{"msg":"FUSE request failed","level":"ERRO","ts":"2026-10-06T21:43:00.543058293Z","instance":"remote-b-r1","service_name":"afs-node","message":"No such file or directory (os error 2)","kind":"NotFound","code":67305473}
{"msg":"FUSE request failed","level":"ERRO","ts":"2026-10-06T21:43:00.543158707Z","instance":"remote-b-r1","service_name":"afs-node","message":"No such file or directory (os error 2)","kind":"NotFound","code":67305473}
{"msg":"FUSE request failed","level":"ERRO","ts":"2026-10-06T21:43:00.543250412Z","instance":"remote-b-r1","service_name":"afs-node","message":"No such file or directory (os error 2)","kind":"NotFound","code":67305473}
{"msg":"FUSE request failed","level":"ERRO","ts":"2026-10-06T21:43:00.543340993Z","instance":"remote-b-r1","service_name":"afs-node","message":"No such file or directory (os error 2)","kind":"NotFound","code":67305473}
{"msg":"FUSE request failed","level":"ERRO","ts":"2026-10-06T21:43:00.543461657Z","instance":"remote-b-r1","service_name":"afs-node","message":"No such file or directory (os error 2)","kind":"NotFound","code":67305473}
{"msg":"FUSE request failed","level":"ERRO","ts":"2026-10-06T21:43:00.543568279Z","instance":"remote-b-r1","service_name":"afs-node","message":"No such file or directory (os error 2)","kind":"NotFound","code":67305473}
{"msg":"FUSE request failed","level":"ERRO","ts":"2026-10-06T21:43:00.543665318Z","instance":"remote-b-r1","service_name":"afs-node","message":"No such file or directory (os error 2)","kind":"NotFound","code":67305473}
{"msg":"FUSE request failed","level":"ERRO","ts":"2026-10-06T21:43:00.543753982Z","instance":"remote-b-r1","service_name":"afs-node","message":"No such file or directory (os error 2)","kind":"NotFound","code":67305473}
{"msg":"FUSE request failed","level":"ERRO","ts":"2026-10-06T21:43:00.543842688Z","instance":"remote-b-r1","service_name":"afs-node","message":"No such file or directory (os error 2)","kind":"NotFound","code":67305473}
{"msg":"FUSE request failed","level":"ERRO","ts":"2026-10-06T21:43:00.543963602Z","instance":"remote-b-r1","service_name":"afs-node","message":"No such file or directory (os error 2)","kind":"NotFound","code":67305473}
{"msg":"FUSE request failed","level":"ERRO","ts":"2026-10-06T21:43:00.544059766Z","instance":"remote-b-r1","service_name":"afs-node","message":"No such file or directory (os error 2)","kind":"NotFound","code":67305473}
{"msg":"FUSE request failed","level":"ERRO","ts":"2026-10-06T21:43:00.544174013Z","instance":"remote-b-r1","service_name":"afs-node","message":"No such file or directory (os error 2)","kind":"NotFound","code":67305473}
{"msg":"FUSE request failed","level":"ERRO","ts":"2026-10-06T21:43:00.54427526Z","instance":"remote-b-r1","service_name":"afs-node","message":"No such file or directory (os error 2)","kind":"NotFound","code":67305473}
{"msg":"FUSE request failed","level":"ERRO","ts":"2026-10-06T21:43:00.544389382Z","instance":"remote-b-r1","service_name":"afs-node","message":"No such file or directory (os error 2)","kind":"NotFound","code":67305473}
{"msg":"FUSE request failed","level":"ERRO","ts":"2026-10-06T21:43:00.544499921Z","instance":"remote-b-r1","service_name":"afs-node","message":"No such file or directory (os error 2)","kind":"NotFound","code":67305473}
{"msg":"FUSE request failed","level":"ERRO","ts":"2026-10-06T21:43:00.544596502Z","instance":"remote-b-r1","service_name":"afs-node","message":"No such file or directory (os error 2)","kind":"NotFound","code":67305473}
{"msg":"FUSE request failed","level":"ERRO","ts":"2026-10-06T21:43:00.544688624Z","instance":"remote-b-r1","service_name":"afs-node","message":"No such file or directory (os error 2)","kind":"NotFound","code":67305473}
{"msg":"FUSE request failed","level":"ERRO","ts":"2026-10-06T21:43:00.544779455Z","instance":"remote-b-r1","service_name":"afs-node","message":"No such file or directory (os error 2)","kind":"NotFound","code":67305473}
{"msg":"FUSE request failed","level":"ERRO","ts":"2026-10-06T21:43:00.544866494Z","instance":"remote-b-r1","service_name":"afs-node","message":"No such file or directory (os error 2)","kind":"NotFound","code":67305473}
{"msg":"FUSE request failed","level":"ERRO","ts":"2026-10-06T21:43:00.544963742Z","instance":"remote-b-r1","service_name":"afs-node","message":"No such file or directory (os error 2)","kind":"NotFound","code":67305473}
{"msg":"FUSE request failed","level":"ERRO","ts":"2026-10-06T21:43:00.545056489Z","instance":"remote-b-r1","service_name":"afs-node","message":"No such file or directory (os error 2)","kind":"NotFound","code":67305473}
{"msg":"FUSE request failed","level":"ERRO","ts":"2026-10-06T21:43:00.545144654Z","instance":"remote-b-r1","service_name":"afs-node","message":"No such file or directory (os error 2)","kind":"NotFound","code":67305473}
{"msg":"FUSE request failed","level":"ERRO","ts":"2026-10-06T21:43:00.545232568Z","instance":"remote-b-r1","service_name":"afs-node","message":"No such file or directory (os error 2)","kind":"NotFound","code":67305473}
{"msg":"FUSE request failed","level":"ERRO","ts":"2026-10-06T21:43:00.545330815Z","instance":"remote-b-r1","service_name":"afs-node","message":"No such file or directory (os error 2)","kind":"NotFound","code":67305473}
{"msg":"FUSE request failed","level":"ERRO","ts":"2026-10-06T21:43:00.545461812Z","instance":"remote-b-r1","service_name":"afs-node","message":"No such file or directory (os error 2)","kind":"NotFound","code":67305473}
{"msg":"FUSE request failed","level":"ERRO","ts":"2026-10-06T21:43:00.545550684Z","instance":"remote-b-r1","service_name":"afs-node","message":"No such file or directory (os error 2)","kind":"NotFound","code":67305473}
{"msg":"FUSE request failed","level":"ERRO","ts":"2026-10-06T21:43:00.545641724Z","instance":"remote-b-r1","service_name":"afs-node","message":"No such file or directory (os error 2)","kind":"NotFound","code":67305473}
{"msg":"FUSE request failed","level":"ERRO","ts":"2026-10-06T21:43:00.545740679Z","instance":"remote-b-r1","service_name":"afs-node","message":"No such file or directory (os error 2)","kind":"NotFound","code":67305473}
{"msg":"FUSE request failed","level":"ERRO","ts":"2026-10-06T21:43:00.545862343Z","instance":"remote-b-r1","service_name":"afs-node","message":"No such file or directory (os error 2)","kind":"NotFound","code":67305473}
{"msg":"FUSE request failed","level":"ERRO","ts":"2026-10-06T21:43:00.545967798Z","instance":"remote-b-r1","service_name":"afs-node","message":"No such file or directory (os error 2)","kind":"NotFound","code":67305473}
{"msg":"FUSE request failed","level":"ERRO","ts":"2026-10-06T21:43:00.546064879Z","instance":"remote-b-r1","service_name":"afs-node","message":"No such file or directory (os error 2)","kind":"NotFound","code":67305473}
{"msg":"FUSE request failed","level":"ERRO","ts":"2026-10-06T21:43:00.546182084Z","instance":"remote-b-r1","service_name":"afs-node","message":"No such file or directory (os error 2)","kind":"NotFound","code":67305473}
{"msg":"FUSE request failed","level":"ERRO","ts":"2026-10-06T21:43:00.546271124Z","instance":"remote-b-r1","service_name":"afs-node","message":"No such file or directory (os error 2)","kind":"NotFound","code":67305473}
{"msg":"FUSE request failed","level":"ERRO","ts":"2026-10-06T21:43:00.54638762Z","instance":"remote-b-r1","service_name":"afs-node","message":"No such file or directory (os error 2)","kind":"NotFound","code":67305473}
{"msg":"FUSE request failed","level":"ERRO","ts":"2026-10-06T21:43:00.546481535Z","instance":"remote-b-r1","service_name":"afs-node","message":"No such file or directory (os error 2)","kind":"NotFound","code":67305473}
{"msg":"FUSE request failed","level":"ERRO","ts":"2026-10-06T21:43:00.546571116Z","instance":"remote-b-r1","service_name":"afs-node","message":"No such file or directory (os error 2)","kind":"NotFound","code":67305473}
{"msg":"FUSE request failed","level":"ERRO","ts":"2026-10-06T21:43:00.546662072Z","instance":"remote-b-r1","service_name":"afs-node","message":"No such file or directory (os error 2)","kind":"NotFound","code":67305473}
{"msg":"FUSE request failed","level":"ERRO","ts":"2026-10-06T21:43:00.546748986Z","instance":"remote-b-r1","service_name":"afs-node","message":"No such file or directory (os error 2)","kind":"NotFound","code":67305473}
{"msg":"FUSE request failed","level":"ERRO","ts":"2026-10-06T21:43:00.546862233Z","instance":"remote-b-r1","service_name":"afs-node","message":"No such file or directory (os error 2)","kind":"NotFound","code":67305473}
{"msg":"FUSE request failed","level":"ERRO","ts":"2026-10-06T21:43:00.546963438Z","instance":"remote-b-r1","service_name":"afs-node","message":"No such file or directory (os error 2)","kind":"NotFound","code":67305473}
{"msg":"FUSE request failed","level":"ERRO","ts":"2026-10-06T21:43:00.54707606Z","instance":"remote-b-r1","service_name":"afs-node","message":"No such file or directory (os error 2)","kind":"NotFound","code":67305473}
{"msg":"FUSE request failed","level":"ERRO","ts":"2026-10-06T21:43:00.547167225Z","instance":"remote-b-r1","service_name":"afs-node","message":"No such file or directory (os error 2)","kind":"NotFound","code":67305473}
{"msg":"FUSE request failed","level":"ERRO","ts":"2026-10-06T21:43:00.547254347Z","instance":"remote-b-r1","service_name":"afs-node","message":"No such file or directory (os error 2)","kind":"NotFound","code":67305473}
{"msg":"FUSE request failed","level":"ERRO","ts":"2026-10-06T21:43:00.547344637Z","instance":"remote-b-r1","service_name":"afs-node","message":"No such file or directory (os error 2)","kind":"NotFound","code":67305473}
{"msg":"FUSE request failed","level":"ERRO","ts":"2026-10-06T21:43:00.547436009Z","instance":"remote-b-r1","service_name":"afs-node","message":"No such file or directory (os error 2)","kind":"NotFound","code":67305473}
{"msg":"FUSE request failed","level":"ERRO","ts":"2026-10-06T21:43:00.54752334Z","instance":"remote-b-r1","service_name":"afs-node","message":"No such file or directory (os error 2)","kind":"NotFound","code":67305473}
{"msg":"FUSE request failed","level":"ERRO","ts":"2026-10-06T21:43:00.547633212Z","instance":"remote-b-r1","service_name":"afs-node","message":"No such file or directory (os error 2)","kind":"NotFound","code":67305473}
{"msg":"FUSE request failed","level":"ERRO","ts":"2026-10-06T21:43:00.547747501Z","instance":"remote-b-r1","service_name":"afs-node","message":"No such file or directory (os error 2)","kind":"NotFound","code":67305473}
{"msg":"FUSE request failed","level":"ERRO","ts":"2026-10-06T21:43:00.547849832Z","instance":"remote-b-r1","service_name":"afs-node","message":"No such file or directory (os error 2)","kind":"NotFound","code":67305473}
{"msg":"FUSE request failed","level":"ERRO","ts":"2026-10-06T21:43:00.547944037Z","instance":"remote-b-r1","service_name":"afs-node","message":"No such file or directory (os error 2)","kind":"NotFound","code":67305473}
{"msg":"FUSE request failed","level":"ERRO","ts":"2026-10-06T21:43:00.548031202Z","instance":"remote-b-r1","service_name":"afs-node","message":"No such file or directory (os error 2)","kind":"NotFound","code":67305473}
{"msg":"FUSE request failed","level":"ERRO","ts":"2026-10-06T21:43:00.548117991Z","instance":"remote-b-r1","service_name":"afs-node","message":"No such file or directory (os error 2)","kind":"NotFound","code":67305473}
{"msg":"FUSE request failed","level":"ERRO","ts":"2026-10-06T21:43:00.548214822Z","instance":"remote-b-r1","service_name":"afs-node","message":"No such file or directory (os error 2)","kind":"NotFound","code":67305473}
{"msg":"FUSE request failed","level":"ERRO","ts":"2026-10-06T21:43:00.548335152Z","instance":"remote-b-r1","service_name":"afs-node","message":"No such file or directory (os error 2)","kind":"NotFound","code":67305473}
{"msg":"FUSE request failed","level":"ERRO","ts":"2026-10-06T21:43:00.548426774Z","instance":"remote-b-r1","service_name":"afs-node","message":"No such file or directory (os error 2)","kind":"NotFound","code":67305473}
{"msg":"FUSE request failed","level":"ERRO","ts":"2026-10-06T21:43:00.548513772Z","instance":"remote-b-r1","service_name":"afs-node","message":"No such file or directory (os error 2)","kind":"NotFound","code":67305473}
{"msg":"FUSE request failed","level":"ERRO","ts":"2026-10-06T21:43:00.548602853Z","instance":"remote-b-r1","service_name":"afs-node","message":"No such file or directory (os error 2)","kind":"NotFound","code":67305473}
{"msg":"services.stopped","level":"INFO","ts":"2026-10-06T21:44:39.761093072Z","instance":"remote-b-r1","service_name":"afs-node"}
