{"msg":"Mounting /mnt/lima-afsadata/afs-delivery/owner-remote-delete-6d-bhome-20261007-r1/mount/ownerfs","level":"INFO","ts":"2026-10-06T23:13:39.890792406Z","instance":"remote-a-r1","service_name":"afs-node"}
{"msg":"node.ready","level":"INFO","ts":"2026-10-06T23:13:39.892878011Z","instance":"remote-a-r1","service_name":"afs-node","dfs":false,"ownerfs":true,"uds":"/mnt/lima-afsadata/afs-delivery/owner-remote-delete-6d-bhome-20261007-r1/run/node.sock","rest":"0.0.0.0:23501","grpc":"0.0.0.0:23500"}
{"msg":"FUSE request failed","level":"ERRO","ts":"2026-10-06T23:14:53.325809314Z","instance":"remote-a-r1","service_name":"afs-node","message":"No such file or directory (os error 2)","kind":"NotFound","code":67305473}
{"msg":"FUSE request failed","level":"ERRO","ts":"2026-10-06T23:14:53.328354416Z","instance":"remote-a-r1","service_name":"afs-node","message":"No such file or directory (os error 2)","kind":"NotFound","code":67305473}
{"msg":"fuse.create","level":"INFO","ts":"2026-10-06T23:14:53.328363916Z","instance":"remote-a-r1","service_name":"afs-node","name":"entry-0000.bin","parent":4}
{"msg":"FUSE request failed","level":"ERRO","ts":"2026-10-06T23:14:53.331525846Z","instance":"remote-a-r1","service_name":"afs-node","message":"No such file or directory (os error 2)","kind":"NotFound","code":67305473}
{"msg":"fuse.create","level":"INFO","ts":"2026-10-06T23:14:53.331542138Z","instance":"remote-a-r1","service_name":"afs-node","name":"entry-0001.bin","parent":4}
{"msg":"FUSE request failed","level":"ERRO","ts":"2026-10-06T23:14:53.334678652Z","instance":"remote-a-r1","service_name":"afs-node","message":"No such file or directory (os error 2)","kind":"NotFound","code":67305473}
{"msg":"fuse.create","level":"INFO","ts":"2026-10-06T23:14:53.334684693Z","instance":"remote-a-r1","service_name":"afs-node","name":"entry-0002.bin","parent":4}
{"msg":"FUSE request failed","level":"ERRO","ts":"2026-10-06T23:14:53.337515335Z","instance":"remote-a-r1","service_name":"afs-node","message":"No such file or directory (os error 2)","kind":"NotFound","code":67305473}
{"msg":"fuse.create","level":"INFO","ts":"2026-10-06T23:14:53.33753521Z","instance":"remote-a-r1","service_name":"afs-node","name":"entry-0003.bin","parent":4}
{"msg":"FUSE request failed","level":"ERRO","ts":"2026-10-06T23:14:53.340178895Z","instance":"remote-a-r1","service_name":"afs-node","message":"No such file or directory (os error 2)","kind":"NotFound","code":67305473}
{"msg":"fuse.create","level":"INFO","ts":"2026-10-06T23:14:53.340196728Z","instance":"remote-a-r1","service_name":"afs-node","name":"entry-0004.bin","parent":4}
{"msg":"FUSE request failed","level":"ERRO","ts":"2026-10-06T23:14:53.342896121Z","instance":"remote-a-r1","service_name":"afs-node","message":"No such file or directory (os error 2)","kind":"NotFound","code":67305473}
{"msg":"fuse.create","level":"INFO","ts":"2026-10-06T23:14:53.342922704Z","instance":"remote-a-r1","service_name":"afs-node","name":"entry-0005.bin","parent":4}
{"msg":"FUSE request failed","level":"ERRO","ts":"2026-10-06T23:14:53.345347891Z","instance":"remote-a-r1","service_name":"afs-node","message":"No such file or directory (os error 2)","kind":"NotFound","code":67305473}
{"msg":"fuse.create","level":"INFO","ts":"2026-10-06T23:14:53.345355641Z","instance":"remote-a-r1","service_name":"afs-node","name":"entry-0006.bin","parent":4}
{"msg":"FUSE request failed","level":"ERRO","ts":"2026-10-06T23:14:53.347685412Z","instance":"remote-a-r1","service_name":"afs-node","message":"No such file or directory (os error 2)","kind":"NotFound","code":67305473}
{"msg":"fuse.create","level":"INFO","ts":"2026-10-06T23:14:53.347704578Z","instance":"remote-a-r1","service_name":"afs-node","name":"entry-0007.bin","parent":4}
{"msg":"FUSE request failed","level":"ERRO","ts":"2026-10-06T23:14:53.350425179Z","instance":"remote-a-r1","service_name":"afs-node","message":"No such file or directory (os error 2)","kind":"NotFound","code":67305473}
{"msg":"fuse.create","level":"INFO","ts":"2026-10-06T23:14:53.350447304Z","instance":"remote-a-r1","service_name":"afs-node","name":"entry-0008.bin","parent":4}
{"msg":"FUSE request failed","level":"ERRO","ts":"2026-10-06T23:14:53.352729784Z","instance":"remote-a-r1","service_name":"afs-node","message":"No such file or directory (os error 2)","kind":"NotFound","code":67305473}
{"msg":"fuse.create","level":"INFO","ts":"2026-10-06T23:14:53.352732951Z","instance":"remote-a-r1","service_name":"afs-node","name":"entry-0009.bin","parent":4}
{"msg":"FUSE request failed","level":"ERRO","ts":"2026-10-06T23:14:53.355033889Z","instance":"remote-a-r1","service_name":"afs-node","message":"No such file or directory (os error 2)","kind":"NotFound","code":67305473}
{"msg":"fuse.create","level":"INFO","ts":"2026-10-06T23:14:53.355046597Z","instance":"remote-a-r1","service_name":"afs-node","name":"entry-0010.bin","parent":4}
{"msg":"FUSE request failed","level":"ERRO","ts":"2026-10-06T23:14:53.357602283Z","instance":"remote-a-r1","service_name":"afs-node","message":"No such file or directory (os error 2)","kind":"NotFound","code":67305473}
{"msg":"fuse.create","level":"INFO","ts":"2026-10-06T23:14:53.357618407Z","instance":"remote-a-r1","service_name":"afs-node","name":"entry-0011.bin","parent":4}
{"msg":"FUSE request failed","level":"ERRO","ts":"2026-10-06T23:14:53.359861804Z","instance":"remote-a-r1","service_name":"afs-node","message":"No such file or directory (os error 2)","kind":"NotFound","code":67305473}
{"msg":"fuse.create","level":"INFO","ts":"2026-10-06T23:14:53.359905387Z","instance":"remote-a-r1","service_name":"afs-node","name":"entry-0012.bin","parent":4}
{"msg":"FUSE request failed","level":"ERRO","ts":"2026-10-06T23:14:53.36245749Z","instance":"remote-a-r1","service_name":"afs-node","message":"No such file or directory (os error 2)","kind":"NotFound","code":67305473}
{"msg":"fuse.create","level":"INFO","ts":"2026-10-06T23:14:53.362476115Z","instance":"remote-a-r1","service_name":"afs-node","name":"entry-0013.bin","parent":4}
{"msg":"FUSE request failed","level":"ERRO","ts":"2026-10-06T23:14:53.364978717Z","instance":"remote-a-r1","service_name":"afs-node","message":"No such file or directory (os error 2)","kind":"NotFound","code":67305473}
{"msg":"fuse.create","level":"INFO","ts":"2026-10-06T23:14:53.365002967Z","instance":"remote-a-r1","service_name":"afs-node","name":"entry-0014.bin","parent":4}
{"msg":"FUSE request failed","level":"ERRO","ts":"2026-10-06T23:14:53.36729053Z","instance":"remote-a-r1","service_name":"afs-node","message":"No such file or directory (os error 2)","kind":"NotFound","code":67305473}
{"msg":"fuse.create","level":"INFO","ts":"2026-10-06T23:14:53.36731803Z","instance":"remote-a-r1","service_name":"afs-node","name":"entry-0015.bin","parent":4}
{"msg":"FUSE request failed","level":"ERRO","ts":"2026-10-06T23:14:53.369924757Z","instance":"remote-a-r1","service_name":"afs-node","message":"No such file or directory (os error 2)","kind":"NotFound","code":67305473}
{"msg":"fuse.create","level":"INFO","ts":"2026-10-06T23:14:53.369966298Z","instance":"remote-a-r1","service_name":"afs-node","name":"entry-0016.bin","parent":4}
{"msg":"FUSE request failed","level":"ERRO","ts":"2026-10-06T23:14:53.372231028Z","instance":"remote-a-r1","service_name":"afs-node","message":"No such file or directory (os error 2)","kind":"NotFound","code":67305473}
{"msg":"fuse.create","level":"INFO","ts":"2026-10-06T23:14:53.372239653Z","instance":"remote-a-r1","service_name":"afs-node","name":"entry-0017.bin","parent":4}
{"msg":"FUSE request failed","level":"ERRO","ts":"2026-10-06T23:14:53.374780839Z","instance":"remote-a-r1","service_name":"afs-node","message":"No such file or directory (os error 2)","kind":"NotFound","code":67305473}
{"msg":"fuse.create","level":"INFO","ts":"2026-10-06T23:14:53.374802631Z","instance":"remote-a-r1","service_name":"afs-node","name":"entry-0018.bin","parent":4}
{"msg":"FUSE request failed","level":"ERRO","ts":"2026-10-06T23:14:53.377080777Z","instance":"remote-a-r1","service_name":"afs-node","message":"No such file or directory (os error 2)","kind":"NotFound","code":67305473}
{"msg":"fuse.create","level":"INFO","ts":"2026-10-06T23:14:53.377105277Z","instance":"remote-a-r1","service_name":"afs-node","name":"entry-0019.bin","parent":4}
{"msg":"FUSE request failed","level":"ERRO","ts":"2026-10-06T23:14:53.379351465Z","instance":"remote-a-r1","service_name":"afs-node","message":"No such file or directory (os error 2)","kind":"NotFound","code":67305473}
{"msg":"fuse.create","level":"INFO","ts":"2026-10-06T23:14:53.379363715Z","instance":"remote-a-r1","service_name":"afs-node","name":"entry-0020.bin","parent":4}
{"msg":"FUSE request failed","level":"ERRO","ts":"2026-10-06T23:14:53.381542946Z","instance":"remote-a-r1","service_name":"afs-node","message":"No such file or directory (os error 2)","kind":"NotFound","code":67305473}
{"msg":"fuse.create","level":"INFO","ts":"2026-10-06T23:14:53.381558696Z","instance":"remote-a-r1","service_name":"afs-node","name":"entry-0021.bin","parent":4}
{"msg":"FUSE request failed","level":"ERRO","ts":"2026-10-06T23:14:53.384078299Z","instance":"remote-a-r1","service_name":"afs-node","message":"No such file or directory (os error 2)","kind":"NotFound","code":67305473}
{"msg":"fuse.create","level":"INFO","ts":"2026-10-06T23:14:53.384102257Z","instance":"remote-a-r1","service_name":"afs-node","name":"entry-0022.bin","parent":4}
{"msg":"FUSE request failed","level":"ERRO","ts":"2026-10-06T23:14:53.38636007Z","instance":"remote-a-r1","service_name":"afs-node","message":"No such file or directory (os error 2)","kind":"NotFound","code":67305473}
{"msg":"fuse.create","level":"INFO","ts":"2026-10-06T23:14:53.386377237Z","instance":"remote-a-r1","service_name":"afs-node","name":"entry-0023.bin","parent":4}
{"msg":"FUSE request failed","level":"ERRO","ts":"2026-10-06T23:14:53.388960505Z","instance":"remote-a-r1","service_name":"afs-node","message":"No such file or directory (os error 2)","kind":"NotFound","code":67305473}
{"msg":"fuse.create","level":"INFO","ts":"2026-10-06T23:14:53.389010172Z","instance":"remote-a-r1","service_name":"afs-node","name":"entry-0024.bin","parent":4}
{"msg":"FUSE request failed","level":"ERRO","ts":"2026-10-06T23:14:53.391474733Z","instance":"remote-a-r1","service_name":"afs-node","message":"No such file or directory (os error 2)","kind":"NotFound","code":67305473}
{"msg":"fuse.create","level":"INFO","ts":"2026-10-06T23:14:53.391485233Z","instance":"remote-a-r1","service_name":"afs-node","name":"entry-0025.bin","parent":4}
{"msg":"FUSE request failed","level":"ERRO","ts":"2026-10-06T23:14:53.393813671Z","instance":"remote-a-r1","service_name":"afs-node","message":"No such file or directory (os error 2)","kind":"NotFound","code":67305473}
{"msg":"fuse.create","level":"INFO","ts":"2026-10-06T23:14:53.393837379Z","instance":"remote-a-r1","service_name":"afs-node","name":"entry-0026.bin","parent":4}
{"msg":"FUSE request failed","level":"ERRO","ts":"2026-10-06T23:14:53.396013068Z","instance":"remote-a-r1","service_name":"afs-node","message":"No such file or directory (os error 2)","kind":"NotFound","code":67305473}
{"msg":"fuse.create","level":"INFO","ts":"2026-10-06T23:14:53.39601761Z","instance":"remote-a-r1","service_name":"afs-node","name":"entry-0027.bin","parent":4}
{"msg":"FUSE request failed","level":"ERRO","ts":"2026-10-06T23:14:53.398214757Z","instance":"remote-a-r1","service_name":"afs-node","message":"No such file or directory (os error 2)","kind":"NotFound","code":67305473}
{"msg":"fuse.create","level":"INFO","ts":"2026-10-06T23:14:53.398230882Z","instance":"remote-a-r1","service_name":"afs-node","name":"entry-0028.bin","parent":4}
{"msg":"FUSE request failed","level":"ERRO","ts":"2026-10-06T23:14:53.400416654Z","instance":"remote-a-r1","service_name":"afs-node","message":"No such file or directory (os error 2)","kind":"NotFound","code":67305473}
{"msg":"fuse.create","level":"INFO","ts":"2026-10-06T23:14:53.400436071Z","instance":"remote-a-r1","service_name":"afs-node","name":"entry-0029.bin","parent":4}
{"msg":"FUSE request failed","level":"ERRO","ts":"2026-10-06T23:14:53.402726467Z","instance":"remote-a-r1","service_name":"afs-node","message":"No such file or directory (os error 2)","kind":"NotFound","code":67305473}
{"msg":"fuse.create","level":"INFO","ts":"2026-10-06T23:14:53.402753759Z","instance":"remote-a-r1","service_name":"afs-node","name":"entry-0030.bin","parent":4}
{"msg":"FUSE request failed","level":"ERRO","ts":"2026-10-06T23:14:53.405265445Z","instance":"remote-a-r1","service_name":"afs-node","message":"No such file or directory (os error 2)","kind":"NotFound","code":67305473}
{"msg":"fuse.create","level":"INFO","ts":"2026-10-06T23:14:53.405268653Z","instance":"remote-a-r1","service_name":"afs-node","name":"entry-0031.bin","parent":4}
{"msg":"FUSE request failed","level":"ERRO","ts":"2026-10-06T23:14:53.407504842Z","instance":"remote-a-r1","service_name":"afs-node","message":"No such file or directory (os error 2)","kind":"NotFound","code":67305473}
{"msg":"fuse.create","level":"INFO","ts":"2026-10-06T23:14:53.407516467Z","instance":"remote-a-r1","service_name":"afs-node","name":"entry-0032.bin","parent":4}
{"msg":"FUSE request failed","level":"ERRO","ts":"2026-10-06T23:14:53.409748863Z","instance":"remote-a-r1","service_name":"afs-node","message":"No such file or directory (os error 2)","kind":"NotFound","code":67305473}
{"msg":"fuse.create","level":"INFO","ts":"2026-10-06T23:14:53.40976078Z","instance":"remote-a-r1","service_name":"afs-node","name":"entry-0033.bin","parent":4}
{"msg":"FUSE request failed","level":"ERRO","ts":"2026-10-06T23:14:53.411990177Z","instance":"remote-a-r1","service_name":"afs-node","message":"No such file or directory (os error 2)","kind":"NotFound","code":67305473}
{"msg":"fuse.create","level":"INFO","ts":"2026-10-06T23:14:53.412030677Z","instance":"remote-a-r1","service_name":"afs-node","name":"entry-0034.bin","parent":4}
{"msg":"FUSE request failed","level":"ERRO","ts":"2026-10-06T23:14:53.414137616Z","instance":"remote-a-r1","service_name":"afs-node","message":"No such file or directory (os error 2)","kind":"NotFound","code":67305473}
{"msg":"fuse.create","level":"INFO","ts":"2026-10-06T23:14:53.414162616Z","instance":"remote-a-r1","service_name":"afs-node","name":"entry-0035.bin","parent":4}
{"msg":"FUSE request failed","level":"ERRO","ts":"2026-10-06T23:14:53.416466012Z","instance":"remote-a-r1","service_name":"afs-node","message":"No such file or directory (os error 2)","kind":"NotFound","code":67305473}
{"msg":"fuse.create","level":"INFO","ts":"2026-10-06T23:14:53.416508929Z","instance":"remote-a-r1","service_name":"afs-node","name":"entry-0036.bin","parent":4}
{"msg":"FUSE request failed","level":"ERRO","ts":"2026-10-06T23:14:53.419218655Z","instance":"remote-a-r1","service_name":"afs-node","message":"No such file or directory (os error 2)","kind":"NotFound","code":67305473}
{"msg":"fuse.create","level":"INFO","ts":"2026-10-06T23:14:53.419238655Z","instance":"remote-a-r1","service_name":"afs-node","name":"entry-0037.bin","parent":4}
{"msg":"FUSE request failed","level":"ERRO","ts":"2026-10-06T23:14:53.421437552Z","instance":"remote-a-r1","service_name":"afs-node","message":"No such file or directory (os error 2)","kind":"NotFound","code":67305473}
{"msg":"fuse.create","level":"INFO","ts":"2026-10-06T23:14:53.421451552Z","instance":"remote-a-r1","service_name":"afs-node","name":"entry-0038.bin","parent":4}
{"msg":"FUSE request failed","level":"ERRO","ts":"2026-10-06T23:14:53.423986863Z","instance":"remote-a-r1","service_name":"afs-node","message":"No such file or directory (os error 2)","kind":"NotFound","code":67305473}
{"msg":"fuse.create","level":"INFO","ts":"2026-10-06T23:14:53.423999571Z","instance":"remote-a-r1","service_name":"afs-node","name":"entry-0039.bin","parent":4}
{"msg":"FUSE request failed","level":"ERRO","ts":"2026-10-06T23:14:53.426585381Z","instance":"remote-a-r1","service_name":"afs-node","message":"No such file or directory (os error 2)","kind":"NotFound","code":67305473}
{"msg":"fuse.create","level":"INFO","ts":"2026-10-06T23:14:53.426615006Z","instance":"remote-a-r1","service_name":"afs-node","name":"entry-0040.bin","parent":4}
{"msg":"FUSE request failed","level":"ERRO","ts":"2026-10-06T23:14:53.428882528Z","instance":"remote-a-r1","service_name":"afs-node","message":"No such file or directory (os error 2)","kind":"NotFound","code":67305473}
{"msg":"fuse.create","level":"INFO","ts":"2026-10-06T23:14:53.428905528Z","instance":"remote-a-r1","service_name":"afs-node","name":"entry-0041.bin","parent":4}
{"msg":"FUSE request failed","level":"ERRO","ts":"2026-10-06T23:14:53.431905959Z","instance":"remote-a-r1","service_name":"afs-node","message":"No such file or directory (os error 2)","kind":"NotFound","code":67305473}
{"msg":"fuse.create","level":"INFO","ts":"2026-10-06T23:14:53.431930917Z","instance":"remote-a-r1","service_name":"afs-node","name":"entry-0042.bin","parent":4}
{"msg":"FUSE request failed","level":"ERRO","ts":"2026-10-06T23:14:53.434756351Z","instance":"remote-a-r1","service_name":"afs-node","message":"No such file or directory (os error 2)","kind":"NotFound","code":67305473}
{"msg":"fuse.create","level":"INFO","ts":"2026-10-06T23:14:53.434778309Z","instance":"remote-a-r1","service_name":"afs-node","name":"entry-0043.bin","parent":4}
{"msg":"FUSE request failed","level":"ERRO","ts":"2026-10-06T23:14:53.436996498Z","instance":"remote-a-r1","service_name":"afs-node","message":"No such file or directory (os error 2)","kind":"NotFound","code":67305473}
{"msg":"fuse.create","level":"INFO","ts":"2026-10-06T23:14:53.437000414Z","instance":"remote-a-r1","service_name":"afs-node","name":"entry-0044.bin","parent":4}
{"msg":"FUSE request failed","level":"ERRO","ts":"2026-10-06T23:14:53.439426226Z","instance":"remote-a-r1","service_name":"afs-node","message":"No such file or directory (os error 2)","kind":"NotFound","code":67305473}
{"msg":"fuse.create","level":"INFO","ts":"2026-10-06T23:14:53.439443268Z","instance":"remote-a-r1","service_name":"afs-node","name":"entry-0045.bin","parent":4}
{"msg":"FUSE request failed","level":"ERRO","ts":"2026-10-06T23:14:53.441807372Z","instance":"remote-a-r1","service_name":"afs-node","message":"No such file or directory (os error 2)","kind":"NotFound","code":67305473}
{"msg":"fuse.create","level":"INFO","ts":"2026-10-06T23:14:53.441849996Z","instance":"remote-a-r1","service_name":"afs-node","name":"entry-0046.bin","parent":4}
{"msg":"FUSE request failed","level":"ERRO","ts":"2026-10-06T23:14:53.444070102Z","instance":"remote-a-r1","service_name":"afs-node","message":"No such file or directory (os error 2)","kind":"NotFound","code":67305473}
{"msg":"fuse.create","level":"INFO","ts":"2026-10-06T23:14:53.444097977Z","instance":"remote-a-r1","service_name":"afs-node","name":"entry-0047.bin","parent":4}
{"msg":"FUSE request failed","level":"ERRO","ts":"2026-10-06T23:14:53.446620121Z","instance":"remote-a-r1","service_name":"afs-node","message":"No such file or directory (os error 2)","kind":"NotFound","code":67305473}
{"msg":"fuse.create","level":"INFO","ts":"2026-10-06T23:14:53.446637537Z","instance":"remote-a-r1","service_name":"afs-node","name":"entry-0048.bin","parent":4}
{"msg":"FUSE request failed","level":"ERRO","ts":"2026-10-06T23:14:53.448822018Z","instance":"remote-a-r1","service_name":"afs-node","message":"No such file or directory (os error 2)","kind":"NotFound","code":67305473}
{"msg":"fuse.create","level":"INFO","ts":"2026-10-06T23:14:53.448845476Z","instance":"remote-a-r1","service_name":"afs-node","name":"entry-0049.bin","parent":4}
{"msg":"FUSE request failed","level":"ERRO","ts":"2026-10-06T23:14:53.451326579Z","instance":"remote-a-r1","service_name":"afs-node","message":"No such file or directory (os error 2)","kind":"NotFound","code":67305473}
{"msg":"fuse.create","level":"INFO","ts":"2026-10-06T23:14:53.451342538Z","instance":"remote-a-r1","service_name":"afs-node","name":"entry-0050.bin","parent":4}
{"msg":"FUSE request failed","level":"ERRO","ts":"2026-10-06T23:14:53.453574851Z","instance":"remote-a-r1","service_name":"afs-node","message":"No such file or directory (os error 2)","kind":"NotFound","code":67305473}
{"msg":"fuse.create","level":"INFO","ts":"2026-10-06T23:14:53.453603184Z","instance":"remote-a-r1","service_name":"afs-node","name":"entry-0051.bin","parent":4}
{"msg":"FUSE request failed","level":"ERRO","ts":"2026-10-06T23:14:53.456154662Z","instance":"remote-a-r1","service_name":"afs-node","message":"No such file or directory (os error 2)","kind":"NotFound","code":67305473}
{"msg":"fuse.create","level":"INFO","ts":"2026-10-06T23:14:53.456172662Z","instance":"remote-a-r1","service_name":"afs-node","name":"entry-0052.bin","parent":4}
{"msg":"FUSE request failed","level":"ERRO","ts":"2026-10-06T23:14:53.458480891Z","instance":"remote-a-r1","service_name":"afs-node","message":"No such file or directory (os error 2)","kind":"NotFound","code":67305473}
{"msg":"fuse.create","level":"INFO","ts":"2026-10-06T23:14:53.458502433Z","instance":"remote-a-r1","service_name":"afs-node","name":"entry-0053.bin","parent":4}
{"msg":"FUSE request failed","level":"ERRO","ts":"2026-10-06T23:14:53.460842079Z","instance":"remote-a-r1","service_name":"afs-node","message":"No such file or directory (os error 2)","kind":"NotFound","code":67305473}
{"msg":"fuse.create","level":"INFO","ts":"2026-10-06T23:14:53.460861662Z","instance":"remote-a-r1","service_name":"afs-node","name":"entry-0054.bin","parent":4}
{"msg":"FUSE request failed","level":"ERRO","ts":"2026-10-06T23:14:53.463162725Z","instance":"remote-a-r1","service_name":"afs-node","message":"No such file or directory (os error 2)","kind":"NotFound","code":67305473}
{"msg":"fuse.create","level":"INFO","ts":"2026-10-06T23:14:53.463180641Z","instance":"remote-a-r1","service_name":"afs-node","name":"entry-0055.bin","parent":4}
{"msg":"FUSE request failed","level":"ERRO","ts":"2026-10-06T23:14:53.466101699Z","instance":"remote-a-r1","service_name":"afs-node","message":"No such file or directory (os error 2)","kind":"NotFound","code":67305473}
{"msg":"fuse.create","level":"INFO","ts":"2026-10-06T23:14:53.466128324Z","instance":"remote-a-r1","service_name":"afs-node","name":"entry-0056.bin","parent":4}
{"msg":"FUSE request failed","level":"ERRO","ts":"2026-10-06T23:14:53.468306388Z","instance":"remote-a-r1","service_name":"afs-node","message":"No such file or directory (os error 2)","kind":"NotFound","code":67305473}
{"msg":"fuse.create","level":"INFO","ts":"2026-10-06T23:14:53.468323638Z","instance":"remote-a-r1","service_name":"afs-node","name":"entry-0057.bin","parent":4}
{"msg":"FUSE request failed","level":"ERRO","ts":"2026-10-06T23:14:53.470523118Z","instance":"remote-a-r1","service_name":"afs-node","message":"No such file or directory (os error 2)","kind":"NotFound","code":67305473}
{"msg":"fuse.create","level":"INFO","ts":"2026-10-06T23:14:53.470546618Z","instance":"remote-a-r1","service_name":"afs-node","name":"entry-0058.bin","parent":4}
{"msg":"FUSE request failed","level":"ERRO","ts":"2026-10-06T23:14:53.472687932Z","instance":"remote-a-r1","service_name":"afs-node","message":"No such file or directory (os error 2)","kind":"NotFound","code":67305473}
{"msg":"fuse.create","level":"INFO","ts":"2026-10-06T23:14:53.472703599Z","instance":"remote-a-r1","service_name":"afs-node","name":"entry-0059.bin","parent":4}
{"msg":"FUSE request failed","level":"ERRO","ts":"2026-10-06T23:14:53.474929954Z","instance":"remote-a-r1","service_name":"afs-node","message":"No such file or directory (os error 2)","kind":"NotFound","code":67305473}
{"msg":"fuse.create","level":"INFO","ts":"2026-10-06T23:14:53.474948204Z","instance":"remote-a-r1","service_name":"afs-node","name":"entry-0060.bin","parent":4}
{"msg":"FUSE request failed","level":"ERRO","ts":"2026-10-06T23:14:53.477094768Z","instance":"remote-a-r1","service_name":"afs-node","message":"No such file or directory (os error 2)","kind":"NotFound","code":67305473}
{"msg":"fuse.create","level":"INFO","ts":"2026-10-06T23:14:53.477110393Z","instance":"remote-a-r1","service_name":"afs-node","name":"entry-0061.bin","parent":4}
{"msg":"FUSE request failed","level":"ERRO","ts":"2026-10-06T23:14:53.479334915Z","instance":"remote-a-r1","service_name":"afs-node","message":"No such file or directory (os error 2)","kind":"NotFound","code":67305473}
{"msg":"fuse.create","level":"INFO","ts":"2026-10-06T23:14:53.479358332Z","instance":"remote-a-r1","service_name":"afs-node","name":"entry-0062.bin","parent":4}
{"msg":"FUSE request failed","level":"ERRO","ts":"2026-10-06T23:14:53.481599937Z","instance":"remote-a-r1","service_name":"afs-node","message":"No such file or directory (os error 2)","kind":"NotFound","code":67305473}
{"msg":"fuse.create","level":"INFO","ts":"2026-10-06T23:14:53.481615145Z","instance":"remote-a-r1","service_name":"afs-node","name":"entry-0063.bin","parent":4}
{"msg":"FUSE request failed","level":"ERRO","ts":"2026-10-06T23:14:53.484215747Z","instance":"remote-a-r1","service_name":"afs-node","message":"No such file or directory (os error 2)","kind":"NotFound","code":67305473}
{"msg":"fuse.create","level":"INFO","ts":"2026-10-06T23:14:53.484219664Z","instance":"remote-a-r1","service_name":"afs-node","name":"entry-0064.bin","parent":4}
{"msg":"FUSE request failed","level":"ERRO","ts":"2026-10-06T23:14:53.486462811Z","instance":"remote-a-r1","service_name":"afs-node","message":"No such file or directory (os error 2)","kind":"NotFound","code":67305473}
{"msg":"fuse.create","level":"INFO","ts":"2026-10-06T23:14:53.486501477Z","instance":"remote-a-r1","service_name":"afs-node","name":"entry-0065.bin","parent":4}
{"msg":"FUSE request failed","level":"ERRO","ts":"2026-10-06T23:14:53.488676041Z","instance":"remote-a-r1","service_name":"afs-node","message":"No such file or directory (os error 2)","kind":"NotFound","code":67305473}
{"msg":"fuse.create","level":"INFO","ts":"2026-10-06T23:14:53.488697207Z","instance":"remote-a-r1","service_name":"afs-node","name":"entry-0066.bin","parent":4}
{"msg":"FUSE request failed","level":"ERRO","ts":"2026-10-06T23:14:53.490917438Z","instance":"remote-a-r1","service_name":"afs-node","message":"No such file or directory (os error 2)","kind":"NotFound","code":67305473}
{"msg":"fuse.create","level":"INFO","ts":"2026-10-06T23:14:53.490944688Z","instance":"remote-a-r1","service_name":"afs-node","name":"entry-0067.bin","parent":4}
{"msg":"FUSE request failed","level":"ERRO","ts":"2026-10-06T23:14:53.493253667Z","instance":"remote-a-r1","service_name":"afs-node","message":"No such file or directory (os error 2)","kind":"NotFound","code":67305473}
{"msg":"fuse.create","level":"INFO","ts":"2026-10-06T23:14:53.493276834Z","instance":"remote-a-r1","service_name":"afs-node","name":"entry-0068.bin","parent":4}
{"msg":"FUSE request failed","level":"ERRO","ts":"2026-10-06T23:14:53.495521022Z","instance":"remote-a-r1","service_name":"afs-node","message":"No such file or directory (os error 2)","kind":"NotFound","code":67305473}
{"msg":"fuse.create","level":"INFO","ts":"2026-10-06T23:14:53.495538522Z","instance":"remote-a-r1","service_name":"afs-node","name":"entry-0069.bin","parent":4}
{"msg":"FUSE request failed","level":"ERRO","ts":"2026-10-06T23:14:53.498441205Z","instance":"remote-a-r1","service_name":"afs-node","message":"No such file or directory (os error 2)","kind":"NotFound","code":67305473}
{"msg":"fuse.create","level":"INFO","ts":"2026-10-06T23:14:53.498461538Z","instance":"remote-a-r1","service_name":"afs-node","name":"entry-0070.bin","parent":4}
{"msg":"FUSE request failed","level":"ERRO","ts":"2026-10-06T23:14:53.500726935Z","instance":"remote-a-r1","service_name":"afs-node","message":"No such file or directory (os error 2)","kind":"NotFound","code":67305473}
{"msg":"fuse.create","level":"INFO","ts":"2026-10-06T23:14:53.500745976Z","instance":"remote-a-r1","service_name":"afs-node","name":"entry-0071.bin","parent":4}
{"msg":"FUSE request failed","level":"ERRO","ts":"2026-10-06T23:14:53.503323578Z","instance":"remote-a-r1","service_name":"afs-node","message":"No such file or directory (os error 2)","kind":"NotFound","code":67305473}
{"msg":"fuse.create","level":"INFO","ts":"2026-10-06T23:14:53.503337453Z","instance":"remote-a-r1","service_name":"afs-node","name":"entry-0072.bin","parent":4}
{"msg":"FUSE request failed","level":"ERRO","ts":"2026-10-06T23:14:53.505543225Z","instance":"remote-a-r1","service_name":"afs-node","message":"No such file or directory (os error 2)","kind":"NotFound","code":67305473}
{"msg":"fuse.create","level":"INFO","ts":"2026-10-06T23:14:53.505561683Z","instance":"remote-a-r1","service_name":"afs-node","name":"entry-0073.bin","parent":4}
{"msg":"FUSE request failed","level":"ERRO","ts":"2026-10-06T23:14:53.507822497Z","instance":"remote-a-r1","service_name":"afs-node","message":"No such file or directory (os error 2)","kind":"NotFound","code":67305473}
{"msg":"fuse.create","level":"INFO","ts":"2026-10-06T23:14:53.507838455Z","instance":"remote-a-r1","service_name":"afs-node","name":"entry-0074.bin","parent":4}
{"msg":"FUSE request failed","level":"ERRO","ts":"2026-10-06T23:14:53.510034811Z","instance":"remote-a-r1","service_name":"afs-node","message":"No such file or directory (os error 2)","kind":"NotFound","code":67305473}
{"msg":"fuse.create","level":"INFO","ts":"2026-10-06T23:14:53.510056102Z","instance":"remote-a-r1","service_name":"afs-node","name":"entry-0075.bin","parent":4}
{"msg":"FUSE request failed","level":"ERRO","ts":"2026-10-06T23:14:53.512211333Z","instance":"remote-a-r1","service_name":"afs-node","message":"No such file or directory (os error 2)","kind":"NotFound","code":67305473}
{"msg":"fuse.create","level":"INFO","ts":"2026-10-06T23:14:53.5122305Z","instance":"remote-a-r1","service_name":"afs-node","name":"entry-0076.bin","parent":4}
{"msg":"FUSE request failed","level":"ERRO","ts":"2026-10-06T23:14:53.514742269Z","instance":"remote-a-r1","service_name":"afs-node","message":"No such file or directory (os error 2)","kind":"NotFound","code":67305473}
{"msg":"fuse.create","level":"INFO","ts":"2026-10-06T23:14:53.514760519Z","instance":"remote-a-r1","service_name":"afs-node","name":"entry-0077.bin","parent":4}
{"msg":"FUSE request failed","level":"ERRO","ts":"2026-10-06T23:14:53.516978833Z","instance":"remote-a-r1","service_name":"afs-node","message":"No such file or directory (os error 2)","kind":"NotFound","code":67305473}
{"msg":"fuse.create","level":"INFO","ts":"2026-10-06T23:14:53.517004457Z","instance":"remote-a-r1","service_name":"afs-node","name":"entry-0078.bin","parent":4}
{"msg":"FUSE request failed","level":"ERRO","ts":"2026-10-06T23:14:53.519283896Z","instance":"remote-a-r1","service_name":"afs-node","message":"No such file or directory (os error 2)","kind":"NotFound","code":67305473}
{"msg":"fuse.create","level":"INFO","ts":"2026-10-06T23:14:53.519286479Z","instance":"remote-a-r1","service_name":"afs-node","name":"entry-0079.bin","parent":4}
{"msg":"FUSE request failed","level":"ERRO","ts":"2026-10-06T23:14:53.521465085Z","instance":"remote-a-r1","service_name":"afs-node","message":"No such file or directory (os error 2)","kind":"NotFound","code":67305473}
{"msg":"fuse.create","level":"INFO","ts":"2026-10-06T23:14:53.521468418Z","instance":"remote-a-r1","service_name":"afs-node","name":"entry-0080.bin","parent":4}
{"msg":"FUSE request failed","level":"ERRO","ts":"2026-10-06T23:14:53.523799064Z","instance":"remote-a-r1","service_name":"afs-node","message":"No such file or directory (os error 2)","kind":"NotFound","code":67305473}
{"msg":"fuse.create","level":"INFO","ts":"2026-10-06T23:14:53.52382323Z","instance":"remote-a-r1","service_name":"afs-node","name":"entry-0081.bin","parent":4}
{"msg":"FUSE request failed","level":"ERRO","ts":"2026-10-06T23:14:53.526019461Z","instance":"remote-a-r1","service_name":"afs-node","message":"No such file or directory (os error 2)","kind":"NotFound","code":67305473}
{"msg":"fuse.create","level":"INFO","ts":"2026-10-06T23:14:53.526035669Z","instance":"remote-a-r1","service_name":"afs-node","name":"entry-0082.bin","parent":4}
{"msg":"FUSE request failed","level":"ERRO","ts":"2026-10-06T23:14:53.52826115Z","instance":"remote-a-r1","service_name":"afs-node","message":"No such file or directory (os error 2)","kind":"NotFound","code":67305473}
{"msg":"fuse.create","level":"INFO","ts":"2026-10-06T23:14:53.528275816Z","instance":"remote-a-r1","service_name":"afs-node","name":"entry-0083.bin","parent":4}
{"msg":"FUSE request failed","level":"ERRO","ts":"2026-10-06T23:14:53.53045088Z","instance":"remote-a-r1","service_name":"afs-node","message":"No such file or directory (os error 2)","kind":"NotFound","code":67305473}
{"msg":"fuse.create","level":"INFO","ts":"2026-10-06T23:14:53.530472547Z","instance":"remote-a-r1","service_name":"afs-node","name":"entry-0084.bin","parent":4}
{"msg":"FUSE request failed","level":"ERRO","ts":"2026-10-06T23:14:53.532618778Z","instance":"remote-a-r1","service_name":"afs-node","message":"No such file or directory (os error 2)","kind":"NotFound","code":67305473}
{"msg":"fuse.create","level":"INFO","ts":"2026-10-06T23:14:53.532636903Z","instance":"remote-a-r1","service_name":"afs-node","name":"entry-0085.bin","parent":4}
{"msg":"FUSE request failed","level":"ERRO","ts":"2026-10-06T23:14:53.535071256Z","instance":"remote-a-r1","service_name":"afs-node","message":"No such file or directory (os error 2)","kind":"NotFound","code":67305473}
{"msg":"fuse.create","level":"INFO","ts":"2026-10-06T23:14:53.535084423Z","instance":"remote-a-r1","service_name":"afs-node","name":"entry-0086.bin","parent":4}
{"msg":"FUSE request failed","level":"ERRO","ts":"2026-10-06T23:14:53.537250153Z","instance":"remote-a-r1","service_name":"afs-node","message":"No such file or directory (os error 2)","kind":"NotFound","code":67305473}
{"msg":"fuse.create","level":"INFO","ts":"2026-10-06T23:14:53.537267237Z","instance":"remote-a-r1","service_name":"afs-node","name":"entry-0087.bin","parent":4}
{"msg":"FUSE request failed","level":"ERRO","ts":"2026-10-06T23:14:53.53949405Z","instance":"remote-a-r1","service_name":"afs-node","message":"No such file or directory (os error 2)","kind":"NotFound","code":67305473}
{"msg":"fuse.create","level":"INFO","ts":"2026-10-06T23:14:53.539509467Z","instance":"remote-a-r1","service_name":"afs-node","name":"entry-0088.bin","parent":4}
{"msg":"FUSE request failed","level":"ERRO","ts":"2026-10-06T23:14:53.541924654Z","instance":"remote-a-r1","service_name":"afs-node","message":"No such file or directory (os error 2)","kind":"NotFound","code":67305473}
{"msg":"fuse.create","level":"INFO","ts":"2026-10-06T23:14:53.541943779Z","instance":"remote-a-r1","service_name":"afs-node","name":"entry-0089.bin","parent":4}
{"msg":"FUSE request failed","level":"ERRO","ts":"2026-10-06T23:14:53.544123801Z","instance":"remote-a-r1","service_name":"afs-node","message":"No such file or directory (os error 2)","kind":"NotFound","code":67305473}
{"msg":"fuse.create","level":"INFO","ts":"2026-10-06T23:14:53.544143509Z","instance":"remote-a-r1","service_name":"afs-node","name":"entry-0090.bin","parent":4}
{"msg":"FUSE request failed","level":"ERRO","ts":"2026-10-06T23:14:53.546531238Z","instance":"remote-a-r1","service_name":"afs-node","message":"No such file or directory (os error 2)","kind":"NotFound","code":67305473}
{"msg":"fuse.create","level":"INFO","ts":"2026-10-06T23:14:53.54654753Z","instance":"remote-a-r1","service_name":"afs-node","name":"entry-0091.bin","parent":4}
{"msg":"FUSE request failed","level":"ERRO","ts":"2026-10-06T23:14:53.548748218Z","instance":"remote-a-r1","service_name":"afs-node","message":"No such file or directory (os error 2)","kind":"NotFound","code":67305473}
{"msg":"fuse.create","level":"INFO","ts":"2026-10-06T23:14:53.54877551Z","instance":"remote-a-r1","service_name":"afs-node","name":"entry-0092.bin","parent":4}
{"msg":"FUSE request failed","level":"ERRO","ts":"2026-10-06T23:14:53.55099124Z","instance":"remote-a-r1","service_name":"afs-node","message":"No such file or directory (os error 2)","kind":"NotFound","code":67305473}
{"msg":"fuse.create","level":"INFO","ts":"2026-10-06T23:14:53.55101674Z","instance":"remote-a-r1","service_name":"afs-node","name":"entry-0093.bin","parent":4}
{"msg":"FUSE request failed","level":"ERRO","ts":"2026-10-06T23:14:53.553199554Z","instance":"remote-a-r1","service_name":"afs-node","message":"No such file or directory (os error 2)","kind":"NotFound","code":67305473}
{"msg":"fuse.create","level":"INFO","ts":"2026-10-06T23:14:53.553202096Z","instance":"remote-a-r1","service_name":"afs-node","name":"entry-0094.bin","parent":4}
{"msg":"FUSE request failed","level":"ERRO","ts":"2026-10-06T23:14:53.555410076Z","instance":"remote-a-r1","service_name":"afs-node","message":"No such file or directory (os error 2)","kind":"NotFound","code":67305473}
{"msg":"fuse.create","level":"INFO","ts":"2026-10-06T23:14:53.555425618Z","instance":"remote-a-r1","service_name":"afs-node","name":"entry-0095.bin","parent":4}
{"msg":"FUSE request failed","level":"ERRO","ts":"2026-10-06T23:14:53.55759864Z","instance":"remote-a-r1","service_name":"afs-node","message":"No such file or directory (os error 2)","kind":"NotFound","code":67305473}
{"msg":"fuse.create","level":"INFO","ts":"2026-10-06T23:14:53.557602765Z","instance":"remote-a-r1","service_name":"afs-node","name":"entry-0096.bin","parent":4}
{"msg":"FUSE request failed","level":"ERRO","ts":"2026-10-06T23:14:53.559666622Z","instance":"remote-a-r1","service_name":"afs-node","message":"No such file or directory (os error 2)","kind":"NotFound","code":67305473}
{"msg":"fuse.create","level":"INFO","ts":"2026-10-06T23:14:53.55970783Z","instance":"remote-a-r1","service_name":"afs-node","name":"entry-0097.bin","parent":4}
{"msg":"FUSE request failed","level":"ERRO","ts":"2026-10-06T23:14:53.561871394Z","instance":"remote-a-r1","service_name":"afs-node","message":"No such file or directory (os error 2)","kind":"NotFound","code":67305473}
{"msg":"fuse.create","level":"INFO","ts":"2026-10-06T23:14:53.561887602Z","instance":"remote-a-r1","service_name":"afs-node","name":"entry-0098.bin","parent":4}
{"msg":"FUSE request failed","level":"ERRO","ts":"2026-10-06T23:14:53.564369205Z","instance":"remote-a-r1","service_name":"afs-node","message":"No such file or directory (os error 2)","kind":"NotFound","code":67305473}
{"msg":"fuse.create","level":"INFO","ts":"2026-10-06T23:14:53.56440308Z","instance":"remote-a-r1","service_name":"afs-node","name":"entry-0099.bin","parent":4}
{"msg":"[Not Implemented] ioctl(ino: 0x5, fh: 102, flags: 0, cmd: 21505, in_data.len(): 0, out_size: 0)","level":"WARN","ts":"2026-10-06T23:14:53.56781155Z","instance":"remote-a-r1","service_name":"afs-node"}
{"msg":"[Not Implemented] ioctl(ino: 0x6, fh: 103, flags: 0, cmd: 21505, in_data.len(): 0, out_size: 0)","level":"WARN","ts":"2026-10-06T23:14:53.569497785Z","instance":"remote-a-r1","service_name":"afs-node"}
{"msg":"[Not Implemented] ioctl(ino: 0x7, fh: 104, flags: 0, cmd: 21505, in_data.len(): 0, out_size: 0)","level":"WARN","ts":"2026-10-06T23:14:53.571239311Z","instance":"remote-a-r1","service_name":"afs-node"}
{"msg":"[Not Implemented] ioctl(ino: 0x8, fh: 105, flags: 0, cmd: 21505, in_data.len(): 0, out_size: 0)","level":"WARN","ts":"2026-10-06T23:14:53.572892672Z","instance":"remote-a-r1","service_name":"afs-node"}
{"msg":"[Not Implemented] ioctl(ino: 0x9, fh: 106, flags: 0, cmd: 21505, in_data.len(): 0, out_size: 0)","level":"WARN","ts":"2026-10-06T23:14:53.574573282Z","instance":"remote-a-r1","service_name":"afs-node"}
{"msg":"[Not Implemented] ioctl(ino: 0xa, fh: 107, flags: 0, cmd: 21505, in_data.len(): 0, out_size: 0)","level":"WARN","ts":"2026-10-06T23:14:53.576184309Z","instance":"remote-a-r1","service_name":"afs-node"}
{"msg":"[Not Implemented] ioctl(ino: 0xb, fh: 108, flags: 0, cmd: 21505, in_data.len(): 0, out_size: 0)","level":"WARN","ts":"2026-10-06T23:14:53.57776867Z","instance":"remote-a-r1","service_name":"afs-node"}
{"msg":"[Not Implemented] ioctl(ino: 0xc, fh: 109, flags: 0, cmd: 21505, in_data.len(): 0, out_size: 0)","level":"WARN","ts":"2026-10-06T23:14:53.579681487Z","instance":"remote-a-r1","service_name":"afs-node"}
{"msg":"[Not Implemented] ioctl(ino: 0xd, fh: 110, flags: 0, cmd: 21505, in_data.len(): 0, out_size: 0)","level":"WARN","ts":"2026-10-06T23:14:53.581431555Z","instance":"remote-a-r1","service_name":"afs-node"}
{"msg":"[Not Implemented] ioctl(ino: 0xe, fh: 111, flags: 0, cmd: 21505, in_data.len(): 0, out_size: 0)","level":"WARN","ts":"2026-10-06T23:14:53.583320996Z","instance":"remote-a-r1","service_name":"afs-node"}
{"msg":"[Not Implemented] ioctl(ino: 0xf, fh: 112, flags: 0, cmd: 21505, in_data.len(): 0, out_size: 0)","level":"WARN","ts":"2026-10-06T23:14:53.585066773Z","instance":"remote-a-r1","service_name":"afs-node"}
{"msg":"[Not Implemented] ioctl(ino: 0x10, fh: 113, flags: 0, cmd: 21505, in_data.len(): 0, out_size: 0)","level":"WARN","ts":"2026-10-06T23:14:53.587059338Z","instance":"remote-a-r1","service_name":"afs-node"}
{"msg":"[Not Implemented] ioctl(ino: 0x11, fh: 114, flags: 0, cmd: 21505, in_data.len(): 0, out_size: 0)","level":"WARN","ts":"2026-10-06T23:14:53.588916322Z","instance":"remote-a-r1","service_name":"afs-node"}
{"msg":"[Not Implemented] ioctl(ino: 0x12, fh: 115, flags: 0, cmd: 21505, in_data.len(): 0, out_size: 0)","level":"WARN","ts":"2026-10-06T23:14:53.590867763Z","instance":"remote-a-r1","service_name":"afs-node"}
{"msg":"[Not Implemented] ioctl(ino: 0x13, fh: 116, flags: 0, cmd: 21505, in_data.len(): 0, out_size: 0)","level":"WARN","ts":"2026-10-06T23:14:53.592872912Z","instance":"remote-a-r1","service_name":"afs-node"}
{"msg":"[Not Implemented] ioctl(ino: 0x14, fh: 117, flags: 0, cmd: 21505, in_data.len(): 0, out_size: 0)","level":"WARN","ts":"2026-10-06T23:14:53.59477427Z","instance":"remote-a-r1","service_name":"afs-node"}
{"msg":"[Not Implemented] ioctl(ino: 0x15, fh: 118, flags: 0, cmd: 21505, in_data.len(): 0, out_size: 0)","level":"WARN","ts":"2026-10-06T23:14:53.596665712Z","instance":"remote-a-r1","service_name":"afs-node"}
{"msg":"[Not Implemented] ioctl(ino: 0x16, fh: 119, flags: 0, cmd: 21505, in_data.len(): 0, out_size: 0)","level":"WARN","ts":"2026-10-06T23:14:53.598709152Z","instance":"remote-a-r1","service_name":"afs-node"}
{"msg":"[Not Implemented] ioctl(ino: 0x17, fh: 120, flags: 0, cmd: 21505, in_data.len(): 0, out_size: 0)","level":"WARN","ts":"2026-10-06T23:14:53.600701009Z","instance":"remote-a-r1","service_name":"afs-node"}
{"msg":"[Not Implemented] ioctl(ino: 0x18, fh: 121, flags: 0, cmd: 21505, in_data.len(): 0, out_size: 0)","level":"WARN","ts":"2026-10-06T23:14:53.602543201Z","instance":"remote-a-r1","service_name":"afs-node"}
{"msg":"[Not Implemented] ioctl(ino: 0x19, fh: 122, flags: 0, cmd: 21505, in_data.len(): 0, out_size: 0)","level":"WARN","ts":"2026-10-06T23:14:53.604463851Z","instance":"remote-a-r1","service_name":"afs-node"}
{"msg":"[Not Implemented] ioctl(ino: 0x1a, fh: 123, flags: 0, cmd: 21505, in_data.len(): 0, out_size: 0)","level":"WARN","ts":"2026-10-06T23:14:53.606346501Z","instance":"remote-a-r1","service_name":"afs-node"}
{"msg":"[Not Implemented] ioctl(ino: 0x1b, fh: 124, flags: 0, cmd: 21505, in_data.len(): 0, out_size: 0)","level":"WARN","ts":"2026-10-06T23:14:53.608226776Z","instance":"remote-a-r1","service_name":"afs-node"}
{"msg":"[Not Implemented] ioctl(ino: 0x1c, fh: 125, flags: 0, cmd: 21505, in_data.len(): 0, out_size: 0)","level":"WARN","ts":"2026-10-06T23:14:53.61010026Z","instance":"remote-a-r1","service_name":"afs-node"}
{"msg":"[Not Implemented] ioctl(ino: 0x1d, fh: 126, flags: 0, cmd: 21505, in_data.len(): 0, out_size: 0)","level":"WARN","ts":"2026-10-06T23:14:53.612072117Z","instance":"remote-a-r1","service_name":"afs-node"}
{"msg":"[Not Implemented] ioctl(ino: 0x1e, fh: 127, flags: 0, cmd: 21505, in_data.len(): 0, out_size: 0)","level":"WARN","ts":"2026-10-06T23:14:53.613949642Z","instance":"remote-a-r1","service_name":"afs-node"}
{"msg":"[Not Implemented] ioctl(ino: 0x1f, fh: 128, flags: 0, cmd: 21505, in_data.len(): 0, out_size: 0)","level":"WARN","ts":"2026-10-06T23:14:53.615822542Z","instance":"remote-a-r1","service_name":"afs-node"}
{"msg":"[Not Implemented] ioctl(ino: 0x20, fh: 129, flags: 0, cmd: 21505, in_data.len(): 0, out_size: 0)","level":"WARN","ts":"2026-10-06T23:14:53.61764061Z","instance":"remote-a-r1","service_name":"afs-node"}
{"msg":"[Not Implemented] ioctl(ino: 0x21, fh: 130, flags: 0, cmd: 21505, in_data.len(): 0, out_size: 0)","level":"WARN","ts":"2026-10-06T23:14:53.619499135Z","instance":"remote-a-r1","service_name":"afs-node"}
{"msg":"[Not Implemented] ioctl(ino: 0x22, fh: 131, flags: 0, cmd: 21505, in_data.len(): 0, out_size: 0)","level":"WARN","ts":"2026-10-06T23:14:53.621413368Z","instance":"remote-a-r1","service_name":"afs-node"}
{"msg":"[Not Implemented] ioctl(ino: 0x23, fh: 132, flags: 0, cmd: 21505, in_data.len(): 0, out_size: 0)","level":"WARN","ts":"2026-10-06T23:14:53.623325976Z","instance":"remote-a-r1","service_name":"afs-node"}
{"msg":"[Not Implemented] ioctl(ino: 0x24, fh: 133, flags: 0, cmd: 21505, in_data.len(): 0, out_size: 0)","level":"WARN","ts":"2026-10-06T23:14:53.625309792Z","instance":"remote-a-r1","service_name":"afs-node"}
{"msg":"[Not Implemented] ioctl(ino: 0x25, fh: 134, flags: 0, cmd: 21505, in_data.len(): 0, out_size: 0)","level":"WARN","ts":"2026-10-06T23:14:53.627134984Z","instance":"remote-a-r1","service_name":"afs-node"}
{"msg":"[Not Implemented] ioctl(ino: 0x26, fh: 135, flags: 0, cmd: 21505, in_data.len(): 0, out_size: 0)","level":"WARN","ts":"2026-10-06T23:14:53.629448505Z","instance":"remote-a-r1","service_name":"afs-node"}
{"msg":"[Not Implemented] ioctl(ino: 0x27, fh: 136, flags: 0, cmd: 21505, in_data.len(): 0, out_size: 0)","level":"WARN","ts":"2026-10-06T23:14:53.6318874Z","instance":"remote-a-r1","service_name":"afs-node"}
{"msg":"[Not Implemented] ioctl(ino: 0x28, fh: 137, flags: 0, cmd: 21505, in_data.len(): 0, out_size: 0)","level":"WARN","ts":"2026-10-06T23:14:53.634286254Z","instance":"remote-a-r1","service_name":"afs-node"}
{"msg":"[Not Implemented] ioctl(ino: 0x29, fh: 138, flags: 0, cmd: 21505, in_data.len(): 0, out_size: 0)","level":"WARN","ts":"2026-10-06T23:14:53.636489818Z","instance":"remote-a-r1","service_name":"afs-node"}
{"msg":"[Not Implemented] ioctl(ino: 0x2a, fh: 139, flags: 0, cmd: 21505, in_data.len(): 0, out_size: 0)","level":"WARN","ts":"2026-10-06T23:14:53.638595216Z","instance":"remote-a-r1","service_name":"afs-node"}
{"msg":"[Not Implemented] ioctl(ino: 0x2b, fh: 140, flags: 0, cmd: 21505, in_data.len(): 0, out_size: 0)","level":"WARN","ts":"2026-10-06T23:14:53.640771322Z","instance":"remote-a-r1","service_name":"afs-node"}
{"msg":"[Not Implemented] ioctl(ino: 0x2c, fh: 141, flags: 0, cmd: 21505, in_data.len(): 0, out_size: 0)","level":"WARN","ts":"2026-10-06T23:14:53.642924428Z","instance":"remote-a-r1","service_name":"afs-node"}
{"msg":"[Not Implemented] ioctl(ino: 0x2d, fh: 142, flags: 0, cmd: 21505, in_data.len(): 0, out_size: 0)","level":"WARN","ts":"2026-10-06T23:14:53.644974618Z","instance":"remote-a-r1","service_name":"afs-node"}
{"msg":"[Not Implemented] ioctl(ino: 0x2e, fh: 143, flags: 0, cmd: 21505, in_data.len(): 0, out_size: 0)","level":"WARN","ts":"2026-10-06T23:14:53.647052433Z","instance":"remote-a-r1","service_name":"afs-node"}
{"msg":"[Not Implemented] ioctl(ino: 0x2f, fh: 144, flags: 0, cmd: 21505, in_data.len(): 0, out_size: 0)","level":"WARN","ts":"2026-10-06T23:14:53.650618443Z","instance":"remote-a-r1","service_name":"afs-node"}
{"msg":"[Not Implemented] ioctl(ino: 0x30, fh: 145, flags: 0, cmd: 21505, in_data.len(): 0, out_size: 0)","level":"WARN","ts":"2026-10-06T23:14:53.652839132Z","instance":"remote-a-r1","service_name":"afs-node"}
{"msg":"[Not Implemented] ioctl(ino: 0x31, fh: 146, flags: 0, cmd: 21505, in_data.len(): 0, out_size: 0)","level":"WARN","ts":"2026-10-06T23:14:53.655078821Z","instance":"remote-a-r1","service_name":"afs-node"}
{"msg":"[Not Implemented] ioctl(ino: 0x32, fh: 147, flags: 0, cmd: 21505, in_data.len(): 0, out_size: 0)","level":"WARN","ts":"2026-10-06T23:14:53.657165635Z","instance":"remote-a-r1","service_name":"afs-node"}
{"msg":"[Not Implemented] ioctl(ino: 0x33, fh: 148, flags: 0, cmd: 21505, in_data.len(): 0, out_size: 0)","level":"WARN","ts":"2026-10-06T23:14:53.65932945Z","instance":"remote-a-r1","service_name":"afs-node"}
{"msg":"[Not Implemented] ioctl(ino: 0x34, fh: 149, flags: 0, cmd: 21505, in_data.len(): 0, out_size: 0)","level":"WARN","ts":"2026-10-06T23:14:53.661390765Z","instance":"remote-a-r1","service_name":"afs-node"}
{"msg":"[Not Implemented] ioctl(ino: 0x35, fh: 150, flags: 0, cmd: 21505, in_data.len(): 0, out_size: 0)","level":"WARN","ts":"2026-10-06T23:14:53.66357062Z","instance":"remote-a-r1","service_name":"afs-node"}
{"msg":"[Not Implemented] ioctl(ino: 0x36, fh: 151, flags: 0, cmd: 21505, in_data.len(): 0, out_size: 0)","level":"WARN","ts":"2026-10-06T23:14:53.665601144Z","instance":"remote-a-r1","service_name":"afs-node"}
{"msg":"[Not Implemented] ioctl(ino: 0x37, fh: 152, flags: 0, cmd: 21505, in_data.len(): 0, out_size: 0)","level":"WARN","ts":"2026-10-06T23:14:53.667699167Z","instance":"remote-a-r1","service_name":"afs-node"}
{"msg":"[Not Implemented] ioctl(ino: 0x38, fh: 153, flags: 0, cmd: 21505, in_data.len(): 0, out_size: 0)","level":"WARN","ts":"2026-10-06T23:14:53.669772607Z","instance":"remote-a-r1","service_name":"afs-node"}
{"msg":"[Not Implemented] ioctl(ino: 0x39, fh: 154, flags: 0, cmd: 21505, in_data.len(): 0, out_size: 0)","level":"WARN","ts":"2026-10-06T23:14:53.671843839Z","instance":"remote-a-r1","service_name":"afs-node"}
{"msg":"[Not Implemented] ioctl(ino: 0x3a, fh: 155, flags: 0, cmd: 21505, in_data.len(): 0, out_size: 0)","level":"WARN","ts":"2026-10-06T23:14:53.673689198Z","instance":"remote-a-r1","service_name":"afs-node"}
{"msg":"[Not Implemented] ioctl(ino: 0x3b, fh: 156, flags: 0, cmd: 21505, in_data.len(): 0, out_size: 0)","level":"WARN","ts":"2026-10-06T23:14:53.675806137Z","instance":"remote-a-r1","service_name":"afs-node"}
{"msg":"[Not Implemented] ioctl(ino: 0x3c, fh: 157, flags: 0, cmd: 21505, in_data.len(): 0, out_size: 0)","level":"WARN","ts":"2026-10-06T23:14:53.677813328Z","instance":"remote-a-r1","service_name":"afs-node"}
{"msg":"[Not Implemented] ioctl(ino: 0x3d, fh: 158, flags: 0, cmd: 21505, in_data.len(): 0, out_size: 0)","level":"WARN","ts":"2026-10-06T23:14:53.67969702Z","instance":"remote-a-r1","service_name":"afs-node"}
{"msg":"[Not Implemented] ioctl(ino: 0x3e, fh: 159, flags: 0, cmd: 21505, in_data.len(): 0, out_size: 0)","level":"WARN","ts":"2026-10-06T23:14:53.681671794Z","instance":"remote-a-r1","service_name":"afs-node"}
{"msg":"[Not Implemented] ioctl(ino: 0x3f, fh: 160, flags: 0, cmd: 21505, in_data.len(): 0, out_size: 0)","level":"WARN","ts":"2026-10-06T23:14:53.683631277Z","instance":"remote-a-r1","service_name":"afs-node"}
{"msg":"[Not Implemented] ioctl(ino: 0x40, fh: 161, flags: 0, cmd: 21505, in_data.len(): 0, out_size: 0)","level":"WARN","ts":"2026-10-06T23:14:53.685566343Z","instance":"remote-a-r1","service_name":"afs-node"}
{"msg":"[Not Implemented] ioctl(ino: 0x41, fh: 162, flags: 0, cmd: 21505, in_data.len(): 0, out_size: 0)","level":"WARN","ts":"2026-10-06T23:14:53.687620408Z","instance":"remote-a-r1","service_name":"afs-node"}
{"msg":"[Not Implemented] ioctl(ino: 0x42, fh: 163, flags: 0, cmd: 21505, in_data.len(): 0, out_size: 0)","level":"WARN","ts":"2026-10-06T23:14:53.689699723Z","instance":"remote-a-r1","service_name":"afs-node"}
{"msg":"[Not Implemented] ioctl(ino: 0x43, fh: 164, flags: 0, cmd: 21505, in_data.len(): 0, out_size: 0)","level":"WARN","ts":"2026-10-06T23:14:53.69173108Z","instance":"remote-a-r1","service_name":"afs-node"}
{"msg":"[Not Implemented] ioctl(ino: 0x44, fh: 165, flags: 0, cmd: 21505, in_data.len(): 0, out_size: 0)","level":"WARN","ts":"2026-10-06T23:14:53.693766979Z","instance":"remote-a-r1","service_name":"afs-node"}
{"msg":"[Not Implemented] ioctl(ino: 0x45, fh: 166, flags: 0, cmd: 21505, in_data.len(): 0, out_size: 0)","level":"WARN","ts":"2026-10-06T23:14:53.695690837Z","instance":"remote-a-r1","service_name":"afs-node"}
{"msg":"[Not Implemented] ioctl(ino: 0x46, fh: 167, flags: 0, cmd: 21505, in_data.len(): 0, out_size: 0)","level":"WARN","ts":"2026-10-06T23:14:53.697572945Z","instance":"remote-a-r1","service_name":"afs-node"}
{"msg":"[Not Implemented] ioctl(ino: 0x47, fh: 168, flags: 0, cmd: 21505, in_data.len(): 0, out_size: 0)","level":"WARN","ts":"2026-10-06T23:14:53.699553303Z","instance":"remote-a-r1","service_name":"afs-node"}
{"msg":"[Not Implemented] ioctl(ino: 0x48, fh: 169, flags: 0, cmd: 21505, in_data.len(): 0, out_size: 0)","level":"WARN","ts":"2026-10-06T23:14:53.701544618Z","instance":"remote-a-r1","service_name":"afs-node"}
{"msg":"[Not Implemented] ioctl(ino: 0x49, fh: 170, flags: 0, cmd: 21505, in_data.len(): 0, out_size: 0)","level":"WARN","ts":"2026-10-06T23:14:53.703503059Z","instance":"remote-a-r1","service_name":"afs-node"}
{"msg":"[Not Implemented] ioctl(ino: 0x4a, fh: 171, flags: 0, cmd: 21505, in_data.len(): 0, out_size: 0)","level":"WARN","ts":"2026-10-06T23:14:53.705397834Z","instance":"remote-a-r1","service_name":"afs-node"}
{"msg":"[Not Implemented] ioctl(ino: 0x4b, fh: 172, flags: 0, cmd: 21505, in_data.len(): 0, out_size: 0)","level":"WARN","ts":"2026-10-06T23:14:53.707492857Z","instance":"remote-a-r1","service_name":"afs-node"}
{"msg":"[Not Implemented] ioctl(ino: 0x4c, fh: 173, flags: 0, cmd: 21505, in_data.len(): 0, out_size: 0)","level":"WARN","ts":"2026-10-06T23:14:53.709448257Z","instance":"remote-a-r1","service_name":"afs-node"}
{"msg":"[Not Implemented] ioctl(ino: 0x4d, fh: 174, flags: 0, cmd: 21505, in_data.len(): 0, out_size: 0)","level":"WARN","ts":"2026-10-06T23:14:53.711360907Z","instance":"remote-a-r1","service_name":"afs-node"}
{"msg":"[Not Implemented] ioctl(ino: 0x4e, fh: 175, flags: 0, cmd: 21505, in_data.len(): 0, out_size: 0)","level":"WARN","ts":"2026-10-06T23:14:53.713365347Z","instance":"remote-a-r1","service_name":"afs-node"}
{"msg":"[Not Implemented] ioctl(ino: 0x4f, fh: 176, flags: 0, cmd: 21505, in_data.len(): 0, out_size: 0)","level":"WARN","ts":"2026-10-06T23:14:53.715359913Z","instance":"remote-a-r1","service_name":"afs-node"}
{"msg":"[Not Implemented] ioctl(ino: 0x50, fh: 177, flags: 0, cmd: 21505, in_data.len(): 0, out_size: 0)","level":"WARN","ts":"2026-10-06T23:14:53.717244438Z","instance":"remote-a-r1","service_name":"afs-node"}
{"msg":"[Not Implemented] ioctl(ino: 0x51, fh: 178, flags: 0, cmd: 21505, in_data.len(): 0, out_size: 0)","level":"WARN","ts":"2026-10-06T23:14:53.719365211Z","instance":"remote-a-r1","service_name":"afs-node"}
{"msg":"[Not Implemented] ioctl(ino: 0x52, fh: 179, flags: 0, cmd: 21505, in_data.len(): 0, out_size: 0)","level":"WARN","ts":"2026-10-06T23:14:53.721464901Z","instance":"remote-a-r1","service_name":"afs-node"}
{"msg":"[Not Implemented] ioctl(ino: 0x53, fh: 180, flags: 0, cmd: 21505, in_data.len(): 0, out_size: 0)","level":"WARN","ts":"2026-10-06T23:14:53.723499091Z","instance":"remote-a-r1","service_name":"afs-node"}
{"msg":"[Not Implemented] ioctl(ino: 0x54, fh: 181, flags: 0, cmd: 21505, in_data.len(): 0, out_size: 0)","level":"WARN","ts":"2026-10-06T23:14:53.725644197Z","instance":"remote-a-r1","service_name":"afs-node"}
{"msg":"[Not Implemented] ioctl(ino: 0x55, fh: 182, flags: 0, cmd: 21505, in_data.len(): 0, out_size: 0)","level":"WARN","ts":"2026-10-06T23:14:53.727851177Z","instance":"remote-a-r1","service_name":"afs-node"}
{"msg":"[Not Implemented] ioctl(ino: 0x56, fh: 183, flags: 0, cmd: 21505, in_data.len(): 0, out_size: 0)","level":"WARN","ts":"2026-10-06T23:14:53.730005908Z","instance":"remote-a-r1","service_name":"afs-node"}
{"msg":"[Not Implemented] ioctl(ino: 0x57, fh: 184, flags: 0, cmd: 21505, in_data.len(): 0, out_size: 0)","level":"WARN","ts":"2026-10-06T23:14:53.73212989Z","instance":"remote-a-r1","service_name":"afs-node"}
{"msg":"[Not Implemented] ioctl(ino: 0x58, fh: 185, flags: 0, cmd: 21505, in_data.len(): 0, out_size: 0)","level":"WARN","ts":"2026-10-06T23:14:53.734277621Z","instance":"remote-a-r1","service_name":"afs-node"}
{"msg":"[Not Implemented] ioctl(ino: 0x59, fh: 186, flags: 0, cmd: 21505, in_data.len(): 0, out_size: 0)","level":"WARN","ts":"2026-10-06T23:14:53.736263603Z","instance":"remote-a-r1","service_name":"afs-node"}
{"msg":"[Not Implemented] ioctl(ino: 0x5a, fh: 187, flags: 0, cmd: 21505, in_data.len(): 0, out_size: 0)","level":"WARN","ts":"2026-10-06T23:14:53.738206794Z","instance":"remote-a-r1","service_name":"afs-node"}
{"msg":"[Not Implemented] ioctl(ino: 0x5b, fh: 188, flags: 0, cmd: 21505, in_data.len(): 0, out_size: 0)","level":"WARN","ts":"2026-10-06T23:14:53.740366817Z","instance":"remote-a-r1","service_name":"afs-node"}
{"msg":"[Not Implemented] ioctl(ino: 0x5c, fh: 189, flags: 0, cmd: 21505, in_data.len(): 0, out_size: 0)","level":"WARN","ts":"2026-10-06T23:14:53.742471132Z","instance":"remote-a-r1","service_name":"afs-node"}
{"msg":"[Not Implemented] ioctl(ino: 0x5d, fh: 190, flags: 0, cmd: 21505, in_data.len(): 0, out_size: 0)","level":"WARN","ts":"2026-10-06T23:14:53.744324032Z","instance":"remote-a-r1","service_name":"afs-node"}
{"msg":"[Not Implemented] ioctl(ino: 0x5e, fh: 191, flags: 0, cmd: 21505, in_data.len(): 0, out_size: 0)","level":"WARN","ts":"2026-10-06T23:14:53.746212765Z","instance":"remote-a-r1","service_name":"afs-node"}
{"msg":"[Not Implemented] ioctl(ino: 0x5f, fh: 192, flags: 0, cmd: 21505, in_data.len(): 0, out_size: 0)","level":"WARN","ts":"2026-10-06T23:14:53.748193456Z","instance":"remote-a-r1","service_name":"afs-node"}
{"msg":"[Not Implemented] ioctl(ino: 0x60, fh: 193, flags: 0, cmd: 21505, in_data.len(): 0, out_size: 0)","level":"WARN","ts":"2026-10-06T23:14:53.750126231Z","instance":"remote-a-r1","service_name":"afs-node"}
{"msg":"[Not Implemented] ioctl(ino: 0x61, fh: 194, flags: 0, cmd: 21505, in_data.len(): 0, out_size: 0)","level":"WARN","ts":"2026-10-06T23:14:53.752269212Z","instance":"remote-a-r1","service_name":"afs-node"}
{"msg":"[Not Implemented] ioctl(ino: 0x62, fh: 195, flags: 0, cmd: 21505, in_data.len(): 0, out_size: 0)","level":"WARN","ts":"2026-10-06T23:14:53.754253902Z","instance":"remote-a-r1","service_name":"afs-node"}
{"msg":"[Not Implemented] ioctl(ino: 0x63, fh: 196, flags: 0, cmd: 21505, in_data.len(): 0, out_size: 0)","level":"WARN","ts":"2026-10-06T23:14:53.756391884Z","instance":"remote-a-r1","service_name":"afs-node"}
{"msg":"[Not Implemented] ioctl(ino: 0x64, fh: 197, flags: 0, cmd: 21505, in_data.len(): 0, out_size: 0)","level":"WARN","ts":"2026-10-06T23:14:53.758291742Z","instance":"remote-a-r1","service_name":"afs-node"}
{"msg":"[Not Implemented] ioctl(ino: 0x65, fh: 198, flags: 0, cmd: 21505, in_data.len(): 0, out_size: 0)","level":"WARN","ts":"2026-10-06T23:14:53.760361599Z","instance":"remote-a-r1","service_name":"afs-node"}
{"msg":"[Not Implemented] ioctl(ino: 0x66, fh: 199, flags: 0, cmd: 21505, in_data.len(): 0, out_size: 0)","level":"WARN","ts":"2026-10-06T23:14:53.76230429Z","instance":"remote-a-r1","service_name":"afs-node"}
{"msg":"[Not Implemented] ioctl(ino: 0x67, fh: 200, flags: 0, cmd: 21505, in_data.len(): 0, out_size: 0)","level":"WARN","ts":"2026-10-06T23:14:53.764256481Z","instance":"remote-a-r1","service_name":"afs-node"}
{"msg":"[Not Implemented] ioctl(ino: 0x68, fh: 201, flags: 0, cmd: 21505, in_data.len(): 0, out_size: 0)","level":"WARN","ts":"2026-10-06T23:14:53.766218547Z","instance":"remote-a-r1","service_name":"afs-node"}
{"msg":"FUSE request failed","level":"ERRO","ts":"2026-10-06T23:14:54.966774157Z","instance":"remote-a-r1","service_name":"afs-node","message":"No such file or directory (os error 2)","kind":"NotFound","code":67305473}
{"msg":"FUSE request failed","level":"ERRO","ts":"2026-10-06T23:14:54.969056845Z","instance":"remote-a-r1","service_name":"afs-node","message":"No such file or directory (os error 2)","kind":"NotFound","code":67305473}
{"msg":"fuse.create","level":"INFO","ts":"2026-10-06T23:14:54.969061678Z","instance":"remote-a-r1","service_name":"afs-node","name":"entry-0000.bin","parent":105}
{"msg":"FUSE request failed","level":"ERRO","ts":"2026-10-06T23:14:54.971380283Z","instance":"remote-a-r1","service_name":"afs-node","message":"No such file or directory (os error 2)","kind":"NotFound","code":67305473}
{"msg":"fuse.create","level":"INFO","ts":"2026-10-06T23:14:54.971395533Z","instance":"remote-a-r1","service_name":"afs-node","name":"entry-0001.bin","parent":105}
{"msg":"FUSE request failed","level":"ERRO","ts":"2026-10-06T23:14:54.973583638Z","instance":"remote-a-r1","service_name":"afs-node","message":"No such file or directory (os error 2)","kind":"NotFound","code":67305473}
{"msg":"fuse.create","level":"INFO","ts":"2026-10-06T23:14:54.973590388Z","instance":"remote-a-r1","service_name":"afs-node","name":"entry-0002.bin","parent":105}
{"msg":"FUSE request failed","level":"ERRO","ts":"2026-10-06T23:14:54.975758994Z","instance":"remote-a-r1","service_name":"afs-node","message":"No such file or directory (os error 2)","kind":"NotFound","code":67305473}
{"msg":"fuse.create","level":"INFO","ts":"2026-10-06T23:14:54.975776161Z","instance":"remote-a-r1","service_name":"afs-node","name":"entry-0003.bin","parent":105}
{"msg":"FUSE request failed","level":"ERRO","ts":"2026-10-06T23:14:54.977925808Z","instance":"remote-a-r1","service_name":"afs-node","message":"No such file or directory (os error 2)","kind":"NotFound","code":67305473}
{"msg":"fuse.create","level":"INFO","ts":"2026-10-06T23:14:54.977948975Z","instance":"remote-a-r1","service_name":"afs-node","name":"entry-0004.bin","parent":105}
{"msg":"FUSE request failed","level":"ERRO","ts":"2026-10-06T23:14:54.980383745Z","instance":"remote-a-r1","service_name":"afs-node","message":"No such file or directory (os error 2)","kind":"NotFound","code":67305473}
{"msg":"fuse.create","level":"INFO","ts":"2026-10-06T23:14:54.980399161Z","instance":"remote-a-r1","service_name":"afs-node","name":"entry-0005.bin","parent":105}
{"msg":"FUSE request failed","level":"ERRO","ts":"2026-10-06T23:14:54.984094629Z","instance":"remote-a-r1","service_name":"afs-node","message":"No such file or directory (os error 2)","kind":"NotFound","code":67305473}
{"msg":"fuse.create","level":"INFO","ts":"2026-10-06T23:14:54.984117504Z","instance":"remote-a-r1","service_name":"afs-node","name":"entry-0006.bin","parent":105}
{"msg":"FUSE request failed","level":"ERRO","ts":"2026-10-06T23:14:54.986956104Z","instance":"remote-a-r1","service_name":"afs-node","message":"No such file or directory (os error 2)","kind":"NotFound","code":67305473}
{"msg":"fuse.create","level":"INFO","ts":"2026-10-06T23:14:54.986982312Z","instance":"remote-a-r1","service_name":"afs-node","name":"entry-0007.bin","parent":105}
{"msg":"FUSE request failed","level":"ERRO","ts":"2026-10-06T23:14:54.989347916Z","instance":"remote-a-r1","service_name":"afs-node","message":"No such file or directory (os error 2)","kind":"NotFound","code":67305473}
{"msg":"fuse.create","level":"INFO","ts":"2026-10-06T23:14:54.989371041Z","instance":"remote-a-r1","service_name":"afs-node","name":"entry-0008.bin","parent":105}
{"msg":"FUSE request failed","level":"ERRO","ts":"2026-10-06T23:14:54.991964268Z","instance":"remote-a-r1","service_name":"afs-node","message":"No such file or directory (os error 2)","kind":"NotFound","code":67305473}
{"msg":"fuse.create","level":"INFO","ts":"2026-10-06T23:14:54.991967601Z","instance":"remote-a-r1","service_name":"afs-node","name":"entry-0009.bin","parent":105}
{"msg":"FUSE request failed","level":"ERRO","ts":"2026-10-06T23:14:54.99413129Z","instance":"remote-a-r1","service_name":"afs-node","message":"No such file or directory (os error 2)","kind":"NotFound","code":67305473}
{"msg":"fuse.create","level":"INFO","ts":"2026-10-06T23:14:54.994155207Z","instance":"remote-a-r1","service_name":"afs-node","name":"entry-0010.bin","parent":105}
{"msg":"FUSE request failed","level":"ERRO","ts":"2026-10-06T23:14:54.996728392Z","instance":"remote-a-r1","service_name":"afs-node","message":"No such file or directory (os error 2)","kind":"NotFound","code":67305473}
{"msg":"fuse.create","level":"INFO","ts":"2026-10-06T23:14:54.996748934Z","instance":"remote-a-r1","service_name":"afs-node","name":"entry-0011.bin","parent":105}
{"msg":"FUSE request failed","level":"ERRO","ts":"2026-10-06T23:14:54.999454702Z","instance":"remote-a-r1","service_name":"afs-node","message":"No such file or directory (os error 2)","kind":"NotFound","code":67305473}
{"msg":"fuse.create","level":"INFO","ts":"2026-10-06T23:14:54.999469326Z","instance":"remote-a-r1","service_name":"afs-node","name":"entry-0012.bin","parent":105}
{"msg":"FUSE request failed","level":"ERRO","ts":"2026-10-06T23:14:55.001941846Z","instance":"remote-a-r1","service_name":"afs-node","message":"No such file or directory (os error 2)","kind":"NotFound","code":67305473}
{"msg":"fuse.create","level":"INFO","ts":"2026-10-06T23:14:55.001960429Z","instance":"remote-a-r1","service_name":"afs-node","name":"entry-0013.bin","parent":105}
{"msg":"FUSE request failed","level":"ERRO","ts":"2026-10-06T23:14:55.005696188Z","instance":"remote-a-r1","service_name":"afs-node","message":"No such file or directory (os error 2)","kind":"NotFound","code":67305473}
{"msg":"fuse.create","level":"INFO","ts":"2026-10-06T23:14:55.005721438Z","instance":"remote-a-r1","service_name":"afs-node","name":"entry-0014.bin","parent":105}
{"msg":"FUSE request failed","level":"ERRO","ts":"2026-10-06T23:14:55.008246207Z","instance":"remote-a-r1","service_name":"afs-node","message":"No such file or directory (os error 2)","kind":"NotFound","code":67305473}
{"msg":"fuse.create","level":"INFO","ts":"2026-10-06T23:14:55.008264041Z","instance":"remote-a-r1","service_name":"afs-node","name":"entry-0015.bin","parent":105}
{"msg":"FUSE request failed","level":"ERRO","ts":"2026-10-06T23:14:55.011040974Z","instance":"remote-a-r1","service_name":"afs-node","message":"No such file or directory (os error 2)","kind":"NotFound","code":67305473}
{"msg":"fuse.create","level":"INFO","ts":"2026-10-06T23:14:55.011057099Z","instance":"remote-a-r1","service_name":"afs-node","name":"entry-0016.bin","parent":105}
{"msg":"FUSE request failed","level":"ERRO","ts":"2026-10-06T23:14:55.013457578Z","instance":"remote-a-r1","service_name":"afs-node","message":"No such file or directory (os error 2)","kind":"NotFound","code":67305473}
{"msg":"fuse.create","level":"INFO","ts":"2026-10-06T23:14:55.013477453Z","instance":"remote-a-r1","service_name":"afs-node","name":"entry-0017.bin","parent":105}
{"msg":"FUSE request failed","level":"ERRO","ts":"2026-10-06T23:14:55.016048722Z","instance":"remote-a-r1","service_name":"afs-node","message":"No such file or directory (os error 2)","kind":"NotFound","code":67305473}
{"msg":"fuse.create","level":"INFO","ts":"2026-10-06T23:14:55.016055847Z","instance":"remote-a-r1","service_name":"afs-node","name":"entry-0018.bin","parent":105}
{"msg":"FUSE request failed","level":"ERRO","ts":"2026-10-06T23:14:55.018502992Z","instance":"remote-a-r1","service_name":"afs-node","message":"No such file or directory (os error 2)","kind":"NotFound","code":67305473}
{"msg":"fuse.create","level":"INFO","ts":"2026-10-06T23:14:55.018524908Z","instance":"remote-a-r1","service_name":"afs-node","name":"entry-0019.bin","parent":105}
{"msg":"FUSE request failed","level":"ERRO","ts":"2026-10-06T23:14:55.020852763Z","instance":"remote-a-r1","service_name":"afs-node","message":"No such file or directory (os error 2)","kind":"NotFound","code":67305473}
{"msg":"fuse.create","level":"INFO","ts":"2026-10-06T23:14:55.020873096Z","instance":"remote-a-r1","service_name":"afs-node","name":"entry-0020.bin","parent":105}
{"msg":"FUSE request failed","level":"ERRO","ts":"2026-10-06T23:14:55.02359878Z","instance":"remote-a-r1","service_name":"afs-node","message":"No such file or directory (os error 2)","kind":"NotFound","code":67305473}
{"msg":"fuse.create","level":"INFO","ts":"2026-10-06T23:14:55.02361503Z","instance":"remote-a-r1","service_name":"afs-node","name":"entry-0021.bin","parent":105}
{"msg":"FUSE request failed","level":"ERRO","ts":"2026-10-06T23:14:55.025953593Z","instance":"remote-a-r1","service_name":"afs-node","message":"No such file or directory (os error 2)","kind":"NotFound","code":67305473}
{"msg":"fuse.create","level":"INFO","ts":"2026-10-06T23:14:55.02596476Z","instance":"remote-a-r1","service_name":"afs-node","name":"entry-0022.bin","parent":105}
{"msg":"FUSE request failed","level":"ERRO","ts":"2026-10-06T23:14:55.029628394Z","instance":"remote-a-r1","service_name":"afs-node","message":"No such file or directory (os error 2)","kind":"NotFound","code":67305473}
{"msg":"fuse.create","level":"INFO","ts":"2026-10-06T23:14:55.029631936Z","instance":"remote-a-r1","service_name":"afs-node","name":"entry-0023.bin","parent":105}
{"msg":"FUSE request failed","level":"ERRO","ts":"2026-10-06T23:14:55.032440077Z","instance":"remote-a-r1","service_name":"afs-node","message":"No such file or directory (os error 2)","kind":"NotFound","code":67305473}
{"msg":"fuse.create","level":"INFO","ts":"2026-10-06T23:14:55.032448952Z","instance":"remote-a-r1","service_name":"afs-node","name":"entry-0024.bin","parent":105}
{"msg":"FUSE request failed","level":"ERRO","ts":"2026-10-06T23:14:55.034546017Z","instance":"remote-a-r1","service_name":"afs-node","message":"No such file or directory (os error 2)","kind":"NotFound","code":67305473}
{"msg":"fuse.create","level":"INFO","ts":"2026-10-06T23:14:55.034567225Z","instance":"remote-a-r1","service_name":"afs-node","name":"entry-0025.bin","parent":105}
{"msg":"FUSE request failed","level":"ERRO","ts":"2026-10-06T23:14:55.036624041Z","instance":"remote-a-r1","service_name":"afs-node","message":"No such file or directory (os error 2)","kind":"NotFound","code":67305473}
{"msg":"fuse.create","level":"INFO","ts":"2026-10-06T23:14:55.036643707Z","instance":"remote-a-r1","service_name":"afs-node","name":"entry-0026.bin","parent":105}
{"msg":"FUSE request failed","level":"ERRO","ts":"2026-10-06T23:14:55.039336808Z","instance":"remote-a-r1","service_name":"afs-node","message":"No such file or directory (os error 2)","kind":"NotFound","code":67305473}
{"msg":"fuse.create","level":"INFO","ts":"2026-10-06T23:14:55.03934235Z","instance":"remote-a-r1","service_name":"afs-node","name":"entry-0027.bin","parent":105}
{"msg":"FUSE request failed","level":"ERRO","ts":"2026-10-06T23:14:55.042116825Z","instance":"remote-a-r1","service_name":"afs-node","message":"No such file or directory (os error 2)","kind":"NotFound","code":67305473}
{"msg":"fuse.create","level":"INFO","ts":"2026-10-06T23:14:55.0421367Z","instance":"remote-a-r1","service_name":"afs-node","name":"entry-0028.bin","parent":105}
{"msg":"FUSE request failed","level":"ERRO","ts":"2026-10-06T23:14:55.044251057Z","instance":"remote-a-r1","service_name":"afs-node","message":"No such file or directory (os error 2)","kind":"NotFound","code":67305473}
{"msg":"fuse.create","level":"INFO","ts":"2026-10-06T23:14:55.044271015Z","instance":"remote-a-r1","service_name":"afs-node","name":"entry-0029.bin","parent":105}
{"msg":"FUSE request failed","level":"ERRO","ts":"2026-10-06T23:14:55.04675866Z","instance":"remote-a-r1","service_name":"afs-node","message":"No such file or directory (os error 2)","kind":"NotFound","code":67305473}
{"msg":"fuse.create","level":"INFO","ts":"2026-10-06T23:14:55.046777534Z","instance":"remote-a-r1","service_name":"afs-node","name":"entry-0030.bin","parent":105}
{"msg":"FUSE request failed","level":"ERRO","ts":"2026-10-06T23:14:55.048816016Z","instance":"remote-a-r1","service_name":"afs-node","message":"No such file or directory (os error 2)","kind":"NotFound","code":67305473}
{"msg":"fuse.create","level":"INFO","ts":"2026-10-06T23:14:55.048846724Z","instance":"remote-a-r1","service_name":"afs-node","name":"entry-0031.bin","parent":105}
{"msg":"FUSE request failed","level":"ERRO","ts":"2026-10-06T23:14:55.050895748Z","instance":"remote-a-r1","service_name":"afs-node","message":"No such file or directory (os error 2)","kind":"NotFound","code":67305473}
{"msg":"fuse.create","level":"INFO","ts":"2026-10-06T23:14:55.050919581Z","instance":"remote-a-r1","service_name":"afs-node","name":"entry-0032.bin","parent":105}
{"msg":"FUSE request failed","level":"ERRO","ts":"2026-10-06T23:14:55.053302519Z","instance":"remote-a-r1","service_name":"afs-node","message":"No such file or directory (os error 2)","kind":"NotFound","code":67305473}
{"msg":"fuse.create","level":"INFO","ts":"2026-10-06T23:14:55.05331981Z","instance":"remote-a-r1","service_name":"afs-node","name":"entry-0033.bin","parent":105}
{"msg":"FUSE request failed","level":"ERRO","ts":"2026-10-06T23:14:55.05577933Z","instance":"remote-a-r1","service_name":"afs-node","message":"No such file or directory (os error 2)","kind":"NotFound","code":67305473}
{"msg":"fuse.create","level":"INFO","ts":"2026-10-06T23:14:55.05578658Z","instance":"remote-a-r1","service_name":"afs-node","name":"entry-0034.bin","parent":105}
{"msg":"FUSE request failed","level":"ERRO","ts":"2026-10-06T23:14:55.057865103Z","instance":"remote-a-r1","service_name":"afs-node","message":"No such file or directory (os error 2)","kind":"NotFound","code":67305473}
{"msg":"fuse.create","level":"INFO","ts":"2026-10-06T23:14:55.057867562Z","instance":"remote-a-r1","service_name":"afs-node","name":"entry-0035.bin","parent":105}
{"msg":"FUSE request failed","level":"ERRO","ts":"2026-10-06T23:14:55.060054001Z","instance":"remote-a-r1","service_name":"afs-node","message":"No such file or directory (os error 2)","kind":"NotFound","code":67305473}
{"msg":"fuse.create","level":"INFO","ts":"2026-10-06T23:14:55.060067959Z","instance":"remote-a-r1","service_name":"afs-node","name":"entry-0036.bin","parent":105}
{"msg":"FUSE request failed","level":"ERRO","ts":"2026-10-06T23:14:55.062179857Z","instance":"remote-a-r1","service_name":"afs-node","message":"No such file or directory (os error 2)","kind":"NotFound","code":67305473}
{"msg":"fuse.create","level":"INFO","ts":"2026-10-06T23:14:55.062182857Z","instance":"remote-a-r1","service_name":"afs-node","name":"entry-0037.bin","parent":105}
{"msg":"FUSE request failed","level":"ERRO","ts":"2026-10-06T23:14:55.06429388Z","instance":"remote-a-r1","service_name":"afs-node","message":"No such file or directory (os error 2)","kind":"NotFound","code":67305473}
{"msg":"fuse.create","level":"INFO","ts":"2026-10-06T23:14:55.064301088Z","instance":"remote-a-r1","service_name":"afs-node","name":"entry-0038.bin","parent":105}
{"msg":"FUSE request failed","level":"ERRO","ts":"2026-10-06T23:14:55.066614901Z","instance":"remote-a-r1","service_name":"afs-node","message":"No such file or directory (os error 2)","kind":"NotFound","code":67305473}
{"msg":"fuse.create","level":"INFO","ts":"2026-10-06T23:14:55.066631651Z","instance":"remote-a-r1","service_name":"afs-node","name":"entry-0039.bin","parent":105}
{"msg":"FUSE request failed","level":"ERRO","ts":"2026-10-06T23:14:55.0686828Z","instance":"remote-a-r1","service_name":"afs-node","message":"No such file or directory (os error 2)","kind":"NotFound","code":67305473}
{"msg":"fuse.create","level":"INFO","ts":"2026-10-06T23:14:55.0686933Z","instance":"remote-a-r1","service_name":"afs-node","name":"entry-0040.bin","parent":105}
{"msg":"FUSE request failed","level":"ERRO","ts":"2026-10-06T23:14:55.070811823Z","instance":"remote-a-r1","service_name":"afs-node","message":"No such file or directory (os error 2)","kind":"NotFound","code":67305473}
{"msg":"fuse.create","level":"INFO","ts":"2026-10-06T23:14:55.070820531Z","instance":"remote-a-r1","service_name":"afs-node","name":"entry-0041.bin","parent":105}
{"msg":"FUSE request failed","level":"ERRO","ts":"2026-10-06T23:14:55.074044919Z","instance":"remote-a-r1","service_name":"afs-node","message":"No such file or directory (os error 2)","kind":"NotFound","code":67305473}
{"msg":"fuse.create","level":"INFO","ts":"2026-10-06T23:14:55.074048461Z","instance":"remote-a-r1","service_name":"afs-node","name":"entry-0042.bin","parent":105}
{"msg":"FUSE request failed","level":"ERRO","ts":"2026-10-06T23:14:55.076104776Z","instance":"remote-a-r1","service_name":"afs-node","message":"No such file or directory (os error 2)","kind":"NotFound","code":67305473}
{"msg":"fuse.create","level":"INFO","ts":"2026-10-06T23:14:55.076125359Z","instance":"remote-a-r1","service_name":"afs-node","name":"entry-0043.bin","parent":105}
{"msg":"FUSE request failed","level":"ERRO","ts":"2026-10-06T23:14:55.078288673Z","instance":"remote-a-r1","service_name":"afs-node","message":"No such file or directory (os error 2)","kind":"NotFound","code":67305473}
{"msg":"fuse.create","level":"INFO","ts":"2026-10-06T23:14:55.07831884Z","instance":"remote-a-r1","service_name":"afs-node","name":"entry-0044.bin","parent":105}
{"msg":"FUSE request failed","level":"ERRO","ts":"2026-10-06T23:14:55.08039928Z","instance":"remote-a-r1","service_name":"afs-node","message":"No such file or directory (os error 2)","kind":"NotFound","code":67305473}
{"msg":"fuse.create","level":"INFO","ts":"2026-10-06T23:14:55.080415446Z","instance":"remote-a-r1","service_name":"afs-node","name":"entry-0045.bin","parent":105}
{"msg":"FUSE request failed","level":"ERRO","ts":"2026-10-06T23:14:55.082519469Z","instance":"remote-a-r1","service_name":"afs-node","message":"No such file or directory (os error 2)","kind":"NotFound","code":67305473}
{"msg":"fuse.create","level":"INFO","ts":"2026-10-06T23:14:55.082539427Z","instance":"remote-a-r1","service_name":"afs-node","name":"entry-0046.bin","parent":105}
{"msg":"FUSE request failed","level":"ERRO","ts":"2026-10-06T23:14:55.084666659Z","instance":"remote-a-r1","service_name":"afs-node","message":"No such file or directory (os error 2)","kind":"NotFound","code":67305473}
{"msg":"fuse.create","level":"INFO","ts":"2026-10-06T23:14:55.084691534Z","instance":"remote-a-r1","service_name":"afs-node","name":"entry-0047.bin","parent":105}
{"msg":"FUSE request failed","level":"ERRO","ts":"2026-10-06T23:14:55.087076554Z","instance":"remote-a-r1","service_name":"afs-node","message":"No such file or directory (os error 2)","kind":"NotFound","code":67305473}
{"msg":"fuse.create","level":"INFO","ts":"2026-10-06T23:14:55.087084512Z","instance":"remote-a-r1","service_name":"afs-node","name":"entry-0048.bin","parent":105}
{"msg":"FUSE request failed","level":"ERRO","ts":"2026-10-06T23:14:55.089738739Z","instance":"remote-a-r1","service_name":"afs-node","message":"No such file or directory (os error 2)","kind":"NotFound","code":67305473}
{"msg":"fuse.create","level":"INFO","ts":"2026-10-06T23:14:55.089759531Z","instance":"remote-a-r1","service_name":"afs-node","name":"entry-0049.bin","parent":105}
{"msg":"FUSE request failed","level":"ERRO","ts":"2026-10-06T23:14:55.091850554Z","instance":"remote-a-r1","service_name":"afs-node","message":"No such file or directory (os error 2)","kind":"NotFound","code":67305473}
{"msg":"fuse.create","level":"INFO","ts":"2026-10-06T23:14:55.091867762Z","instance":"remote-a-r1","service_name":"afs-node","name":"entry-0050.bin","parent":105}
{"msg":"FUSE request failed","level":"ERRO","ts":"2026-10-06T23:14:55.093909786Z","instance":"remote-a-r1","service_name":"afs-node","message":"No such file or directory (os error 2)","kind":"NotFound","code":67305473}
{"msg":"fuse.create","level":"INFO","ts":"2026-10-06T23:14:55.093913577Z","instance":"remote-a-r1","service_name":"afs-node","name":"entry-0051.bin","parent":105}
{"msg":"FUSE request failed","level":"ERRO","ts":"2026-10-06T23:14:55.097228215Z","instance":"remote-a-r1","service_name":"afs-node","message":"No such file or directory (os error 2)","kind":"NotFound","code":67305473}
{"msg":"fuse.create","level":"INFO","ts":"2026-10-06T23:14:55.097243131Z","instance":"remote-a-r1","service_name":"afs-node","name":"entry-0052.bin","parent":105}
{"msg":"FUSE request failed","level":"ERRO","ts":"2026-10-06T23:14:55.099403279Z","instance":"remote-a-r1","service_name":"afs-node","message":"No such file or directory (os error 2)","kind":"NotFound","code":67305473}
{"msg":"fuse.create","level":"INFO","ts":"2026-10-06T23:14:55.099416112Z","instance":"remote-a-r1","service_name":"afs-node","name":"entry-0053.bin","parent":105}
{"msg":"FUSE request failed","level":"ERRO","ts":"2026-10-06T23:14:55.101673842Z","instance":"remote-a-r1","service_name":"afs-node","message":"No such file or directory (os error 2)","kind":"NotFound","code":67305473}
{"msg":"fuse.create","level":"INFO","ts":"2026-10-06T23:14:55.10169655Z","instance":"remote-a-r1","service_name":"afs-node","name":"entry-0054.bin","parent":105}
{"msg":"FUSE request failed","level":"ERRO","ts":"2026-10-06T23:14:55.103831281Z","instance":"remote-a-r1","service_name":"afs-node","message":"No such file or directory (os error 2)","kind":"NotFound","code":67305473}
{"msg":"fuse.create","level":"INFO","ts":"2026-10-06T23:14:55.103836906Z","instance":"remote-a-r1","service_name":"afs-node","name":"entry-0055.bin","parent":105}
{"msg":"FUSE request failed","level":"ERRO","ts":"2026-10-06T23:14:55.105916471Z","instance":"remote-a-r1","service_name":"afs-node","message":"No such file or directory (os error 2)","kind":"NotFound","code":67305473}
{"msg":"fuse.create","level":"INFO","ts":"2026-10-06T23:14:55.105934388Z","instance":"remote-a-r1","service_name":"afs-node","name":"entry-0056.bin","parent":105}
{"msg":"FUSE request failed","level":"ERRO","ts":"2026-10-06T23:14:55.108356158Z","instance":"remote-a-r1","service_name":"afs-node","message":"No such file or directory (os error 2)","kind":"NotFound","code":67305473}
{"msg":"fuse.create","level":"INFO","ts":"2026-10-06T23:14:55.108379283Z","instance":"remote-a-r1","service_name":"afs-node","name":"entry-0057.bin","parent":105}
{"msg":"FUSE request failed","level":"ERRO","ts":"2026-10-06T23:14:55.110570722Z","instance":"remote-a-r1","service_name":"afs-node","message":"No such file or directory (os error 2)","kind":"NotFound","code":67305473}
{"msg":"fuse.create","level":"INFO","ts":"2026-10-06T23:14:55.110588722Z","instance":"remote-a-r1","service_name":"afs-node","name":"entry-0058.bin","parent":105}
{"msg":"FUSE request failed","level":"ERRO","ts":"2026-10-06T23:14:55.113018284Z","instance":"remote-a-r1","service_name":"afs-node","message":"No such file or directory (os error 2)","kind":"NotFound","code":67305473}
{"msg":"fuse.create","level":"INFO","ts":"2026-10-06T23:14:55.113037575Z","instance":"remote-a-r1","service_name":"afs-node","name":"entry-0059.bin","parent":105}
{"msg":"FUSE request failed","level":"ERRO","ts":"2026-10-06T23:14:55.11516789Z","instance":"remote-a-r1","service_name":"afs-node","message":"No such file or directory (os error 2)","kind":"NotFound","code":67305473}
{"msg":"fuse.create","level":"INFO","ts":"2026-10-06T23:14:55.115170973Z","instance":"remote-a-r1","service_name":"afs-node","name":"entry-0060.bin","parent":105}
{"msg":"FUSE request failed","level":"ERRO","ts":"2026-10-06T23:14:55.118373153Z","instance":"remote-a-r1","service_name":"afs-node","message":"No such file or directory (os error 2)","kind":"NotFound","code":67305473}
{"msg":"fuse.create","level":"INFO","ts":"2026-10-06T23:14:55.118387778Z","instance":"remote-a-r1","service_name":"afs-node","name":"entry-0061.bin","parent":105}
{"msg":"FUSE request failed","level":"ERRO","ts":"2026-10-06T23:14:55.120827673Z","instance":"remote-a-r1","service_name":"afs-node","message":"No such file or directory (os error 2)","kind":"NotFound","code":67305473}
{"msg":"fuse.create","level":"INFO","ts":"2026-10-06T23:14:55.120849381Z","instance":"remote-a-r1","service_name":"afs-node","name":"entry-0062.bin","parent":105}
{"msg":"FUSE request failed","level":"ERRO","ts":"2026-10-06T23:14:55.123237819Z","instance":"remote-a-r1","service_name":"afs-node","message":"No such file or directory (os error 2)","kind":"NotFound","code":67305473}
{"msg":"fuse.create","level":"INFO","ts":"2026-10-06T23:14:55.123259027Z","instance":"remote-a-r1","service_name":"afs-node","name":"entry-0063.bin","parent":105}
{"msg":"FUSE request failed","level":"ERRO","ts":"2026-10-06T23:14:55.125316259Z","instance":"remote-a-r1","service_name":"afs-node","message":"No such file or directory (os error 2)","kind":"NotFound","code":67305473}
{"msg":"fuse.create","level":"INFO","ts":"2026-10-06T23:14:55.12533955Z","instance":"remote-a-r1","service_name":"afs-node","name":"entry-0064.bin","parent":105}
{"msg":"FUSE request failed","level":"ERRO","ts":"2026-10-06T23:14:55.127943152Z","instance":"remote-a-r1","service_name":"afs-node","message":"No such file or directory (os error 2)","kind":"NotFound","code":67305473}
{"msg":"fuse.create","level":"INFO","ts":"2026-10-06T23:14:55.127945569Z","instance":"remote-a-r1","service_name":"afs-node","name":"entry-0065.bin","parent":105}
{"msg":"FUSE request failed","level":"ERRO","ts":"2026-10-06T23:14:55.130031926Z","instance":"remote-a-r1","service_name":"afs-node","message":"No such file or directory (os error 2)","kind":"NotFound","code":67305473}
{"msg":"fuse.create","level":"INFO","ts":"2026-10-06T23:14:55.130034842Z","instance":"remote-a-r1","service_name":"afs-node","name":"entry-0066.bin","parent":105}
{"msg":"FUSE request failed","level":"ERRO","ts":"2026-10-06T23:14:55.132389113Z","instance":"remote-a-r1","service_name":"afs-node","message":"No such file or directory (os error 2)","kind":"NotFound","code":67305473}
{"msg":"fuse.create","level":"INFO","ts":"2026-10-06T23:14:55.132398696Z","instance":"remote-a-r1","service_name":"afs-node","name":"entry-0067.bin","parent":105}
{"msg":"FUSE request failed","level":"ERRO","ts":"2026-10-06T23:14:55.134569844Z","instance":"remote-a-r1","service_name":"afs-node","message":"No such file or directory (os error 2)","kind":"NotFound","code":67305473}
{"msg":"fuse.create","level":"INFO","ts":"2026-10-06T23:14:55.13458601Z","instance":"remote-a-r1","service_name":"afs-node","name":"entry-0068.bin","parent":105}
{"msg":"FUSE request failed","level":"ERRO","ts":"2026-10-06T23:14:55.136649617Z","instance":"remote-a-r1","service_name":"afs-node","message":"No such file or directory (os error 2)","kind":"NotFound","code":67305473}
{"msg":"fuse.create","level":"INFO","ts":"2026-10-06T23:14:55.136669409Z","instance":"remote-a-r1","service_name":"afs-node","name":"entry-0069.bin","parent":105}
{"msg":"FUSE request failed","level":"ERRO","ts":"2026-10-06T23:14:55.140210669Z","instance":"remote-a-r1","service_name":"afs-node","message":"No such file or directory (os error 2)","kind":"NotFound","code":67305473}
{"msg":"fuse.create","level":"INFO","ts":"2026-10-06T23:14:55.140224836Z","instance":"remote-a-r1","service_name":"afs-node","name":"entry-0070.bin","parent":105}
{"msg":"FUSE request failed","level":"ERRO","ts":"2026-10-06T23:14:55.142311442Z","instance":"remote-a-r1","service_name":"afs-node","message":"No such file or directory (os error 2)","kind":"NotFound","code":67305473}
{"msg":"fuse.create","level":"INFO","ts":"2026-10-06T23:14:55.142332484Z","instance":"remote-a-r1","service_name":"afs-node","name":"entry-0071.bin","parent":105}
{"msg":"FUSE request failed","level":"ERRO","ts":"2026-10-06T23:14:55.144484715Z","instance":"remote-a-r1","service_name":"afs-node","message":"No such file or directory (os error 2)","kind":"NotFound","code":67305473}
{"msg":"fuse.create","level":"INFO","ts":"2026-10-06T23:14:55.144487256Z","instance":"remote-a-r1","service_name":"afs-node","name":"entry-0072.bin","parent":105}
{"msg":"FUSE request failed","level":"ERRO","ts":"2026-10-06T23:14:55.146503864Z","instance":"remote-a-r1","service_name":"afs-node","message":"No such file or directory (os error 2)","kind":"NotFound","code":67305473}
{"msg":"fuse.create","level":"INFO","ts":"2026-10-06T23:14:55.146518364Z","instance":"remote-a-r1","service_name":"afs-node","name":"entry-0073.bin","parent":105}
{"msg":"FUSE request failed","level":"ERRO","ts":"2026-10-06T23:14:55.14863347Z","instance":"remote-a-r1","service_name":"afs-node","message":"No such file or directory (os error 2)","kind":"NotFound","code":67305473}
{"msg":"fuse.create","level":"INFO","ts":"2026-10-06T23:14:55.148654303Z","instance":"remote-a-r1","service_name":"afs-node","name":"entry-0074.bin","parent":105}
{"msg":"FUSE request failed","level":"ERRO","ts":"2026-10-06T23:14:55.150755868Z","instance":"remote-a-r1","service_name":"afs-node","message":"No such file or directory (os error 2)","kind":"NotFound","code":67305473}
{"msg":"fuse.create","level":"INFO","ts":"2026-10-06T23:14:55.150777451Z","instance":"remote-a-r1","service_name":"afs-node","name":"entry-0075.bin","parent":105}
{"msg":"FUSE request failed","level":"ERRO","ts":"2026-10-06T23:14:55.152880432Z","instance":"remote-a-r1","service_name":"afs-node","message":"No such file or directory (os error 2)","kind":"NotFound","code":67305473}
{"msg":"fuse.create","level":"INFO","ts":"2026-10-06T23:14:55.152899974Z","instance":"remote-a-r1","service_name":"afs-node","name":"entry-0076.bin","parent":105}
{"msg":"FUSE request failed","level":"ERRO","ts":"2026-10-06T23:14:55.154976456Z","instance":"remote-a-r1","service_name":"afs-node","message":"No such file or directory (os error 2)","kind":"NotFound","code":67305473}
{"msg":"fuse.create","level":"INFO","ts":"2026-10-06T23:14:55.155011747Z","instance":"remote-a-r1","service_name":"afs-node","name":"entry-0077.bin","parent":105}
{"msg":"FUSE request failed","level":"ERRO","ts":"2026-10-06T23:14:55.157148478Z","instance":"remote-a-r1","service_name":"afs-node","message":"No such file or directory (os error 2)","kind":"NotFound","code":67305473}
{"msg":"fuse.create","level":"INFO","ts":"2026-10-06T23:14:55.15717702Z","instance":"remote-a-r1","service_name":"afs-node","name":"entry-0078.bin","parent":105}
{"msg":"FUSE request failed","level":"ERRO","ts":"2026-10-06T23:14:55.159244501Z","instance":"remote-a-r1","service_name":"afs-node","message":"No such file or directory (os error 2)","kind":"NotFound","code":67305473}
{"msg":"fuse.create","level":"INFO","ts":"2026-10-06T23:14:55.15925696Z","instance":"remote-a-r1","service_name":"afs-node","name":"entry-0079.bin","parent":105}
{"msg":"FUSE request failed","level":"ERRO","ts":"2026-10-06T23:14:55.162519472Z","instance":"remote-a-r1","service_name":"afs-node","message":"No such file or directory (os error 2)","kind":"NotFound","code":67305473}
{"msg":"fuse.create","level":"INFO","ts":"2026-10-06T23:14:55.162533264Z","instance":"remote-a-r1","service_name":"afs-node","name":"entry-0080.bin","parent":105}
{"msg":"FUSE request failed","level":"ERRO","ts":"2026-10-06T23:14:55.164658037Z","instance":"remote-a-r1","service_name":"afs-node","message":"No such file or directory (os error 2)","kind":"NotFound","code":67305473}
{"msg":"fuse.create","level":"INFO","ts":"2026-10-06T23:14:55.164673787Z","instance":"remote-a-r1","service_name":"afs-node","name":"entry-0081.bin","parent":105}
{"msg":"FUSE request failed","level":"ERRO","ts":"2026-10-06T23:14:55.16774176Z","instance":"remote-a-r1","service_name":"afs-node","message":"No such file or directory (os error 2)","kind":"NotFound","code":67305473}
{"msg":"fuse.create","level":"INFO","ts":"2026-10-06T23:14:55.167758676Z","instance":"remote-a-r1","service_name":"afs-node","name":"entry-0082.bin","parent":105}
{"msg":"FUSE request failed","level":"ERRO","ts":"2026-10-06T23:14:55.17038257Z","instance":"remote-a-r1","service_name":"afs-node","message":"No such file or directory (os error 2)","kind":"NotFound","code":67305473}
{"msg":"fuse.create","level":"INFO","ts":"2026-10-06T23:14:55.170408111Z","instance":"remote-a-r1","service_name":"afs-node","name":"entry-0083.bin","parent":105}
{"msg":"FUSE request failed","level":"ERRO","ts":"2026-10-06T23:14:55.172455718Z","instance":"remote-a-r1","service_name":"afs-node","message":"No such file or directory (os error 2)","kind":"NotFound","code":67305473}
{"msg":"fuse.create","level":"INFO","ts":"2026-10-06T23:14:55.172473426Z","instance":"remote-a-r1","service_name":"afs-node","name":"entry-0084.bin","parent":105}
{"msg":"FUSE request failed","level":"ERRO","ts":"2026-10-06T23:14:55.174933071Z","instance":"remote-a-r1","service_name":"afs-node","message":"No such file or directory (os error 2)","kind":"NotFound","code":67305473}
{"msg":"fuse.create","level":"INFO","ts":"2026-10-06T23:14:55.174956405Z","instance":"remote-a-r1","service_name":"afs-node","name":"entry-0085.bin","parent":105}
{"msg":"FUSE request failed","level":"ERRO","ts":"2026-10-06T23:14:55.177499132Z","instance":"remote-a-r1","service_name":"afs-node","message":"No such file or directory (os error 2)","kind":"NotFound","code":67305473}
{"msg":"fuse.create","level":"INFO","ts":"2026-10-06T23:14:55.177502507Z","instance":"remote-a-r1","service_name":"afs-node","name":"entry-0086.bin","parent":105}
{"msg":"FUSE request failed","level":"ERRO","ts":"2026-10-06T23:14:55.17959503Z","instance":"remote-a-r1","service_name":"afs-node","message":"No such file or directory (os error 2)","kind":"NotFound","code":67305473}
{"msg":"fuse.create","level":"INFO","ts":"2026-10-06T23:14:55.17959778Z","instance":"remote-a-r1","service_name":"afs-node","name":"entry-0087.bin","parent":105}
{"msg":"FUSE request failed","level":"ERRO","ts":"2026-10-06T23:14:55.181698887Z","instance":"remote-a-r1","service_name":"afs-node","message":"No such file or directory (os error 2)","kind":"NotFound","code":67305473}
{"msg":"fuse.create","level":"INFO","ts":"2026-10-06T23:14:55.181713553Z","instance":"remote-a-r1","service_name":"afs-node","name":"entry-0088.bin","parent":105}
{"msg":"FUSE request failed","level":"ERRO","ts":"2026-10-06T23:14:55.184194656Z","instance":"remote-a-r1","service_name":"afs-node","message":"No such file or directory (os error 2)","kind":"NotFound","code":67305473}
{"msg":"fuse.create","level":"INFO","ts":"2026-10-06T23:14:55.18420824Z","instance":"remote-a-r1","service_name":"afs-node","name":"entry-0089.bin","parent":105}
{"msg":"FUSE request failed","level":"ERRO","ts":"2026-10-06T23:14:55.18754671Z","instance":"remote-a-r1","service_name":"afs-node","message":"No such file or directory (os error 2)","kind":"NotFound","code":67305473}
{"msg":"fuse.create","level":"INFO","ts":"2026-10-06T23:14:55.187564627Z","instance":"remote-a-r1","service_name":"afs-node","name":"entry-0090.bin","parent":105}
{"msg":"FUSE request failed","level":"ERRO","ts":"2026-10-06T23:14:55.190064063Z","instance":"remote-a-r1","service_name":"afs-node","message":"No such file or directory (os error 2)","kind":"NotFound","code":67305473}
{"msg":"fuse.create","level":"INFO","ts":"2026-10-06T23:14:55.19008248Z","instance":"remote-a-r1","service_name":"afs-node","name":"entry-0091.bin","parent":105}
{"msg":"FUSE request failed","level":"ERRO","ts":"2026-10-06T23:14:55.192219211Z","instance":"remote-a-r1","service_name":"afs-node","message":"No such file or directory (os error 2)","kind":"NotFound","code":67305473}
{"msg":"fuse.create","level":"INFO","ts":"2026-10-06T23:14:55.192224961Z","instance":"remote-a-r1","service_name":"afs-node","name":"entry-0092.bin","parent":105}
{"msg":"FUSE request failed","level":"ERRO","ts":"2026-10-06T23:14:55.194244151Z","instance":"remote-a-r1","service_name":"afs-node","message":"No such file or directory (os error 2)","kind":"NotFound","code":67305473}
{"msg":"fuse.create","level":"INFO","ts":"2026-10-06T23:14:55.194246693Z","instance":"remote-a-r1","service_name":"afs-node","name":"entry-0093.bin","parent":105}
{"msg":"FUSE request failed","level":"ERRO","ts":"2026-10-06T23:14:55.196598214Z","instance":"remote-a-r1","service_name":"afs-node","message":"No such file or directory (os error 2)","kind":"NotFound","code":67305473}
{"msg":"fuse.create","level":"INFO","ts":"2026-10-06T23:14:55.196601047Z","instance":"remote-a-r1","service_name":"afs-node","name":"entry-0094.bin","parent":105}
{"msg":"FUSE request failed","level":"ERRO","ts":"2026-10-06T23:14:55.198689112Z","instance":"remote-a-r1","service_name":"afs-node","message":"No such file or directory (os error 2)","kind":"NotFound","code":67305473}
{"msg":"fuse.create","level":"INFO","ts":"2026-10-06T23:14:55.198703195Z","instance":"remote-a-r1","service_name":"afs-node","name":"entry-0095.bin","parent":105}
{"msg":"FUSE request failed","level":"ERRO","ts":"2026-10-06T23:14:55.201079758Z","instance":"remote-a-r1","service_name":"afs-node","message":"No such file or directory (os error 2)","kind":"NotFound","code":67305473}
{"msg":"fuse.create","level":"INFO","ts":"2026-10-06T23:14:55.201097091Z","instance":"remote-a-r1","service_name":"afs-node","name":"entry-0096.bin","parent":105}
{"msg":"FUSE request failed","level":"ERRO","ts":"2026-10-06T23:14:55.203193906Z","instance":"remote-a-r1","service_name":"afs-node","message":"No such file or directory (os error 2)","kind":"NotFound","code":67305473}
{"msg":"fuse.create","level":"INFO","ts":"2026-10-06T23:14:55.20320828Z","instance":"remote-a-r1","service_name":"afs-node","name":"entry-0097.bin","parent":105}
{"msg":"FUSE request failed","level":"ERRO","ts":"2026-10-06T23:14:55.205813758Z","instance":"remote-a-r1","service_name":"afs-node","message":"No such file or directory (os error 2)","kind":"NotFound","code":67305473}
{"msg":"fuse.create","level":"INFO","ts":"2026-10-06T23:14:55.205835257Z","instance":"remote-a-r1","service_name":"afs-node","name":"entry-0098.bin","parent":105}
{"msg":"FUSE request failed","level":"ERRO","ts":"2026-10-06T23:14:55.207899739Z","instance":"remote-a-r1","service_name":"afs-node","message":"No such file or directory (os error 2)","kind":"NotFound","code":67305473}
{"msg":"fuse.create","level":"INFO","ts":"2026-10-06T23:14:55.207910447Z","instance":"remote-a-r1","service_name":"afs-node","name":"entry-0099.bin","parent":105}
{"msg":"[Not Implemented] ioctl(ino: 0x6a, fh: 305, flags: 0, cmd: 21505, in_data.len(): 0, out_size: 0)","level":"WARN","ts":"2026-10-06T23:14:55.212562615Z","instance":"remote-a-r1","service_name":"afs-node"}
{"msg":"[Not Implemented] ioctl(ino: 0x6b, fh: 306, flags: 0, cmd: 21505, in_data.len(): 0, out_size: 0)","level":"WARN","ts":"2026-10-06T23:14:55.214214642Z","instance":"remote-a-r1","service_name":"afs-node"}
{"msg":"[Not Implemented] ioctl(ino: 0x6c, fh: 307, flags: 0, cmd: 21505, in_data.len(): 0, out_size: 0)","level":"WARN","ts":"2026-10-06T23:14:55.215756587Z","instance":"remote-a-r1","service_name":"afs-node"}
{"msg":"[Not Implemented] ioctl(ino: 0x6d, fh: 308, flags: 0, cmd: 21505, in_data.len(): 0, out_size: 0)","level":"WARN","ts":"2026-10-06T23:14:55.217482196Z","instance":"remote-a-r1","service_name":"afs-node"}
{"msg":"[Not Implemented] ioctl(ino: 0x6e, fh: 309, flags: 0, cmd: 21505, in_data.len(): 0, out_size: 0)","level":"WARN","ts":"2026-10-06T23:14:55.219139515Z","instance":"remote-a-r1","service_name":"afs-node"}
{"msg":"[Not Implemented] ioctl(ino: 0x6f, fh: 310, flags: 0, cmd: 21505, in_data.len(): 0, out_size: 0)","level":"WARN","ts":"2026-10-06T23:14:55.220735126Z","instance":"remote-a-r1","service_name":"afs-node"}
{"msg":"[Not Implemented] ioctl(ino: 0x70, fh: 311, flags: 0, cmd: 21505, in_data.len(): 0, out_size: 0)","level":"WARN","ts":"2026-10-06T23:14:55.222670817Z","instance":"remote-a-r1","service_name":"afs-node"}
{"msg":"[Not Implemented] ioctl(ino: 0x71, fh: 312, flags: 0, cmd: 21505, in_data.len(): 0, out_size: 0)","level":"WARN","ts":"2026-10-06T23:14:55.224533343Z","instance":"remote-a-r1","service_name":"afs-node"}
{"msg":"[Not Implemented] ioctl(ino: 0x72, fh: 313, flags: 0, cmd: 21505, in_data.len(): 0, out_size: 0)","level":"WARN","ts":"2026-10-06T23:14:55.226453826Z","instance":"remote-a-r1","service_name":"afs-node"}
{"msg":"[Not Implemented] ioctl(ino: 0x73, fh: 314, flags: 0, cmd: 21505, in_data.len(): 0, out_size: 0)","level":"WARN","ts":"2026-10-06T23:14:55.228288226Z","instance":"remote-a-r1","service_name":"afs-node"}
{"msg":"[Not Implemented] ioctl(ino: 0x74, fh: 315, flags: 0, cmd: 21505, in_data.len(): 0, out_size: 0)","level":"WARN","ts":"2026-10-06T23:14:55.230202126Z","instance":"remote-a-r1","service_name":"afs-node"}
{"msg":"[Not Implemented] ioctl(ino: 0x75, fh: 316, flags: 0, cmd: 21505, in_data.len(): 0, out_size: 0)","level":"WARN","ts":"2026-10-06T23:14:55.233528472Z","instance":"remote-a-r1","service_name":"afs-node"}
{"msg":"[Not Implemented] ioctl(ino: 0x76, fh: 317, flags: 0, cmd: 21505, in_data.len(): 0, out_size: 0)","level":"WARN","ts":"2026-10-06T23:14:55.236622194Z","instance":"remote-a-r1","service_name":"afs-node"}
{"msg":"[Not Implemented] ioctl(ino: 0x77, fh: 318, flags: 0, cmd: 21505, in_data.len(): 0, out_size: 0)","level":"WARN","ts":"2026-10-06T23:14:55.238354262Z","instance":"remote-a-r1","service_name":"afs-node"}
{"msg":"[Not Implemented] ioctl(ino: 0x78, fh: 319, flags: 0, cmd: 21505, in_data.len(): 0, out_size: 0)","level":"WARN","ts":"2026-10-06T23:14:55.239965081Z","instance":"remote-a-r1","service_name":"afs-node"}
{"msg":"[Not Implemented] ioctl(ino: 0x79, fh: 320, flags: 0, cmd: 21505, in_data.len(): 0, out_size: 0)","level":"WARN","ts":"2026-10-06T23:14:55.24184744Z","instance":"remote-a-r1","service_name":"afs-node"}
{"msg":"[Not Implemented] ioctl(ino: 0x7a, fh: 321, flags: 0, cmd: 21505, in_data.len(): 0, out_size: 0)","level":"WARN","ts":"2026-10-06T23:14:55.243812464Z","instance":"remote-a-r1","service_name":"afs-node"}
{"msg":"[Not Implemented] ioctl(ino: 0x7b, fh: 322, flags: 0, cmd: 21505, in_data.len(): 0, out_size: 0)","level":"WARN","ts":"2026-10-06T23:14:55.245796113Z","instance":"remote-a-r1","service_name":"afs-node"}
{"msg":"[Not Implemented] ioctl(ino: 0x7c, fh: 323, flags: 0, cmd: 21505, in_data.len(): 0, out_size: 0)","level":"WARN","ts":"2026-10-06T23:14:55.247788763Z","instance":"remote-a-r1","service_name":"afs-node"}
{"msg":"[Not Implemented] ioctl(ino: 0x7d, fh: 324, flags: 0, cmd: 21505, in_data.len(): 0, out_size: 0)","level":"WARN","ts":"2026-10-06T23:14:55.249771912Z","instance":"remote-a-r1","service_name":"afs-node"}
{"msg":"[Not Implemented] ioctl(ino: 0x7e, fh: 325, flags: 0, cmd: 21505, in_data.len(): 0, out_size: 0)","level":"WARN","ts":"2026-10-06T23:14:55.251686811Z","instance":"remote-a-r1","service_name":"afs-node"}
{"msg":"[Not Implemented] ioctl(ino: 0x7f, fh: 326, flags: 0, cmd: 21505, in_data.len(): 0, out_size: 0)","level":"WARN","ts":"2026-10-06T23:14:55.253590128Z","instance":"remote-a-r1","service_name":"afs-node"}
{"msg":"[Not Implemented] ioctl(ino: 0x80, fh: 327, flags: 0, cmd: 21505, in_data.len(): 0, out_size: 0)","level":"WARN","ts":"2026-10-06T23:14:55.255777609Z","instance":"remote-a-r1","service_name":"afs-node"}
{"msg":"[Not Implemented] ioctl(ino: 0x81, fh: 328, flags: 0, cmd: 21505, in_data.len(): 0, out_size: 0)","level":"WARN","ts":"2026-10-06T23:14:55.257664925Z","instance":"remote-a-r1","service_name":"afs-node"}
{"msg":"[Not Implemented] ioctl(ino: 0x82, fh: 329, flags: 0, cmd: 21505, in_data.len(): 0, out_size: 0)","level":"WARN","ts":"2026-10-06T23:14:55.259458868Z","instance":"remote-a-r1","service_name":"afs-node"}
{"msg":"[Not Implemented] ioctl(ino: 0x83, fh: 330, flags: 0, cmd: 21505, in_data.len(): 0, out_size: 0)","level":"WARN","ts":"2026-10-06T23:14:55.26136081Z","instance":"remote-a-r1","service_name":"afs-node"}
{"msg":"[Not Implemented] ioctl(ino: 0x84, fh: 331, flags: 0, cmd: 21505, in_data.len(): 0, out_size: 0)","level":"WARN","ts":"2026-10-06T23:14:55.263433958Z","instance":"remote-a-r1","service_name":"afs-node"}
{"msg":"[Not Implemented] ioctl(ino: 0x85, fh: 332, flags: 0, cmd: 21505, in_data.len(): 0, out_size: 0)","level":"WARN","ts":"2026-10-06T23:14:55.26542644Z","instance":"remote-a-r1","service_name":"afs-node"}
{"msg":"[Not Implemented] ioctl(ino: 0x86, fh: 333, flags: 0, cmd: 21505, in_data.len(): 0, out_size: 0)","level":"WARN","ts":"2026-10-06T23:14:55.267251924Z","instance":"remote-a-r1","service_name":"afs-node"}
{"msg":"[Not Implemented] ioctl(ino: 0x87, fh: 334, flags: 0, cmd: 21505, in_data.len(): 0, out_size: 0)","level":"WARN","ts":"2026-10-06T23:14:55.26921799Z","instance":"remote-a-r1","service_name":"afs-node"}
{"msg":"[Not Implemented] ioctl(ino: 0x88, fh: 335, flags: 0, cmd: 21505, in_data.len(): 0, out_size: 0)","level":"WARN","ts":"2026-10-06T23:14:55.271107432Z","instance":"remote-a-r1","service_name":"afs-node"}
{"msg":"[Not Implemented] ioctl(ino: 0x89, fh: 336, flags: 0, cmd: 21505, in_data.len(): 0, out_size: 0)","level":"WARN","ts":"2026-10-06T23:14:55.272951707Z","instance":"remote-a-r1","service_name":"afs-node"}
{"msg":"[Not Implemented] ioctl(ino: 0x8a, fh: 337, flags: 0, cmd: 21505, in_data.len(): 0, out_size: 0)","level":"WARN","ts":"2026-10-06T23:14:55.274800024Z","instance":"remote-a-r1","service_name":"afs-node"}
{"msg":"[Not Implemented] ioctl(ino: 0x8b, fh: 338, flags: 0, cmd: 21505, in_data.len(): 0, out_size: 0)","level":"WARN","ts":"2026-10-06T23:14:55.276766882Z","instance":"remote-a-r1","service_name":"afs-node"}
{"msg":"[Not Implemented] ioctl(ino: 0x8c, fh: 339, flags: 0, cmd: 21505, in_data.len(): 0, out_size: 0)","level":"WARN","ts":"2026-10-06T23:14:55.278672657Z","instance":"remote-a-r1","service_name":"afs-node"}
{"msg":"[Not Implemented] ioctl(ino: 0x8d, fh: 340, flags: 0, cmd: 21505, in_data.len(): 0, out_size: 0)","level":"WARN","ts":"2026-10-06T23:14:55.280643681Z","instance":"remote-a-r1","service_name":"afs-node"}
{"msg":"[Not Implemented] ioctl(ino: 0x8e, fh: 341, flags: 0, cmd: 21505, in_data.len(): 0, out_size: 0)","level":"WARN","ts":"2026-10-06T23:14:55.282537956Z","instance":"remote-a-r1","service_name":"afs-node"}
{"msg":"[Not Implemented] ioctl(ino: 0x8f, fh: 342, flags: 0, cmd: 21505, in_data.len(): 0, out_size: 0)","level":"WARN","ts":"2026-10-06T23:14:55.284331149Z","instance":"remote-a-r1","service_name":"afs-node"}
{"msg":"[Not Implemented] ioctl(ino: 0x90, fh: 343, flags: 0, cmd: 21505, in_data.len(): 0, out_size: 0)","level":"WARN","ts":"2026-10-06T23:14:55.28628859Z","instance":"remote-a-r1","service_name":"afs-node"}
{"msg":"[Not Implemented] ioctl(ino: 0x91, fh: 344, flags: 0, cmd: 21505, in_data.len(): 0, out_size: 0)","level":"WARN","ts":"2026-10-06T23:14:55.288183323Z","instance":"remote-a-r1","service_name":"afs-node"}
{"msg":"[Not Implemented] ioctl(ino: 0x92, fh: 345, flags: 0, cmd: 21505, in_data.len(): 0, out_size: 0)","level":"WARN","ts":"2026-10-06T23:14:55.290101181Z","instance":"remote-a-r1","service_name":"afs-node"}
{"msg":"[Not Implemented] ioctl(ino: 0x93, fh: 346, flags: 0, cmd: 21505, in_data.len(): 0, out_size: 0)","level":"WARN","ts":"2026-10-06T23:14:55.292004956Z","instance":"remote-a-r1","service_name":"afs-node"}
{"msg":"[Not Implemented] ioctl(ino: 0x94, fh: 347, flags: 0, cmd: 21505, in_data.len(): 0, out_size: 0)","level":"WARN","ts":"2026-10-06T23:14:55.293937189Z","instance":"remote-a-r1","service_name":"afs-node"}
{"msg":"[Not Implemented] ioctl(ino: 0x95, fh: 348, flags: 0, cmd: 21505, in_data.len(): 0, out_size: 0)","level":"WARN","ts":"2026-10-06T23:14:55.295846881Z","instance":"remote-a-r1","service_name":"afs-node"}
{"msg":"[Not Implemented] ioctl(ino: 0x96, fh: 349, flags: 0, cmd: 21505, in_data.len(): 0, out_size: 0)","level":"WARN","ts":"2026-10-06T23:14:55.297787738Z","instance":"remote-a-r1","service_name":"afs-node"}
{"msg":"[Not Implemented] ioctl(ino: 0x97, fh: 350, flags: 0, cmd: 21505, in_data.len(): 0, out_size: 0)","level":"WARN","ts":"2026-10-06T23:14:55.299761096Z","instance":"remote-a-r1","service_name":"afs-node"}
{"msg":"[Not Implemented] ioctl(ino: 0x98, fh: 351, flags: 0, cmd: 21505, in_data.len(): 0, out_size: 0)","level":"WARN","ts":"2026-10-06T23:14:55.301656329Z","instance":"remote-a-r1","service_name":"afs-node"}
{"msg":"[Not Implemented] ioctl(ino: 0x99, fh: 352, flags: 0, cmd: 21505, in_data.len(): 0, out_size: 0)","level":"WARN","ts":"2026-10-06T23:14:55.303520521Z","instance":"remote-a-r1","service_name":"afs-node"}
{"msg":"[Not Implemented] ioctl(ino: 0x9a, fh: 353, flags: 0, cmd: 21505, in_data.len(): 0, out_size: 0)","level":"WARN","ts":"2026-10-06T23:14:55.305304922Z","instance":"remote-a-r1","service_name":"afs-node"}
{"msg":"[Not Implemented] ioctl(ino: 0x9b, fh: 354, flags: 0, cmd: 21505, in_data.len(): 0, out_size: 0)","level":"WARN","ts":"2026-10-06T23:14:55.307217155Z","instance":"remote-a-r1","service_name":"afs-node"}
{"msg":"[Not Implemented] ioctl(ino: 0x9c, fh: 355, flags: 0, cmd: 21505, in_data.len(): 0, out_size: 0)","level":"WARN","ts":"2026-10-06T23:14:55.309055889Z","instance":"remote-a-r1","service_name":"afs-node"}
{"msg":"[Not Implemented] ioctl(ino: 0x9d, fh: 356, flags: 0, cmd: 21505, in_data.len(): 0, out_size: 0)","level":"WARN","ts":"2026-10-06T23:14:55.311007622Z","instance":"remote-a-r1","service_name":"afs-node"}
{"msg":"[Not Implemented] ioctl(ino: 0x9e, fh: 357, flags: 0, cmd: 21505, in_data.len(): 0, out_size: 0)","level":"WARN","ts":"2026-10-06T23:14:55.312947146Z","instance":"remote-a-r1","service_name":"afs-node"}
{"msg":"[Not Implemented] ioctl(ino: 0x9f, fh: 358, flags: 0, cmd: 21505, in_data.len(): 0, out_size: 0)","level":"WARN","ts":"2026-10-06T23:14:55.314872421Z","instance":"remote-a-r1","service_name":"afs-node"}
{"msg":"[Not Implemented] ioctl(ino: 0xa0, fh: 359, flags: 0, cmd: 21505, in_data.len(): 0, out_size: 0)","level":"WARN","ts":"2026-10-06T23:14:55.316827071Z","instance":"remote-a-r1","service_name":"afs-node"}
{"msg":"[Not Implemented] ioctl(ino: 0xa1, fh: 360, flags: 0, cmd: 21505, in_data.len(): 0, out_size: 0)","level":"WARN","ts":"2026-10-06T23:14:55.318629221Z","instance":"remote-a-r1","service_name":"afs-node"}
{"msg":"[Not Implemented] ioctl(ino: 0xa2, fh: 361, flags: 0, cmd: 21505, in_data.len(): 0, out_size: 0)","level":"WARN","ts":"2026-10-06T23:14:55.320353748Z","instance":"remote-a-r1","service_name":"afs-node"}
{"msg":"[Not Implemented] ioctl(ino: 0xa3, fh: 362, flags: 0, cmd: 21505, in_data.len(): 0, out_size: 0)","level":"WARN","ts":"2026-10-06T23:14:55.322169732Z","instance":"remote-a-r1","service_name":"afs-node"}
{"msg":"[Not Implemented] ioctl(ino: 0xa4, fh: 363, flags: 0, cmd: 21505, in_data.len(): 0, out_size: 0)","level":"WARN","ts":"2026-10-06T23:14:55.324004632Z","instance":"remote-a-r1","service_name":"afs-node"}
{"msg":"[Not Implemented] ioctl(ino: 0xa5, fh: 364, flags: 0, cmd: 21505, in_data.len(): 0, out_size: 0)","level":"WARN","ts":"2026-10-06T23:14:55.32592624Z","instance":"remote-a-r1","service_name":"afs-node"}
{"msg":"[Not Implemented] ioctl(ino: 0xa6, fh: 365, flags: 0, cmd: 21505, in_data.len(): 0, out_size: 0)","level":"WARN","ts":"2026-10-06T23:14:55.327849265Z","instance":"remote-a-r1","service_name":"afs-node"}
{"msg":"[Not Implemented] ioctl(ino: 0xa7, fh: 366, flags: 0, cmd: 21505, in_data.len(): 0, out_size: 0)","level":"WARN","ts":"2026-10-06T23:14:55.329647708Z","instance":"remote-a-r1","service_name":"afs-node"}
{"msg":"[Not Implemented] ioctl(ino: 0xa8, fh: 367, flags: 0, cmd: 21505, in_data.len(): 0, out_size: 0)","level":"WARN","ts":"2026-10-06T23:14:55.331544608Z","instance":"remote-a-r1","service_name":"afs-node"}
{"msg":"[Not Implemented] ioctl(ino: 0xa9, fh: 368, flags: 0, cmd: 21505, in_data.len(): 0, out_size: 0)","level":"WARN","ts":"2026-10-06T23:14:55.333335883Z","instance":"remote-a-r1","service_name":"afs-node"}
{"msg":"[Not Implemented] ioctl(ino: 0xaa, fh: 369, flags: 0, cmd: 21505, in_data.len(): 0, out_size: 0)","level":"WARN","ts":"2026-10-06T23:14:55.335262533Z","instance":"remote-a-r1","service_name":"afs-node"}
{"msg":"[Not Implemented] ioctl(ino: 0xab, fh: 370, flags: 0, cmd: 21505, in_data.len(): 0, out_size: 0)","level":"WARN","ts":"2026-10-06T23:14:55.337215266Z","instance":"remote-a-r1","service_name":"afs-node"}
{"msg":"[Not Implemented] ioctl(ino: 0xac, fh: 371, flags: 0, cmd: 21505, in_data.len(): 0, out_size: 0)","level":"WARN","ts":"2026-10-06T23:14:55.339104791Z","instance":"remote-a-r1","service_name":"afs-node"}
{"msg":"[Not Implemented] ioctl(ino: 0xad, fh: 372, flags: 0, cmd: 21505, in_data.len(): 0, out_size: 0)","level":"WARN","ts":"2026-10-06T23:14:55.34109144Z","instance":"remote-a-r1","service_name":"afs-node"}
{"msg":"[Not Implemented] ioctl(ino: 0xae, fh: 373, flags: 0, cmd: 21505, in_data.len(): 0, out_size: 0)","level":"WARN","ts":"2026-10-06T23:14:55.342881799Z","instance":"remote-a-r1","service_name":"afs-node"}
{"msg":"[Not Implemented] ioctl(ino: 0xaf, fh: 374, flags: 0, cmd: 21505, in_data.len(): 0, out_size: 0)","level":"WARN","ts":"2026-10-06T23:14:55.344689908Z","instance":"remote-a-r1","service_name":"afs-node"}
{"msg":"[Not Implemented] ioctl(ino: 0xb0, fh: 375, flags: 0, cmd: 21505, in_data.len(): 0, out_size: 0)","level":"WARN","ts":"2026-10-06T23:14:55.346555142Z","instance":"remote-a-r1","service_name":"afs-node"}
{"msg":"[Not Implemented] ioctl(ino: 0xb1, fh: 376, flags: 0, cmd: 21505, in_data.len(): 0, out_size: 0)","level":"WARN","ts":"2026-10-06T23:14:55.348569166Z","instance":"remote-a-r1","service_name":"afs-node"}
{"msg":"[Not Implemented] ioctl(ino: 0xb2, fh: 377, flags: 0, cmd: 21505, in_data.len(): 0, out_size: 0)","level":"WARN","ts":"2026-10-06T23:14:55.350468316Z","instance":"remote-a-r1","service_name":"afs-node"}
{"msg":"[Not Implemented] ioctl(ino: 0xb3, fh: 378, flags: 0, cmd: 21505, in_data.len(): 0, out_size: 0)","level":"WARN","ts":"2026-10-06T23:14:55.352426965Z","instance":"remote-a-r1","service_name":"afs-node"}
{"msg":"[Not Implemented] ioctl(ino: 0xb4, fh: 379, flags: 0, cmd: 21505, in_data.len(): 0, out_size: 0)","level":"WARN","ts":"2026-10-06T23:14:55.354278365Z","instance":"remote-a-r1","service_name":"afs-node"}
{"msg":"[Not Implemented] ioctl(ino: 0xb5, fh: 380, flags: 0, cmd: 21505, in_data.len(): 0, out_size: 0)","level":"WARN","ts":"2026-10-06T23:14:55.356266556Z","instance":"remote-a-r1","service_name":"afs-node"}
{"msg":"[Not Implemented] ioctl(ino: 0xb6, fh: 381, flags: 0, cmd: 21505, in_data.len(): 0, out_size: 0)","level":"WARN","ts":"2026-10-06T23:14:55.358223456Z","instance":"remote-a-r1","service_name":"afs-node"}
{"msg":"[Not Implemented] ioctl(ino: 0xb7, fh: 382, flags: 0, cmd: 21505, in_data.len(): 0, out_size: 0)","level":"WARN","ts":"2026-10-06T23:14:55.360056315Z","instance":"remote-a-r1","service_name":"afs-node"}
{"msg":"[Not Implemented] ioctl(ino: 0xb8, fh: 383, flags: 0, cmd: 21505, in_data.len(): 0, out_size: 0)","level":"WARN","ts":"2026-10-06T23:14:55.361948048Z","instance":"remote-a-r1","service_name":"afs-node"}
{"msg":"[Not Implemented] ioctl(ino: 0xb9, fh: 384, flags: 0, cmd: 21505, in_data.len(): 0, out_size: 0)","level":"WARN","ts":"2026-10-06T23:14:55.363861448Z","instance":"remote-a-r1","service_name":"afs-node"}
{"msg":"[Not Implemented] ioctl(ino: 0xba, fh: 385, flags: 0, cmd: 21505, in_data.len(): 0, out_size: 0)","level":"WARN","ts":"2026-10-06T23:14:55.365888971Z","instance":"remote-a-r1","service_name":"afs-node"}
{"msg":"[Not Implemented] ioctl(ino: 0xbb, fh: 386, flags: 0, cmd: 21505, in_data.len(): 0, out_size: 0)","level":"WARN","ts":"2026-10-06T23:14:55.367713622Z","instance":"remote-a-r1","service_name":"afs-node"}
{"msg":"[Not Implemented] ioctl(ino: 0xbc, fh: 387, flags: 0, cmd: 21505, in_data.len(): 0, out_size: 0)","level":"WARN","ts":"2026-10-06T23:14:55.369658897Z","instance":"remote-a-r1","service_name":"afs-node"}
{"msg":"[Not Implemented] ioctl(ino: 0xbd, fh: 388, flags: 0, cmd: 21505, in_data.len(): 0, out_size: 0)","level":"WARN","ts":"2026-10-06T23:14:55.371562671Z","instance":"remote-a-r1","service_name":"afs-node"}
{"msg":"[Not Implemented] ioctl(ino: 0xbe, fh: 389, flags: 0, cmd: 21505, in_data.len(): 0, out_size: 0)","level":"WARN","ts":"2026-10-06T23:14:55.373372989Z","instance":"remote-a-r1","service_name":"afs-node"}
{"msg":"[Not Implemented] ioctl(ino: 0xbf, fh: 390, flags: 0, cmd: 21505, in_data.len(): 0, out_size: 0)","level":"WARN","ts":"2026-10-06T23:14:55.375268222Z","instance":"remote-a-r1","service_name":"afs-node"}
{"msg":"[Not Implemented] ioctl(ino: 0xc0, fh: 391, flags: 0, cmd: 21505, in_data.len(): 0, out_size: 0)","level":"WARN","ts":"2026-10-06T23:14:55.377164372Z","instance":"remote-a-r1","service_name":"afs-node"}
{"msg":"[Not Implemented] ioctl(ino: 0xc1, fh: 392, flags: 0, cmd: 21505, in_data.len(): 0, out_size: 0)","level":"WARN","ts":"2026-10-06T23:14:55.379011856Z","instance":"remote-a-r1","service_name":"afs-node"}
{"msg":"[Not Implemented] ioctl(ino: 0xc2, fh: 393, flags: 0, cmd: 21505, in_data.len(): 0, out_size: 0)","level":"WARN","ts":"2026-10-06T23:14:55.380954672Z","instance":"remote-a-r1","service_name":"afs-node"}
{"msg":"[Not Implemented] ioctl(ino: 0xc3, fh: 394, flags: 0, cmd: 21505, in_data.len(): 0, out_size: 0)","level":"WARN","ts":"2026-10-06T23:14:55.382937988Z","instance":"remote-a-r1","service_name":"afs-node"}
{"msg":"[Not Implemented] ioctl(ino: 0xc4, fh: 395, flags: 0, cmd: 21505, in_data.len(): 0, out_size: 0)","level":"WARN","ts":"2026-10-06T23:14:55.384674806Z","instance":"remote-a-r1","service_name":"afs-node"}
{"msg":"[Not Implemented] ioctl(ino: 0xc5, fh: 396, flags: 0, cmd: 21505, in_data.len(): 0, out_size: 0)","level":"WARN","ts":"2026-10-06T23:14:55.38648129Z","instance":"remote-a-r1","service_name":"afs-node"}
{"msg":"[Not Implemented] ioctl(ino: 0xc6, fh: 397, flags: 0, cmd: 21505, in_data.len(): 0, out_size: 0)","level":"WARN","ts":"2026-10-06T23:14:55.388258149Z","instance":"remote-a-r1","service_name":"afs-node"}
{"msg":"[Not Implemented] ioctl(ino: 0xc7, fh: 398, flags: 0, cmd: 21505, in_data.len(): 0, out_size: 0)","level":"WARN","ts":"2026-10-06T23:14:55.390134174Z","instance":"remote-a-r1","service_name":"afs-node"}
{"msg":"[Not Implemented] ioctl(ino: 0xc8, fh: 399, flags: 0, cmd: 21505, in_data.len(): 0, out_size: 0)","level":"WARN","ts":"2026-10-06T23:14:55.392005116Z","instance":"remote-a-r1","service_name":"afs-node"}
{"msg":"[Not Implemented] ioctl(ino: 0xc9, fh: 400, flags: 0, cmd: 21505, in_data.len(): 0, out_size: 0)","level":"WARN","ts":"2026-10-06T23:14:55.393898641Z","instance":"remote-a-r1","service_name":"afs-node"}
{"msg":"[Not Implemented] ioctl(ino: 0xca, fh: 401, flags: 0, cmd: 21505, in_data.len(): 0, out_size: 0)","level":"WARN","ts":"2026-10-06T23:14:55.395853041Z","instance":"remote-a-r1","service_name":"afs-node"}
{"msg":"[Not Implemented] ioctl(ino: 0xcb, fh: 402, flags: 0, cmd: 21505, in_data.len(): 0, out_size: 0)","level":"WARN","ts":"2026-10-06T23:14:55.39766115Z","instance":"remote-a-r1","service_name":"afs-node"}
{"msg":"[Not Implemented] ioctl(ino: 0xcc, fh: 403, flags: 0, cmd: 21505, in_data.len(): 0, out_size: 0)","level":"WARN","ts":"2026-10-06T23:14:55.39950805Z","instance":"remote-a-r1","service_name":"afs-node"}
{"msg":"[Not Implemented] ioctl(ino: 0xcd, fh: 404, flags: 0, cmd: 21505, in_data.len(): 0, out_size: 0)","level":"WARN","ts":"2026-10-06T23:14:55.401395533Z","instance":"remote-a-r1","service_name":"afs-node"}
{"msg":"FUSE request failed","level":"ERRO","ts":"2026-10-06T23:14:55.503919796Z","instance":"remote-a-r1","service_name":"afs-node","message":"No such file or directory (os error 2)","kind":"NotFound","code":67305473}
{"msg":"FUSE request failed","level":"ERRO","ts":"2026-10-06T23:14:55.506225276Z","instance":"remote-a-r1","service_name":"afs-node","message":"No such file or directory (os error 2)","kind":"NotFound","code":67305473}
{"msg":"fuse.create","level":"INFO","ts":"2026-10-06T23:14:55.506234109Z","instance":"remote-a-r1","service_name":"afs-node","name":"entry-0000.bin","parent":206}
{"msg":"FUSE request failed","level":"ERRO","ts":"2026-10-06T23:14:55.508842628Z","instance":"remote-a-r1","service_name":"afs-node","message":"No such file or directory (os error 2)","kind":"NotFound","code":67305473}
{"msg":"fuse.create","level":"INFO","ts":"2026-10-06T23:14:55.508865211Z","instance":"remote-a-r1","service_name":"afs-node","name":"entry-0001.bin","parent":206}
{"msg":"FUSE request failed","level":"ERRO","ts":"2026-10-06T23:14:55.511219065Z","instance":"remote-a-r1","service_name":"afs-node","message":"No such file or directory (os error 2)","kind":"NotFound","code":67305473}
{"msg":"fuse.create","level":"INFO","ts":"2026-10-06T23:14:55.51125944Z","instance":"remote-a-r1","service_name":"afs-node","name":"entry-0002.bin","parent":206}
{"msg":"FUSE request failed","level":"ERRO","ts":"2026-10-06T23:14:55.5138905Z","instance":"remote-a-r1","service_name":"afs-node","message":"No such file or directory (os error 2)","kind":"NotFound","code":67305473}
{"msg":"fuse.create","level":"INFO","ts":"2026-10-06T23:14:55.513920167Z","instance":"remote-a-r1","service_name":"afs-node","name":"entry-0003.bin","parent":206}
{"msg":"FUSE request failed","level":"ERRO","ts":"2026-10-06T23:14:55.516496936Z","instance":"remote-a-r1","service_name":"afs-node","message":"No such file or directory (os error 2)","kind":"NotFound","code":67305473}
{"msg":"fuse.create","level":"INFO","ts":"2026-10-06T23:14:55.51651856Z","instance":"remote-a-r1","service_name":"afs-node","name":"entry-0004.bin","parent":206}
{"msg":"FUSE request failed","level":"ERRO","ts":"2026-10-06T23:14:55.519090246Z","instance":"remote-a-r1","service_name":"afs-node","message":"No such file or directory (os error 2)","kind":"NotFound","code":67305473}
{"msg":"fuse.create","level":"INFO","ts":"2026-10-06T23:14:55.519144912Z","instance":"remote-a-r1","service_name":"afs-node","name":"entry-0005.bin","parent":206}
{"msg":"FUSE request failed","level":"ERRO","ts":"2026-10-06T23:14:55.521911138Z","instance":"remote-a-r1","service_name":"afs-node","message":"No such file or directory (os error 2)","kind":"NotFound","code":67305473}
{"msg":"fuse.create","level":"INFO","ts":"2026-10-06T23:14:55.521944679Z","instance":"remote-a-r1","service_name":"afs-node","name":"entry-0006.bin","parent":206}
{"msg":"FUSE request failed","level":"ERRO","ts":"2026-10-06T23:14:55.524062577Z","instance":"remote-a-r1","service_name":"afs-node","message":"No such file or directory (os error 2)","kind":"NotFound","code":67305473}
{"msg":"fuse.create","level":"INFO","ts":"2026-10-06T23:14:55.524077827Z","instance":"remote-a-r1","service_name":"afs-node","name":"entry-0007.bin","parent":206}
{"msg":"FUSE request failed","level":"ERRO","ts":"2026-10-06T23:14:55.526243183Z","instance":"remote-a-r1","service_name":"afs-node","message":"No such file or directory (os error 2)","kind":"NotFound","code":67305473}
{"msg":"fuse.create","level":"INFO","ts":"2026-10-06T23:14:55.526255558Z","instance":"remote-a-r1","service_name":"afs-node","name":"entry-0008.bin","parent":206}
{"msg":"FUSE request failed","level":"ERRO","ts":"2026-10-06T23:14:55.52867662Z","instance":"remote-a-r1","service_name":"afs-node","message":"No such file or directory (os error 2)","kind":"NotFound","code":67305473}
{"msg":"fuse.create","level":"INFO","ts":"2026-10-06T23:14:55.528689078Z","instance":"remote-a-r1","service_name":"afs-node","name":"entry-0009.bin","parent":206}
{"msg":"FUSE request failed","level":"ERRO","ts":"2026-10-06T23:14:55.530850976Z","instance":"remote-a-r1","service_name":"afs-node","message":"No such file or directory (os error 2)","kind":"NotFound","code":67305473}
{"msg":"fuse.create","level":"INFO","ts":"2026-10-06T23:14:55.530880725Z","instance":"remote-a-r1","service_name":"afs-node","name":"entry-0010.bin","parent":206}
{"msg":"FUSE request failed","level":"ERRO","ts":"2026-10-06T23:14:55.532950749Z","instance":"remote-a-r1","service_name":"afs-node","message":"No such file or directory (os error 2)","kind":"NotFound","code":67305473}
{"msg":"fuse.create","level":"INFO","ts":"2026-10-06T23:14:55.532981665Z","instance":"remote-a-r1","service_name":"afs-node","name":"entry-0011.bin","parent":206}
{"msg":"FUSE request failed","level":"ERRO","ts":"2026-10-06T23:14:55.535126521Z","instance":"remote-a-r1","service_name":"afs-node","message":"No such file or directory (os error 2)","kind":"NotFound","code":67305473}
{"msg":"fuse.create","level":"INFO","ts":"2026-10-06T23:14:55.535151771Z","instance":"remote-a-r1","service_name":"afs-node","name":"entry-0012.bin","parent":206}
{"msg":"FUSE request failed","level":"ERRO","ts":"2026-10-06T23:14:55.537233878Z","instance":"remote-a-r1","service_name":"afs-node","message":"No such file or directory (os error 2)","kind":"NotFound","code":67305473}
{"msg":"fuse.create","level":"INFO","ts":"2026-10-06T23:14:55.537251128Z","instance":"remote-a-r1","service_name":"afs-node","name":"entry-0013.bin","parent":206}
{"msg":"FUSE request failed","level":"ERRO","ts":"2026-10-06T23:14:55.539686939Z","instance":"remote-a-r1","service_name":"afs-node","message":"No such file or directory (os error 2)","kind":"NotFound","code":67305473}
{"msg":"fuse.create","level":"INFO","ts":"2026-10-06T23:14:55.539697189Z","instance":"remote-a-r1","service_name":"afs-node","name":"entry-0014.bin","parent":206}
{"msg":"FUSE request failed","level":"ERRO","ts":"2026-10-06T23:14:55.541811962Z","instance":"remote-a-r1","service_name":"afs-node","message":"No such file or directory (os error 2)","kind":"NotFound","code":67305473}
{"msg":"fuse.create","level":"INFO","ts":"2026-10-06T23:14:55.541834671Z","instance":"remote-a-r1","service_name":"afs-node","name":"entry-0015.bin","parent":206}
{"msg":"FUSE request failed","level":"ERRO","ts":"2026-10-06T23:14:55.544236983Z","instance":"remote-a-r1","service_name":"afs-node","message":"No such file or directory (os error 2)","kind":"NotFound","code":67305473}
{"msg":"fuse.create","level":"INFO","ts":"2026-10-06T23:14:55.544259149Z","instance":"remote-a-r1","service_name":"afs-node","name":"entry-0016.bin","parent":206}
{"msg":"FUSE request failed","level":"ERRO","ts":"2026-10-06T23:14:55.546462588Z","instance":"remote-a-r1","service_name":"afs-node","message":"No such file or directory (os error 2)","kind":"NotFound","code":67305473}
{"msg":"fuse.create","level":"INFO","ts":"2026-10-06T23:14:55.54648763Z","instance":"remote-a-r1","service_name":"afs-node","name":"entry-0017.bin","parent":206}
{"msg":"FUSE request failed","level":"ERRO","ts":"2026-10-06T23:14:55.548704402Z","instance":"remote-a-r1","service_name":"afs-node","message":"No such file or directory (os error 2)","kind":"NotFound","code":67305473}
{"msg":"fuse.create","level":"INFO","ts":"2026-10-06T23:14:55.548725485Z","instance":"remote-a-r1","service_name":"afs-node","name":"entry-0018.bin","parent":206}
{"msg":"FUSE request failed","level":"ERRO","ts":"2026-10-06T23:14:55.550833508Z","instance":"remote-a-r1","service_name":"afs-node","message":"No such file or directory (os error 2)","kind":"NotFound","code":67305473}
{"msg":"fuse.create","level":"INFO","ts":"2026-10-06T23:14:55.550855966Z","instance":"remote-a-r1","service_name":"afs-node","name":"entry-0019.bin","parent":206}
{"msg":"FUSE request failed","level":"ERRO","ts":"2026-10-06T23:14:55.553038363Z","instance":"remote-a-r1","service_name":"afs-node","message":"No such file or directory (os error 2)","kind":"NotFound","code":67305473}
{"msg":"fuse.create","level":"INFO","ts":"2026-10-06T23:14:55.553063322Z","instance":"remote-a-r1","service_name":"afs-node","name":"entry-0020.bin","parent":206}
{"msg":"FUSE request failed","level":"ERRO","ts":"2026-10-06T23:14:55.555193844Z","instance":"remote-a-r1","service_name":"afs-node","message":"No such file or directory (os error 2)","kind":"NotFound","code":67305473}
{"msg":"fuse.create","level":"INFO","ts":"2026-10-06T23:14:55.555197969Z","instance":"remote-a-r1","service_name":"afs-node","name":"entry-0021.bin","parent":206}
{"msg":"FUSE request failed","level":"ERRO","ts":"2026-10-06T23:14:55.557678573Z","instance":"remote-a-r1","service_name":"afs-node","message":"No such file or directory (os error 2)","kind":"NotFound","code":67305473}
{"msg":"fuse.create","level":"INFO","ts":"2026-10-06T23:14:55.557681323Z","instance":"remote-a-r1","service_name":"afs-node","name":"entry-0022.bin","parent":206}
{"msg":"FUSE request failed","level":"ERRO","ts":"2026-10-06T23:14:55.559793554Z","instance":"remote-a-r1","service_name":"afs-node","message":"No such file or directory (os error 2)","kind":"NotFound","code":67305473}
{"msg":"fuse.create","level":"INFO","ts":"2026-10-06T23:14:55.559815887Z","instance":"remote-a-r1","service_name":"afs-node","name":"entry-0023.bin","parent":206}
{"msg":"FUSE request failed","level":"ERRO","ts":"2026-10-06T23:14:55.562040867Z","instance":"remote-a-r1","service_name":"afs-node","message":"No such file or directory (os error 2)","kind":"NotFound","code":67305473}
{"msg":"fuse.create","level":"INFO","ts":"2026-10-06T23:14:55.562044992Z","instance":"remote-a-r1","service_name":"afs-node","name":"entry-0024.bin","parent":206}
{"msg":"FUSE request failed","level":"ERRO","ts":"2026-10-06T23:14:55.564190432Z","instance":"remote-a-r1","service_name":"afs-node","message":"No such file or directory (os error 2)","kind":"NotFound","code":67305473}
{"msg":"fuse.create","level":"INFO","ts":"2026-10-06T23:14:55.56423414Z","instance":"remote-a-r1","service_name":"afs-node","name":"entry-0025.bin","parent":206}
{"msg":"FUSE request failed","level":"ERRO","ts":"2026-10-06T23:14:55.566404579Z","instance":"remote-a-r1","service_name":"afs-node","message":"No such file or directory (os error 2)","kind":"NotFound","code":67305473}
{"msg":"fuse.create","level":"INFO","ts":"2026-10-06T23:14:55.566418121Z","instance":"remote-a-r1","service_name":"afs-node","name":"entry-0026.bin","parent":206}
{"msg":"FUSE request failed","level":"ERRO","ts":"2026-10-06T23:14:55.568431644Z","instance":"remote-a-r1","service_name":"afs-node","message":"No such file or directory (os error 2)","kind":"NotFound","code":67305473}
{"msg":"fuse.create","level":"INFO","ts":"2026-10-06T23:14:55.568455936Z","instance":"remote-a-r1","service_name":"afs-node","name":"entry-0027.bin","parent":206}
{"msg":"FUSE request failed","level":"ERRO","ts":"2026-10-06T23:14:55.570923372Z","instance":"remote-a-r1","service_name":"afs-node","message":"No such file or directory (os error 2)","kind":"NotFound","code":67305473}
{"msg":"fuse.create","level":"INFO","ts":"2026-10-06T23:14:55.570943331Z","instance":"remote-a-r1","service_name":"afs-node","name":"entry-0028.bin","parent":206}
{"msg":"FUSE request failed","level":"ERRO","ts":"2026-10-06T23:14:55.573061104Z","instance":"remote-a-r1","service_name":"afs-node","message":"No such file or directory (os error 2)","kind":"NotFound","code":67305473}
{"msg":"fuse.create","level":"INFO","ts":"2026-10-06T23:14:55.573080062Z","instance":"remote-a-r1","service_name":"afs-node","name":"entry-0029.bin","parent":206}
{"msg":"FUSE request failed","level":"ERRO","ts":"2026-10-06T23:14:55.575233543Z","instance":"remote-a-r1","service_name":"afs-node","message":"No such file or directory (os error 2)","kind":"NotFound","code":67305473}
{"msg":"fuse.create","level":"INFO","ts":"2026-10-06T23:14:55.575240334Z","instance":"remote-a-r1","service_name":"afs-node","name":"entry-0030.bin","parent":206}
{"msg":"FUSE request failed","level":"ERRO","ts":"2026-10-06T23:14:55.57747594Z","instance":"remote-a-r1","service_name":"afs-node","message":"No such file or directory (os error 2)","kind":"NotFound","code":67305473}
{"msg":"fuse.create","level":"INFO","ts":"2026-10-06T23:14:55.577489773Z","instance":"remote-a-r1","service_name":"afs-node","name":"entry-0031.bin","parent":206}
{"msg":"FUSE request failed","level":"ERRO","ts":"2026-10-06T23:14:55.579714753Z","instance":"remote-a-r1","service_name":"afs-node","message":"No such file or directory (os error 2)","kind":"NotFound","code":67305473}
{"msg":"fuse.create","level":"INFO","ts":"2026-10-06T23:14:55.579728628Z","instance":"remote-a-r1","service_name":"afs-node","name":"entry-0032.bin","parent":206}
{"msg":"FUSE request failed","level":"ERRO","ts":"2026-10-06T23:14:55.581938442Z","instance":"remote-a-r1","service_name":"afs-node","message":"No such file or directory (os error 2)","kind":"NotFound","code":67305473}
{"msg":"fuse.create","level":"INFO","ts":"2026-10-06T23:14:55.581946734Z","instance":"remote-a-r1","service_name":"afs-node","name":"entry-0033.bin","parent":206}
{"msg":"FUSE request failed","level":"ERRO","ts":"2026-10-06T23:14:55.584189797Z","instance":"remote-a-r1","service_name":"afs-node","message":"No such file or directory (os error 2)","kind":"NotFound","code":67305473}
{"msg":"fuse.create","level":"INFO","ts":"2026-10-06T23:14:55.584209464Z","instance":"remote-a-r1","service_name":"afs-node","name":"entry-0034.bin","parent":206}
{"msg":"FUSE request failed","level":"ERRO","ts":"2026-10-06T23:14:55.586381403Z","instance":"remote-a-r1","service_name":"afs-node","message":"No such file or directory (os error 2)","kind":"NotFound","code":67305473}
{"msg":"fuse.create","level":"INFO","ts":"2026-10-06T23:14:55.586400819Z","instance":"remote-a-r1","service_name":"afs-node","name":"entry-0035.bin","parent":206}
{"msg":"FUSE request failed","level":"ERRO","ts":"2026-10-06T23:14:55.588783923Z","instance":"remote-a-r1","service_name":"afs-node","message":"No such file or directory (os error 2)","kind":"NotFound","code":67305473}
{"msg":"fuse.create","level":"INFO","ts":"2026-10-06T23:14:55.588803382Z","instance":"remote-a-r1","service_name":"afs-node","name":"entry-0036.bin","parent":206}
{"msg":"FUSE request failed","level":"ERRO","ts":"2026-10-06T23:14:55.591065528Z","instance":"remote-a-r1","service_name":"afs-node","message":"No such file or directory (os error 2)","kind":"NotFound","code":67305473}
{"msg":"fuse.create","level":"INFO","ts":"2026-10-06T23:14:55.591082153Z","instance":"remote-a-r1","service_name":"afs-node","name":"entry-0037.bin","parent":206}
{"msg":"FUSE request failed","level":"ERRO","ts":"2026-10-06T23:14:55.593412008Z","instance":"remote-a-r1","service_name":"afs-node","message":"No such file or directory (os error 2)","kind":"NotFound","code":67305473}
{"msg":"fuse.create","level":"INFO","ts":"2026-10-06T23:14:55.593427299Z","instance":"remote-a-r1","service_name":"afs-node","name":"entry-0038.bin","parent":206}
{"msg":"FUSE request failed","level":"ERRO","ts":"2026-10-06T23:14:55.595541822Z","instance":"remote-a-r1","service_name":"afs-node","message":"No such file or directory (os error 2)","kind":"NotFound","code":67305473}
{"msg":"fuse.create","level":"INFO","ts":"2026-10-06T23:14:55.595552864Z","instance":"remote-a-r1","service_name":"afs-node","name":"entry-0039.bin","parent":206}
{"msg":"FUSE request failed","level":"ERRO","ts":"2026-10-06T23:14:55.597594012Z","instance":"remote-a-r1","service_name":"afs-node","message":"No such file or directory (os error 2)","kind":"NotFound","code":67305473}
{"msg":"fuse.create","level":"INFO","ts":"2026-10-06T23:14:55.597625845Z","instance":"remote-a-r1","service_name":"afs-node","name":"entry-0040.bin","parent":206}
{"msg":"FUSE request failed","level":"ERRO","ts":"2026-10-06T23:14:55.600307238Z","instance":"remote-a-r1","service_name":"afs-node","message":"No such file or directory (os error 2)","kind":"NotFound","code":67305473}
{"msg":"fuse.create","level":"INFO","ts":"2026-10-06T23:14:55.600313863Z","instance":"remote-a-r1","service_name":"afs-node","name":"entry-0041.bin","parent":206}
{"msg":"FUSE request failed","level":"ERRO","ts":"2026-10-06T23:14:55.602512344Z","instance":"remote-a-r1","service_name":"afs-node","message":"No such file or directory (os error 2)","kind":"NotFound","code":67305473}
{"msg":"fuse.create","level":"INFO","ts":"2026-10-06T23:14:55.602534594Z","instance":"remote-a-r1","service_name":"afs-node","name":"entry-0042.bin","parent":206}
{"msg":"FUSE request failed","level":"ERRO","ts":"2026-10-06T23:14:55.60489199Z","instance":"remote-a-r1","service_name":"afs-node","message":"No such file or directory (os error 2)","kind":"NotFound","code":67305473}
{"msg":"fuse.create","level":"INFO","ts":"2026-10-06T23:14:55.604909823Z","instance":"remote-a-r1","service_name":"afs-node","name":"entry-0043.bin","parent":206}
{"msg":"FUSE request failed","level":"ERRO","ts":"2026-10-06T23:14:55.606993055Z","instance":"remote-a-r1","service_name":"afs-node","message":"No such file or directory (os error 2)","kind":"NotFound","code":67305473}
{"msg":"fuse.create","level":"INFO","ts":"2026-10-06T23:14:55.607004554Z","instance":"remote-a-r1","service_name":"afs-node","name":"entry-0044.bin","parent":206}
{"msg":"FUSE request failed","level":"ERRO","ts":"2026-10-06T23:14:55.60917716Z","instance":"remote-a-r1","service_name":"afs-node","message":"No such file or directory (os error 2)","kind":"NotFound","code":67305473}
{"msg":"fuse.create","level":"INFO","ts":"2026-10-06T23:14:55.609190368Z","instance":"remote-a-r1","service_name":"afs-node","name":"entry-0045.bin","parent":206}
{"msg":"FUSE request failed","level":"ERRO","ts":"2026-10-06T23:14:55.611614264Z","instance":"remote-a-r1","service_name":"afs-node","message":"No such file or directory (os error 2)","kind":"NotFound","code":67305473}
{"msg":"fuse.create","level":"INFO","ts":"2026-10-06T23:14:55.611632639Z","instance":"remote-a-r1","service_name":"afs-node","name":"entry-0046.bin","parent":206}
{"msg":"FUSE request failed","level":"ERRO","ts":"2026-10-06T23:14:55.613790953Z","instance":"remote-a-r1","service_name":"afs-node","message":"No such file or directory (os error 2)","kind":"NotFound","code":67305473}
{"msg":"fuse.create","level":"INFO","ts":"2026-10-06T23:14:55.613814036Z","instance":"remote-a-r1","service_name":"afs-node","name":"entry-0047.bin","parent":206}
{"msg":"FUSE request failed","level":"ERRO","ts":"2026-10-06T23:14:55.615974725Z","instance":"remote-a-r1","service_name":"afs-node","message":"No such file or directory (os error 2)","kind":"NotFound","code":67305473}
{"msg":"fuse.create","level":"INFO","ts":"2026-10-06T23:14:55.615996392Z","instance":"remote-a-r1","service_name":"afs-node","name":"entry-0048.bin","parent":206}
{"msg":"FUSE request failed","level":"ERRO","ts":"2026-10-06T23:14:55.618113915Z","instance":"remote-a-r1","service_name":"afs-node","message":"No such file or directory (os error 2)","kind":"NotFound","code":67305473}
{"msg":"fuse.create","level":"INFO","ts":"2026-10-06T23:14:55.618133956Z","instance":"remote-a-r1","service_name":"afs-node","name":"entry-0049.bin","parent":206}
{"msg":"FUSE request failed","level":"ERRO","ts":"2026-10-06T23:14:55.6207566Z","instance":"remote-a-r1","service_name":"afs-node","message":"No such file or directory (os error 2)","kind":"NotFound","code":67305473}
{"msg":"fuse.create","level":"INFO","ts":"2026-10-06T23:14:55.620773725Z","instance":"remote-a-r1","service_name":"afs-node","name":"entry-0050.bin","parent":206}
{"msg":"FUSE request failed","level":"ERRO","ts":"2026-10-06T23:14:55.622949747Z","instance":"remote-a-r1","service_name":"afs-node","message":"No such file or directory (os error 2)","kind":"NotFound","code":67305473}
{"msg":"fuse.create","level":"INFO","ts":"2026-10-06T23:14:55.622967247Z","instance":"remote-a-r1","service_name":"afs-node","name":"entry-0051.bin","parent":206}
{"msg":"FUSE request failed","level":"ERRO","ts":"2026-10-06T23:14:55.625347684Z","instance":"remote-a-r1","service_name":"afs-node","message":"No such file or directory (os error 2)","kind":"NotFound","code":67305473}
{"msg":"fuse.create","level":"INFO","ts":"2026-10-06T23:14:55.625361393Z","instance":"remote-a-r1","service_name":"afs-node","name":"entry-0052.bin","parent":206}
{"msg":"FUSE request failed","level":"ERRO","ts":"2026-10-06T23:14:55.627923162Z","instance":"remote-a-r1","service_name":"afs-node","message":"No such file or directory (os error 2)","kind":"NotFound","code":67305473}
{"msg":"fuse.create","level":"INFO","ts":"2026-10-06T23:14:55.627943162Z","instance":"remote-a-r1","service_name":"afs-node","name":"entry-0053.bin","parent":206}
{"msg":"FUSE request failed","level":"ERRO","ts":"2026-10-06T23:14:55.630144434Z","instance":"remote-a-r1","service_name":"afs-node","message":"No such file or directory (os error 2)","kind":"NotFound","code":67305473}
{"msg":"fuse.create","level":"INFO","ts":"2026-10-06T23:14:55.630158975Z","instance":"remote-a-r1","service_name":"afs-node","name":"entry-0054.bin","parent":206}
{"msg":"FUSE request failed","level":"ERRO","ts":"2026-10-06T23:14:55.632369164Z","instance":"remote-a-r1","service_name":"afs-node","message":"No such file or directory (os error 2)","kind":"NotFound","code":67305473}
{"msg":"fuse.create","level":"INFO","ts":"2026-10-06T23:14:55.632382164Z","instance":"remote-a-r1","service_name":"afs-node","name":"entry-0055.bin","parent":206}
{"msg":"FUSE request failed","level":"ERRO","ts":"2026-10-06T23:14:55.63459927Z","instance":"remote-a-r1","service_name":"afs-node","message":"No such file or directory (os error 2)","kind":"NotFound","code":67305473}
{"msg":"fuse.create","level":"INFO","ts":"2026-10-06T23:14:55.634630353Z","instance":"remote-a-r1","service_name":"afs-node","name":"entry-0056.bin","parent":206}
{"msg":"FUSE request failed","level":"ERRO","ts":"2026-10-06T23:14:55.636938499Z","instance":"remote-a-r1","service_name":"afs-node","message":"No such file or directory (os error 2)","kind":"NotFound","code":67305473}
{"msg":"fuse.create","level":"INFO","ts":"2026-10-06T23:14:55.63695154Z","instance":"remote-a-r1","service_name":"afs-node","name":"entry-0057.bin","parent":206}
{"msg":"FUSE request failed","level":"ERRO","ts":"2026-10-06T23:14:55.63906323Z","instance":"remote-a-r1","service_name":"afs-node","message":"No such file or directory (os error 2)","kind":"NotFound","code":67305473}
{"msg":"fuse.create","level":"INFO","ts":"2026-10-06T23:14:55.639081563Z","instance":"remote-a-r1","service_name":"afs-node","name":"entry-0058.bin","parent":206}
{"msg":"FUSE request failed","level":"ERRO","ts":"2026-10-06T23:14:55.641243961Z","instance":"remote-a-r1","service_name":"afs-node","message":"No such file or directory (os error 2)","kind":"NotFound","code":67305473}
{"msg":"fuse.create","level":"INFO","ts":"2026-10-06T23:14:55.641260169Z","instance":"remote-a-r1","service_name":"afs-node","name":"entry-0059.bin","parent":206}
{"msg":"FUSE request failed","level":"ERRO","ts":"2026-10-06T23:14:55.643314568Z","instance":"remote-a-r1","service_name":"afs-node","message":"No such file or directory (os error 2)","kind":"NotFound","code":67305473}
{"msg":"fuse.create","level":"INFO","ts":"2026-10-06T23:14:55.643334693Z","instance":"remote-a-r1","service_name":"afs-node","name":"entry-0060.bin","parent":206}
{"msg":"FUSE request failed","level":"ERRO","ts":"2026-10-06T23:14:55.645471715Z","instance":"remote-a-r1","service_name":"afs-node","message":"No such file or directory (os error 2)","kind":"NotFound","code":67305473}
{"msg":"fuse.create","level":"INFO","ts":"2026-10-06T23:14:55.645489632Z","instance":"remote-a-r1","service_name":"afs-node","name":"entry-0061.bin","parent":206}
{"msg":"FUSE request failed","level":"ERRO","ts":"2026-10-06T23:14:55.647671363Z","instance":"remote-a-r1","service_name":"afs-node","message":"No such file or directory (os error 2)","kind":"NotFound","code":67305473}
{"msg":"fuse.create","level":"INFO","ts":"2026-10-06T23:14:55.647693029Z","instance":"remote-a-r1","service_name":"afs-node","name":"entry-0062.bin","parent":206}
{"msg":"FUSE request failed","level":"ERRO","ts":"2026-10-06T23:14:55.650005717Z","instance":"remote-a-r1","service_name":"afs-node","message":"No such file or directory (os error 2)","kind":"NotFound","code":67305473}
{"msg":"fuse.create","level":"INFO","ts":"2026-10-06T23:14:55.650027842Z","instance":"remote-a-r1","service_name":"afs-node","name":"entry-0063.bin","parent":206}
{"msg":"FUSE request failed","level":"ERRO","ts":"2026-10-06T23:14:55.652607194Z","instance":"remote-a-r1","service_name":"afs-node","message":"No such file or directory (os error 2)","kind":"NotFound","code":67305473}
{"msg":"fuse.create","level":"INFO","ts":"2026-10-06T23:14:55.652639027Z","instance":"remote-a-r1","service_name":"afs-node","name":"entry-0064.bin","parent":206}
{"msg":"FUSE request failed","level":"ERRO","ts":"2026-10-06T23:14:55.655110672Z","instance":"remote-a-r1","service_name":"afs-node","message":"No such file or directory (os error 2)","kind":"NotFound","code":67305473}
{"msg":"fuse.create","level":"INFO","ts":"2026-10-06T23:14:55.655128422Z","instance":"remote-a-r1","service_name":"afs-node","name":"entry-0065.bin","parent":206}
{"msg":"FUSE request failed","level":"ERRO","ts":"2026-10-06T23:14:55.657292569Z","instance":"remote-a-r1","service_name":"afs-node","message":"No such file or directory (os error 2)","kind":"NotFound","code":67305473}
{"msg":"fuse.create","level":"INFO","ts":"2026-10-06T23:14:55.657314278Z","instance":"remote-a-r1","service_name":"afs-node","name":"entry-0066.bin","parent":206}
{"msg":"FUSE request failed","level":"ERRO","ts":"2026-10-06T23:14:55.659390134Z","instance":"remote-a-r1","service_name":"afs-node","message":"No such file or directory (os error 2)","kind":"NotFound","code":67305473}
{"msg":"fuse.create","level":"INFO","ts":"2026-10-06T23:14:55.659405009Z","instance":"remote-a-r1","service_name":"afs-node","name":"entry-0067.bin","parent":206}
{"msg":"FUSE request failed","level":"ERRO","ts":"2026-10-06T23:14:55.661582948Z","instance":"remote-a-r1","service_name":"afs-node","message":"No such file or directory (os error 2)","kind":"NotFound","code":67305473}
{"msg":"fuse.create","level":"INFO","ts":"2026-10-06T23:14:55.661592073Z","instance":"remote-a-r1","service_name":"afs-node","name":"entry-0068.bin","parent":206}
{"msg":"FUSE request failed","level":"ERRO","ts":"2026-10-06T23:14:55.66387197Z","instance":"remote-a-r1","service_name":"afs-node","message":"No such file or directory (os error 2)","kind":"NotFound","code":67305473}
{"msg":"fuse.create","level":"INFO","ts":"2026-10-06T23:14:55.663890303Z","instance":"remote-a-r1","service_name":"afs-node","name":"entry-0069.bin","parent":206}
{"msg":"FUSE request failed","level":"ERRO","ts":"2026-10-06T23:14:55.666044534Z","instance":"remote-a-r1","service_name":"afs-node","message":"No such file or directory (os error 2)","kind":"NotFound","code":67305473}
{"msg":"fuse.create","level":"INFO","ts":"2026-10-06T23:14:55.666059867Z","instance":"remote-a-r1","service_name":"afs-node","name":"entry-0070.bin","parent":206}
{"msg":"FUSE request failed","level":"ERRO","ts":"2026-10-06T23:14:55.66821214Z","instance":"remote-a-r1","service_name":"afs-node","message":"No such file or directory (os error 2)","kind":"NotFound","code":67305473}
{"msg":"fuse.create","level":"INFO","ts":"2026-10-06T23:14:55.668229515Z","instance":"remote-a-r1","service_name":"afs-node","name":"entry-0071.bin","parent":206}
{"msg":"FUSE request failed","level":"ERRO","ts":"2026-10-06T23:14:55.670370246Z","instance":"remote-a-r1","service_name":"afs-node","message":"No such file or directory (os error 2)","kind":"NotFound","code":67305473}
{"msg":"fuse.create","level":"INFO","ts":"2026-10-06T23:14:55.670392829Z","instance":"remote-a-r1","service_name":"afs-node","name":"entry-0072.bin","parent":206}
{"msg":"FUSE request failed","level":"ERRO","ts":"2026-10-06T23:14:55.672818641Z","instance":"remote-a-r1","service_name":"afs-node","message":"No such file or directory (os error 2)","kind":"NotFound","code":67305473}
{"msg":"fuse.create","level":"INFO","ts":"2026-10-06T23:14:55.672825349Z","instance":"remote-a-r1","service_name":"afs-node","name":"entry-0073.bin","parent":206}
{"msg":"FUSE request failed","level":"ERRO","ts":"2026-10-06T23:14:55.674917039Z","instance":"remote-a-r1","service_name":"afs-node","message":"No such file or directory (os error 2)","kind":"NotFound","code":67305473}
{"msg":"fuse.create","level":"INFO","ts":"2026-10-06T23:14:55.674939039Z","instance":"remote-a-r1","service_name":"afs-node","name":"entry-0074.bin","parent":206}
{"msg":"FUSE request failed","level":"ERRO","ts":"2026-10-06T23:14:55.677003146Z","instance":"remote-a-r1","service_name":"afs-node","message":"No such file or directory (os error 2)","kind":"NotFound","code":67305473}
{"msg":"fuse.create","level":"INFO","ts":"2026-10-06T23:14:55.677018271Z","instance":"remote-a-r1","service_name":"afs-node","name":"entry-0075.bin","parent":206}
{"msg":"FUSE request failed","level":"ERRO","ts":"2026-10-06T23:14:55.679880245Z","instance":"remote-a-r1","service_name":"afs-node","message":"No such file or directory (os error 2)","kind":"NotFound","code":67305473}
{"msg":"fuse.create","level":"INFO","ts":"2026-10-06T23:14:55.679902745Z","instance":"remote-a-r1","service_name":"afs-node","name":"entry-0076.bin","parent":206}
{"msg":"FUSE request failed","level":"ERRO","ts":"2026-10-06T23:14:55.68241364Z","instance":"remote-a-r1","service_name":"afs-node","message":"No such file or directory (os error 2)","kind":"NotFound","code":67305473}
{"msg":"fuse.create","level":"INFO","ts":"2026-10-06T23:14:55.682429431Z","instance":"remote-a-r1","service_name":"afs-node","name":"entry-0077.bin","parent":206}
{"msg":"FUSE request failed","level":"ERRO","ts":"2026-10-06T23:14:55.68470387Z","instance":"remote-a-r1","service_name":"afs-node","message":"No such file or directory (os error 2)","kind":"NotFound","code":67305473}
{"msg":"fuse.create","level":"INFO","ts":"2026-10-06T23:14:55.684721161Z","instance":"remote-a-r1","service_name":"afs-node","name":"entry-0078.bin","parent":206}
{"msg":"FUSE request failed","level":"ERRO","ts":"2026-10-06T23:14:55.68710664Z","instance":"remote-a-r1","service_name":"afs-node","message":"No such file or directory (os error 2)","kind":"NotFound","code":67305473}
{"msg":"fuse.create","level":"INFO","ts":"2026-10-06T23:14:55.687134015Z","instance":"remote-a-r1","service_name":"afs-node","name":"entry-0079.bin","parent":206}
{"msg":"FUSE request failed","level":"ERRO","ts":"2026-10-06T23:14:55.689687701Z","instance":"remote-a-r1","service_name":"afs-node","message":"No such file or directory (os error 2)","kind":"NotFound","code":67305473}
{"msg":"fuse.create","level":"INFO","ts":"2026-10-06T23:14:55.6897052Z","instance":"remote-a-r1","service_name":"afs-node","name":"entry-0080.bin","parent":206}
{"msg":"FUSE request failed","level":"ERRO","ts":"2026-10-06T23:14:55.691832265Z","instance":"remote-a-r1","service_name":"afs-node","message":"No such file or directory (os error 2)","kind":"NotFound","code":67305473}
{"msg":"fuse.create","level":"INFO","ts":"2026-10-06T23:14:55.691848473Z","instance":"remote-a-r1","service_name":"afs-node","name":"entry-0081.bin","parent":206}
{"msg":"FUSE request failed","level":"ERRO","ts":"2026-10-06T23:14:55.694059412Z","instance":"remote-a-r1","service_name":"afs-node","message":"No such file or directory (os error 2)","kind":"NotFound","code":67305473}
{"msg":"fuse.create","level":"INFO","ts":"2026-10-06T23:14:55.694075537Z","instance":"remote-a-r1","service_name":"afs-node","name":"entry-0082.bin","parent":206}
{"msg":"FUSE request failed","level":"ERRO","ts":"2026-10-06T23:14:55.696202476Z","instance":"remote-a-r1","service_name":"afs-node","message":"No such file or directory (os error 2)","kind":"NotFound","code":67305473}
{"msg":"fuse.create","level":"INFO","ts":"2026-10-06T23:14:55.696237476Z","instance":"remote-a-r1","service_name":"afs-node","name":"entry-0083.bin","parent":206}
{"msg":"FUSE request failed","level":"ERRO","ts":"2026-10-06T23:14:55.698757579Z","instance":"remote-a-r1","service_name":"afs-node","message":"No such file or directory (os error 2)","kind":"NotFound","code":67305473}
{"msg":"fuse.create","level":"INFO","ts":"2026-10-06T23:14:55.698782037Z","instance":"remote-a-r1","service_name":"afs-node","name":"entry-0084.bin","parent":206}
{"msg":"FUSE request failed","level":"ERRO","ts":"2026-10-06T23:14:55.70108785Z","instance":"remote-a-r1","service_name":"afs-node","message":"No such file or directory (os error 2)","kind":"NotFound","code":67305473}
{"msg":"fuse.create","level":"INFO","ts":"2026-10-06T23:14:55.7011016Z","instance":"remote-a-r1","service_name":"afs-node","name":"entry-0085.bin","parent":206}
{"msg":"FUSE request failed","level":"ERRO","ts":"2026-10-06T23:14:55.703275081Z","instance":"remote-a-r1","service_name":"afs-node","message":"No such file or directory (os error 2)","kind":"NotFound","code":67305473}
{"msg":"fuse.create","level":"INFO","ts":"2026-10-06T23:14:55.703295331Z","instance":"remote-a-r1","service_name":"afs-node","name":"entry-0086.bin","parent":206}
{"msg":"FUSE request failed","level":"ERRO","ts":"2026-10-06T23:14:55.705455937Z","instance":"remote-a-r1","service_name":"afs-node","message":"No such file or directory (os error 2)","kind":"NotFound","code":67305473}
{"msg":"fuse.create","level":"INFO","ts":"2026-10-06T23:14:55.705466853Z","instance":"remote-a-r1","service_name":"afs-node","name":"entry-0087.bin","parent":206}
{"msg":"FUSE request failed","level":"ERRO","ts":"2026-10-06T23:14:55.707656584Z","instance":"remote-a-r1","service_name":"afs-node","message":"No such file or directory (os error 2)","kind":"NotFound","code":67305473}
{"msg":"fuse.create","level":"INFO","ts":"2026-10-06T23:14:55.707679584Z","instance":"remote-a-r1","service_name":"afs-node","name":"entry-0088.bin","parent":206}
{"msg":"FUSE request failed","level":"ERRO","ts":"2026-10-06T23:14:55.709838815Z","instance":"remote-a-r1","service_name":"afs-node","message":"No such file or directory (os error 2)","kind":"NotFound","code":67305473}
{"msg":"fuse.create","level":"INFO","ts":"2026-10-06T23:14:55.709862064Z","instance":"remote-a-r1","service_name":"afs-node","name":"entry-0089.bin","parent":206}
{"msg":"FUSE request failed","level":"ERRO","ts":"2026-10-06T23:14:55.712144919Z","instance":"remote-a-r1","service_name":"afs-node","message":"No such file or directory (os error 2)","kind":"NotFound","code":67305473}
{"msg":"fuse.create","level":"INFO","ts":"2026-10-06T23:14:55.712155669Z","instance":"remote-a-r1","service_name":"afs-node","name":"entry-0090.bin","parent":206}
{"msg":"FUSE request failed","level":"ERRO","ts":"2026-10-06T23:14:55.71457394Z","instance":"remote-a-r1","service_name":"afs-node","message":"No such file or directory (os error 2)","kind":"NotFound","code":67305473}
{"msg":"fuse.create","level":"INFO","ts":"2026-10-06T23:14:55.714597439Z","instance":"remote-a-r1","service_name":"afs-node","name":"entry-0091.bin","parent":206}
{"msg":"FUSE request failed","level":"ERRO","ts":"2026-10-06T23:14:55.716786295Z","instance":"remote-a-r1","service_name":"afs-node","message":"No such file or directory (os error 2)","kind":"NotFound","code":67305473}
{"msg":"fuse.create","level":"INFO","ts":"2026-10-06T23:14:55.71682142Z","instance":"remote-a-r1","service_name":"afs-node","name":"entry-0092.bin","parent":206}
{"msg":"FUSE request failed","level":"ERRO","ts":"2026-10-06T23:14:55.719162649Z","instance":"remote-a-r1","service_name":"afs-node","message":"No such file or directory (os error 2)","kind":"NotFound","code":67305473}
{"msg":"fuse.create","level":"INFO","ts":"2026-10-06T23:14:55.719184066Z","instance":"remote-a-r1","service_name":"afs-node","name":"entry-0093.bin","parent":206}
{"msg":"FUSE request failed","level":"ERRO","ts":"2026-10-06T23:14:55.721304089Z","instance":"remote-a-r1","service_name":"afs-node","message":"No such file or directory (os error 2)","kind":"NotFound","code":67305473}
{"msg":"fuse.create","level":"INFO","ts":"2026-10-06T23:14:55.721318463Z","instance":"remote-a-r1","service_name":"afs-node","name":"entry-0094.bin","parent":206}
{"msg":"FUSE request failed","level":"ERRO","ts":"2026-10-06T23:14:55.723523902Z","instance":"remote-a-r1","service_name":"afs-node","message":"No such file or directory (os error 2)","kind":"NotFound","code":67305473}
{"msg":"fuse.create","level":"INFO","ts":"2026-10-06T23:14:55.723535986Z","instance":"remote-a-r1","service_name":"afs-node","name":"entry-0095.bin","parent":206}
{"msg":"FUSE request failed","level":"ERRO","ts":"2026-10-06T23:14:55.725603759Z","instance":"remote-a-r1","service_name":"afs-node","message":"No such file or directory (os error 2)","kind":"NotFound","code":67305473}
{"msg":"fuse.create","level":"INFO","ts":"2026-10-06T23:14:55.725629884Z","instance":"remote-a-r1","service_name":"afs-node","name":"entry-0096.bin","parent":206}
{"msg":"FUSE request failed","level":"ERRO","ts":"2026-10-06T23:14:55.727753407Z","instance":"remote-a-r1","service_name":"afs-node","message":"No such file or directory (os error 2)","kind":"NotFound","code":67305473}
{"msg":"fuse.create","level":"INFO","ts":"2026-10-06T23:14:55.727775157Z","instance":"remote-a-r1","service_name":"afs-node","name":"entry-0097.bin","parent":206}
{"msg":"FUSE request failed","level":"ERRO","ts":"2026-10-06T23:14:55.729911846Z","instance":"remote-a-r1","service_name":"afs-node","message":"No such file or directory (os error 2)","kind":"NotFound","code":67305473}
{"msg":"fuse.create","level":"INFO","ts":"2026-10-06T23:14:55.729928679Z","instance":"remote-a-r1","service_name":"afs-node","name":"entry-0098.bin","parent":206}
{"msg":"FUSE request failed","level":"ERRO","ts":"2026-10-06T23:14:55.732194909Z","instance":"remote-a-r1","service_name":"afs-node","message":"No such file or directory (os error 2)","kind":"NotFound","code":67305473}
{"msg":"fuse.create","level":"INFO","ts":"2026-10-06T23:14:55.732215284Z","instance":"remote-a-r1","service_name":"afs-node","name":"entry-0099.bin","parent":206}
{"msg":"[Not Implemented] ioctl(ino: 0xcf, fh: 508, flags: 0, cmd: 21505, in_data.len(): 0, out_size: 0)","level":"WARN","ts":"2026-10-06T23:14:55.735655337Z","instance":"remote-a-r1","service_name":"afs-node"}
{"msg":"[Not Implemented] ioctl(ino: 0xd0, fh: 509, flags: 0, cmd: 21505, in_data.len(): 0, out_size: 0)","level":"WARN","ts":"2026-10-06T23:14:55.737215615Z","instance":"remote-a-r1","service_name":"afs-node"}
{"msg":"[Not Implemented] ioctl(ino: 0xd1, fh: 510, flags: 0, cmd: 21505, in_data.len(): 0, out_size: 0)","level":"WARN","ts":"2026-10-06T23:14:55.738861475Z","instance":"remote-a-r1","service_name":"afs-node"}
{"msg":"[Not Implemented] ioctl(ino: 0xd2, fh: 511, flags: 0, cmd: 21505, in_data.len(): 0, out_size: 0)","level":"WARN","ts":"2026-10-06T23:14:55.740504919Z","instance":"remote-a-r1","service_name":"afs-node"}
{"msg":"[Not Implemented] ioctl(ino: 0xd3, fh: 512, flags: 0, cmd: 21505, in_data.len(): 0, out_size: 0)","level":"WARN","ts":"2026-10-06T23:14:55.742187071Z","instance":"remote-a-r1","service_name":"afs-node"}
{"msg":"[Not Implemented] ioctl(ino: 0xd4, fh: 513, flags: 0, cmd: 21505, in_data.len(): 0, out_size: 0)","level":"WARN","ts":"2026-10-06T23:14:55.743907639Z","instance":"remote-a-r1","service_name":"afs-node"}
{"msg":"[Not Implemented] ioctl(ino: 0xd5, fh: 514, flags: 0, cmd: 21505, in_data.len(): 0, out_size: 0)","level":"WARN","ts":"2026-10-06T23:14:55.745776373Z","instance":"remote-a-r1","service_name":"afs-node"}
{"msg":"[Not Implemented] ioctl(ino: 0xd6, fh: 515, flags: 0, cmd: 21505, in_data.len(): 0, out_size: 0)","level":"WARN","ts":"2026-10-06T23:14:55.747871229Z","instance":"remote-a-r1","service_name":"afs-node"}
{"msg":"[Not Implemented] ioctl(ino: 0xd7, fh: 516, flags: 0, cmd: 21505, in_data.len(): 0, out_size: 0)","level":"WARN","ts":"2026-10-06T23:14:55.749864712Z","instance":"remote-a-r1","service_name":"afs-node"}
{"msg":"[Not Implemented] ioctl(ino: 0xd8, fh: 517, flags: 0, cmd: 21505, in_data.len(): 0, out_size: 0)","level":"WARN","ts":"2026-10-06T23:14:55.751797903Z","instance":"remote-a-r1","service_name":"afs-node"}
{"msg":"[Not Implemented] ioctl(ino: 0xd9, fh: 518, flags: 0, cmd: 21505, in_data.len(): 0, out_size: 0)","level":"WARN","ts":"2026-10-06T23:14:55.753723344Z","instance":"remote-a-r1","service_name":"afs-node"}
{"msg":"[Not Implemented] ioctl(ino: 0xda, fh: 519, flags: 0, cmd: 21505, in_data.len(): 0, out_size: 0)","level":"WARN","ts":"2026-10-06T23:14:55.755660744Z","instance":"remote-a-r1","service_name":"afs-node"}
{"msg":"[Not Implemented] ioctl(ino: 0xdb, fh: 520, flags: 0, cmd: 21505, in_data.len(): 0, out_size: 0)","level":"WARN","ts":"2026-10-06T23:14:55.757573977Z","instance":"remote-a-r1","service_name":"afs-node"}
{"msg":"[Not Implemented] ioctl(ino: 0xdc, fh: 521, flags: 0, cmd: 21505, in_data.len(): 0, out_size: 0)","level":"WARN","ts":"2026-10-06T23:14:55.759537335Z","instance":"remote-a-r1","service_name":"afs-node"}
{"msg":"[Not Implemented] ioctl(ino: 0xdd, fh: 522, flags: 0, cmd: 21505, in_data.len(): 0, out_size: 0)","level":"WARN","ts":"2026-10-06T23:14:55.761549734Z","instance":"remote-a-r1","service_name":"afs-node"}
{"msg":"[Not Implemented] ioctl(ino: 0xde, fh: 523, flags: 0, cmd: 21505, in_data.len(): 0, out_size: 0)","level":"WARN","ts":"2026-10-06T23:14:55.76346055Z","instance":"remote-a-r1","service_name":"afs-node"}
{"msg":"[Not Implemented] ioctl(ino: 0xdf, fh: 524, flags: 0, cmd: 21505, in_data.len(): 0, out_size: 0)","level":"WARN","ts":"2026-10-06T23:14:55.765428991Z","instance":"remote-a-r1","service_name":"afs-node"}
{"msg":"[Not Implemented] ioctl(ino: 0xe0, fh: 525, flags: 0, cmd: 21505, in_data.len(): 0, out_size: 0)","level":"WARN","ts":"2026-10-06T23:14:55.767259892Z","instance":"remote-a-r1","service_name":"afs-node"}
{"msg":"[Not Implemented] ioctl(ino: 0xe1, fh: 526, flags: 0, cmd: 21505, in_data.len(): 0, out_size: 0)","level":"WARN","ts":"2026-10-06T23:14:55.769321582Z","instance":"remote-a-r1","service_name":"afs-node"}
{"msg":"[Not Implemented] ioctl(ino: 0xe2, fh: 527, flags: 0, cmd: 21505, in_data.len(): 0, out_size: 0)","level":"WARN","ts":"2026-10-06T23:14:55.771256273Z","instance":"remote-a-r1","service_name":"afs-node"}
{"msg":"[Not Implemented] ioctl(ino: 0xe3, fh: 528, flags: 0, cmd: 21505, in_data.len(): 0, out_size: 0)","level":"WARN","ts":"2026-10-06T23:14:55.773215964Z","instance":"remote-a-r1","service_name":"afs-node"}
{"msg":"[Not Implemented] ioctl(ino: 0xe4, fh: 529, flags: 0, cmd: 21505, in_data.len(): 0, out_size: 0)","level":"WARN","ts":"2026-10-06T23:14:55.775249446Z","instance":"remote-a-r1","service_name":"afs-node"}
{"msg":"[Not Implemented] ioctl(ino: 0xe5, fh: 530, flags: 0, cmd: 21505, in_data.len(): 0, out_size: 0)","level":"WARN","ts":"2026-10-06T23:14:55.777216596Z","instance":"remote-a-r1","service_name":"afs-node"}
{"msg":"[Not Implemented] ioctl(ino: 0xe6, fh: 531, flags: 0, cmd: 21505, in_data.len(): 0, out_size: 0)","level":"WARN","ts":"2026-10-06T23:14:55.779324327Z","instance":"remote-a-r1","service_name":"afs-node"}
{"msg":"[Not Implemented] ioctl(ino: 0xe7, fh: 532, flags: 0, cmd: 21505, in_data.len(): 0, out_size: 0)","level":"WARN","ts":"2026-10-06T23:14:55.781189019Z","instance":"remote-a-r1","service_name":"afs-node"}
{"msg":"[Not Implemented] ioctl(ino: 0xe8, fh: 533, flags: 0, cmd: 21505, in_data.len(): 0, out_size: 0)","level":"WARN","ts":"2026-10-06T23:14:55.783069127Z","instance":"remote-a-r1","service_name":"afs-node"}
{"msg":"[Not Implemented] ioctl(ino: 0xe9, fh: 534, flags: 0, cmd: 21505, in_data.len(): 0, out_size: 0)","level":"WARN","ts":"2026-10-06T23:14:55.784923111Z","instance":"remote-a-r1","service_name":"afs-node"}
{"msg":"[Not Implemented] ioctl(ino: 0xea, fh: 535, flags: 0, cmd: 21505, in_data.len(): 0, out_size: 0)","level":"WARN","ts":"2026-10-06T23:14:55.786783345Z","instance":"remote-a-r1","service_name":"afs-node"}
{"msg":"[Not Implemented] ioctl(ino: 0xeb, fh: 536, flags: 0, cmd: 21505, in_data.len(): 0, out_size: 0)","level":"WARN","ts":"2026-10-06T23:14:55.788557037Z","instance":"remote-a-r1","service_name":"afs-node"}
{"msg":"[Not Implemented] ioctl(ino: 0xec, fh: 537, flags: 0, cmd: 21505, in_data.len(): 0, out_size: 0)","level":"WARN","ts":"2026-10-06T23:14:55.790578103Z","instance":"remote-a-r1","service_name":"afs-node"}
{"msg":"[Not Implemented] ioctl(ino: 0xed, fh: 538, flags: 0, cmd: 21505, in_data.len(): 0, out_size: 0)","level":"WARN","ts":"2026-10-06T23:14:55.792388337Z","instance":"remote-a-r1","service_name":"afs-node"}
{"msg":"[Not Implemented] ioctl(ino: 0xee, fh: 539, flags: 0, cmd: 21505, in_data.len(): 0, out_size: 0)","level":"WARN","ts":"2026-10-06T23:14:55.794394611Z","instance":"remote-a-r1","service_name":"afs-node"}
{"msg":"[Not Implemented] ioctl(ino: 0xef, fh: 540, flags: 0, cmd: 21505, in_data.len(): 0, out_size: 0)","level":"WARN","ts":"2026-10-06T23:14:55.796325386Z","instance":"remote-a-r1","service_name":"afs-node"}
{"msg":"[Not Implemented] ioctl(ino: 0xf0, fh: 541, flags: 0, cmd: 21505, in_data.len(): 0, out_size: 0)","level":"WARN","ts":"2026-10-06T23:14:55.798300993Z","instance":"remote-a-r1","service_name":"afs-node"}
{"msg":"[Not Implemented] ioctl(ino: 0xf1, fh: 542, flags: 0, cmd: 21505, in_data.len(): 0, out_size: 0)","level":"WARN","ts":"2026-10-06T23:14:55.800242268Z","instance":"remote-a-r1","service_name":"afs-node"}
{"msg":"[Not Implemented] ioctl(ino: 0xf2, fh: 543, flags: 0, cmd: 21505, in_data.len(): 0, out_size: 0)","level":"WARN","ts":"2026-10-06T23:14:55.802199834Z","instance":"remote-a-r1","service_name":"afs-node"}
{"msg":"[Not Implemented] ioctl(ino: 0xf3, fh: 544, flags: 0, cmd: 21505, in_data.len(): 0, out_size: 0)","level":"WARN","ts":"2026-10-06T23:14:55.804145025Z","instance":"remote-a-r1","service_name":"afs-node"}
{"msg":"[Not Implemented] ioctl(ino: 0xf4, fh: 545, flags: 0, cmd: 21505, in_data.len(): 0, out_size: 0)","level":"WARN","ts":"2026-10-06T23:14:55.805995425Z","instance":"remote-a-r1","service_name":"afs-node"}
{"msg":"[Not Implemented] ioctl(ino: 0xf5, fh: 546, flags: 0, cmd: 21505, in_data.len(): 0, out_size: 0)","level":"WARN","ts":"2026-10-06T23:14:55.80788045Z","instance":"remote-a-r1","service_name":"afs-node"}
{"msg":"[Not Implemented] ioctl(ino: 0xf6, fh: 547, flags: 0, cmd: 21505, in_data.len(): 0, out_size: 0)","level":"WARN","ts":"2026-10-06T23:14:55.809687518Z","instance":"remote-a-r1","service_name":"afs-node"}
{"msg":"[Not Implemented] ioctl(ino: 0xf7, fh: 548, flags: 0, cmd: 21505, in_data.len(): 0, out_size: 0)","level":"WARN","ts":"2026-10-06T23:14:55.811754875Z","instance":"remote-a-r1","service_name":"afs-node"}
{"msg":"[Not Implemented] ioctl(ino: 0xf8, fh: 549, flags: 0, cmd: 21505, in_data.len(): 0, out_size: 0)","level":"WARN","ts":"2026-10-06T23:14:55.813786607Z","instance":"remote-a-r1","service_name":"afs-node"}
{"msg":"[Not Implemented] ioctl(ino: 0xf9, fh: 550, flags: 0, cmd: 21505, in_data.len(): 0, out_size: 0)","level":"WARN","ts":"2026-10-06T23:14:55.815795714Z","instance":"remote-a-r1","service_name":"afs-node"}
{"msg":"[Not Implemented] ioctl(ino: 0xfa, fh: 551, flags: 0, cmd: 21505, in_data.len(): 0, out_size: 0)","level":"WARN","ts":"2026-10-06T23:14:55.817658448Z","instance":"remote-a-r1","service_name":"afs-node"}
{"msg":"[Not Implemented] ioctl(ino: 0xfb, fh: 552, flags: 0, cmd: 21505, in_data.len(): 0, out_size: 0)","level":"WARN","ts":"2026-10-06T23:14:55.819775637Z","instance":"remote-a-r1","service_name":"afs-node"}
{"msg":"[Not Implemented] ioctl(ino: 0xfc, fh: 553, flags: 0, cmd: 21505, in_data.len(): 0, out_size: 0)","level":"WARN","ts":"2026-10-06T23:14:55.821679745Z","instance":"remote-a-r1","service_name":"afs-node"}
{"msg":"[Not Implemented] ioctl(ino: 0xfd, fh: 554, flags: 0, cmd: 21505, in_data.len(): 0, out_size: 0)","level":"WARN","ts":"2026-10-06T23:14:55.823715977Z","instance":"remote-a-r1","service_name":"afs-node"}
{"msg":"[Not Implemented] ioctl(ino: 0xfe, fh: 555, flags: 0, cmd: 21505, in_data.len(): 0, out_size: 0)","level":"WARN","ts":"2026-10-06T23:14:55.82566121Z","instance":"remote-a-r1","service_name":"afs-node"}
{"msg":"[Not Implemented] ioctl(ino: 0xff, fh: 556, flags: 0, cmd: 21505, in_data.len(): 0, out_size: 0)","level":"WARN","ts":"2026-10-06T23:14:55.827471236Z","instance":"remote-a-r1","service_name":"afs-node"}
{"msg":"[Not Implemented] ioctl(ino: 0x100, fh: 557, flags: 0, cmd: 21505, in_data.len(): 0, out_size: 0)","level":"WARN","ts":"2026-10-06T23:14:55.829393052Z","instance":"remote-a-r1","service_name":"afs-node"}
{"msg":"[Not Implemented] ioctl(ino: 0x101, fh: 558, flags: 0, cmd: 21505, in_data.len(): 0, out_size: 0)","level":"WARN","ts":"2026-10-06T23:14:55.831412493Z","instance":"remote-a-r1","service_name":"afs-node"}
{"msg":"[Not Implemented] ioctl(ino: 0x102, fh: 559, flags: 0, cmd: 21505, in_data.len(): 0, out_size: 0)","level":"WARN","ts":"2026-10-06T23:14:55.833324351Z","instance":"remote-a-r1","service_name":"afs-node"}
{"msg":"[Not Implemented] ioctl(ino: 0x103, fh: 560, flags: 0, cmd: 21505, in_data.len(): 0, out_size: 0)","level":"WARN","ts":"2026-10-06T23:14:55.835327125Z","instance":"remote-a-r1","service_name":"afs-node"}
{"msg":"[Not Implemented] ioctl(ino: 0x104, fh: 561, flags: 0, cmd: 21505, in_data.len(): 0, out_size: 0)","level":"WARN","ts":"2026-10-06T23:14:55.837198567Z","instance":"remote-a-r1","service_name":"afs-node"}
{"msg":"[Not Implemented] ioctl(ino: 0x105, fh: 562, flags: 0, cmd: 21505, in_data.len(): 0, out_size: 0)","level":"WARN","ts":"2026-10-06T23:14:55.839020801Z","instance":"remote-a-r1","service_name":"afs-node"}
{"msg":"[Not Implemented] ioctl(ino: 0x106, fh: 563, flags: 0, cmd: 21505, in_data.len(): 0, out_size: 0)","level":"WARN","ts":"2026-10-06T23:14:55.840919493Z","instance":"remote-a-r1","service_name":"afs-node"}
{"msg":"[Not Implemented] ioctl(ino: 0x107, fh: 564, flags: 0, cmd: 21505, in_data.len(): 0, out_size: 0)","level":"WARN","ts":"2026-10-06T23:14:55.842830226Z","instance":"remote-a-r1","service_name":"afs-node"}
{"msg":"[Not Implemented] ioctl(ino: 0x108, fh: 565, flags: 0, cmd: 21505, in_data.len(): 0, out_size: 0)","level":"WARN","ts":"2026-10-06T23:14:55.844738876Z","instance":"remote-a-r1","service_name":"afs-node"}
{"msg":"[Not Implemented] ioctl(ino: 0x109, fh: 566, flags: 0, cmd: 21505, in_data.len(): 0, out_size: 0)","level":"WARN","ts":"2026-10-06T23:14:55.846576401Z","instance":"remote-a-r1","service_name":"afs-node"}
{"msg":"[Not Implemented] ioctl(ino: 0x10a, fh: 567, flags: 0, cmd: 21505, in_data.len(): 0, out_size: 0)","level":"WARN","ts":"2026-10-06T23:14:55.848360885Z","instance":"remote-a-r1","service_name":"afs-node"}
{"msg":"[Not Implemented] ioctl(ino: 0x10b, fh: 568, flags: 0, cmd: 21505, in_data.len(): 0, out_size: 0)","level":"WARN","ts":"2026-10-06T23:14:55.850386826Z","instance":"remote-a-r1","service_name":"afs-node"}
{"msg":"[Not Implemented] ioctl(ino: 0x10c, fh: 569, flags: 0, cmd: 21505, in_data.len(): 0, out_size: 0)","level":"WARN","ts":"2026-10-06T23:14:55.852279851Z","instance":"remote-a-r1","service_name":"afs-node"}
{"msg":"[Not Implemented] ioctl(ino: 0x10d, fh: 570, flags: 0, cmd: 21505, in_data.len(): 0, out_size: 0)","level":"WARN","ts":"2026-10-06T23:14:55.854153334Z","instance":"remote-a-r1","service_name":"afs-node"}
{"msg":"[Not Implemented] ioctl(ino: 0x10e, fh: 571, flags: 0, cmd: 21505, in_data.len(): 0, out_size: 0)","level":"WARN","ts":"2026-10-06T23:14:55.856167816Z","instance":"remote-a-r1","service_name":"afs-node"}
{"msg":"[Not Implemented] ioctl(ino: 0x10f, fh: 572, flags: 0, cmd: 21505, in_data.len(): 0, out_size: 0)","level":"WARN","ts":"2026-10-06T23:14:55.85804855Z","instance":"remote-a-r1","service_name":"afs-node"}
{"msg":"[Not Implemented] ioctl(ino: 0x110, fh: 573, flags: 0, cmd: 21505, in_data.len(): 0, out_size: 0)","level":"WARN","ts":"2026-10-06T23:14:55.859964825Z","instance":"remote-a-r1","service_name":"afs-node"}
{"msg":"[Not Implemented] ioctl(ino: 0x111, fh: 574, flags: 0, cmd: 21505, in_data.len(): 0, out_size: 0)","level":"WARN","ts":"2026-10-06T23:14:55.861760684Z","instance":"remote-a-r1","service_name":"afs-node"}
{"msg":"[Not Implemented] ioctl(ino: 0x112, fh: 575, flags: 0, cmd: 21505, in_data.len(): 0, out_size: 0)","level":"WARN","ts":"2026-10-06T23:14:55.863743458Z","instance":"remote-a-r1","service_name":"afs-node"}
{"msg":"[Not Implemented] ioctl(ino: 0x113, fh: 576, flags: 0, cmd: 21505, in_data.len(): 0, out_size: 0)","level":"WARN","ts":"2026-10-06T23:14:55.8655739Z","instance":"remote-a-r1","service_name":"afs-node"}
{"msg":"[Not Implemented] ioctl(ino: 0x114, fh: 577, flags: 0, cmd: 21505, in_data.len(): 0, out_size: 0)","level":"WARN","ts":"2026-10-06T23:14:55.867402342Z","instance":"remote-a-r1","service_name":"afs-node"}
{"msg":"[Not Implemented] ioctl(ino: 0x115, fh: 578, flags: 0, cmd: 21505, in_data.len(): 0, out_size: 0)","level":"WARN","ts":"2026-10-06T23:14:55.869311242Z","instance":"remote-a-r1","service_name":"afs-node"}
{"msg":"[Not Implemented] ioctl(ino: 0x116, fh: 579, flags: 0, cmd: 21505, in_data.len(): 0, out_size: 0)","level":"WARN","ts":"2026-10-06T23:14:55.871165393Z","instance":"remote-a-r1","service_name":"afs-node"}
{"msg":"[Not Implemented] ioctl(ino: 0x117, fh: 580, flags: 0, cmd: 21505, in_data.len(): 0, out_size: 0)","level":"WARN","ts":"2026-10-06T23:14:55.873025585Z","instance":"remote-a-r1","service_name":"afs-node"}
{"msg":"[Not Implemented] ioctl(ino: 0x118, fh: 581, flags: 0, cmd: 21505, in_data.len(): 0, out_size: 0)","level":"WARN","ts":"2026-10-06T23:14:55.874902026Z","instance":"remote-a-r1","service_name":"afs-node"}
{"msg":"[Not Implemented] ioctl(ino: 0x119, fh: 582, flags: 0, cmd: 21505, in_data.len(): 0, out_size: 0)","level":"WARN","ts":"2026-10-06T23:14:55.876823426Z","instance":"remote-a-r1","service_name":"afs-node"}
{"msg":"[Not Implemented] ioctl(ino: 0x11a, fh: 583, flags: 0, cmd: 21505, in_data.len(): 0, out_size: 0)","level":"WARN","ts":"2026-10-06T23:14:55.878713993Z","instance":"remote-a-r1","service_name":"afs-node"}
{"msg":"[Not Implemented] ioctl(ino: 0x11b, fh: 584, flags: 0, cmd: 21505, in_data.len(): 0, out_size: 0)","level":"WARN","ts":"2026-10-06T23:14:55.880627601Z","instance":"remote-a-r1","service_name":"afs-node"}
{"msg":"[Not Implemented] ioctl(ino: 0x11c, fh: 585, flags: 0, cmd: 21505, in_data.len(): 0, out_size: 0)","level":"WARN","ts":"2026-10-06T23:14:55.882616458Z","instance":"remote-a-r1","service_name":"afs-node"}
{"msg":"[Not Implemented] ioctl(ino: 0x11d, fh: 586, flags: 0, cmd: 21505, in_data.len(): 0, out_size: 0)","level":"WARN","ts":"2026-10-06T23:14:55.884523275Z","instance":"remote-a-r1","service_name":"afs-node"}
{"msg":"[Not Implemented] ioctl(ino: 0x11e, fh: 587, flags: 0, cmd: 21505, in_data.len(): 0, out_size: 0)","level":"WARN","ts":"2026-10-06T23:14:55.886513174Z","instance":"remote-a-r1","service_name":"afs-node"}
{"msg":"[Not Implemented] ioctl(ino: 0x11f, fh: 588, flags: 0, cmd: 21505, in_data.len(): 0, out_size: 0)","level":"WARN","ts":"2026-10-06T23:14:55.88841824Z","instance":"remote-a-r1","service_name":"afs-node"}
{"msg":"[Not Implemented] ioctl(ino: 0x120, fh: 589, flags: 0, cmd: 21505, in_data.len(): 0, out_size: 0)","level":"WARN","ts":"2026-10-06T23:14:55.890565472Z","instance":"remote-a-r1","service_name":"afs-node"}
{"msg":"[Not Implemented] ioctl(ino: 0x121, fh: 590, flags: 0, cmd: 21505, in_data.len(): 0, out_size: 0)","level":"WARN","ts":"2026-10-06T23:14:55.892407955Z","instance":"remote-a-r1","service_name":"afs-node"}
{"msg":"[Not Implemented] ioctl(ino: 0x122, fh: 591, flags: 0, cmd: 21505, in_data.len(): 0, out_size: 0)","level":"WARN","ts":"2026-10-06T23:14:55.894342813Z","instance":"remote-a-r1","service_name":"afs-node"}
{"msg":"[Not Implemented] ioctl(ino: 0x123, fh: 592, flags: 0, cmd: 21505, in_data.len(): 0, out_size: 0)","level":"WARN","ts":"2026-10-06T23:14:55.896203214Z","instance":"remote-a-r1","service_name":"afs-node"}
{"msg":"[Not Implemented] ioctl(ino: 0x124, fh: 593, flags: 0, cmd: 21505, in_data.len(): 0, out_size: 0)","level":"WARN","ts":"2026-10-06T23:14:55.898071447Z","instance":"remote-a-r1","service_name":"afs-node"}
{"msg":"[Not Implemented] ioctl(ino: 0x125, fh: 594, flags: 0, cmd: 21505, in_data.len(): 0, out_size: 0)","level":"WARN","ts":"2026-10-06T23:14:55.899891723Z","instance":"remote-a-r1","service_name":"afs-node"}
{"msg":"[Not Implemented] ioctl(ino: 0x126, fh: 595, flags: 0, cmd: 21505, in_data.len(): 0, out_size: 0)","level":"WARN","ts":"2026-10-06T23:14:55.901879997Z","instance":"remote-a-r1","service_name":"afs-node"}
{"msg":"[Not Implemented] ioctl(ino: 0x127, fh: 596, flags: 0, cmd: 21505, in_data.len(): 0, out_size: 0)","level":"WARN","ts":"2026-10-06T23:14:55.903791688Z","instance":"remote-a-r1","service_name":"afs-node"}
{"msg":"[Not Implemented] ioctl(ino: 0x128, fh: 597, flags: 0, cmd: 21505, in_data.len(): 0, out_size: 0)","level":"WARN","ts":"2026-10-06T23:14:55.90567388Z","instance":"remote-a-r1","service_name":"afs-node"}
{"msg":"[Not Implemented] ioctl(ino: 0x129, fh: 598, flags: 0, cmd: 21505, in_data.len(): 0, out_size: 0)","level":"WARN","ts":"2026-10-06T23:14:55.907492656Z","instance":"remote-a-r1","service_name":"afs-node"}
{"msg":"[Not Implemented] ioctl(ino: 0x12a, fh: 599, flags: 0, cmd: 21505, in_data.len(): 0, out_size: 0)","level":"WARN","ts":"2026-10-06T23:14:55.909346848Z","instance":"remote-a-r1","service_name":"afs-node"}
{"msg":"[Not Implemented] ioctl(ino: 0x12b, fh: 600, flags: 0, cmd: 21505, in_data.len(): 0, out_size: 0)","level":"WARN","ts":"2026-10-06T23:14:55.911101207Z","instance":"remote-a-r1","service_name":"afs-node"}
{"msg":"[Not Implemented] ioctl(ino: 0x12c, fh: 601, flags: 0, cmd: 21505, in_data.len(): 0, out_size: 0)","level":"WARN","ts":"2026-10-06T23:14:55.912982524Z","instance":"remote-a-r1","service_name":"afs-node"}
{"msg":"[Not Implemented] ioctl(ino: 0x12d, fh: 602, flags: 0, cmd: 21505, in_data.len(): 0, out_size: 0)","level":"WARN","ts":"2026-10-06T23:14:55.914897049Z","instance":"remote-a-r1","service_name":"afs-node"}
{"msg":"[Not Implemented] ioctl(ino: 0x12e, fh: 603, flags: 0, cmd: 21505, in_data.len(): 0, out_size: 0)","level":"WARN","ts":"2026-10-06T23:14:55.91724382Z","instance":"remote-a-r1","service_name":"afs-node"}
{"msg":"[Not Implemented] ioctl(ino: 0x12f, fh: 604, flags: 0, cmd: 21505, in_data.len(): 0, out_size: 0)","level":"WARN","ts":"2026-10-06T23:14:55.919109512Z","instance":"remote-a-r1","service_name":"afs-node"}
{"msg":"[Not Implemented] ioctl(ino: 0x130, fh: 605, flags: 0, cmd: 21505, in_data.len(): 0, out_size: 0)","level":"WARN","ts":"2026-10-06T23:14:55.921058953Z","instance":"remote-a-r1","service_name":"afs-node"}
{"msg":"[Not Implemented] ioctl(ino: 0x131, fh: 606, flags: 0, cmd: 21505, in_data.len(): 0, out_size: 0)","level":"WARN","ts":"2026-10-06T23:14:55.922963394Z","instance":"remote-a-r1","service_name":"afs-node"}
{"msg":"[Not Implemented] ioctl(ino: 0x132, fh: 607, flags: 0, cmd: 21505, in_data.len(): 0, out_size: 0)","level":"WARN","ts":"2026-10-06T23:14:55.924838378Z","instance":"remote-a-r1","service_name":"afs-node"}
{"msg":"FUSE request failed","level":"ERRO","ts":"2026-10-06T23:14:56.830785276Z","instance":"remote-a-r1","service_name":"afs-node","message":"No such file or directory (os error 2)","kind":"NotFound","code":67305473}
{"msg":"FUSE request failed","level":"ERRO","ts":"2026-10-06T23:14:56.83262576Z","instance":"remote-a-r1","service_name":"afs-node","message":"No such file or directory (os error 2)","kind":"NotFound","code":67305473}
{"msg":"fuse.create","level":"INFO","ts":"2026-10-06T23:14:56.832650926Z","instance":"remote-a-r1","service_name":"afs-node","name":"entry-0000.bin","parent":307}
{"msg":"FUSE request failed","level":"ERRO","ts":"2026-10-06T23:14:56.834869782Z","instance":"remote-a-r1","service_name":"afs-node","message":"No such file or directory (os error 2)","kind":"NotFound","code":67305473}
{"msg":"fuse.create","level":"INFO","ts":"2026-10-06T23:14:56.834891865Z","instance":"remote-a-r1","service_name":"afs-node","name":"entry-0001.bin","parent":307}
{"msg":"FUSE request failed","level":"ERRO","ts":"2026-10-06T23:14:56.83701893Z","instance":"remote-a-r1","service_name":"afs-node","message":"No such file or directory (os error 2)","kind":"NotFound","code":67305473}
{"msg":"fuse.create","level":"INFO","ts":"2026-10-06T23:14:56.837050013Z","instance":"remote-a-r1","service_name":"afs-node","name":"entry-0002.bin","parent":307}
{"msg":"FUSE request failed","level":"ERRO","ts":"2026-10-06T23:14:56.839502158Z","instance":"remote-a-r1","service_name":"afs-node","message":"No such file or directory (os error 2)","kind":"NotFound","code":67305473}
{"msg":"fuse.create","level":"INFO","ts":"2026-10-06T23:14:56.839527616Z","instance":"remote-a-r1","service_name":"afs-node","name":"entry-0003.bin","parent":307}
{"msg":"FUSE request failed","level":"ERRO","ts":"2026-10-06T23:14:56.841749305Z","instance":"remote-a-r1","service_name":"afs-node","message":"No such file or directory (os error 2)","kind":"NotFound","code":67305473}
{"msg":"fuse.create","level":"INFO","ts":"2026-10-06T23:14:56.841780554Z","instance":"remote-a-r1","service_name":"afs-node","name":"entry-0004.bin","parent":307}
{"msg":"FUSE request failed","level":"ERRO","ts":"2026-10-06T23:14:56.843905327Z","instance":"remote-a-r1","service_name":"afs-node","message":"No such file or directory (os error 2)","kind":"NotFound","code":67305473}
{"msg":"fuse.create","level":"INFO","ts":"2026-10-06T23:14:56.843917911Z","instance":"remote-a-r1","service_name":"afs-node","name":"entry-0005.bin","parent":307}
{"msg":"FUSE request failed","level":"ERRO","ts":"2026-10-06T23:14:56.845991226Z","instance":"remote-a-r1","service_name":"afs-node","message":"No such file or directory (os error 2)","kind":"NotFound","code":67305473}
{"msg":"fuse.create","level":"INFO","ts":"2026-10-06T23:14:56.846013684Z","instance":"remote-a-r1","service_name":"afs-node","name":"entry-0006.bin","parent":307}
{"msg":"FUSE request failed","level":"ERRO","ts":"2026-10-06T23:14:56.848401913Z","instance":"remote-a-r1","service_name":"afs-node","message":"No such file or directory (os error 2)","kind":"NotFound","code":67305473}
{"msg":"fuse.create","level":"INFO","ts":"2026-10-06T23:14:56.848408038Z","instance":"remote-a-r1","service_name":"afs-node","name":"entry-0007.bin","parent":307}
{"msg":"FUSE request failed","level":"ERRO","ts":"2026-10-06T23:14:56.850431353Z","instance":"remote-a-r1","service_name":"afs-node","message":"No such file or directory (os error 2)","kind":"NotFound","code":67305473}
{"msg":"fuse.create","level":"INFO","ts":"2026-10-06T23:14:56.850455353Z","instance":"remote-a-r1","service_name":"afs-node","name":"entry-0008.bin","parent":307}
{"msg":"FUSE request failed","level":"ERRO","ts":"2026-10-06T23:14:56.852808124Z","instance":"remote-a-r1","service_name":"afs-node","message":"No such file or directory (os error 2)","kind":"NotFound","code":67305473}
{"msg":"fuse.create","level":"INFO","ts":"2026-10-06T23:14:56.852826415Z","instance":"remote-a-r1","service_name":"afs-node","name":"entry-0009.bin","parent":307}
{"msg":"FUSE request failed","level":"ERRO","ts":"2026-10-06T23:14:56.855045771Z","instance":"remote-a-r1","service_name":"afs-node","message":"No such file or directory (os error 2)","kind":"NotFound","code":67305473}
{"msg":"fuse.create","level":"INFO","ts":"2026-10-06T23:14:56.855058729Z","instance":"remote-a-r1","service_name":"afs-node","name":"entry-0010.bin","parent":307}
{"msg":"FUSE request failed","level":"ERRO","ts":"2026-10-06T23:14:56.857163336Z","instance":"remote-a-r1","service_name":"afs-node","message":"No such file or directory (os error 2)","kind":"NotFound","code":67305473}
{"msg":"fuse.create","level":"INFO","ts":"2026-10-06T23:14:56.857175294Z","instance":"remote-a-r1","service_name":"afs-node","name":"entry-0011.bin","parent":307}
{"msg":"FUSE request failed","level":"ERRO","ts":"2026-10-06T23:14:56.859440816Z","instance":"remote-a-r1","service_name":"afs-node","message":"No such file or directory (os error 2)","kind":"NotFound","code":67305473}
{"msg":"fuse.create","level":"INFO","ts":"2026-10-06T23:14:56.85946169Z","instance":"remote-a-r1","service_name":"afs-node","name":"entry-0012.bin","parent":307}
{"msg":"FUSE request failed","level":"ERRO","ts":"2026-10-06T23:14:56.861719795Z","instance":"remote-a-r1","service_name":"afs-node","message":"No such file or directory (os error 2)","kind":"NotFound","code":67305473}
{"msg":"fuse.create","level":"INFO","ts":"2026-10-06T23:14:56.86174542Z","instance":"remote-a-r1","service_name":"afs-node","name":"entry-0013.bin","parent":307}
{"msg":"FUSE request failed","level":"ERRO","ts":"2026-10-06T23:14:56.863938151Z","instance":"remote-a-r1","service_name":"afs-node","message":"No such file or directory (os error 2)","kind":"NotFound","code":67305473}
{"msg":"fuse.create","level":"INFO","ts":"2026-10-06T23:14:56.863956859Z","instance":"remote-a-r1","service_name":"afs-node","name":"entry-0014.bin","parent":307}
{"msg":"FUSE request failed","level":"ERRO","ts":"2026-10-06T23:14:56.866099174Z","instance":"remote-a-r1","service_name":"afs-node","message":"No such file or directory (os error 2)","kind":"NotFound","code":67305473}
{"msg":"fuse.create","level":"INFO","ts":"2026-10-06T23:14:56.866115673Z","instance":"remote-a-r1","service_name":"afs-node","name":"entry-0015.bin","parent":307}
{"msg":"FUSE request failed","level":"ERRO","ts":"2026-10-06T23:14:56.868297446Z","instance":"remote-a-r1","service_name":"afs-node","message":"No such file or directory (os error 2)","kind":"NotFound","code":67305473}
{"msg":"fuse.create","level":"INFO","ts":"2026-10-06T23:14:56.868321529Z","instance":"remote-a-r1","service_name":"afs-node","name":"entry-0016.bin","parent":307}
{"msg":"FUSE request failed","level":"ERRO","ts":"2026-10-06T23:14:56.870429302Z","instance":"remote-a-r1","service_name":"afs-node","message":"No such file or directory (os error 2)","kind":"NotFound","code":67305473}
{"msg":"fuse.create","level":"INFO","ts":"2026-10-06T23:14:56.870439094Z","instance":"remote-a-r1","service_name":"afs-node","name":"entry-0017.bin","parent":307}
{"msg":"FUSE request failed","level":"ERRO","ts":"2026-10-06T23:14:56.8725082Z","instance":"remote-a-r1","service_name":"afs-node","message":"No such file or directory (os error 2)","kind":"NotFound","code":67305473}
{"msg":"fuse.create","level":"INFO","ts":"2026-10-06T23:14:56.872527284Z","instance":"remote-a-r1","service_name":"afs-node","name":"entry-0018.bin","parent":307}
{"msg":"FUSE request failed","level":"ERRO","ts":"2026-10-06T23:14:56.874614515Z","instance":"remote-a-r1","service_name":"afs-node","message":"No such file or directory (os error 2)","kind":"NotFound","code":67305473}
{"msg":"fuse.create","level":"INFO","ts":"2026-10-06T23:14:56.874635557Z","instance":"remote-a-r1","service_name":"afs-node","name":"entry-0019.bin","parent":307}
{"msg":"FUSE request failed","level":"ERRO","ts":"2026-10-06T23:14:56.876989786Z","instance":"remote-a-r1","service_name":"afs-node","message":"No such file or directory (os error 2)","kind":"NotFound","code":67305473}
{"msg":"fuse.create","level":"INFO","ts":"2026-10-06T23:14:56.876999744Z","instance":"remote-a-r1","service_name":"afs-node","name":"entry-0020.bin","parent":307}
{"msg":"FUSE request failed","level":"ERRO","ts":"2026-10-06T23:14:56.8791741Z","instance":"remote-a-r1","service_name":"afs-node","message":"No such file or directory (os error 2)","kind":"NotFound","code":67305473}
{"msg":"fuse.create","level":"INFO","ts":"2026-10-06T23:14:56.879226016Z","instance":"remote-a-r1","service_name":"afs-node","name":"entry-0021.bin","parent":307}
{"msg":"FUSE request failed","level":"ERRO","ts":"2026-10-06T23:14:56.881308956Z","instance":"remote-a-r1","service_name":"afs-node","message":"No such file or directory (os error 2)","kind":"NotFound","code":67305473}
{"msg":"fuse.create","level":"INFO","ts":"2026-10-06T23:14:56.881321623Z","instance":"remote-a-r1","service_name":"afs-node","name":"entry-0022.bin","parent":307}
{"msg":"FUSE request failed","level":"ERRO","ts":"2026-10-06T23:14:56.883509187Z","instance":"remote-a-r1","service_name":"afs-node","message":"No such file or directory (os error 2)","kind":"NotFound","code":67305473}
{"msg":"fuse.create","level":"INFO","ts":"2026-10-06T23:14:56.883542937Z","instance":"remote-a-r1","service_name":"afs-node","name":"entry-0023.bin","parent":307}
{"msg":"FUSE request failed","level":"ERRO","ts":"2026-10-06T23:14:56.885686168Z","instance":"remote-a-r1","service_name":"afs-node","message":"No such file or directory (os error 2)","kind":"NotFound","code":67305473}
{"msg":"fuse.create","level":"INFO","ts":"2026-10-06T23:14:56.885709418Z","instance":"remote-a-r1","service_name":"afs-node","name":"entry-0024.bin","parent":307}
{"msg":"FUSE request failed","level":"ERRO","ts":"2026-10-06T23:14:56.887919731Z","instance":"remote-a-r1","service_name":"afs-node","message":"No such file or directory (os error 2)","kind":"NotFound","code":67305473}
{"msg":"fuse.create","level":"INFO","ts":"2026-10-06T23:14:56.887936065Z","instance":"remote-a-r1","service_name":"afs-node","name":"entry-0025.bin","parent":307}
{"msg":"FUSE request failed","level":"ERRO","ts":"2026-10-06T23:14:56.890081546Z","instance":"remote-a-r1","service_name":"afs-node","message":"No such file or directory (os error 2)","kind":"NotFound","code":67305473}
{"msg":"fuse.create","level":"INFO","ts":"2026-10-06T23:14:56.890102837Z","instance":"remote-a-r1","service_name":"afs-node","name":"entry-0026.bin","parent":307}
{"msg":"FUSE request failed","level":"ERRO","ts":"2026-10-06T23:14:56.892529941Z","instance":"remote-a-r1","service_name":"afs-node","message":"No such file or directory (os error 2)","kind":"NotFound","code":67305473}
{"msg":"fuse.create","level":"INFO","ts":"2026-10-06T23:14:56.892532899Z","instance":"remote-a-r1","service_name":"afs-node","name":"entry-0027.bin","parent":307}
{"msg":"FUSE request failed","level":"ERRO","ts":"2026-10-06T23:14:56.894652881Z","instance":"remote-a-r1","service_name":"afs-node","message":"No such file or directory (os error 2)","kind":"NotFound","code":67305473}
{"msg":"fuse.create","level":"INFO","ts":"2026-10-06T23:14:56.894667214Z","instance":"remote-a-r1","service_name":"afs-node","name":"entry-0028.bin","parent":307}
{"msg":"FUSE request failed","level":"ERRO","ts":"2026-10-06T23:14:56.8971704Z","instance":"remote-a-r1","service_name":"afs-node","message":"No such file or directory (os error 2)","kind":"NotFound","code":67305473}
{"msg":"fuse.create","level":"INFO","ts":"2026-10-06T23:14:56.897191441Z","instance":"remote-a-r1","service_name":"afs-node","name":"entry-0029.bin","parent":307}
{"msg":"FUSE request failed","level":"ERRO","ts":"2026-10-06T23:14:56.899318798Z","instance":"remote-a-r1","service_name":"afs-node","message":"No such file or directory (os error 2)","kind":"NotFound","code":67305473}
{"msg":"fuse.create","level":"INFO","ts":"2026-10-06T23:14:56.899335923Z","instance":"remote-a-r1","service_name":"afs-node","name":"entry-0030.bin","parent":307}
{"msg":"FUSE request failed","level":"ERRO","ts":"2026-10-06T23:14:56.901332447Z","instance":"remote-a-r1","service_name":"afs-node","message":"No such file or directory (os error 2)","kind":"NotFound","code":67305473}
{"msg":"fuse.create","level":"INFO","ts":"2026-10-06T23:14:56.901336655Z","instance":"remote-a-r1","service_name":"afs-node","name":"entry-0031.bin","parent":307}
{"msg":"FUSE request failed","level":"ERRO","ts":"2026-10-06T23:14:56.903449886Z","instance":"remote-a-r1","service_name":"afs-node","message":"No such file or directory (os error 2)","kind":"NotFound","code":67305473}
{"msg":"fuse.create","level":"INFO","ts":"2026-10-06T23:14:56.903470011Z","instance":"remote-a-r1","service_name":"afs-node","name":"entry-0032.bin","parent":307}
{"msg":"FUSE request failed","level":"ERRO","ts":"2026-10-06T23:14:56.905614159Z","instance":"remote-a-r1","service_name":"afs-node","message":"No such file or directory (os error 2)","kind":"NotFound","code":67305473}
{"msg":"fuse.create","level":"INFO","ts":"2026-10-06T23:14:56.905631492Z","instance":"remote-a-r1","service_name":"afs-node","name":"entry-0033.bin","parent":307}
{"msg":"FUSE request failed","level":"ERRO","ts":"2026-10-06T23:14:56.908032179Z","instance":"remote-a-r1","service_name":"afs-node","message":"No such file or directory (os error 2)","kind":"NotFound","code":67305473}
{"msg":"fuse.create","level":"INFO","ts":"2026-10-06T23:14:56.908047138Z","instance":"remote-a-r1","service_name":"afs-node","name":"entry-0034.bin","parent":307}
{"msg":"FUSE request failed","level":"ERRO","ts":"2026-10-06T23:14:56.910308909Z","instance":"remote-a-r1","service_name":"afs-node","message":"No such file or directory (os error 2)","kind":"NotFound","code":67305473}
{"msg":"fuse.create","level":"INFO","ts":"2026-10-06T23:14:56.910328534Z","instance":"remote-a-r1","service_name":"afs-node","name":"entry-0035.bin","parent":307}
{"msg":"FUSE request failed","level":"ERRO","ts":"2026-10-06T23:14:56.91324255Z","instance":"remote-a-r1","service_name":"afs-node","message":"No such file or directory (os error 2)","kind":"NotFound","code":67305473}
{"msg":"fuse.create","level":"INFO","ts":"2026-10-06T23:14:56.913264758Z","instance":"remote-a-r1","service_name":"afs-node","name":"entry-0036.bin","parent":307}
{"msg":"FUSE request failed","level":"ERRO","ts":"2026-10-06T23:14:56.915625071Z","instance":"remote-a-r1","service_name":"afs-node","message":"No such file or directory (os error 2)","kind":"NotFound","code":67305473}
{"msg":"fuse.create","level":"INFO","ts":"2026-10-06T23:14:56.915647612Z","instance":"remote-a-r1","service_name":"afs-node","name":"entry-0037.bin","parent":307}
{"msg":"FUSE request failed","level":"ERRO","ts":"2026-10-06T23:14:56.917958217Z","instance":"remote-a-r1","service_name":"afs-node","message":"No such file or directory (os error 2)","kind":"NotFound","code":67305473}
{"msg":"fuse.create","level":"INFO","ts":"2026-10-06T23:14:56.917974217Z","instance":"remote-a-r1","service_name":"afs-node","name":"entry-0038.bin","parent":307}
{"msg":"FUSE request failed","level":"ERRO","ts":"2026-10-06T23:14:56.920233697Z","instance":"remote-a-r1","service_name":"afs-node","message":"No such file or directory (os error 2)","kind":"NotFound","code":67305473}
{"msg":"fuse.create","level":"INFO","ts":"2026-10-06T23:14:56.920258363Z","instance":"remote-a-r1","service_name":"afs-node","name":"entry-0039.bin","parent":307}
{"msg":"FUSE request failed","level":"ERRO","ts":"2026-10-06T23:14:56.922380761Z","instance":"remote-a-r1","service_name":"afs-node","message":"No such file or directory (os error 2)","kind":"NotFound","code":67305473}
{"msg":"fuse.create","level":"INFO","ts":"2026-10-06T23:14:56.922383886Z","instance":"remote-a-r1","service_name":"afs-node","name":"entry-0040.bin","parent":307}
{"msg":"FUSE request failed","level":"ERRO","ts":"2026-10-06T23:14:56.92477399Z","instance":"remote-a-r1","service_name":"afs-node","message":"No such file or directory (os error 2)","kind":"NotFound","code":67305473}
{"msg":"fuse.create","level":"INFO","ts":"2026-10-06T23:14:56.924783657Z","instance":"remote-a-r1","service_name":"afs-node","name":"entry-0041.bin","parent":307}
{"msg":"FUSE request failed","level":"ERRO","ts":"2026-10-06T23:14:56.926895263Z","instance":"remote-a-r1","service_name":"afs-node","message":"No such file or directory (os error 2)","kind":"NotFound","code":67305473}
{"msg":"fuse.create","level":"INFO","ts":"2026-10-06T23:14:56.926921805Z","instance":"remote-a-r1","service_name":"afs-node","name":"entry-0042.bin","parent":307}
{"msg":"FUSE request failed","level":"ERRO","ts":"2026-10-06T23:14:56.929057161Z","instance":"remote-a-r1","service_name":"afs-node","message":"No such file or directory (os error 2)","kind":"NotFound","code":67305473}
{"msg":"fuse.create","level":"INFO","ts":"2026-10-06T23:14:56.929076327Z","instance":"remote-a-r1","service_name":"afs-node","name":"entry-0043.bin","parent":307}
{"msg":"FUSE request failed","level":"ERRO","ts":"2026-10-06T23:14:56.931228392Z","instance":"remote-a-r1","service_name":"afs-node","message":"No such file or directory (os error 2)","kind":"NotFound","code":67305473}
{"msg":"fuse.create","level":"INFO","ts":"2026-10-06T23:14:56.931251808Z","instance":"remote-a-r1","service_name":"afs-node","name":"entry-0044.bin","parent":307}
{"msg":"FUSE request failed","level":"ERRO","ts":"2026-10-06T23:14:56.933303124Z","instance":"remote-a-r1","service_name":"afs-node","message":"No such file or directory (os error 2)","kind":"NotFound","code":67305473}
{"msg":"fuse.create","level":"INFO","ts":"2026-10-06T23:14:56.933329373Z","instance":"remote-a-r1","service_name":"afs-node","name":"entry-0045.bin","parent":307}
{"msg":"FUSE request failed","level":"ERRO","ts":"2026-10-06T23:14:56.935435938Z","instance":"remote-a-r1","service_name":"afs-node","message":"No such file or directory (os error 2)","kind":"NotFound","code":67305473}
{"msg":"fuse.create","level":"INFO","ts":"2026-10-06T23:14:56.935460521Z","instance":"remote-a-r1","service_name":"afs-node","name":"entry-0046.bin","parent":307}
{"msg":"FUSE request failed","level":"ERRO","ts":"2026-10-06T23:14:56.937971332Z","instance":"remote-a-r1","service_name":"afs-node","message":"No such file or directory (os error 2)","kind":"NotFound","code":67305473}
{"msg":"fuse.create","level":"INFO","ts":"2026-10-06T23:14:56.937994332Z","instance":"remote-a-r1","service_name":"afs-node","name":"entry-0047.bin","parent":307}
{"msg":"FUSE request failed","level":"ERRO","ts":"2026-10-06T23:14:56.940112689Z","instance":"remote-a-r1","service_name":"afs-node","message":"No such file or directory (os error 2)","kind":"NotFound","code":67305473}
{"msg":"fuse.create","level":"INFO","ts":"2026-10-06T23:14:56.94013948Z","instance":"remote-a-r1","service_name":"afs-node","name":"entry-0048.bin","parent":307}
{"msg":"FUSE request failed","level":"ERRO","ts":"2026-10-06T23:14:56.942252628Z","instance":"remote-a-r1","service_name":"afs-node","message":"No such file or directory (os error 2)","kind":"NotFound","code":67305473}
{"msg":"fuse.create","level":"INFO","ts":"2026-10-06T23:14:56.942261128Z","instance":"remote-a-r1","service_name":"afs-node","name":"entry-0049.bin","parent":307}
{"msg":"FUSE request failed","level":"ERRO","ts":"2026-10-06T23:14:56.944233444Z","instance":"remote-a-r1","service_name":"afs-node","message":"No such file or directory (os error 2)","kind":"NotFound","code":67305473}
{"msg":"fuse.create","level":"INFO","ts":"2026-10-06T23:14:56.944250319Z","instance":"remote-a-r1","service_name":"afs-node","name":"entry-0050.bin","parent":307}
{"msg":"FUSE request failed","level":"ERRO","ts":"2026-10-06T23:14:56.946489174Z","instance":"remote-a-r1","service_name":"afs-node","message":"No such file or directory (os error 2)","kind":"NotFound","code":67305473}
{"msg":"fuse.create","level":"INFO","ts":"2026-10-06T23:14:56.946495799Z","instance":"remote-a-r1","service_name":"afs-node","name":"entry-0051.bin","parent":307}
{"msg":"FUSE request failed","level":"ERRO","ts":"2026-10-06T23:14:56.948748904Z","instance":"remote-a-r1","service_name":"afs-node","message":"No such file or directory (os error 2)","kind":"NotFound","code":67305473}
{"msg":"fuse.create","level":"INFO","ts":"2026-10-06T23:14:56.948769987Z","instance":"remote-a-r1","service_name":"afs-node","name":"entry-0052.bin","parent":307}
{"msg":"FUSE request failed","level":"ERRO","ts":"2026-10-06T23:14:56.95115555Z","instance":"remote-a-r1","service_name":"afs-node","message":"No such file or directory (os error 2)","kind":"NotFound","code":67305473}
{"msg":"fuse.create","level":"INFO","ts":"2026-10-06T23:14:56.9511678Z","instance":"remote-a-r1","service_name":"afs-node","name":"entry-0053.bin","parent":307}
{"msg":"FUSE request failed","level":"ERRO","ts":"2026-10-06T23:14:56.953581237Z","instance":"remote-a-r1","service_name":"afs-node","message":"No such file or directory (os error 2)","kind":"NotFound","code":67305473}
{"msg":"fuse.create","level":"INFO","ts":"2026-10-06T23:14:56.953602028Z","instance":"remote-a-r1","service_name":"afs-node","name":"entry-0054.bin","parent":307}
{"msg":"FUSE request failed","level":"ERRO","ts":"2026-10-06T23:14:56.955745718Z","instance":"remote-a-r1","service_name":"afs-node","message":"No such file or directory (os error 2)","kind":"NotFound","code":67305473}
{"msg":"fuse.create","level":"INFO","ts":"2026-10-06T23:14:56.955765592Z","instance":"remote-a-r1","service_name":"afs-node","name":"entry-0055.bin","parent":307}
{"msg":"FUSE request failed","level":"ERRO","ts":"2026-10-06T23:14:56.958227612Z","instance":"remote-a-r1","service_name":"afs-node","message":"No such file or directory (os error 2)","kind":"NotFound","code":67305473}
{"msg":"fuse.create","level":"INFO","ts":"2026-10-06T23:14:56.958246279Z","instance":"remote-a-r1","service_name":"afs-node","name":"entry-0056.bin","parent":307}
{"msg":"FUSE request failed","level":"ERRO","ts":"2026-10-06T23:14:56.9605923Z","instance":"remote-a-r1","service_name":"afs-node","message":"No such file or directory (os error 2)","kind":"NotFound","code":67305473}
{"msg":"fuse.create","level":"INFO","ts":"2026-10-06T23:14:56.96061205Z","instance":"remote-a-r1","service_name":"afs-node","name":"entry-0057.bin","parent":307}
{"msg":"FUSE request failed","level":"ERRO","ts":"2026-10-06T23:14:56.962767323Z","instance":"remote-a-r1","service_name":"afs-node","message":"No such file or directory (os error 2)","kind":"NotFound","code":67305473}
{"msg":"fuse.create","level":"INFO","ts":"2026-10-06T23:14:56.962786531Z","instance":"remote-a-r1","service_name":"afs-node","name":"entry-0058.bin","parent":307}
{"msg":"FUSE request failed","level":"ERRO","ts":"2026-10-06T23:14:56.964929137Z","instance":"remote-a-r1","service_name":"afs-node","message":"No such file or directory (os error 2)","kind":"NotFound","code":67305473}
{"msg":"fuse.create","level":"INFO","ts":"2026-10-06T23:14:56.96493922Z","instance":"remote-a-r1","service_name":"afs-node","name":"entry-0059.bin","parent":307}
{"msg":"FUSE request failed","level":"ERRO","ts":"2026-10-06T23:14:56.96701116Z","instance":"remote-a-r1","service_name":"afs-node","message":"No such file or directory (os error 2)","kind":"NotFound","code":67305473}
{"msg":"fuse.create","level":"INFO","ts":"2026-10-06T23:14:56.967029868Z","instance":"remote-a-r1","service_name":"afs-node","name":"entry-0060.bin","parent":307}
{"msg":"FUSE request failed","level":"ERRO","ts":"2026-10-06T23:14:56.969497805Z","instance":"remote-a-r1","service_name":"afs-node","message":"No such file or directory (os error 2)","kind":"NotFound","code":67305473}
{"msg":"fuse.create","level":"INFO","ts":"2026-10-06T23:14:56.969501972Z","instance":"remote-a-r1","service_name":"afs-node","name":"entry-0061.bin","parent":307}
{"msg":"FUSE request failed","level":"ERRO","ts":"2026-10-06T23:14:56.972282155Z","instance":"remote-a-r1","service_name":"afs-node","message":"No such file or directory (os error 2)","kind":"NotFound","code":67305473}
{"msg":"fuse.create","level":"INFO","ts":"2026-10-06T23:14:56.972306322Z","instance":"remote-a-r1","service_name":"afs-node","name":"entry-0062.bin","parent":307}
{"msg":"FUSE request failed","level":"ERRO","ts":"2026-10-06T23:14:56.974322971Z","instance":"remote-a-r1","service_name":"afs-node","message":"No such file or directory (os error 2)","kind":"NotFound","code":67305473}
{"msg":"fuse.create","level":"INFO","ts":"2026-10-06T23:14:56.974325804Z","instance":"remote-a-r1","service_name":"afs-node","name":"entry-0063.bin","parent":307}
{"msg":"FUSE request failed","level":"ERRO","ts":"2026-10-06T23:14:56.976451952Z","instance":"remote-a-r1","service_name":"afs-node","message":"No such file or directory (os error 2)","kind":"NotFound","code":67305473}
{"msg":"fuse.create","level":"INFO","ts":"2026-10-06T23:14:56.976469244Z","instance":"remote-a-r1","service_name":"afs-node","name":"entry-0064.bin","parent":307}
{"msg":"FUSE request failed","level":"ERRO","ts":"2026-10-06T23:14:56.978948097Z","instance":"remote-a-r1","service_name":"afs-node","message":"No such file or directory (os error 2)","kind":"NotFound","code":67305473}
{"msg":"fuse.create","level":"INFO","ts":"2026-10-06T23:14:56.978968888Z","instance":"remote-a-r1","service_name":"afs-node","name":"entry-0065.bin","parent":307}
{"msg":"FUSE request failed","level":"ERRO","ts":"2026-10-06T23:14:56.981121036Z","instance":"remote-a-r1","service_name":"afs-node","message":"No such file or directory (os error 2)","kind":"NotFound","code":67305473}
{"msg":"fuse.create","level":"INFO","ts":"2026-10-06T23:14:56.981140119Z","instance":"remote-a-r1","service_name":"afs-node","name":"entry-0066.bin","parent":307}
{"msg":"FUSE request failed","level":"ERRO","ts":"2026-10-06T23:14:56.983333558Z","instance":"remote-a-r1","service_name":"afs-node","message":"No such file or directory (os error 2)","kind":"NotFound","code":67305473}
{"msg":"fuse.create","level":"INFO","ts":"2026-10-06T23:14:56.9833411Z","instance":"remote-a-r1","service_name":"afs-node","name":"entry-0067.bin","parent":307}
{"msg":"FUSE request failed","level":"ERRO","ts":"2026-10-06T23:14:56.985858036Z","instance":"remote-a-r1","service_name":"afs-node","message":"No such file or directory (os error 2)","kind":"NotFound","code":67305473}
{"msg":"fuse.create","level":"INFO","ts":"2026-10-06T23:14:56.985872911Z","instance":"remote-a-r1","service_name":"afs-node","name":"entry-0068.bin","parent":307}
{"msg":"FUSE request failed","level":"ERRO","ts":"2026-10-06T23:14:56.988300473Z","instance":"remote-a-r1","service_name":"afs-node","message":"No such file or directory (os error 2)","kind":"NotFound","code":67305473}
{"msg":"fuse.create","level":"INFO","ts":"2026-10-06T23:14:56.988327597Z","instance":"remote-a-r1","service_name":"afs-node","name":"entry-0069.bin","parent":307}
{"msg":"FUSE request failed","level":"ERRO","ts":"2026-10-06T23:14:56.990659535Z","instance":"remote-a-r1","service_name":"afs-node","message":"No such file or directory (os error 2)","kind":"NotFound","code":67305473}
{"msg":"fuse.create","level":"INFO","ts":"2026-10-06T23:14:56.990679077Z","instance":"remote-a-r1","service_name":"afs-node","name":"entry-0070.bin","parent":307}
{"msg":"FUSE request failed","level":"ERRO","ts":"2026-10-06T23:14:56.993059264Z","instance":"remote-a-r1","service_name":"afs-node","message":"No such file or directory (os error 2)","kind":"NotFound","code":67305473}
{"msg":"fuse.create","level":"INFO","ts":"2026-10-06T23:14:56.993067431Z","instance":"remote-a-r1","service_name":"afs-node","name":"entry-0071.bin","parent":307}
{"msg":"FUSE request failed","level":"ERRO","ts":"2026-10-06T23:14:56.995434618Z","instance":"remote-a-r1","service_name":"afs-node","message":"No such file or directory (os error 2)","kind":"NotFound","code":67305473}
{"msg":"fuse.create","level":"INFO","ts":"2026-10-06T23:14:56.995456868Z","instance":"remote-a-r1","service_name":"afs-node","name":"entry-0072.bin","parent":307}
{"msg":"FUSE request failed","level":"ERRO","ts":"2026-10-06T23:14:56.997906013Z","instance":"remote-a-r1","service_name":"afs-node","message":"No such file or directory (os error 2)","kind":"NotFound","code":67305473}
{"msg":"fuse.create","level":"INFO","ts":"2026-10-06T23:14:56.997929763Z","instance":"remote-a-r1","service_name":"afs-node","name":"entry-0073.bin","parent":307}
{"msg":"FUSE request failed","level":"ERRO","ts":"2026-10-06T23:14:57.000083036Z","instance":"remote-a-r1","service_name":"afs-node","message":"No such file or directory (os error 2)","kind":"NotFound","code":67305473}
{"msg":"fuse.create","level":"INFO","ts":"2026-10-06T23:14:57.000086036Z","instance":"remote-a-r1","service_name":"afs-node","name":"entry-0074.bin","parent":307}
{"msg":"FUSE request failed","level":"ERRO","ts":"2026-10-06T23:14:57.002232475Z","instance":"remote-a-r1","service_name":"afs-node","message":"No such file or directory (os error 2)","kind":"NotFound","code":67305473}
{"msg":"fuse.create","level":"INFO","ts":"2026-10-06T23:14:57.002235517Z","instance":"remote-a-r1","service_name":"afs-node","name":"entry-0075.bin","parent":307}
{"msg":"FUSE request failed","level":"ERRO","ts":"2026-10-06T23:14:57.004378373Z","instance":"remote-a-r1","service_name":"afs-node","message":"No such file or directory (os error 2)","kind":"NotFound","code":67305473}
{"msg":"fuse.create","level":"INFO","ts":"2026-10-06T23:14:57.004385831Z","instance":"remote-a-r1","service_name":"afs-node","name":"entry-0076.bin","parent":307}
{"msg":"FUSE request failed","level":"ERRO","ts":"2026-10-06T23:14:57.006450646Z","instance":"remote-a-r1","service_name":"afs-node","message":"No such file or directory (os error 2)","kind":"NotFound","code":67305473}
{"msg":"fuse.create","level":"INFO","ts":"2026-10-06T23:14:57.006477771Z","instance":"remote-a-r1","service_name":"afs-node","name":"entry-0077.bin","parent":307}
{"msg":"FUSE request failed","level":"ERRO","ts":"2026-10-06T23:14:57.008752084Z","instance":"remote-a-r1","service_name":"afs-node","message":"No such file or directory (os error 2)","kind":"NotFound","code":67305473}
{"msg":"fuse.create","level":"INFO","ts":"2026-10-06T23:14:57.008768876Z","instance":"remote-a-r1","service_name":"afs-node","name":"entry-0078.bin","parent":307}
{"msg":"FUSE request failed","level":"ERRO","ts":"2026-10-06T23:14:57.010938857Z","instance":"remote-a-r1","service_name":"afs-node","message":"No such file or directory (os error 2)","kind":"NotFound","code":67305473}
{"msg":"fuse.create","level":"INFO","ts":"2026-10-06T23:14:57.01095344Z","instance":"remote-a-r1","service_name":"afs-node","name":"entry-0079.bin","parent":307}
{"msg":"FUSE request failed","level":"ERRO","ts":"2026-10-06T23:14:57.013034338Z","instance":"remote-a-r1","service_name":"afs-node","message":"No such file or directory (os error 2)","kind":"NotFound","code":67305473}
{"msg":"fuse.create","level":"INFO","ts":"2026-10-06T23:14:57.013055838Z","instance":"remote-a-r1","service_name":"afs-node","name":"entry-0080.bin","parent":307}
{"msg":"FUSE request failed","level":"ERRO","ts":"2026-10-06T23:14:57.015094195Z","instance":"remote-a-r1","service_name":"afs-node","message":"No such file or directory (os error 2)","kind":"NotFound","code":67305473}
{"msg":"fuse.create","level":"INFO","ts":"2026-10-06T23:14:57.01510857Z","instance":"remote-a-r1","service_name":"afs-node","name":"entry-0081.bin","parent":307}
{"msg":"FUSE request failed","level":"ERRO","ts":"2026-10-06T23:14:57.017262093Z","instance":"remote-a-r1","service_name":"afs-node","message":"No such file or directory (os error 2)","kind":"NotFound","code":67305473}
{"msg":"fuse.create","level":"INFO","ts":"2026-10-06T23:14:57.017289218Z","instance":"remote-a-r1","service_name":"afs-node","name":"entry-0082.bin","parent":307}
{"msg":"FUSE request failed","level":"ERRO","ts":"2026-10-06T23:14:57.019529948Z","instance":"remote-a-r1","service_name":"afs-node","message":"No such file or directory (os error 2)","kind":"NotFound","code":67305473}
{"msg":"fuse.create","level":"INFO","ts":"2026-10-06T23:14:57.019553448Z","instance":"remote-a-r1","service_name":"afs-node","name":"entry-0083.bin","parent":307}
{"msg":"FUSE request failed","level":"ERRO","ts":"2026-10-06T23:14:57.021691137Z","instance":"remote-a-r1","service_name":"afs-node","message":"No such file or directory (os error 2)","kind":"NotFound","code":67305473}
{"msg":"fuse.create","level":"INFO","ts":"2026-10-06T23:14:57.021697304Z","instance":"remote-a-r1","service_name":"afs-node","name":"entry-0084.bin","parent":307}
{"msg":"FUSE request failed","level":"ERRO","ts":"2026-10-06T23:14:57.023822035Z","instance":"remote-a-r1","service_name":"afs-node","message":"No such file or directory (os error 2)","kind":"NotFound","code":67305473}
{"msg":"fuse.create","level":"INFO","ts":"2026-10-06T23:14:57.023843493Z","instance":"remote-a-r1","service_name":"afs-node","name":"entry-0085.bin","parent":307}
{"msg":"FUSE request failed","level":"ERRO","ts":"2026-10-06T23:14:57.026536011Z","instance":"remote-a-r1","service_name":"afs-node","message":"No such file or directory (os error 2)","kind":"NotFound","code":67305473}
{"msg":"fuse.create","level":"INFO","ts":"2026-10-06T23:14:57.026553386Z","instance":"remote-a-r1","service_name":"afs-node","name":"entry-0086.bin","parent":307}
{"msg":"FUSE request failed","level":"ERRO","ts":"2026-10-06T23:14:57.028686367Z","instance":"remote-a-r1","service_name":"afs-node","message":"No such file or directory (os error 2)","kind":"NotFound","code":67305473}
{"msg":"fuse.create","level":"INFO","ts":"2026-10-06T23:14:57.028705617Z","instance":"remote-a-r1","service_name":"afs-node","name":"entry-0087.bin","parent":307}
{"msg":"FUSE request failed","level":"ERRO","ts":"2026-10-06T23:14:57.031178554Z","instance":"remote-a-r1","service_name":"afs-node","message":"No such file or directory (os error 2)","kind":"NotFound","code":67305473}
{"msg":"fuse.create","level":"INFO","ts":"2026-10-06T23:14:57.031199179Z","instance":"remote-a-r1","service_name":"afs-node","name":"entry-0088.bin","parent":307}
{"msg":"FUSE request failed","level":"ERRO","ts":"2026-10-06T23:14:57.033896863Z","instance":"remote-a-r1","service_name":"afs-node","message":"No such file or directory (os error 2)","kind":"NotFound","code":67305473}
{"msg":"fuse.create","level":"INFO","ts":"2026-10-06T23:14:57.033913447Z","instance":"remote-a-r1","service_name":"afs-node","name":"entry-0089.bin","parent":307}
{"msg":"FUSE request failed","level":"ERRO","ts":"2026-10-06T23:14:57.036029678Z","instance":"remote-a-r1","service_name":"afs-node","message":"No such file or directory (os error 2)","kind":"NotFound","code":67305473}
{"msg":"fuse.create","level":"INFO","ts":"2026-10-06T23:14:57.036044511Z","instance":"remote-a-r1","service_name":"afs-node","name":"entry-0090.bin","parent":307}
{"msg":"FUSE request failed","level":"ERRO","ts":"2026-10-06T23:14:57.038132451Z","instance":"remote-a-r1","service_name":"afs-node","message":"No such file or directory (os error 2)","kind":"NotFound","code":67305473}
{"msg":"fuse.create","level":"INFO","ts":"2026-10-06T23:14:57.038158284Z","instance":"remote-a-r1","service_name":"afs-node","name":"entry-0091.bin","parent":307}
{"msg":"FUSE request failed","level":"ERRO","ts":"2026-10-06T23:14:57.040186683Z","instance":"remote-a-r1","service_name":"afs-node","message":"No such file or directory (os error 2)","kind":"NotFound","code":67305473}
{"msg":"fuse.create","level":"INFO","ts":"2026-10-06T23:14:57.040216808Z","instance":"remote-a-r1","service_name":"afs-node","name":"entry-0092.bin","parent":307}
{"msg":"FUSE request failed","level":"ERRO","ts":"2026-10-06T23:14:57.042325623Z","instance":"remote-a-r1","service_name":"afs-node","message":"No such file or directory (os error 2)","kind":"NotFound","code":67305473}
{"msg":"fuse.create","level":"INFO","ts":"2026-10-06T23:14:57.042345622Z","instance":"remote-a-r1","service_name":"afs-node","name":"entry-0093.bin","parent":307}
{"msg":"FUSE request failed","level":"ERRO","ts":"2026-10-06T23:14:57.044465145Z","instance":"remote-a-r1","service_name":"afs-node","message":"No such file or directory (os error 2)","kind":"NotFound","code":67305473}
{"msg":"fuse.create","level":"INFO","ts":"2026-10-06T23:14:57.04449127Z","instance":"remote-a-r1","service_name":"afs-node","name":"entry-0094.bin","parent":307}
{"msg":"FUSE request failed","level":"ERRO","ts":"2026-10-06T23:14:57.046646043Z","instance":"remote-a-r1","service_name":"afs-node","message":"No such file or directory (os error 2)","kind":"NotFound","code":67305473}
{"msg":"fuse.create","level":"INFO","ts":"2026-10-06T23:14:57.046660709Z","instance":"remote-a-r1","service_name":"afs-node","name":"entry-0095.bin","parent":307}
{"msg":"FUSE request failed","level":"ERRO","ts":"2026-10-06T23:14:57.049030689Z","instance":"remote-a-r1","service_name":"afs-node","message":"No such file or directory (os error 2)","kind":"NotFound","code":67305473}
{"msg":"fuse.create","level":"INFO","ts":"2026-10-06T23:14:57.049051397Z","instance":"remote-a-r1","service_name":"afs-node","name":"entry-0096.bin","parent":307}
{"msg":"FUSE request failed","level":"ERRO","ts":"2026-10-06T23:14:57.051247711Z","instance":"remote-a-r1","service_name":"afs-node","message":"No such file or directory (os error 2)","kind":"NotFound","code":67305473}
{"msg":"fuse.create","level":"INFO","ts":"2026-10-06T23:14:57.051250544Z","instance":"remote-a-r1","service_name":"afs-node","name":"entry-0097.bin","parent":307}
{"msg":"FUSE request failed","level":"ERRO","ts":"2026-10-06T23:14:57.053366734Z","instance":"remote-a-r1","service_name":"afs-node","message":"No such file or directory (os error 2)","kind":"NotFound","code":67305473}
{"msg":"fuse.create","level":"INFO","ts":"2026-10-06T23:14:57.053388567Z","instance":"remote-a-r1","service_name":"afs-node","name":"entry-0098.bin","parent":307}
{"msg":"FUSE request failed","level":"ERRO","ts":"2026-10-06T23:14:57.055536506Z","instance":"remote-a-r1","service_name":"afs-node","message":"No such file or directory (os error 2)","kind":"NotFound","code":67305473}
{"msg":"fuse.create","level":"INFO","ts":"2026-10-06T23:14:57.055558756Z","instance":"remote-a-r1","service_name":"afs-node","name":"entry-0099.bin","parent":307}
{"msg":"[Not Implemented] ioctl(ino: 0x134, fh: 711, flags: 0, cmd: 21505, in_data.len(): 0, out_size: 0)","level":"WARN","ts":"2026-10-06T23:14:57.058836102Z","instance":"remote-a-r1","service_name":"afs-node"}
{"msg":"[Not Implemented] ioctl(ino: 0x135, fh: 712, flags: 0, cmd: 21505, in_data.len(): 0, out_size: 0)","level":"WARN","ts":"2026-10-06T23:14:57.060477755Z","instance":"remote-a-r1","service_name":"afs-node"}
{"msg":"[Not Implemented] ioctl(ino: 0x136, fh: 713, flags: 0, cmd: 21505, in_data.len(): 0, out_size: 0)","level":"WARN","ts":"2026-10-06T23:14:57.062139198Z","instance":"remote-a-r1","service_name":"afs-node"}
{"msg":"[Not Implemented] ioctl(ino: 0x137, fh: 714, flags: 0, cmd: 21505, in_data.len(): 0, out_size: 0)","level":"WARN","ts":"2026-10-06T23:14:57.06383385Z","instance":"remote-a-r1","service_name":"afs-node"}
{"msg":"[Not Implemented] ioctl(ino: 0x138, fh: 715, flags: 0, cmd: 21505, in_data.len(): 0, out_size: 0)","level":"WARN","ts":"2026-10-06T23:14:57.06553571Z","instance":"remote-a-r1","service_name":"afs-node"}
{"msg":"[Not Implemented] ioctl(ino: 0x139, fh: 716, flags: 0, cmd: 21505, in_data.len(): 0, out_size: 0)","level":"WARN","ts":"2026-10-06T23:14:57.067372819Z","instance":"remote-a-r1","service_name":"afs-node"}
{"msg":"[Not Implemented] ioctl(ino: 0x13a, fh: 717, flags: 0, cmd: 21505, in_data.len(): 0, out_size: 0)","level":"WARN","ts":"2026-10-06T23:14:57.069247052Z","instance":"remote-a-r1","service_name":"afs-node"}
{"msg":"[Not Implemented] ioctl(ino: 0x13b, fh: 718, flags: 0, cmd: 21505, in_data.len(): 0, out_size: 0)","level":"WARN","ts":"2026-10-06T23:14:57.071260951Z","instance":"remote-a-r1","service_name":"afs-node"}
{"msg":"[Not Implemented] ioctl(ino: 0x13c, fh: 719, flags: 0, cmd: 21505, in_data.len(): 0, out_size: 0)","level":"WARN","ts":"2026-10-06T23:14:57.073210309Z","instance":"remote-a-r1","service_name":"afs-node"}
{"msg":"[Not Implemented] ioctl(ino: 0x13d, fh: 720, flags: 0, cmd: 21505, in_data.len(): 0, out_size: 0)","level":"WARN","ts":"2026-10-06T23:14:57.075208792Z","instance":"remote-a-r1","service_name":"afs-node"}
{"msg":"[Not Implemented] ioctl(ino: 0x13e, fh: 721, flags: 0, cmd: 21505, in_data.len(): 0, out_size: 0)","level":"WARN","ts":"2026-10-06T23:14:57.077098442Z","instance":"remote-a-r1","service_name":"afs-node"}
{"msg":"[Not Implemented] ioctl(ino: 0x13f, fh: 722, flags: 0, cmd: 21505, in_data.len(): 0, out_size: 0)","level":"WARN","ts":"2026-10-06T23:14:57.078933676Z","instance":"remote-a-r1","service_name":"afs-node"}
{"msg":"[Not Implemented] ioctl(ino: 0x140, fh: 723, flags: 0, cmd: 21505, in_data.len(): 0, out_size: 0)","level":"WARN","ts":"2026-10-06T23:14:57.080942616Z","instance":"remote-a-r1","service_name":"afs-node"}
{"msg":"[Not Implemented] ioctl(ino: 0x141, fh: 724, flags: 0, cmd: 21505, in_data.len(): 0, out_size: 0)","level":"WARN","ts":"2026-10-06T23:14:57.082911807Z","instance":"remote-a-r1","service_name":"afs-node"}
{"msg":"[Not Implemented] ioctl(ino: 0x142, fh: 725, flags: 0, cmd: 21505, in_data.len(): 0, out_size: 0)","level":"WARN","ts":"2026-10-06T23:14:57.084893498Z","instance":"remote-a-r1","service_name":"afs-node"}
{"msg":"[Not Implemented] ioctl(ino: 0x143, fh: 726, flags: 0, cmd: 21505, in_data.len(): 0, out_size: 0)","level":"WARN","ts":"2026-10-06T23:14:57.086763857Z","instance":"remote-a-r1","service_name":"afs-node"}
{"msg":"[Not Implemented] ioctl(ino: 0x144, fh: 727, flags: 0, cmd: 21505, in_data.len(): 0, out_size: 0)","level":"WARN","ts":"2026-10-06T23:14:57.088688173Z","instance":"remote-a-r1","service_name":"afs-node"}
{"msg":"[Not Implemented] ioctl(ino: 0x145, fh: 728, flags: 0, cmd: 21505, in_data.len(): 0, out_size: 0)","level":"WARN","ts":"2026-10-06T23:14:57.090614948Z","instance":"remote-a-r1","service_name":"afs-node"}
{"msg":"[Not Implemented] ioctl(ino: 0x146, fh: 729, flags: 0, cmd: 21505, in_data.len(): 0, out_size: 0)","level":"WARN","ts":"2026-10-06T23:14:57.092550181Z","instance":"remote-a-r1","service_name":"afs-node"}
{"msg":"[Not Implemented] ioctl(ino: 0x147, fh: 730, flags: 0, cmd: 21505, in_data.len(): 0, out_size: 0)","level":"WARN","ts":"2026-10-06T23:14:57.094538622Z","instance":"remote-a-r1","service_name":"afs-node"}
{"msg":"[Not Implemented] ioctl(ino: 0x148, fh: 731, flags: 0, cmd: 21505, in_data.len(): 0, out_size: 0)","level":"WARN","ts":"2026-10-06T23:14:57.096455897Z","instance":"remote-a-r1","service_name":"afs-node"}
{"msg":"[Not Implemented] ioctl(ino: 0x149, fh: 732, flags: 0, cmd: 21505, in_data.len(): 0, out_size: 0)","level":"WARN","ts":"2026-10-06T23:14:57.098369588Z","instance":"remote-a-r1","service_name":"afs-node"}
{"msg":"[Not Implemented] ioctl(ino: 0x14a, fh: 733, flags: 0, cmd: 21505, in_data.len(): 0, out_size: 0)","level":"WARN","ts":"2026-10-06T23:14:57.100162572Z","instance":"remote-a-r1","service_name":"afs-node"}
{"msg":"[Not Implemented] ioctl(ino: 0x14b, fh: 734, flags: 0, cmd: 21505, in_data.len(): 0, out_size: 0)","level":"WARN","ts":"2026-10-06T23:14:57.102180513Z","instance":"remote-a-r1","service_name":"afs-node"}
{"msg":"[Not Implemented] ioctl(ino: 0x14c, fh: 735, flags: 0, cmd: 21505, in_data.len(): 0, out_size: 0)","level":"WARN","ts":"2026-10-06T23:14:57.10403983Z","instance":"remote-a-r1","service_name":"afs-node"}
{"msg":"[Not Implemented] ioctl(ino: 0x14d, fh: 736, flags: 0, cmd: 21505, in_data.len(): 0, out_size: 0)","level":"WARN","ts":"2026-10-06T23:14:57.105940522Z","instance":"remote-a-r1","service_name":"afs-node"}
{"msg":"[Not Implemented] ioctl(ino: 0x14e, fh: 737, flags: 0, cmd: 21505, in_data.len(): 0, out_size: 0)","level":"WARN","ts":"2026-10-06T23:14:57.107874421Z","instance":"remote-a-r1","service_name":"afs-node"}
{"msg":"[Not Implemented] ioctl(ino: 0x14f, fh: 738, flags: 0, cmd: 21505, in_data.len(): 0, out_size: 0)","level":"WARN","ts":"2026-10-06T23:14:57.109747238Z","instance":"remote-a-r1","service_name":"afs-node"}
{"msg":"[Not Implemented] ioctl(ino: 0x150, fh: 739, flags: 0, cmd: 21505, in_data.len(): 0, out_size: 0)","level":"WARN","ts":"2026-10-06T23:14:57.111545972Z","instance":"remote-a-r1","service_name":"afs-node"}
{"msg":"[Not Implemented] ioctl(ino: 0x151, fh: 740, flags: 0, cmd: 21505, in_data.len(): 0, out_size: 0)","level":"WARN","ts":"2026-10-06T23:14:57.113458122Z","instance":"remote-a-r1","service_name":"afs-node"}
{"msg":"[Not Implemented] ioctl(ino: 0x152, fh: 741, flags: 0, cmd: 21505, in_data.len(): 0, out_size: 0)","level":"WARN","ts":"2026-10-06T23:14:57.115348314Z","instance":"remote-a-r1","service_name":"afs-node"}
{"msg":"[Not Implemented] ioctl(ino: 0x153, fh: 742, flags: 0, cmd: 21505, in_data.len(): 0, out_size: 0)","level":"WARN","ts":"2026-10-06T23:14:57.117346671Z","instance":"remote-a-r1","service_name":"afs-node"}
{"msg":"[Not Implemented] ioctl(ino: 0x154, fh: 743, flags: 0, cmd: 21505, in_data.len(): 0, out_size: 0)","level":"WARN","ts":"2026-10-06T23:14:57.119174197Z","instance":"remote-a-r1","service_name":"afs-node"}
{"msg":"[Not Implemented] ioctl(ino: 0x155, fh: 744, flags: 0, cmd: 21505, in_data.len(): 0, out_size: 0)","level":"WARN","ts":"2026-10-06T23:14:57.12106318Z","instance":"remote-a-r1","service_name":"afs-node"}
{"msg":"[Not Implemented] ioctl(ino: 0x156, fh: 745, flags: 0, cmd: 21505, in_data.len(): 0, out_size: 0)","level":"WARN","ts":"2026-10-06T23:14:57.122999872Z","instance":"remote-a-r1","service_name":"afs-node"}
{"msg":"[Not Implemented] ioctl(ino: 0x157, fh: 746, flags: 0, cmd: 21505, in_data.len(): 0, out_size: 0)","level":"WARN","ts":"2026-10-06T23:14:57.124934021Z","instance":"remote-a-r1","service_name":"afs-node"}
{"msg":"[Not Implemented] ioctl(ino: 0x158, fh: 747, flags: 0, cmd: 21505, in_data.len(): 0, out_size: 0)","level":"WARN","ts":"2026-10-06T23:14:57.126827671Z","instance":"remote-a-r1","service_name":"afs-node"}
{"msg":"[Not Implemented] ioctl(ino: 0x159, fh: 748, flags: 0, cmd: 21505, in_data.len(): 0, out_size: 0)","level":"WARN","ts":"2026-10-06T23:14:57.128763029Z","instance":"remote-a-r1","service_name":"afs-node"}
{"msg":"[Not Implemented] ioctl(ino: 0x15a, fh: 749, flags: 0, cmd: 21505, in_data.len(): 0, out_size: 0)","level":"WARN","ts":"2026-10-06T23:14:57.13060518Z","instance":"remote-a-r1","service_name":"afs-node"}
{"msg":"[Not Implemented] ioctl(ino: 0x15b, fh: 750, flags: 0, cmd: 21505, in_data.len(): 0, out_size: 0)","level":"WARN","ts":"2026-10-06T23:14:57.132570621Z","instance":"remote-a-r1","service_name":"afs-node"}
{"msg":"[Not Implemented] ioctl(ino: 0x15c, fh: 751, flags: 0, cmd: 21505, in_data.len(): 0, out_size: 0)","level":"WARN","ts":"2026-10-06T23:14:57.134473104Z","instance":"remote-a-r1","service_name":"afs-node"}
{"msg":"[Not Implemented] ioctl(ino: 0x15d, fh: 752, flags: 0, cmd: 21505, in_data.len(): 0, out_size: 0)","level":"WARN","ts":"2026-10-06T23:14:57.136318504Z","instance":"remote-a-r1","service_name":"afs-node"}
{"msg":"[Not Implemented] ioctl(ino: 0x15e, fh: 753, flags: 0, cmd: 21505, in_data.len(): 0, out_size: 0)","level":"WARN","ts":"2026-10-06T23:14:57.138348445Z","instance":"remote-a-r1","service_name":"afs-node"}
{"msg":"[Not Implemented] ioctl(ino: 0x15f, fh: 754, flags: 0, cmd: 21505, in_data.len(): 0, out_size: 0)","level":"WARN","ts":"2026-10-06T23:14:57.140160762Z","instance":"remote-a-r1","service_name":"afs-node"}
{"msg":"[Not Implemented] ioctl(ino: 0x160, fh: 755, flags: 0, cmd: 21505, in_data.len(): 0, out_size: 0)","level":"WARN","ts":"2026-10-06T23:14:57.142032204Z","instance":"remote-a-r1","service_name":"afs-node"}
{"msg":"[Not Implemented] ioctl(ino: 0x161, fh: 756, flags: 0, cmd: 21505, in_data.len(): 0, out_size: 0)","level":"WARN","ts":"2026-10-06T23:14:57.143995145Z","instance":"remote-a-r1","service_name":"afs-node"}
{"msg":"[Not Implemented] ioctl(ino: 0x162, fh: 757, flags: 0, cmd: 21505, in_data.len(): 0, out_size: 0)","level":"WARN","ts":"2026-10-06T23:14:57.145901253Z","instance":"remote-a-r1","service_name":"afs-node"}
{"msg":"[Not Implemented] ioctl(ino: 0x163, fh: 758, flags: 0, cmd: 21505, in_data.len(): 0, out_size: 0)","level":"WARN","ts":"2026-10-06T23:14:57.147792279Z","instance":"remote-a-r1","service_name":"afs-node"}
{"msg":"[Not Implemented] ioctl(ino: 0x164, fh: 759, flags: 0, cmd: 21505, in_data.len(): 0, out_size: 0)","level":"WARN","ts":"2026-10-06T23:14:57.14974897Z","instance":"remote-a-r1","service_name":"afs-node"}
{"msg":"[Not Implemented] ioctl(ino: 0x165, fh: 760, flags: 0, cmd: 21505, in_data.len(): 0, out_size: 0)","level":"WARN","ts":"2026-10-06T23:14:57.151609162Z","instance":"remote-a-r1","service_name":"afs-node"}
{"msg":"[Not Implemented] ioctl(ino: 0x166, fh: 761, flags: 0, cmd: 21505, in_data.len(): 0, out_size: 0)","level":"WARN","ts":"2026-10-06T23:14:57.153524436Z","instance":"remote-a-r1","service_name":"afs-node"}
{"msg":"[Not Implemented] ioctl(ino: 0x167, fh: 762, flags: 0, cmd: 21505, in_data.len(): 0, out_size: 0)","level":"WARN","ts":"2026-10-06T23:14:57.155421711Z","instance":"remote-a-r1","service_name":"afs-node"}
{"msg":"[Not Implemented] ioctl(ino: 0x168, fh: 763, flags: 0, cmd: 21505, in_data.len(): 0, out_size: 0)","level":"WARN","ts":"2026-10-06T23:14:57.157336486Z","instance":"remote-a-r1","service_name":"afs-node"}
{"msg":"[Not Implemented] ioctl(ino: 0x169, fh: 764, flags: 0, cmd: 21505, in_data.len(): 0, out_size: 0)","level":"WARN","ts":"2026-10-06T23:14:57.159266969Z","instance":"remote-a-r1","service_name":"afs-node"}
{"msg":"[Not Implemented] ioctl(ino: 0x16a, fh: 765, flags: 0, cmd: 21505, in_data.len(): 0, out_size: 0)","level":"WARN","ts":"2026-10-06T23:14:57.161153494Z","instance":"remote-a-r1","service_name":"afs-node"}
{"msg":"[Not Implemented] ioctl(ino: 0x16b, fh: 766, flags: 0, cmd: 21505, in_data.len(): 0, out_size: 0)","level":"WARN","ts":"2026-10-06T23:14:57.163118185Z","instance":"remote-a-r1","service_name":"afs-node"}
{"msg":"[Not Implemented] ioctl(ino: 0x16c, fh: 767, flags: 0, cmd: 21505, in_data.len(): 0, out_size: 0)","level":"WARN","ts":"2026-10-06T23:14:57.165491956Z","instance":"remote-a-r1","service_name":"afs-node"}
{"msg":"[Not Implemented] ioctl(ino: 0x16d, fh: 768, flags: 0, cmd: 21505, in_data.len(): 0, out_size: 0)","level":"WARN","ts":"2026-10-06T23:14:57.167417939Z","instance":"remote-a-r1","service_name":"afs-node"}
{"msg":"[Not Implemented] ioctl(ino: 0x16e, fh: 769, flags: 0, cmd: 21505, in_data.len(): 0, out_size: 0)","level":"WARN","ts":"2026-10-06T23:14:57.169362839Z","instance":"remote-a-r1","service_name":"afs-node"}
{"msg":"[Not Implemented] ioctl(ino: 0x16f, fh: 770, flags: 0, cmd: 21505, in_data.len(): 0, out_size: 0)","level":"WARN","ts":"2026-10-06T23:14:57.171270739Z","instance":"remote-a-r1","service_name":"afs-node"}
{"msg":"[Not Implemented] ioctl(ino: 0x170, fh: 771, flags: 0, cmd: 21505, in_data.len(): 0, out_size: 0)","level":"WARN","ts":"2026-10-06T23:14:57.173100806Z","instance":"remote-a-r1","service_name":"afs-node"}
{"msg":"[Not Implemented] ioctl(ino: 0x171, fh: 772, flags: 0, cmd: 21505, in_data.len(): 0, out_size: 0)","level":"WARN","ts":"2026-10-06T23:14:57.174990123Z","instance":"remote-a-r1","service_name":"afs-node"}
{"msg":"[Not Implemented] ioctl(ino: 0x172, fh: 773, flags: 0, cmd: 21505, in_data.len(): 0, out_size: 0)","level":"WARN","ts":"2026-10-06T23:14:57.17682094Z","instance":"remote-a-r1","service_name":"afs-node"}
{"msg":"[Not Implemented] ioctl(ino: 0x173, fh: 774, flags: 0, cmd: 21505, in_data.len(): 0, out_size: 0)","level":"WARN","ts":"2026-10-06T23:14:57.178745215Z","instance":"remote-a-r1","service_name":"afs-node"}
{"msg":"[Not Implemented] ioctl(ino: 0x174, fh: 775, flags: 0, cmd: 21505, in_data.len(): 0, out_size: 0)","level":"WARN","ts":"2026-10-06T23:14:57.180712114Z","instance":"remote-a-r1","service_name":"afs-node"}
{"msg":"[Not Implemented] ioctl(ino: 0x175, fh: 776, flags: 0, cmd: 21505, in_data.len(): 0, out_size: 0)","level":"WARN","ts":"2026-10-06T23:14:57.182592598Z","instance":"remote-a-r1","service_name":"afs-node"}
{"msg":"[Not Implemented] ioctl(ino: 0x176, fh: 777, flags: 0, cmd: 21505, in_data.len(): 0, out_size: 0)","level":"WARN","ts":"2026-10-06T23:14:57.18458583Z","instance":"remote-a-r1","service_name":"afs-node"}
{"msg":"[Not Implemented] ioctl(ino: 0x177, fh: 778, flags: 0, cmd: 21505, in_data.len(): 0, out_size: 0)","level":"WARN","ts":"2026-10-06T23:14:57.18651098Z","instance":"remote-a-r1","service_name":"afs-node"}
{"msg":"[Not Implemented] ioctl(ino: 0x178, fh: 779, flags: 0, cmd: 21505, in_data.len(): 0, out_size: 0)","level":"WARN","ts":"2026-10-06T23:14:57.188384838Z","instance":"remote-a-r1","service_name":"afs-node"}
{"msg":"[Not Implemented] ioctl(ino: 0x179, fh: 780, flags: 0, cmd: 21505, in_data.len(): 0, out_size: 0)","level":"WARN","ts":"2026-10-06T23:14:57.190158614Z","instance":"remote-a-r1","service_name":"afs-node"}
{"msg":"[Not Implemented] ioctl(ino: 0x17a, fh: 781, flags: 0, cmd: 21505, in_data.len(): 0, out_size: 0)","level":"WARN","ts":"2026-10-06T23:14:57.192090597Z","instance":"remote-a-r1","service_name":"afs-node"}
{"msg":"[Not Implemented] ioctl(ino: 0x17b, fh: 782, flags: 0, cmd: 21505, in_data.len(): 0, out_size: 0)","level":"WARN","ts":"2026-10-06T23:14:57.19386329Z","instance":"remote-a-r1","service_name":"afs-node"}
{"msg":"[Not Implemented] ioctl(ino: 0x17c, fh: 783, flags: 0, cmd: 21505, in_data.len(): 0, out_size: 0)","level":"WARN","ts":"2026-10-06T23:14:57.195701357Z","instance":"remote-a-r1","service_name":"afs-node"}
{"msg":"[Not Implemented] ioctl(ino: 0x17d, fh: 784, flags: 0, cmd: 21505, in_data.len(): 0, out_size: 0)","level":"WARN","ts":"2026-10-06T23:14:57.197629299Z","instance":"remote-a-r1","service_name":"afs-node"}
{"msg":"[Not Implemented] ioctl(ino: 0x17e, fh: 785, flags: 0, cmd: 21505, in_data.len(): 0, out_size: 0)","level":"WARN","ts":"2026-10-06T23:14:57.199606365Z","instance":"remote-a-r1","service_name":"afs-node"}
{"msg":"[Not Implemented] ioctl(ino: 0x17f, fh: 786, flags: 0, cmd: 21505, in_data.len(): 0, out_size: 0)","level":"WARN","ts":"2026-10-06T23:14:57.201515014Z","instance":"remote-a-r1","service_name":"afs-node"}
{"msg":"[Not Implemented] ioctl(ino: 0x180, fh: 787, flags: 0, cmd: 21505, in_data.len(): 0, out_size: 0)","level":"WARN","ts":"2026-10-06T23:14:57.203433456Z","instance":"remote-a-r1","service_name":"afs-node"}
{"msg":"[Not Implemented] ioctl(ino: 0x181, fh: 788, flags: 0, cmd: 21505, in_data.len(): 0, out_size: 0)","level":"WARN","ts":"2026-10-06T23:14:57.205247815Z","instance":"remote-a-r1","service_name":"afs-node"}
{"msg":"[Not Implemented] ioctl(ino: 0x182, fh: 789, flags: 0, cmd: 21505, in_data.len(): 0, out_size: 0)","level":"WARN","ts":"2026-10-06T23:14:57.207248172Z","instance":"remote-a-r1","service_name":"afs-node"}
{"msg":"[Not Implemented] ioctl(ino: 0x183, fh: 790, flags: 0, cmd: 21505, in_data.len(): 0, out_size: 0)","level":"WARN","ts":"2026-10-06T23:14:57.209085781Z","instance":"remote-a-r1","service_name":"afs-node"}
{"msg":"[Not Implemented] ioctl(ino: 0x184, fh: 791, flags: 0, cmd: 21505, in_data.len(): 0, out_size: 0)","level":"WARN","ts":"2026-10-06T23:14:57.211000598Z","instance":"remote-a-r1","service_name":"afs-node"}
{"msg":"[Not Implemented] ioctl(ino: 0x185, fh: 792, flags: 0, cmd: 21505, in_data.len(): 0, out_size: 0)","level":"WARN","ts":"2026-10-06T23:14:57.212924372Z","instance":"remote-a-r1","service_name":"afs-node"}
{"msg":"[Not Implemented] ioctl(ino: 0x186, fh: 793, flags: 0, cmd: 21505, in_data.len(): 0, out_size: 0)","level":"WARN","ts":"2026-10-06T23:14:57.214769106Z","instance":"remote-a-r1","service_name":"afs-node"}
{"msg":"[Not Implemented] ioctl(ino: 0x187, fh: 794, flags: 0, cmd: 21505, in_data.len(): 0, out_size: 0)","level":"WARN","ts":"2026-10-06T23:14:57.216712506Z","instance":"remote-a-r1","service_name":"afs-node"}
{"msg":"[Not Implemented] ioctl(ino: 0x188, fh: 795, flags: 0, cmd: 21505, in_data.len(): 0, out_size: 0)","level":"WARN","ts":"2026-10-06T23:14:57.218538865Z","instance":"remote-a-r1","service_name":"afs-node"}
{"msg":"[Not Implemented] ioctl(ino: 0x189, fh: 796, flags: 0, cmd: 21505, in_data.len(): 0, out_size: 0)","level":"WARN","ts":"2026-10-06T23:14:57.220447556Z","instance":"remote-a-r1","service_name":"afs-node"}
{"msg":"[Not Implemented] ioctl(ino: 0x18a, fh: 797, flags: 0, cmd: 21505, in_data.len(): 0, out_size: 0)","level":"WARN","ts":"2026-10-06T23:14:57.222288707Z","instance":"remote-a-r1","service_name":"afs-node"}
{"msg":"[Not Implemented] ioctl(ino: 0x18b, fh: 798, flags: 0, cmd: 21505, in_data.len(): 0, out_size: 0)","level":"WARN","ts":"2026-10-06T23:14:57.224260648Z","instance":"remote-a-r1","service_name":"afs-node"}
{"msg":"[Not Implemented] ioctl(ino: 0x18c, fh: 799, flags: 0, cmd: 21505, in_data.len(): 0, out_size: 0)","level":"WARN","ts":"2026-10-06T23:14:57.226211631Z","instance":"remote-a-r1","service_name":"afs-node"}
{"msg":"[Not Implemented] ioctl(ino: 0x18d, fh: 800, flags: 0, cmd: 21505, in_data.len(): 0, out_size: 0)","level":"WARN","ts":"2026-10-06T23:14:57.228078698Z","instance":"remote-a-r1","service_name":"afs-node"}
{"msg":"[Not Implemented] ioctl(ino: 0x18e, fh: 801, flags: 0, cmd: 21505, in_data.len(): 0, out_size: 0)","level":"WARN","ts":"2026-10-06T23:14:57.229999556Z","instance":"remote-a-r1","service_name":"afs-node"}
{"msg":"[Not Implemented] ioctl(ino: 0x18f, fh: 802, flags: 0, cmd: 21505, in_data.len(): 0, out_size: 0)","level":"WARN","ts":"2026-10-06T23:14:57.231961247Z","instance":"remote-a-r1","service_name":"afs-node"}
{"msg":"[Not Implemented] ioctl(ino: 0x190, fh: 803, flags: 0, cmd: 21505, in_data.len(): 0, out_size: 0)","level":"WARN","ts":"2026-10-06T23:14:57.233954938Z","instance":"remote-a-r1","service_name":"afs-node"}
{"msg":"[Not Implemented] ioctl(ino: 0x191, fh: 804, flags: 0, cmd: 21505, in_data.len(): 0, out_size: 0)","level":"WARN","ts":"2026-10-06T23:14:57.235822796Z","instance":"remote-a-r1","service_name":"afs-node"}
{"msg":"[Not Implemented] ioctl(ino: 0x192, fh: 805, flags: 0, cmd: 21505, in_data.len(): 0, out_size: 0)","level":"WARN","ts":"2026-10-06T23:14:57.237672905Z","instance":"remote-a-r1","service_name":"afs-node"}
{"msg":"[Not Implemented] ioctl(ino: 0x193, fh: 806, flags: 0, cmd: 21505, in_data.len(): 0, out_size: 0)","level":"WARN","ts":"2026-10-06T23:14:57.239630679Z","instance":"remote-a-r1","service_name":"afs-node"}
{"msg":"[Not Implemented] ioctl(ino: 0x194, fh: 807, flags: 0, cmd: 21505, in_data.len(): 0, out_size: 0)","level":"WARN","ts":"2026-10-06T23:14:57.241504871Z","instance":"remote-a-r1","service_name":"afs-node"}
{"msg":"[Not Implemented] ioctl(ino: 0x195, fh: 808, flags: 0, cmd: 21505, in_data.len(): 0, out_size: 0)","level":"WARN","ts":"2026-10-06T23:14:57.243484312Z","instance":"remote-a-r1","service_name":"afs-node"}
{"msg":"[Not Implemented] ioctl(ino: 0x196, fh: 809, flags: 0, cmd: 21505, in_data.len(): 0, out_size: 0)","level":"WARN","ts":"2026-10-06T23:14:57.245436837Z","instance":"remote-a-r1","service_name":"afs-node"}
{"msg":"[Not Implemented] ioctl(ino: 0x197, fh: 810, flags: 0, cmd: 21505, in_data.len(): 0, out_size: 0)","level":"WARN","ts":"2026-10-06T23:14:57.247315445Z","instance":"remote-a-r1","service_name":"afs-node"}
{"msg":"FUSE request failed","level":"ERRO","ts":"2026-10-06T23:14:57.348471681Z","instance":"remote-a-r1","service_name":"afs-node","message":"No such file or directory (os error 2)","kind":"NotFound","code":67305473}
{"msg":"FUSE request failed","level":"ERRO","ts":"2026-10-06T23:14:57.35057087Z","instance":"remote-a-r1","service_name":"afs-node","message":"No such file or directory (os error 2)","kind":"NotFound","code":67305473}
{"msg":"fuse.create","level":"INFO","ts":"2026-10-06T23:14:57.350590495Z","instance":"remote-a-r1","service_name":"afs-node","name":"entry-0000.bin","parent":408}
{"msg":"FUSE request failed","level":"ERRO","ts":"2026-10-06T23:14:57.353217014Z","instance":"remote-a-r1","service_name":"afs-node","message":"No such file or directory (os error 2)","kind":"NotFound","code":67305473}
{"msg":"fuse.create","level":"INFO","ts":"2026-10-06T23:14:57.353255222Z","instance":"remote-a-r1","service_name":"afs-node","name":"entry-0001.bin","parent":408}
{"msg":"FUSE request failed","level":"ERRO","ts":"2026-10-06T23:14:57.35626757Z","instance":"remote-a-r1","service_name":"afs-node","message":"No such file or directory (os error 2)","kind":"NotFound","code":67305473}
{"msg":"fuse.create","level":"INFO","ts":"2026-10-06T23:14:57.356293404Z","instance":"remote-a-r1","service_name":"afs-node","name":"entry-0002.bin","parent":408}
{"msg":"FUSE request failed","level":"ERRO","ts":"2026-10-06T23:14:57.358788007Z","instance":"remote-a-r1","service_name":"afs-node","message":"No such file or directory (os error 2)","kind":"NotFound","code":67305473}
{"msg":"fuse.create","level":"INFO","ts":"2026-10-06T23:14:57.358807006Z","instance":"remote-a-r1","service_name":"afs-node","name":"entry-0003.bin","parent":408}
{"msg":"FUSE request failed","level":"ERRO","ts":"2026-10-06T23:14:57.361163069Z","instance":"remote-a-r1","service_name":"afs-node","message":"No such file or directory (os error 2)","kind":"NotFound","code":67305473}
{"msg":"fuse.create","level":"INFO","ts":"2026-10-06T23:14:57.361182236Z","instance":"remote-a-r1","service_name":"afs-node","name":"entry-0004.bin","parent":408}
{"msg":"FUSE request failed","level":"ERRO","ts":"2026-10-06T23:14:57.363585131Z","instance":"remote-a-r1","service_name":"afs-node","message":"No such file or directory (os error 2)","kind":"NotFound","code":67305473}
{"msg":"fuse.create","level":"INFO","ts":"2026-10-06T23:14:57.363599423Z","instance":"remote-a-r1","service_name":"afs-node","name":"entry-0005.bin","parent":408}
{"msg":"FUSE request failed","level":"ERRO","ts":"2026-10-06T23:14:57.365972693Z","instance":"remote-a-r1","service_name":"afs-node","message":"No such file or directory (os error 2)","kind":"NotFound","code":67305473}
{"msg":"fuse.create","level":"INFO","ts":"2026-10-06T23:14:57.365990818Z","instance":"remote-a-r1","service_name":"afs-node","name":"entry-0006.bin","parent":408}
{"msg":"FUSE request failed","level":"ERRO","ts":"2026-10-06T23:14:57.368363672Z","instance":"remote-a-r1","service_name":"afs-node","message":"No such file or directory (os error 2)","kind":"NotFound","code":67305473}
{"msg":"fuse.create","level":"INFO","ts":"2026-10-06T23:14:57.368372672Z","instance":"remote-a-r1","service_name":"afs-node","name":"entry-0007.bin","parent":408}
{"msg":"FUSE request failed","level":"ERRO","ts":"2026-10-06T23:14:57.370687819Z","instance":"remote-a-r1","service_name":"afs-node","message":"No such file or directory (os error 2)","kind":"NotFound","code":67305473}
{"msg":"fuse.create","level":"INFO","ts":"2026-10-06T23:14:57.37069211Z","instance":"remote-a-r1","service_name":"afs-node","name":"entry-0008.bin","parent":408}
{"msg":"FUSE request failed","level":"ERRO","ts":"2026-10-06T23:14:57.37304659Z","instance":"remote-a-r1","service_name":"afs-node","message":"No such file or directory (os error 2)","kind":"NotFound","code":67305473}
{"msg":"fuse.create","level":"INFO","ts":"2026-10-06T23:14:57.373050839Z","instance":"remote-a-r1","service_name":"afs-node","name":"entry-0009.bin","parent":408}
{"msg":"FUSE request failed","level":"ERRO","ts":"2026-10-06T23:14:57.375170321Z","instance":"remote-a-r1","service_name":"afs-node","message":"No such file or directory (os error 2)","kind":"NotFound","code":67305473}
{"msg":"fuse.create","level":"INFO","ts":"2026-10-06T23:14:57.375184737Z","instance":"remote-a-r1","service_name":"afs-node","name":"entry-0010.bin","parent":408}
{"msg":"FUSE request failed","level":"ERRO","ts":"2026-10-06T23:14:57.377602299Z","instance":"remote-a-r1","service_name":"afs-node","message":"No such file or directory (os error 2)","kind":"NotFound","code":67305473}
{"msg":"fuse.create","level":"INFO","ts":"2026-10-06T23:14:57.377621591Z","instance":"remote-a-r1","service_name":"afs-node","name":"entry-0011.bin","parent":408}
{"msg":"FUSE request failed","level":"ERRO","ts":"2026-10-06T23:14:57.380094611Z","instance":"remote-a-r1","service_name":"afs-node","message":"No such file or directory (os error 2)","kind":"NotFound","code":67305473}
{"msg":"fuse.create","level":"INFO","ts":"2026-10-06T23:14:57.380113402Z","instance":"remote-a-r1","service_name":"afs-node","name":"entry-0012.bin","parent":408}
{"msg":"FUSE request failed","level":"ERRO","ts":"2026-10-06T23:14:57.38227505Z","instance":"remote-a-r1","service_name":"afs-node","message":"No such file or directory (os error 2)","kind":"NotFound","code":67305473}
{"msg":"fuse.create","level":"INFO","ts":"2026-10-06T23:14:57.382299383Z","instance":"remote-a-r1","service_name":"afs-node","name":"entry-0013.bin","parent":408}
{"msg":"FUSE request failed","level":"ERRO","ts":"2026-10-06T23:14:57.38436699Z","instance":"remote-a-r1","service_name":"afs-node","message":"No such file or directory (os error 2)","kind":"NotFound","code":67305473}
{"msg":"fuse.create","level":"INFO","ts":"2026-10-06T23:14:57.384370032Z","instance":"remote-a-r1","service_name":"afs-node","name":"entry-0014.bin","parent":408}
{"msg":"FUSE request failed","level":"ERRO","ts":"2026-10-06T23:14:57.386536429Z","instance":"remote-a-r1","service_name":"afs-node","message":"No such file or directory (os error 2)","kind":"NotFound","code":67305473}
{"msg":"fuse.create","level":"INFO","ts":"2026-10-06T23:14:57.386564387Z","instance":"remote-a-r1","service_name":"afs-node","name":"entry-0015.bin","parent":408}
{"msg":"FUSE request failed","level":"ERRO","ts":"2026-10-06T23:14:57.388679785Z","instance":"remote-a-r1","service_name":"afs-node","message":"No such file or directory (os error 2)","kind":"NotFound","code":67305473}
{"msg":"fuse.create","level":"INFO","ts":"2026-10-06T23:14:57.388699327Z","instance":"remote-a-r1","service_name":"afs-node","name":"entry-0016.bin","parent":408}
{"msg":"FUSE request failed","level":"ERRO","ts":"2026-10-06T23:14:57.390868724Z","instance":"remote-a-r1","service_name":"afs-node","message":"No such file or directory (os error 2)","kind":"NotFound","code":67305473}
{"msg":"fuse.create","level":"INFO","ts":"2026-10-06T23:14:57.390885808Z","instance":"remote-a-r1","service_name":"afs-node","name":"entry-0017.bin","parent":408}
{"msg":"FUSE request failed","level":"ERRO","ts":"2026-10-06T23:14:57.393022081Z","instance":"remote-a-r1","service_name":"afs-node","message":"No such file or directory (os error 2)","kind":"NotFound","code":67305473}
{"msg":"fuse.create","level":"INFO","ts":"2026-10-06T23:14:57.393035997Z","instance":"remote-a-r1","service_name":"afs-node","name":"entry-0018.bin","parent":408}
{"msg":"FUSE request failed","level":"ERRO","ts":"2026-10-06T23:14:57.395116979Z","instance":"remote-a-r1","service_name":"afs-node","message":"No such file or directory (os error 2)","kind":"NotFound","code":67305473}
{"msg":"fuse.create","level":"INFO","ts":"2026-10-06T23:14:57.395133104Z","instance":"remote-a-r1","service_name":"afs-node","name":"entry-0019.bin","parent":408}
{"msg":"FUSE request failed","level":"ERRO","ts":"2026-10-06T23:14:57.397402459Z","instance":"remote-a-r1","service_name":"afs-node","message":"No such file or directory (os error 2)","kind":"NotFound","code":67305473}
{"msg":"fuse.create","level":"INFO","ts":"2026-10-06T23:14:57.397421167Z","instance":"remote-a-r1","service_name":"afs-node","name":"entry-0020.bin","parent":408}
{"msg":"FUSE request failed","level":"ERRO","ts":"2026-10-06T23:14:57.399571815Z","instance":"remote-a-r1","service_name":"afs-node","message":"No such file or directory (os error 2)","kind":"NotFound","code":67305473}
{"msg":"fuse.create","level":"INFO","ts":"2026-10-06T23:14:57.399598981Z","instance":"remote-a-r1","service_name":"afs-node","name":"entry-0021.bin","parent":408}
{"msg":"FUSE request failed","level":"ERRO","ts":"2026-10-06T23:14:57.401709754Z","instance":"remote-a-r1","service_name":"afs-node","message":"No such file or directory (os error 2)","kind":"NotFound","code":67305473}
{"msg":"fuse.create","level":"INFO","ts":"2026-10-06T23:14:57.401727212Z","instance":"remote-a-r1","service_name":"afs-node","name":"entry-0022.bin","parent":408}
{"msg":"FUSE request failed","level":"ERRO","ts":"2026-10-06T23:14:57.403906527Z","instance":"remote-a-r1","service_name":"afs-node","message":"No such file or directory (os error 2)","kind":"NotFound","code":67305473}
{"msg":"fuse.create","level":"INFO","ts":"2026-10-06T23:14:57.403927776Z","instance":"remote-a-r1","service_name":"afs-node","name":"entry-0023.bin","parent":408}
{"msg":"FUSE request failed","level":"ERRO","ts":"2026-10-06T23:14:57.406216631Z","instance":"remote-a-r1","service_name":"afs-node","message":"No such file or directory (os error 2)","kind":"NotFound","code":67305473}
{"msg":"fuse.create","level":"INFO","ts":"2026-10-06T23:14:57.406269547Z","instance":"remote-a-r1","service_name":"afs-node","name":"entry-0024.bin","parent":408}
{"msg":"FUSE request failed","level":"ERRO","ts":"2026-10-06T23:14:57.408672276Z","instance":"remote-a-r1","service_name":"afs-node","message":"No such file or directory (os error 2)","kind":"NotFound","code":67305473}
{"msg":"fuse.create","level":"INFO","ts":"2026-10-06T23:14:57.408725151Z","instance":"remote-a-r1","service_name":"afs-node","name":"entry-0025.bin","parent":408}
{"msg":"FUSE request failed","level":"ERRO","ts":"2026-10-06T23:14:57.411337128Z","instance":"remote-a-r1","service_name":"afs-node","message":"No such file or directory (os error 2)","kind":"NotFound","code":67305473}
{"msg":"fuse.create","level":"INFO","ts":"2026-10-06T23:14:57.411358753Z","instance":"remote-a-r1","service_name":"afs-node","name":"entry-0026.bin","parent":408}
{"msg":"FUSE request failed","level":"ERRO","ts":"2026-10-06T23:14:57.413510109Z","instance":"remote-a-r1","service_name":"afs-node","message":"No such file or directory (os error 2)","kind":"NotFound","code":67305473}
{"msg":"fuse.create","level":"INFO","ts":"2026-10-06T23:14:57.413529025Z","instance":"remote-a-r1","service_name":"afs-node","name":"entry-0027.bin","parent":408}
{"msg":"FUSE request failed","level":"ERRO","ts":"2026-10-06T23:14:57.415736839Z","instance":"remote-a-r1","service_name":"afs-node","message":"No such file or directory (os error 2)","kind":"NotFound","code":67305473}
{"msg":"fuse.create","level":"INFO","ts":"2026-10-06T23:14:57.415754256Z","instance":"remote-a-r1","service_name":"afs-node","name":"entry-0028.bin","parent":408}
{"msg":"FUSE request failed","level":"ERRO","ts":"2026-10-06T23:14:57.417888279Z","instance":"remote-a-r1","service_name":"afs-node","message":"No such file or directory (os error 2)","kind":"NotFound","code":67305473}
{"msg":"fuse.create","level":"INFO","ts":"2026-10-06T23:14:57.417907112Z","instance":"remote-a-r1","service_name":"afs-node","name":"entry-0029.bin","parent":408}
{"msg":"FUSE request failed","level":"ERRO","ts":"2026-10-06T23:14:57.420110426Z","instance":"remote-a-r1","service_name":"afs-node","message":"No such file or directory (os error 2)","kind":"NotFound","code":67305473}
{"msg":"fuse.create","level":"INFO","ts":"2026-10-06T23:14:57.420132509Z","instance":"remote-a-r1","service_name":"afs-node","name":"entry-0030.bin","parent":408}
{"msg":"FUSE request failed","level":"ERRO","ts":"2026-10-06T23:14:57.422180533Z","instance":"remote-a-r1","service_name":"afs-node","message":"No such file or directory (os error 2)","kind":"NotFound","code":67305473}
{"msg":"fuse.create","level":"INFO","ts":"2026-10-06T23:14:57.422195032Z","instance":"remote-a-r1","service_name":"afs-node","name":"entry-0031.bin","parent":408}
{"msg":"FUSE request failed","level":"ERRO","ts":"2026-10-06T23:14:57.424387263Z","instance":"remote-a-r1","service_name":"afs-node","message":"No such file or directory (os error 2)","kind":"NotFound","code":67305473}
{"msg":"fuse.create","level":"INFO","ts":"2026-10-06T23:14:57.424390013Z","instance":"remote-a-r1","service_name":"afs-node","name":"entry-0032.bin","parent":408}
{"msg":"FUSE request failed","level":"ERRO","ts":"2026-10-06T23:14:57.426634327Z","instance":"remote-a-r1","service_name":"afs-node","message":"No such file or directory (os error 2)","kind":"NotFound","code":67305473}
{"msg":"fuse.create","level":"INFO","ts":"2026-10-06T23:14:57.426651452Z","instance":"remote-a-r1","service_name":"afs-node","name":"entry-0033.bin","parent":408}
{"msg":"FUSE request failed","level":"ERRO","ts":"2026-10-06T23:14:57.428861432Z","instance":"remote-a-r1","service_name":"afs-node","message":"No such file or directory (os error 2)","kind":"NotFound","code":67305473}
{"msg":"fuse.create","level":"INFO","ts":"2026-10-06T23:14:57.428868724Z","instance":"remote-a-r1","service_name":"afs-node","name":"entry-0034.bin","parent":408}
{"msg":"FUSE request failed","level":"ERRO","ts":"2026-10-06T23:14:57.430940122Z","instance":"remote-a-r1","service_name":"afs-node","message":"No such file or directory (os error 2)","kind":"NotFound","code":67305473}
{"msg":"fuse.create","level":"INFO","ts":"2026-10-06T23:14:57.430958955Z","instance":"remote-a-r1","service_name":"afs-node","name":"entry-0035.bin","parent":408}
{"msg":"FUSE request failed","level":"ERRO","ts":"2026-10-06T23:14:57.433126603Z","instance":"remote-a-r1","service_name":"afs-node","message":"No such file or directory (os error 2)","kind":"NotFound","code":67305473}
{"msg":"fuse.create","level":"INFO","ts":"2026-10-06T23:14:57.433129478Z","instance":"remote-a-r1","service_name":"afs-node","name":"entry-0036.bin","parent":408}
{"msg":"FUSE request failed","level":"ERRO","ts":"2026-10-06T23:14:57.435282334Z","instance":"remote-a-r1","service_name":"afs-node","message":"No such file or directory (os error 2)","kind":"NotFound","code":67305473}
{"msg":"fuse.create","level":"INFO","ts":"2026-10-06T23:14:57.435300542Z","instance":"remote-a-r1","service_name":"afs-node","name":"entry-0037.bin","parent":408}
{"msg":"FUSE request failed","level":"ERRO","ts":"2026-10-06T23:14:57.437440898Z","instance":"remote-a-r1","service_name":"afs-node","message":"No such file or directory (os error 2)","kind":"NotFound","code":67305473}
{"msg":"fuse.create","level":"INFO","ts":"2026-10-06T23:14:57.437473231Z","instance":"remote-a-r1","service_name":"afs-node","name":"entry-0038.bin","parent":408}
{"msg":"FUSE request failed","level":"ERRO","ts":"2026-10-06T23:14:57.439651129Z","instance":"remote-a-r1","service_name":"afs-node","message":"No such file or directory (os error 2)","kind":"NotFound","code":67305473}
{"msg":"fuse.create","level":"INFO","ts":"2026-10-06T23:14:57.439654421Z","instance":"remote-a-r1","service_name":"afs-node","name":"entry-0039.bin","parent":408}
{"msg":"FUSE request failed","level":"ERRO","ts":"2026-10-06T23:14:57.442112607Z","instance":"remote-a-r1","service_name":"afs-node","message":"No such file or directory (os error 2)","kind":"NotFound","code":67305473}
{"msg":"fuse.create","level":"INFO","ts":"2026-10-06T23:14:57.442134107Z","instance":"remote-a-r1","service_name":"afs-node","name":"entry-0040.bin","parent":408}
{"msg":"FUSE request failed","level":"ERRO","ts":"2026-10-06T23:14:57.444353713Z","instance":"remote-a-r1","service_name":"afs-node","message":"No such file or directory (os error 2)","kind":"NotFound","code":67305473}
{"msg":"fuse.create","level":"INFO","ts":"2026-10-06T23:14:57.444361837Z","instance":"remote-a-r1","service_name":"afs-node","name":"entry-0041.bin","parent":408}
{"msg":"FUSE request failed","level":"ERRO","ts":"2026-10-06T23:14:57.446830357Z","instance":"remote-a-r1","service_name":"afs-node","message":"No such file or directory (os error 2)","kind":"NotFound","code":67305473}
{"msg":"fuse.create","level":"INFO","ts":"2026-10-06T23:14:57.446836357Z","instance":"remote-a-r1","service_name":"afs-node","name":"entry-0042.bin","parent":408}
{"msg":"FUSE request failed","level":"ERRO","ts":"2026-10-06T23:14:57.448918839Z","instance":"remote-a-r1","service_name":"afs-node","message":"No such file or directory (os error 2)","kind":"NotFound","code":67305473}
{"msg":"fuse.create","level":"INFO","ts":"2026-10-06T23:14:57.448931381Z","instance":"remote-a-r1","service_name":"afs-node","name":"entry-0043.bin","parent":408}
{"msg":"FUSE request failed","level":"ERRO","ts":"2026-10-06T23:14:57.451136278Z","instance":"remote-a-r1","service_name":"afs-node","message":"No such file or directory (os error 2)","kind":"NotFound","code":67305473}
{"msg":"fuse.create","level":"INFO","ts":"2026-10-06T23:14:57.451149736Z","instance":"remote-a-r1","service_name":"afs-node","name":"entry-0044.bin","parent":408}
{"msg":"FUSE request failed","level":"ERRO","ts":"2026-10-06T23:14:57.453584756Z","instance":"remote-a-r1","service_name":"afs-node","message":"No such file or directory (os error 2)","kind":"NotFound","code":67305473}
{"msg":"fuse.create","level":"INFO","ts":"2026-10-06T23:14:57.45360484Z","instance":"remote-a-r1","service_name":"afs-node","name":"entry-0045.bin","parent":408}
{"msg":"FUSE request failed","level":"ERRO","ts":"2026-10-06T23:14:57.455702446Z","instance":"remote-a-r1","service_name":"afs-node","message":"No such file or directory (os error 2)","kind":"NotFound","code":67305473}
{"msg":"fuse.create","level":"INFO","ts":"2026-10-06T23:14:57.455705196Z","instance":"remote-a-r1","service_name":"afs-node","name":"entry-0046.bin","parent":408}
{"msg":"FUSE request failed","level":"ERRO","ts":"2026-10-06T23:14:57.457884635Z","instance":"remote-a-r1","service_name":"afs-node","message":"No such file or directory (os error 2)","kind":"NotFound","code":67305473}
{"msg":"fuse.create","level":"INFO","ts":"2026-10-06T23:14:57.45791776Z","instance":"remote-a-r1","service_name":"afs-node","name":"entry-0047.bin","parent":408}
{"msg":"FUSE request failed","level":"ERRO","ts":"2026-10-06T23:14:57.460059908Z","instance":"remote-a-r1","service_name":"afs-node","message":"No such file or directory (os error 2)","kind":"NotFound","code":67305473}
{"msg":"fuse.create","level":"INFO","ts":"2026-10-06T23:14:57.460072283Z","instance":"remote-a-r1","service_name":"afs-node","name":"entry-0048.bin","parent":408}
{"msg":"FUSE request failed","level":"ERRO","ts":"2026-10-06T23:14:57.462189514Z","instance":"remote-a-r1","service_name":"afs-node","message":"No such file or directory (os error 2)","kind":"NotFound","code":67305473}
{"msg":"fuse.create","level":"INFO","ts":"2026-10-06T23:14:57.462204181Z","instance":"remote-a-r1","service_name":"afs-node","name":"entry-0049.bin","parent":408}
{"msg":"FUSE request failed","level":"ERRO","ts":"2026-10-06T23:14:57.464371662Z","instance":"remote-a-r1","service_name":"afs-node","message":"No such file or directory (os error 2)","kind":"NotFound","code":67305473}
{"msg":"fuse.create","level":"INFO","ts":"2026-10-06T23:14:57.46439562Z","instance":"remote-a-r1","service_name":"afs-node","name":"entry-0050.bin","parent":408}
{"msg":"FUSE request failed","level":"ERRO","ts":"2026-10-06T23:14:57.466834265Z","instance":"remote-a-r1","service_name":"afs-node","message":"No such file or directory (os error 2)","kind":"NotFound","code":67305473}
{"msg":"fuse.create","level":"INFO","ts":"2026-10-06T23:14:57.466851473Z","instance":"remote-a-r1","service_name":"afs-node","name":"entry-0051.bin","parent":408}
{"msg":"FUSE request failed","level":"ERRO","ts":"2026-10-06T23:14:57.468964288Z","instance":"remote-a-r1","service_name":"afs-node","message":"No such file or directory (os error 2)","kind":"NotFound","code":67305473}
{"msg":"fuse.create","level":"INFO","ts":"2026-10-06T23:14:57.468986079Z","instance":"remote-a-r1","service_name":"afs-node","name":"entry-0052.bin","parent":408}
{"msg":"FUSE request failed","level":"ERRO","ts":"2026-10-06T23:14:57.47113781Z","instance":"remote-a-r1","service_name":"afs-node","message":"No such file or directory (os error 2)","kind":"NotFound","code":67305473}
{"msg":"fuse.create","level":"INFO","ts":"2026-10-06T23:14:57.471162227Z","instance":"remote-a-r1","service_name":"afs-node","name":"entry-0053.bin","parent":408}
{"msg":"FUSE request failed","level":"ERRO","ts":"2026-10-06T23:14:57.473391749Z","instance":"remote-a-r1","service_name":"afs-node","message":"No such file or directory (os error 2)","kind":"NotFound","code":67305473}
{"msg":"fuse.create","level":"INFO","ts":"2026-10-06T23:14:57.473394916Z","instance":"remote-a-r1","service_name":"afs-node","name":"entry-0054.bin","parent":408}
{"msg":"FUSE request failed","level":"ERRO","ts":"2026-10-06T23:14:57.475778936Z","instance":"remote-a-r1","service_name":"afs-node","message":"No such file or directory (os error 2)","kind":"NotFound","code":67305473}
{"msg":"fuse.create","level":"INFO","ts":"2026-10-06T23:14:57.475795686Z","instance":"remote-a-r1","service_name":"afs-node","name":"entry-0055.bin","parent":408}
{"msg":"FUSE request failed","level":"ERRO","ts":"2026-10-06T23:14:57.477928751Z","instance":"remote-a-r1","service_name":"afs-node","message":"No such file or directory (os error 2)","kind":"NotFound","code":67305473}
{"msg":"fuse.create","level":"INFO","ts":"2026-10-06T23:14:57.477945584Z","instance":"remote-a-r1","service_name":"afs-node","name":"entry-0056.bin","parent":408}
{"msg":"FUSE request failed","level":"ERRO","ts":"2026-10-06T23:14:57.48007719Z","instance":"remote-a-r1","service_name":"afs-node","message":"No such file or directory (os error 2)","kind":"NotFound","code":67305473}
{"msg":"fuse.create","level":"INFO","ts":"2026-10-06T23:14:57.480079982Z","instance":"remote-a-r1","service_name":"afs-node","name":"entry-0057.bin","parent":408}
{"msg":"FUSE request failed","level":"ERRO","ts":"2026-10-06T23:14:57.482307045Z","instance":"remote-a-r1","service_name":"afs-node","message":"No such file or directory (os error 2)","kind":"NotFound","code":67305473}
{"msg":"fuse.create","level":"INFO","ts":"2026-10-06T23:14:57.48231917Z","instance":"remote-a-r1","service_name":"afs-node","name":"entry-0058.bin","parent":408}
{"msg":"FUSE request failed","level":"ERRO","ts":"2026-10-06T23:14:57.484476776Z","instance":"remote-a-r1","service_name":"afs-node","message":"No such file or directory (os error 2)","kind":"NotFound","code":67305473}
{"msg":"fuse.create","level":"INFO","ts":"2026-10-06T23:14:57.48450211Z","instance":"remote-a-r1","service_name":"afs-node","name":"entry-0059.bin","parent":408}
{"msg":"FUSE request failed","level":"ERRO","ts":"2026-10-06T23:14:57.486620924Z","instance":"remote-a-r1","service_name":"afs-node","message":"No such file or directory (os error 2)","kind":"NotFound","code":67305473}
{"msg":"fuse.create","level":"INFO","ts":"2026-10-06T23:14:57.486640382Z","instance":"remote-a-r1","service_name":"afs-node","name":"entry-0060.bin","parent":408}
{"msg":"FUSE request failed","level":"ERRO","ts":"2026-10-06T23:14:57.488670823Z","instance":"remote-a-r1","service_name":"afs-node","message":"No such file or directory (os error 2)","kind":"NotFound","code":67305473}
{"msg":"fuse.create","level":"INFO","ts":"2026-10-06T23:14:57.488692823Z","instance":"remote-a-r1","service_name":"afs-node","name":"entry-0061.bin","parent":408}
{"msg":"FUSE request failed","level":"ERRO","ts":"2026-10-06T23:14:57.490903803Z","instance":"remote-a-r1","service_name":"afs-node","message":"No such file or directory (os error 2)","kind":"NotFound","code":67305473}
{"msg":"fuse.create","level":"INFO","ts":"2026-10-06T23:14:57.490917345Z","instance":"remote-a-r1","service_name":"afs-node","name":"entry-0062.bin","parent":408}
{"msg":"FUSE request failed","level":"ERRO","ts":"2026-10-06T23:14:57.493280949Z","instance":"remote-a-r1","service_name":"afs-node","message":"No such file or directory (os error 2)","kind":"NotFound","code":67305473}
{"msg":"fuse.create","level":"INFO","ts":"2026-10-06T23:14:57.493283449Z","instance":"remote-a-r1","service_name":"afs-node","name":"entry-0063.bin","parent":408}
{"msg":"FUSE request failed","level":"ERRO","ts":"2026-10-06T23:14:57.495473513Z","instance":"remote-a-r1","service_name":"afs-node","message":"No such file or directory (os error 2)","kind":"NotFound","code":67305473}
{"msg":"fuse.create","level":"INFO","ts":"2026-10-06T23:14:57.495485721Z","instance":"remote-a-r1","service_name":"afs-node","name":"entry-0064.bin","parent":408}
{"msg":"FUSE request failed","level":"ERRO","ts":"2026-10-06T23:14:57.497565703Z","instance":"remote-a-r1","service_name":"afs-node","message":"No such file or directory (os error 2)","kind":"NotFound","code":67305473}
{"msg":"fuse.create","level":"INFO","ts":"2026-10-06T23:14:57.497584411Z","instance":"remote-a-r1","service_name":"afs-node","name":"entry-0065.bin","parent":408}
{"msg":"FUSE request failed","level":"ERRO","ts":"2026-10-06T23:14:57.499744059Z","instance":"remote-a-r1","service_name":"afs-node","message":"No such file or directory (os error 2)","kind":"NotFound","code":67305473}
{"msg":"fuse.create","level":"INFO","ts":"2026-10-06T23:14:57.499764892Z","instance":"remote-a-r1","service_name":"afs-node","name":"entry-0066.bin","parent":408}
{"msg":"FUSE request failed","level":"ERRO","ts":"2026-10-06T23:14:57.501892623Z","instance":"remote-a-r1","service_name":"afs-node","message":"No such file or directory (os error 2)","kind":"NotFound","code":67305473}
{"msg":"fuse.create","level":"INFO","ts":"2026-10-06T23:14:57.501908081Z","instance":"remote-a-r1","service_name":"afs-node","name":"entry-0067.bin","parent":408}
{"msg":"FUSE request failed","level":"ERRO","ts":"2026-10-06T23:14:57.504099979Z","instance":"remote-a-r1","service_name":"afs-node","message":"No such file or directory (os error 2)","kind":"NotFound","code":67305473}
{"msg":"fuse.create","level":"INFO","ts":"2026-10-06T23:14:57.504117895Z","instance":"remote-a-r1","service_name":"afs-node","name":"entry-0068.bin","parent":408}
{"msg":"FUSE request failed","level":"ERRO","ts":"2026-10-06T23:14:57.506392917Z","instance":"remote-a-r1","service_name":"afs-node","message":"No such file or directory (os error 2)","kind":"NotFound","code":67305473}
{"msg":"fuse.create","level":"INFO","ts":"2026-10-06T23:14:57.506405584Z","instance":"remote-a-r1","service_name":"afs-node","name":"entry-0069.bin","parent":408}
{"msg":"FUSE request failed","level":"ERRO","ts":"2026-10-06T23:14:57.508569356Z","instance":"remote-a-r1","service_name":"afs-node","message":"No such file or directory (os error 2)","kind":"NotFound","code":67305473}
{"msg":"fuse.create","level":"INFO","ts":"2026-10-06T23:14:57.508572231Z","instance":"remote-a-r1","service_name":"afs-node","name":"entry-0070.bin","parent":408}
{"msg":"FUSE request failed","level":"ERRO","ts":"2026-10-06T23:14:57.510907002Z","instance":"remote-a-r1","service_name":"afs-node","message":"No such file or directory (os error 2)","kind":"NotFound","code":67305473}
{"msg":"fuse.create","level":"INFO","ts":"2026-10-06T23:14:57.510930377Z","instance":"remote-a-r1","service_name":"afs-node","name":"entry-0071.bin","parent":408}
{"msg":"FUSE request failed","level":"ERRO","ts":"2026-10-06T23:14:57.513128274Z","instance":"remote-a-r1","service_name":"afs-node","message":"No such file or directory (os error 2)","kind":"NotFound","code":67305473}
{"msg":"fuse.create","level":"INFO","ts":"2026-10-06T23:14:57.513150066Z","instance":"remote-a-r1","service_name":"afs-node","name":"entry-0072.bin","parent":408}
{"msg":"FUSE request failed","level":"ERRO","ts":"2026-10-06T23:14:57.51552142Z","instance":"remote-a-r1","service_name":"afs-node","message":"No such file or directory (os error 2)","kind":"NotFound","code":67305473}
{"msg":"fuse.create","level":"INFO","ts":"2026-10-06T23:14:57.515543837Z","instance":"remote-a-r1","service_name":"afs-node","name":"entry-0073.bin","parent":408}
{"msg":"FUSE request failed","level":"ERRO","ts":"2026-10-06T23:14:57.517852358Z","instance":"remote-a-r1","service_name":"afs-node","message":"No such file or directory (os error 2)","kind":"NotFound","code":67305473}
{"msg":"fuse.create","level":"INFO","ts":"2026-10-06T23:14:57.517871149Z","instance":"remote-a-r1","service_name":"afs-node","name":"entry-0074.bin","parent":408}
{"msg":"FUSE request failed","level":"ERRO","ts":"2026-10-06T23:14:57.519966339Z","instance":"remote-a-r1","service_name":"afs-node","message":"No such file or directory (os error 2)","kind":"NotFound","code":67305473}
{"msg":"fuse.create","level":"INFO","ts":"2026-10-06T23:14:57.519981214Z","instance":"remote-a-r1","service_name":"afs-node","name":"entry-0075.bin","parent":408}
{"msg":"FUSE request failed","level":"ERRO","ts":"2026-10-06T23:14:57.522178945Z","instance":"remote-a-r1","service_name":"afs-node","message":"No such file or directory (os error 2)","kind":"NotFound","code":67305473}
{"msg":"fuse.create","level":"INFO","ts":"2026-10-06T23:14:57.522196361Z","instance":"remote-a-r1","service_name":"afs-node","name":"entry-0076.bin","parent":408}
{"msg":"FUSE request failed","level":"ERRO","ts":"2026-10-06T23:14:57.524311634Z","instance":"remote-a-r1","service_name":"afs-node","message":"No such file or directory (os error 2)","kind":"NotFound","code":67305473}
{"msg":"fuse.create","level":"INFO","ts":"2026-10-06T23:14:57.524327093Z","instance":"remote-a-r1","service_name":"afs-node","name":"entry-0077.bin","parent":408}
{"msg":"FUSE request failed","level":"ERRO","ts":"2026-10-06T23:14:57.526463907Z","instance":"remote-a-r1","service_name":"afs-node","message":"No such file or directory (os error 2)","kind":"NotFound","code":67305473}
{"msg":"fuse.create","level":"INFO","ts":"2026-10-06T23:14:57.526479074Z","instance":"remote-a-r1","service_name":"afs-node","name":"entry-0078.bin","parent":408}
{"msg":"FUSE request failed","level":"ERRO","ts":"2026-10-06T23:14:57.52858943Z","instance":"remote-a-r1","service_name":"afs-node","message":"No such file or directory (os error 2)","kind":"NotFound","code":67305473}
{"msg":"fuse.create","level":"INFO","ts":"2026-10-06T23:14:57.528610805Z","instance":"remote-a-r1","service_name":"afs-node","name":"entry-0079.bin","parent":408}
{"msg":"FUSE request failed","level":"ERRO","ts":"2026-10-06T23:14:57.53074712Z","instance":"remote-a-r1","service_name":"afs-node","message":"No such file or directory (os error 2)","kind":"NotFound","code":67305473}
{"msg":"fuse.create","level":"INFO","ts":"2026-10-06T23:14:57.530773994Z","instance":"remote-a-r1","service_name":"afs-node","name":"entry-0080.bin","parent":408}
{"msg":"FUSE request failed","level":"ERRO","ts":"2026-10-06T23:14:57.532955392Z","instance":"remote-a-r1","service_name":"afs-node","message":"No such file or directory (os error 2)","kind":"NotFound","code":67305473}
{"msg":"fuse.create","level":"INFO","ts":"2026-10-06T23:14:57.53297285Z","instance":"remote-a-r1","service_name":"afs-node","name":"entry-0081.bin","parent":408}
{"msg":"FUSE request failed","level":"ERRO","ts":"2026-10-06T23:14:57.535139331Z","instance":"remote-a-r1","service_name":"afs-node","message":"No such file or directory (os error 2)","kind":"NotFound","code":67305473}
{"msg":"fuse.create","level":"INFO","ts":"2026-10-06T23:14:57.535156831Z","instance":"remote-a-r1","service_name":"afs-node","name":"entry-0082.bin","parent":408}
{"msg":"FUSE request failed","level":"ERRO","ts":"2026-10-06T23:14:57.537327937Z","instance":"remote-a-r1","service_name":"afs-node","message":"No such file or directory (os error 2)","kind":"NotFound","code":67305473}
{"msg":"fuse.create","level":"INFO","ts":"2026-10-06T23:14:57.537345728Z","instance":"remote-a-r1","service_name":"afs-node","name":"entry-0083.bin","parent":408}
{"msg":"FUSE request failed","level":"ERRO","ts":"2026-10-06T23:14:57.539487959Z","instance":"remote-a-r1","service_name":"afs-node","message":"No such file or directory (os error 2)","kind":"NotFound","code":67305473}
{"msg":"fuse.create","level":"INFO","ts":"2026-10-06T23:14:57.539511667Z","instance":"remote-a-r1","service_name":"afs-node","name":"entry-0084.bin","parent":408}
{"msg":"FUSE request failed","level":"ERRO","ts":"2026-10-06T23:14:57.541616441Z","instance":"remote-a-r1","service_name":"afs-node","message":"No such file or directory (os error 2)","kind":"NotFound","code":67305473}
{"msg":"fuse.create","level":"INFO","ts":"2026-10-06T23:14:57.541635024Z","instance":"remote-a-r1","service_name":"afs-node","name":"entry-0085.bin","parent":408}
{"msg":"FUSE request failed","level":"ERRO","ts":"2026-10-06T23:14:57.543997128Z","instance":"remote-a-r1","service_name":"afs-node","message":"No such file or directory (os error 2)","kind":"NotFound","code":67305473}
{"msg":"fuse.create","level":"INFO","ts":"2026-10-06T23:14:57.544009253Z","instance":"remote-a-r1","service_name":"afs-node","name":"entry-0086.bin","parent":408}
{"msg":"FUSE request failed","level":"ERRO","ts":"2026-10-06T23:14:57.546876311Z","instance":"remote-a-r1","service_name":"afs-node","message":"No such file or directory (os error 2)","kind":"NotFound","code":67305473}
{"msg":"fuse.create","level":"INFO","ts":"2026-10-06T23:14:57.546906186Z","instance":"remote-a-r1","service_name":"afs-node","name":"entry-0087.bin","parent":408}
{"msg":"FUSE request failed","level":"ERRO","ts":"2026-10-06T23:14:57.548969834Z","instance":"remote-a-r1","service_name":"afs-node","message":"No such file or directory (os error 2)","kind":"NotFound","code":67305473}
{"msg":"fuse.create","level":"INFO","ts":"2026-10-06T23:14:57.548992626Z","instance":"remote-a-r1","service_name":"afs-node","name":"entry-0088.bin","parent":408}
{"msg":"FUSE request failed","level":"ERRO","ts":"2026-10-06T23:14:57.551081316Z","instance":"remote-a-r1","service_name":"afs-node","message":"No such file or directory (os error 2)","kind":"NotFound","code":67305473}
{"msg":"fuse.create","level":"INFO","ts":"2026-10-06T23:14:57.551083607Z","instance":"remote-a-r1","service_name":"afs-node","name":"entry-0089.bin","parent":408}
{"msg":"FUSE request failed","level":"ERRO","ts":"2026-10-06T23:14:57.553199755Z","instance":"remote-a-r1","service_name":"afs-node","message":"No such file or directory (os error 2)","kind":"NotFound","code":67305473}
{"msg":"fuse.create","level":"INFO","ts":"2026-10-06T23:14:57.55321738Z","instance":"remote-a-r1","service_name":"afs-node","name":"entry-0090.bin","parent":408}
{"msg":"FUSE request failed","level":"ERRO","ts":"2026-10-06T23:14:57.55530457Z","instance":"remote-a-r1","service_name":"afs-node","message":"No such file or directory (os error 2)","kind":"NotFound","code":67305473}
{"msg":"fuse.create","level":"INFO","ts":"2026-10-06T23:14:57.555322612Z","instance":"remote-a-r1","service_name":"afs-node","name":"entry-0091.bin","parent":408}
{"msg":"FUSE request failed","level":"ERRO","ts":"2026-10-06T23:14:57.557538301Z","instance":"remote-a-r1","service_name":"afs-node","message":"No such file or directory (os error 2)","kind":"NotFound","code":67305473}
{"msg":"fuse.create","level":"INFO","ts":"2026-10-06T23:14:57.557567009Z","instance":"remote-a-r1","service_name":"afs-node","name":"entry-0092.bin","parent":408}
{"msg":"FUSE request failed","level":"ERRO","ts":"2026-10-06T23:14:57.559851947Z","instance":"remote-a-r1","service_name":"afs-node","message":"No such file or directory (os error 2)","kind":"NotFound","code":67305473}
{"msg":"fuse.create","level":"INFO","ts":"2026-10-06T23:14:57.559866197Z","instance":"remote-a-r1","service_name":"afs-node","name":"entry-0093.bin","parent":408}
{"msg":"FUSE request failed","level":"ERRO","ts":"2026-10-06T23:14:57.561952345Z","instance":"remote-a-r1","service_name":"afs-node","message":"No such file or directory (os error 2)","kind":"NotFound","code":67305473}
{"msg":"fuse.create","level":"INFO","ts":"2026-10-06T23:14:57.561970428Z","instance":"remote-a-r1","service_name":"afs-node","name":"entry-0094.bin","parent":408}
{"msg":"FUSE request failed","level":"ERRO","ts":"2026-10-06T23:14:57.564348032Z","instance":"remote-a-r1","service_name":"afs-node","message":"No such file or directory (os error 2)","kind":"NotFound","code":67305473}
{"msg":"fuse.create","level":"INFO","ts":"2026-10-06T23:14:57.564362324Z","instance":"remote-a-r1","service_name":"afs-node","name":"entry-0095.bin","parent":408}
{"msg":"FUSE request failed","level":"ERRO","ts":"2026-10-06T23:14:57.566565846Z","instance":"remote-a-r1","service_name":"afs-node","message":"No such file or directory (os error 2)","kind":"NotFound","code":67305473}
{"msg":"fuse.create","level":"INFO","ts":"2026-10-06T23:14:57.566569346Z","instance":"remote-a-r1","service_name":"afs-node","name":"entry-0096.bin","parent":408}
{"msg":"FUSE request failed","level":"ERRO","ts":"2026-10-06T23:14:57.568706327Z","instance":"remote-a-r1","service_name":"afs-node","message":"No such file or directory (os error 2)","kind":"NotFound","code":67305473}
{"msg":"fuse.create","level":"INFO","ts":"2026-10-06T23:14:57.568727661Z","instance":"remote-a-r1","service_name":"afs-node","name":"entry-0097.bin","parent":408}
{"msg":"FUSE request failed","level":"ERRO","ts":"2026-10-06T23:14:57.570874683Z","instance":"remote-a-r1","service_name":"afs-node","message":"No such file or directory (os error 2)","kind":"NotFound","code":67305473}
{"msg":"fuse.create","level":"INFO","ts":"2026-10-06T23:14:57.570893517Z","instance":"remote-a-r1","service_name":"afs-node","name":"entry-0098.bin","parent":408}
{"msg":"FUSE request failed","level":"ERRO","ts":"2026-10-06T23:14:57.573103247Z","instance":"remote-a-r1","service_name":"afs-node","message":"No such file or directory (os error 2)","kind":"NotFound","code":67305473}
{"msg":"fuse.create","level":"INFO","ts":"2026-10-06T23:14:57.573125997Z","instance":"remote-a-r1","service_name":"afs-node","name":"entry-0099.bin","parent":408}
{"msg":"[Not Implemented] ioctl(ino: 0x199, fh: 914, flags: 0, cmd: 21505, in_data.len(): 0, out_size: 0)","level":"WARN","ts":"2026-10-06T23:14:57.576442884Z","instance":"remote-a-r1","service_name":"afs-node"}
{"msg":"[Not Implemented] ioctl(ino: 0x19a, fh: 915, flags: 0, cmd: 21505, in_data.len(): 0, out_size: 0)","level":"WARN","ts":"2026-10-06T23:14:57.57808812Z","instance":"remote-a-r1","service_name":"afs-node"}
{"msg":"[Not Implemented] ioctl(ino: 0x19b, fh: 916, flags: 0, cmd: 21505, in_data.len(): 0, out_size: 0)","level":"WARN","ts":"2026-10-06T23:14:57.579766855Z","instance":"remote-a-r1","service_name":"afs-node"}
{"msg":"[Not Implemented] ioctl(ino: 0x19c, fh: 917, flags: 0, cmd: 21505, in_data.len(): 0, out_size: 0)","level":"WARN","ts":"2026-10-06T23:14:57.581384341Z","instance":"remote-a-r1","service_name":"afs-node"}
{"msg":"[Not Implemented] ioctl(ino: 0x19d, fh: 918, flags: 0, cmd: 21505, in_data.len(): 0, out_size: 0)","level":"WARN","ts":"2026-10-06T23:14:57.583055076Z","instance":"remote-a-r1","service_name":"afs-node"}
{"msg":"[Not Implemented] ioctl(ino: 0x19e, fh: 919, flags: 0, cmd: 21505, in_data.len(): 0, out_size: 0)","level":"WARN","ts":"2026-10-06T23:14:57.584728978Z","instance":"remote-a-r1","service_name":"afs-node"}
{"msg":"[Not Implemented] ioctl(ino: 0x19f, fh: 920, flags: 0, cmd: 21505, in_data.len(): 0, out_size: 0)","level":"WARN","ts":"2026-10-06T23:14:57.586401005Z","instance":"remote-a-r1","service_name":"afs-node"}
{"msg":"[Not Implemented] ioctl(ino: 0x1a0, fh: 921, flags: 0, cmd: 21505, in_data.len(): 0, out_size: 0)","level":"WARN","ts":"2026-10-06T23:14:57.588402404Z","instance":"remote-a-r1","service_name":"afs-node"}
{"msg":"[Not Implemented] ioctl(ino: 0x1a1, fh: 922, flags: 0, cmd: 21505, in_data.len(): 0, out_size: 0)","level":"WARN","ts":"2026-10-06T23:14:57.590343429Z","instance":"remote-a-r1","service_name":"afs-node"}
{"msg":"[Not Implemented] ioctl(ino: 0x1a2, fh: 923, flags: 0, cmd: 21505, in_data.len(): 0, out_size: 0)","level":"WARN","ts":"2026-10-06T23:14:57.59224987Z","instance":"remote-a-r1","service_name":"afs-node"}
{"msg":"[Not Implemented] ioctl(ino: 0x1a3, fh: 924, flags: 0, cmd: 21505, in_data.len(): 0, out_size: 0)","level":"WARN","ts":"2026-10-06T23:14:57.594133729Z","instance":"remote-a-r1","service_name":"afs-node"}
{"msg":"[Not Implemented] ioctl(ino: 0x1a4, fh: 925, flags: 0, cmd: 21505, in_data.len(): 0, out_size: 0)","level":"WARN","ts":"2026-10-06T23:14:57.596101837Z","instance":"remote-a-r1","service_name":"afs-node"}
{"msg":"[Not Implemented] ioctl(ino: 0x1a5, fh: 926, flags: 0, cmd: 21505, in_data.len(): 0, out_size: 0)","level":"WARN","ts":"2026-10-06T23:14:57.598074944Z","instance":"remote-a-r1","service_name":"afs-node"}
{"msg":"[Not Implemented] ioctl(ino: 0x1a6, fh: 927, flags: 0, cmd: 21505, in_data.len(): 0, out_size: 0)","level":"WARN","ts":"2026-10-06T23:14:57.60010676Z","instance":"remote-a-r1","service_name":"afs-node"}
{"msg":"[Not Implemented] ioctl(ino: 0x1a7, fh: 928, flags: 0, cmd: 21505, in_data.len(): 0, out_size: 0)","level":"WARN","ts":"2026-10-06T23:14:57.602144492Z","instance":"remote-a-r1","service_name":"afs-node"}
{"msg":"[Not Implemented] ioctl(ino: 0x1a8, fh: 929, flags: 0, cmd: 21505, in_data.len(): 0, out_size: 0)","level":"WARN","ts":"2026-10-06T23:14:57.603994809Z","instance":"remote-a-r1","service_name":"afs-node"}
{"msg":"[Not Implemented] ioctl(ino: 0x1a9, fh: 930, flags: 0, cmd: 21505, in_data.len(): 0, out_size: 0)","level":"WARN","ts":"2026-10-06T23:14:57.605985541Z","instance":"remote-a-r1","service_name":"afs-node"}
{"msg":"[Not Implemented] ioctl(ino: 0x1aa, fh: 931, flags: 0, cmd: 21505, in_data.len(): 0, out_size: 0)","level":"WARN","ts":"2026-10-06T23:14:57.608025607Z","instance":"remote-a-r1","service_name":"afs-node"}
{"msg":"[Not Implemented] ioctl(ino: 0x1ab, fh: 932, flags: 0, cmd: 21505, in_data.len(): 0, out_size: 0)","level":"WARN","ts":"2026-10-06T23:14:57.610118297Z","instance":"remote-a-r1","service_name":"afs-node"}
{"msg":"[Not Implemented] ioctl(ino: 0x1ac, fh: 933, flags: 0, cmd: 21505, in_data.len(): 0, out_size: 0)","level":"WARN","ts":"2026-10-06T23:14:57.611977989Z","instance":"remote-a-r1","service_name":"afs-node"}
{"msg":"[Not Implemented] ioctl(ino: 0x1ad, fh: 934, flags: 0, cmd: 21505, in_data.len(): 0, out_size: 0)","level":"WARN","ts":"2026-10-06T23:14:57.613936555Z","instance":"remote-a-r1","service_name":"afs-node"}
{"msg":"[Not Implemented] ioctl(ino: 0x1ae, fh: 935, flags: 0, cmd: 21505, in_data.len(): 0, out_size: 0)","level":"WARN","ts":"2026-10-06T23:14:57.615961245Z","instance":"remote-a-r1","service_name":"afs-node"}
{"msg":"[Not Implemented] ioctl(ino: 0x1af, fh: 936, flags: 0, cmd: 21505, in_data.len(): 0, out_size: 0)","level":"WARN","ts":"2026-10-06T23:14:57.618039144Z","instance":"remote-a-r1","service_name":"afs-node"}
{"msg":"[Not Implemented] ioctl(ino: 0x1b0, fh: 937, flags: 0, cmd: 21505, in_data.len(): 0, out_size: 0)","level":"WARN","ts":"2026-10-06T23:14:57.619944377Z","instance":"remote-a-r1","service_name":"afs-node"}
{"msg":"[Not Implemented] ioctl(ino: 0x1b1, fh: 938, flags: 0, cmd: 21505, in_data.len(): 0, out_size: 0)","level":"WARN","ts":"2026-10-06T23:14:57.621753986Z","instance":"remote-a-r1","service_name":"afs-node"}
{"msg":"[Not Implemented] ioctl(ino: 0x1b2, fh: 939, flags: 0, cmd: 21505, in_data.len(): 0, out_size: 0)","level":"WARN","ts":"2026-10-06T23:14:57.623664511Z","instance":"remote-a-r1","service_name":"afs-node"}
{"msg":"[Not Implemented] ioctl(ino: 0x1b3, fh: 940, flags: 0, cmd: 21505, in_data.len(): 0, out_size: 0)","level":"WARN","ts":"2026-10-06T23:14:57.62543837Z","instance":"remote-a-r1","service_name":"afs-node"}
{"msg":"[Not Implemented] ioctl(ino: 0x1b4, fh: 941, flags: 0, cmd: 21505, in_data.len(): 0, out_size: 0)","level":"WARN","ts":"2026-10-06T23:14:57.627328645Z","instance":"remote-a-r1","service_name":"afs-node"}
{"msg":"[Not Implemented] ioctl(ino: 0x1b5, fh: 942, flags: 0, cmd: 21505, in_data.len(): 0, out_size: 0)","level":"WARN","ts":"2026-10-06T23:14:57.629247503Z","instance":"remote-a-r1","service_name":"afs-node"}
{"msg":"[Not Implemented] ioctl(ino: 0x1b6, fh: 943, flags: 0, cmd: 21505, in_data.len(): 0, out_size: 0)","level":"WARN","ts":"2026-10-06T23:14:57.631162653Z","instance":"remote-a-r1","service_name":"afs-node"}
{"msg":"[Not Implemented] ioctl(ino: 0x1b7, fh: 944, flags: 0, cmd: 21505, in_data.len(): 0, out_size: 0)","level":"WARN","ts":"2026-10-06T23:14:57.633103636Z","instance":"remote-a-r1","service_name":"afs-node"}
{"msg":"[Not Implemented] ioctl(ino: 0x1b8, fh: 945, flags: 0, cmd: 21505, in_data.len(): 0, out_size: 0)","level":"WARN","ts":"2026-10-06T23:14:57.635093994Z","instance":"remote-a-r1","service_name":"afs-node"}
{"msg":"[Not Implemented] ioctl(ino: 0x1b9, fh: 946, flags: 0, cmd: 21505, in_data.len(): 0, out_size: 0)","level":"WARN","ts":"2026-10-06T23:14:57.637009894Z","instance":"remote-a-r1","service_name":"afs-node"}
{"msg":"[Not Implemented] ioctl(ino: 0x1ba, fh: 947, flags: 0, cmd: 21505, in_data.len(): 0, out_size: 0)","level":"WARN","ts":"2026-10-06T23:14:57.64045553Z","instance":"remote-a-r1","service_name":"afs-node"}
{"msg":"[Not Implemented] ioctl(ino: 0x1bb, fh: 948, flags: 0, cmd: 21505, in_data.len(): 0, out_size: 0)","level":"WARN","ts":"2026-10-06T23:14:57.642296305Z","instance":"remote-a-r1","service_name":"afs-node"}
{"msg":"[Not Implemented] ioctl(ino: 0x1bc, fh: 949, flags: 0, cmd: 21505, in_data.len(): 0, out_size: 0)","level":"WARN","ts":"2026-10-06T23:14:57.64423108Z","instance":"remote-a-r1","service_name":"afs-node"}
{"msg":"[Not Implemented] ioctl(ino: 0x1bd, fh: 950, flags: 0, cmd: 21505, in_data.len(): 0, out_size: 0)","level":"WARN","ts":"2026-10-06T23:14:57.646247521Z","instance":"remote-a-r1","service_name":"afs-node"}
{"msg":"[Not Implemented] ioctl(ino: 0x1be, fh: 951, flags: 0, cmd: 21505, in_data.len(): 0, out_size: 0)","level":"WARN","ts":"2026-10-06T23:14:57.64827067Z","instance":"remote-a-r1","service_name":"afs-node"}
{"msg":"[Not Implemented] ioctl(ino: 0x1bf, fh: 952, flags: 0, cmd: 21505, in_data.len(): 0, out_size: 0)","level":"WARN","ts":"2026-10-06T23:14:57.650217402Z","instance":"remote-a-r1","service_name":"afs-node"}
{"msg":"[Not Implemented] ioctl(ino: 0x1c0, fh: 953, flags: 0, cmd: 21505, in_data.len(): 0, out_size: 0)","level":"WARN","ts":"2026-10-06T23:14:57.652164427Z","instance":"remote-a-r1","service_name":"afs-node"}
{"msg":"[Not Implemented] ioctl(ino: 0x1c1, fh: 954, flags: 0, cmd: 21505, in_data.len(): 0, out_size: 0)","level":"WARN","ts":"2026-10-06T23:14:57.65404591Z","instance":"remote-a-r1","service_name":"afs-node"}
{"msg":"[Not Implemented] ioctl(ino: 0x1c2, fh: 955, flags: 0, cmd: 21505, in_data.len(): 0, out_size: 0)","level":"WARN","ts":"2026-10-06T23:14:57.656036768Z","instance":"remote-a-r1","service_name":"afs-node"}
{"msg":"[Not Implemented] ioctl(ino: 0x1c3, fh: 956, flags: 0, cmd: 21505, in_data.len(): 0, out_size: 0)","level":"WARN","ts":"2026-10-06T23:14:57.658078792Z","instance":"remote-a-r1","service_name":"afs-node"}
{"msg":"[Not Implemented] ioctl(ino: 0x1c4, fh: 957, flags: 0, cmd: 21505, in_data.len(): 0, out_size: 0)","level":"WARN","ts":"2026-10-06T23:14:57.65997965Z","instance":"remote-a-r1","service_name":"afs-node"}
{"msg":"[Not Implemented] ioctl(ino: 0x1c5, fh: 958, flags: 0, cmd: 21505, in_data.len(): 0, out_size: 0)","level":"WARN","ts":"2026-10-06T23:14:57.661921633Z","instance":"remote-a-r1","service_name":"afs-node"}
{"msg":"[Not Implemented] ioctl(ino: 0x1c6, fh: 959, flags: 0, cmd: 21505, in_data.len(): 0, out_size: 0)","level":"WARN","ts":"2026-10-06T23:14:57.66392724Z","instance":"remote-a-r1","service_name":"afs-node"}
{"msg":"[Not Implemented] ioctl(ino: 0x1c7, fh: 960, flags: 0, cmd: 21505, in_data.len(): 0, out_size: 0)","level":"WARN","ts":"2026-10-06T23:14:57.665846848Z","instance":"remote-a-r1","service_name":"afs-node"}
{"msg":"[Not Implemented] ioctl(ino: 0x1c8, fh: 961, flags: 0, cmd: 21505, in_data.len(): 0, out_size: 0)","level":"WARN","ts":"2026-10-06T23:14:57.667867122Z","instance":"remote-a-r1","service_name":"afs-node"}
{"msg":"[Not Implemented] ioctl(ino: 0x1c9, fh: 962, flags: 0, cmd: 21505, in_data.len(): 0, out_size: 0)","level":"WARN","ts":"2026-10-06T23:14:57.669785647Z","instance":"remote-a-r1","service_name":"afs-node"}
{"msg":"[Not Implemented] ioctl(ino: 0x1ca, fh: 963, flags: 0, cmd: 21505, in_data.len(): 0, out_size: 0)","level":"WARN","ts":"2026-10-06T23:14:57.671601339Z","instance":"remote-a-r1","service_name":"afs-node"}
{"msg":"[Not Implemented] ioctl(ino: 0x1cb, fh: 964, flags: 0, cmd: 21505, in_data.len(): 0, out_size: 0)","level":"WARN","ts":"2026-10-06T23:14:57.673504489Z","instance":"remote-a-r1","service_name":"afs-node"}
{"msg":"[Not Implemented] ioctl(ino: 0x1cc, fh: 965, flags: 0, cmd: 21505, in_data.len(): 0, out_size: 0)","level":"WARN","ts":"2026-10-06T23:14:57.675378014Z","instance":"remote-a-r1","service_name":"afs-node"}
{"msg":"[Not Implemented] ioctl(ino: 0x1cd, fh: 966, flags: 0, cmd: 21505, in_data.len(): 0, out_size: 0)","level":"WARN","ts":"2026-10-06T23:14:57.677373497Z","instance":"remote-a-r1","service_name":"afs-node"}
{"msg":"[Not Implemented] ioctl(ino: 0x1ce, fh: 967, flags: 0, cmd: 21505, in_data.len(): 0, out_size: 0)","level":"WARN","ts":"2026-10-06T23:14:57.679362271Z","instance":"remote-a-r1","service_name":"afs-node"}
{"msg":"[Not Implemented] ioctl(ino: 0x1cf, fh: 968, flags: 0, cmd: 21505, in_data.len(): 0, out_size: 0)","level":"WARN","ts":"2026-10-06T23:14:57.681180797Z","instance":"remote-a-r1","service_name":"afs-node"}
{"msg":"[Not Implemented] ioctl(ino: 0x1d0, fh: 969, flags: 0, cmd: 21505, in_data.len(): 0, out_size: 0)","level":"WARN","ts":"2026-10-06T23:14:57.683068905Z","instance":"remote-a-r1","service_name":"afs-node"}
{"msg":"[Not Implemented] ioctl(ino: 0x1d1, fh: 970, flags: 0, cmd: 21505, in_data.len(): 0, out_size: 0)","level":"WARN","ts":"2026-10-06T23:14:57.684896847Z","instance":"remote-a-r1","service_name":"afs-node"}
{"msg":"[Not Implemented] ioctl(ino: 0x1d2, fh: 971, flags: 0, cmd: 21505, in_data.len(): 0, out_size: 0)","level":"WARN","ts":"2026-10-06T23:14:57.686969413Z","instance":"remote-a-r1","service_name":"afs-node"}
{"msg":"[Not Implemented] ioctl(ino: 0x1d3, fh: 972, flags: 0, cmd: 21505, in_data.len(): 0, out_size: 0)","level":"WARN","ts":"2026-10-06T23:14:57.688937187Z","instance":"remote-a-r1","service_name":"afs-node"}
{"msg":"[Not Implemented] ioctl(ino: 0x1d4, fh: 973, flags: 0, cmd: 21505, in_data.len(): 0, out_size: 0)","level":"WARN","ts":"2026-10-06T23:14:57.690788962Z","instance":"remote-a-r1","service_name":"afs-node"}
{"msg":"[Not Implemented] ioctl(ino: 0x1d5, fh: 974, flags: 0, cmd: 21505, in_data.len(): 0, out_size: 0)","level":"WARN","ts":"2026-10-06T23:14:57.692641613Z","instance":"remote-a-r1","service_name":"afs-node"}
{"msg":"[Not Implemented] ioctl(ino: 0x1d6, fh: 975, flags: 0, cmd: 21505, in_data.len(): 0, out_size: 0)","level":"WARN","ts":"2026-10-06T23:14:57.694507096Z","instance":"remote-a-r1","service_name":"afs-node"}
{"msg":"[Not Implemented] ioctl(ino: 0x1d7, fh: 976, flags: 0, cmd: 21505, in_data.len(): 0, out_size: 0)","level":"WARN","ts":"2026-10-06T23:14:57.696461454Z","instance":"remote-a-r1","service_name":"afs-node"}
{"msg":"[Not Implemented] ioctl(ino: 0x1d8, fh: 977, flags: 0, cmd: 21505, in_data.len(): 0, out_size: 0)","level":"WARN","ts":"2026-10-06T23:14:57.698370146Z","instance":"remote-a-r1","service_name":"afs-node"}
{"msg":"[Not Implemented] ioctl(ino: 0x1d9, fh: 978, flags: 0, cmd: 21505, in_data.len(): 0, out_size: 0)","level":"WARN","ts":"2026-10-06T23:14:57.700246629Z","instance":"remote-a-r1","service_name":"afs-node"}
{"msg":"[Not Implemented] ioctl(ino: 0x1da, fh: 979, flags: 0, cmd: 21505, in_data.len(): 0, out_size: 0)","level":"WARN","ts":"2026-10-06T23:14:57.70219157Z","instance":"remote-a-r1","service_name":"afs-node"}
{"msg":"[Not Implemented] ioctl(ino: 0x1db, fh: 980, flags: 0, cmd: 21505, in_data.len(): 0, out_size: 0)","level":"WARN","ts":"2026-10-06T23:14:57.704091095Z","instance":"remote-a-r1","service_name":"afs-node"}
{"msg":"[Not Implemented] ioctl(ino: 0x1dc, fh: 981, flags: 0, cmd: 21505, in_data.len(): 0, out_size: 0)","level":"WARN","ts":"2026-10-06T23:14:57.706078495Z","instance":"remote-a-r1","service_name":"afs-node"}
{"msg":"[Not Implemented] ioctl(ino: 0x1dd, fh: 982, flags: 0, cmd: 21505, in_data.len(): 0, out_size: 0)","level":"WARN","ts":"2026-10-06T23:14:57.707972561Z","instance":"remote-a-r1","service_name":"afs-node"}
{"msg":"[Not Implemented] ioctl(ino: 0x1de, fh: 983, flags: 0, cmd: 21505, in_data.len(): 0, out_size: 0)","level":"WARN","ts":"2026-10-06T23:14:57.709804003Z","instance":"remote-a-r1","service_name":"afs-node"}
{"msg":"[Not Implemented] ioctl(ino: 0x1df, fh: 984, flags: 0, cmd: 21505, in_data.len(): 0, out_size: 0)","level":"WARN","ts":"2026-10-06T23:14:57.711687779Z","instance":"remote-a-r1","service_name":"afs-node"}
{"msg":"[Not Implemented] ioctl(ino: 0x1e0, fh: 985, flags: 0, cmd: 21505, in_data.len(): 0, out_size: 0)","level":"WARN","ts":"2026-10-06T23:14:57.713621637Z","instance":"remote-a-r1","service_name":"afs-node"}
{"msg":"[Not Implemented] ioctl(ino: 0x1e1, fh: 986, flags: 0, cmd: 21505, in_data.len(): 0, out_size: 0)","level":"WARN","ts":"2026-10-06T23:14:57.715625702Z","instance":"remote-a-r1","service_name":"afs-node"}
{"msg":"[Not Implemented] ioctl(ino: 0x1e2, fh: 987, flags: 0, cmd: 21505, in_data.len(): 0, out_size: 0)","level":"WARN","ts":"2026-10-06T23:14:57.717528602Z","instance":"remote-a-r1","service_name":"afs-node"}
{"msg":"[Not Implemented] ioctl(ino: 0x1e3, fh: 988, flags: 0, cmd: 21505, in_data.len(): 0, out_size: 0)","level":"WARN","ts":"2026-10-06T23:14:57.719559001Z","instance":"remote-a-r1","service_name":"afs-node"}
{"msg":"[Not Implemented] ioctl(ino: 0x1e4, fh: 989, flags: 0, cmd: 21505, in_data.len(): 0, out_size: 0)","level":"WARN","ts":"2026-10-06T23:14:57.721466234Z","instance":"remote-a-r1","service_name":"afs-node"}
{"msg":"[Not Implemented] ioctl(ino: 0x1e5, fh: 990, flags: 0, cmd: 21505, in_data.len(): 0, out_size: 0)","level":"WARN","ts":"2026-10-06T23:14:57.72342255Z","instance":"remote-a-r1","service_name":"afs-node"}
{"msg":"[Not Implemented] ioctl(ino: 0x1e6, fh: 991, flags: 0, cmd: 21505, in_data.len(): 0, out_size: 0)","level":"WARN","ts":"2026-10-06T23:14:57.725326909Z","instance":"remote-a-r1","service_name":"afs-node"}
{"msg":"[Not Implemented] ioctl(ino: 0x1e7, fh: 992, flags: 0, cmd: 21505, in_data.len(): 0, out_size: 0)","level":"WARN","ts":"2026-10-06T23:14:57.727245975Z","instance":"remote-a-r1","service_name":"afs-node"}
{"msg":"[Not Implemented] ioctl(ino: 0x1e8, fh: 993, flags: 0, cmd: 21505, in_data.len(): 0, out_size: 0)","level":"WARN","ts":"2026-10-06T23:14:57.729155292Z","instance":"remote-a-r1","service_name":"afs-node"}
{"msg":"[Not Implemented] ioctl(ino: 0x1e9, fh: 994, flags: 0, cmd: 21505, in_data.len(): 0, out_size: 0)","level":"WARN","ts":"2026-10-06T23:14:57.731091816Z","instance":"remote-a-r1","service_name":"afs-node"}
{"msg":"[Not Implemented] ioctl(ino: 0x1ea, fh: 995, flags: 0, cmd: 21505, in_data.len(): 0, out_size: 0)","level":"WARN","ts":"2026-10-06T23:14:57.732943467Z","instance":"remote-a-r1","service_name":"afs-node"}
{"msg":"[Not Implemented] ioctl(ino: 0x1eb, fh: 996, flags: 0, cmd: 21505, in_data.len(): 0, out_size: 0)","level":"WARN","ts":"2026-10-06T23:14:57.734908491Z","instance":"remote-a-r1","service_name":"afs-node"}
{"msg":"[Not Implemented] ioctl(ino: 0x1ec, fh: 997, flags: 0, cmd: 21505, in_data.len(): 0, out_size: 0)","level":"WARN","ts":"2026-10-06T23:14:57.736785266Z","instance":"remote-a-r1","service_name":"afs-node"}
{"msg":"[Not Implemented] ioctl(ino: 0x1ed, fh: 998, flags: 0, cmd: 21505, in_data.len(): 0, out_size: 0)","level":"WARN","ts":"2026-10-06T23:14:57.738746582Z","instance":"remote-a-r1","service_name":"afs-node"}
{"msg":"[Not Implemented] ioctl(ino: 0x1ee, fh: 999, flags: 0, cmd: 21505, in_data.len(): 0, out_size: 0)","level":"WARN","ts":"2026-10-06T23:14:57.740717898Z","instance":"remote-a-r1","service_name":"afs-node"}
{"msg":"[Not Implemented] ioctl(ino: 0x1ef, fh: 1000, flags: 0, cmd: 21505, in_data.len(): 0, out_size: 0)","level":"WARN","ts":"2026-10-06T23:14:57.742750297Z","instance":"remote-a-r1","service_name":"afs-node"}
{"msg":"[Not Implemented] ioctl(ino: 0x1f0, fh: 1001, flags: 0, cmd: 21505, in_data.len(): 0, out_size: 0)","level":"WARN","ts":"2026-10-06T23:14:57.744624531Z","instance":"remote-a-r1","service_name":"afs-node"}
{"msg":"[Not Implemented] ioctl(ino: 0x1f1, fh: 1002, flags: 0, cmd: 21505, in_data.len(): 0, out_size: 0)","level":"WARN","ts":"2026-10-06T23:14:57.746702596Z","instance":"remote-a-r1","service_name":"afs-node"}
{"msg":"[Not Implemented] ioctl(ino: 0x1f2, fh: 1003, flags: 0, cmd: 21505, in_data.len(): 0, out_size: 0)","level":"WARN","ts":"2026-10-06T23:14:57.748524288Z","instance":"remote-a-r1","service_name":"afs-node"}
{"msg":"[Not Implemented] ioctl(ino: 0x1f3, fh: 1004, flags: 0, cmd: 21505, in_data.len(): 0, out_size: 0)","level":"WARN","ts":"2026-10-06T23:14:57.750529479Z","instance":"remote-a-r1","service_name":"afs-node"}
{"msg":"[Not Implemented] ioctl(ino: 0x1f4, fh: 1005, flags: 0, cmd: 21505, in_data.len(): 0, out_size: 0)","level":"WARN","ts":"2026-10-06T23:14:57.752415837Z","instance":"remote-a-r1","service_name":"afs-node"}
{"msg":"[Not Implemented] ioctl(ino: 0x1f5, fh: 1006, flags: 0, cmd: 21505, in_data.len(): 0, out_size: 0)","level":"WARN","ts":"2026-10-06T23:14:57.754234029Z","instance":"remote-a-r1","service_name":"afs-node"}
{"msg":"[Not Implemented] ioctl(ino: 0x1f6, fh: 1007, flags: 0, cmd: 21505, in_data.len(): 0, out_size: 0)","level":"WARN","ts":"2026-10-06T23:14:57.756036639Z","instance":"remote-a-r1","service_name":"afs-node"}
{"msg":"[Not Implemented] ioctl(ino: 0x1f7, fh: 1008, flags: 0, cmd: 21505, in_data.len(): 0, out_size: 0)","level":"WARN","ts":"2026-10-06T23:14:57.758038704Z","instance":"remote-a-r1","service_name":"afs-node"}
{"msg":"[Not Implemented] ioctl(ino: 0x1f8, fh: 1009, flags: 0, cmd: 21505, in_data.len(): 0, out_size: 0)","level":"WARN","ts":"2026-10-06T23:14:57.759895813Z","instance":"remote-a-r1","service_name":"afs-node"}
{"msg":"[Not Implemented] ioctl(ino: 0x1f9, fh: 1010, flags: 0, cmd: 21505, in_data.len(): 0, out_size: 0)","level":"WARN","ts":"2026-10-06T23:14:57.761775421Z","instance":"remote-a-r1","service_name":"afs-node"}
{"msg":"[Not Implemented] ioctl(ino: 0x1fa, fh: 1011, flags: 0, cmd: 21505, in_data.len(): 0, out_size: 0)","level":"WARN","ts":"2026-10-06T23:14:57.763685613Z","instance":"remote-a-r1","service_name":"afs-node"}
{"msg":"[Not Implemented] ioctl(ino: 0x1fb, fh: 1012, flags: 0, cmd: 21505, in_data.len(): 0, out_size: 0)","level":"WARN","ts":"2026-10-06T23:14:57.765643054Z","instance":"remote-a-r1","service_name":"afs-node"}
{"msg":"[Not Implemented] ioctl(ino: 0x1fc, fh: 1013, flags: 0, cmd: 21505, in_data.len(): 0, out_size: 0)","level":"WARN","ts":"2026-10-06T23:14:57.767548121Z","instance":"remote-a-r1","service_name":"afs-node"}
{"msg":"FUSE request failed","level":"ERRO","ts":"2026-10-06T23:14:58.622958939Z","instance":"remote-a-r1","service_name":"afs-node","message":"No such file or directory (os error 2)","kind":"NotFound","code":67305473}
{"msg":"FUSE request failed","level":"ERRO","ts":"2026-10-06T23:14:58.624843756Z","instance":"remote-a-r1","service_name":"afs-node","message":"No such file or directory (os error 2)","kind":"NotFound","code":67305473}
{"msg":"fuse.create","level":"INFO","ts":"2026-10-06T23:14:58.624869089Z","instance":"remote-a-r1","service_name":"afs-node","name":"entry-0000.bin","parent":509}
{"msg":"FUSE request failed","level":"ERRO","ts":"2026-10-06T23:14:58.627310026Z","instance":"remote-a-r1","service_name":"afs-node","message":"No such file or directory (os error 2)","kind":"NotFound","code":67305473}
{"msg":"fuse.create","level":"INFO","ts":"2026-10-06T23:14:58.627347401Z","instance":"remote-a-r1","service_name":"afs-node","name":"entry-0001.bin","parent":509}
{"msg":"FUSE request failed","level":"ERRO","ts":"2026-10-06T23:14:58.630781204Z","instance":"remote-a-r1","service_name":"afs-node","message":"No such file or directory (os error 2)","kind":"NotFound","code":67305473}
{"msg":"fuse.create","level":"INFO","ts":"2026-10-06T23:14:58.630786704Z","instance":"remote-a-r1","service_name":"afs-node","name":"entry-0002.bin","parent":509}
{"msg":"FUSE request failed","level":"ERRO","ts":"2026-10-06T23:14:58.632835853Z","instance":"remote-a-r1","service_name":"afs-node","message":"No such file or directory (os error 2)","kind":"NotFound","code":67305473}
{"msg":"fuse.create","level":"INFO","ts":"2026-10-06T23:14:58.632862269Z","instance":"remote-a-r1","service_name":"afs-node","name":"entry-0003.bin","parent":509}
{"msg":"FUSE request failed","level":"ERRO","ts":"2026-10-06T23:14:58.635211623Z","instance":"remote-a-r1","service_name":"afs-node","message":"No such file or directory (os error 2)","kind":"NotFound","code":67305473}
{"msg":"fuse.create","level":"INFO","ts":"2026-10-06T23:14:58.63521479Z","instance":"remote-a-r1","service_name":"afs-node","name":"entry-0004.bin","parent":509}
{"msg":"FUSE request failed","level":"ERRO","ts":"2026-10-06T23:14:58.637364271Z","instance":"remote-a-r1","service_name":"afs-node","message":"No such file or directory (os error 2)","kind":"NotFound","code":67305473}
{"msg":"fuse.create","level":"INFO","ts":"2026-10-06T23:14:58.637388271Z","instance":"remote-a-r1","service_name":"afs-node","name":"entry-0005.bin","parent":509}
{"msg":"FUSE request failed","level":"ERRO","ts":"2026-10-06T23:14:58.63943692Z","instance":"remote-a-r1","service_name":"afs-node","message":"No such file or directory (os error 2)","kind":"NotFound","code":67305473}
{"msg":"fuse.create","level":"INFO","ts":"2026-10-06T23:14:58.639441169Z","instance":"remote-a-r1","service_name":"afs-node","name":"entry-0006.bin","parent":509}
{"msg":"FUSE request failed","level":"ERRO","ts":"2026-10-06T23:14:58.641443944Z","instance":"remote-a-r1","service_name":"afs-node","message":"No such file or directory (os error 2)","kind":"NotFound","code":67305473}
{"msg":"fuse.create","level":"INFO","ts":"2026-10-06T23:14:58.641465277Z","instance":"remote-a-r1","service_name":"afs-node","name":"entry-0007.bin","parent":509}
{"msg":"FUSE request failed","level":"ERRO","ts":"2026-10-06T23:14:58.644101962Z","instance":"remote-a-r1","service_name":"afs-node","message":"No such file or directory (os error 2)","kind":"NotFound","code":67305473}
{"msg":"fuse.create","level":"INFO","ts":"2026-10-06T23:14:58.644120753Z","instance":"remote-a-r1","service_name":"afs-node","name":"entry-0008.bin","parent":509}
{"msg":"FUSE request failed","level":"ERRO","ts":"2026-10-06T23:14:58.64622436Z","instance":"remote-a-r1","service_name":"afs-node","message":"No such file or directory (os error 2)","kind":"NotFound","code":67305473}
{"msg":"fuse.create","level":"INFO","ts":"2026-10-06T23:14:58.646251443Z","instance":"remote-a-r1","service_name":"afs-node","name":"entry-0009.bin","parent":509}
{"msg":"FUSE request failed","level":"ERRO","ts":"2026-10-06T23:14:58.648386216Z","instance":"remote-a-r1","service_name":"afs-node","message":"No such file or directory (os error 2)","kind":"NotFound","code":67305473}
{"msg":"fuse.create","level":"INFO","ts":"2026-10-06T23:14:58.648389633Z","instance":"remote-a-r1","service_name":"afs-node","name":"entry-0010.bin","parent":509}
{"msg":"FUSE request failed","level":"ERRO","ts":"2026-10-06T23:14:58.650438365Z","instance":"remote-a-r1","service_name":"afs-node","message":"No such file or directory (os error 2)","kind":"NotFound","code":67305473}
{"msg":"fuse.create","level":"INFO","ts":"2026-10-06T23:14:58.650459906Z","instance":"remote-a-r1","service_name":"afs-node","name":"entry-0011.bin","parent":509}
{"msg":"FUSE request failed","level":"ERRO","ts":"2026-10-06T23:14:58.652679012Z","instance":"remote-a-r1","service_name":"afs-node","message":"No such file or directory (os error 2)","kind":"NotFound","code":67305473}
{"msg":"fuse.create","level":"INFO","ts":"2026-10-06T23:14:58.652690386Z","instance":"remote-a-r1","service_name":"afs-node","name":"entry-0012.bin","parent":509}
{"msg":"FUSE request failed","level":"ERRO","ts":"2026-10-06T23:14:58.655258072Z","instance":"remote-a-r1","service_name":"afs-node","message":"No such file or directory (os error 2)","kind":"NotFound","code":67305473}
{"msg":"fuse.create","level":"INFO","ts":"2026-10-06T23:14:58.655303739Z","instance":"remote-a-r1","service_name":"afs-node","name":"entry-0013.bin","parent":509}
{"msg":"FUSE request failed","level":"ERRO","ts":"2026-10-06T23:14:58.657610552Z","instance":"remote-a-r1","service_name":"afs-node","message":"No such file or directory (os error 2)","kind":"NotFound","code":67305473}
{"msg":"fuse.create","level":"INFO","ts":"2026-10-06T23:14:58.657620135Z","instance":"remote-a-r1","service_name":"afs-node","name":"entry-0014.bin","parent":509}
{"msg":"FUSE request failed","level":"ERRO","ts":"2026-10-06T23:14:58.66049761Z","instance":"remote-a-r1","service_name":"afs-node","message":"No such file or directory (os error 2)","kind":"NotFound","code":67305473}
{"msg":"fuse.create","level":"INFO","ts":"2026-10-06T23:14:58.660511276Z","instance":"remote-a-r1","service_name":"afs-node","name":"entry-0015.bin","parent":509}
{"msg":"FUSE request failed","level":"ERRO","ts":"2026-10-06T23:14:58.662768756Z","instance":"remote-a-r1","service_name":"afs-node","message":"No such file or directory (os error 2)","kind":"NotFound","code":67305473}
{"msg":"fuse.create","level":"INFO","ts":"2026-10-06T23:14:58.662798048Z","instance":"remote-a-r1","service_name":"afs-node","name":"entry-0016.bin","parent":509}
{"msg":"FUSE request failed","level":"ERRO","ts":"2026-10-06T23:14:58.665273151Z","instance":"remote-a-r1","service_name":"afs-node","message":"No such file or directory (os error 2)","kind":"NotFound","code":67305473}
{"msg":"fuse.create","level":"INFO","ts":"2026-10-06T23:14:58.665299526Z","instance":"remote-a-r1","service_name":"afs-node","name":"entry-0017.bin","parent":509}
{"msg":"FUSE request failed","level":"ERRO","ts":"2026-10-06T23:14:58.667421715Z","instance":"remote-a-r1","service_name":"afs-node","message":"No such file or directory (os error 2)","kind":"NotFound","code":67305473}
{"msg":"fuse.create","level":"INFO","ts":"2026-10-06T23:14:58.667437799Z","instance":"remote-a-r1","service_name":"afs-node","name":"entry-0018.bin","parent":509}
{"msg":"FUSE request failed","level":"ERRO","ts":"2026-10-06T23:14:58.669685112Z","instance":"remote-a-r1","service_name":"afs-node","message":"No such file or directory (os error 2)","kind":"NotFound","code":67305473}
{"msg":"fuse.create","level":"INFO","ts":"2026-10-06T23:14:58.66970107Z","instance":"remote-a-r1","service_name":"afs-node","name":"entry-0019.bin","parent":509}
{"msg":"FUSE request failed","level":"ERRO","ts":"2026-10-06T23:14:58.671878468Z","instance":"remote-a-r1","service_name":"afs-node","message":"No such file or directory (os error 2)","kind":"NotFound","code":67305473}
{"msg":"fuse.create","level":"INFO","ts":"2026-10-06T23:14:58.671893801Z","instance":"remote-a-r1","service_name":"afs-node","name":"entry-0020.bin","parent":509}
{"msg":"FUSE request failed","level":"ERRO","ts":"2026-10-06T23:14:58.674632319Z","instance":"remote-a-r1","service_name":"afs-node","message":"No such file or directory (os error 2)","kind":"NotFound","code":67305473}
{"msg":"fuse.create","level":"INFO","ts":"2026-10-06T23:14:58.674651902Z","instance":"remote-a-r1","service_name":"afs-node","name":"entry-0021.bin","parent":509}
{"msg":"FUSE request failed","level":"ERRO","ts":"2026-10-06T23:14:58.677059464Z","instance":"remote-a-r1","service_name":"afs-node","message":"No such file or directory (os error 2)","kind":"NotFound","code":67305473}
{"msg":"fuse.create","level":"INFO","ts":"2026-10-06T23:14:58.677068256Z","instance":"remote-a-r1","service_name":"afs-node","name":"entry-0022.bin","parent":509}
{"msg":"FUSE request failed","level":"ERRO","ts":"2026-10-06T23:14:58.679201945Z","instance":"remote-a-r1","service_name":"afs-node","message":"No such file or directory (os error 2)","kind":"NotFound","code":67305473}
{"msg":"fuse.create","level":"INFO","ts":"2026-10-06T23:14:58.679224778Z","instance":"remote-a-r1","service_name":"afs-node","name":"entry-0023.bin","parent":509}
{"msg":"FUSE request failed","level":"ERRO","ts":"2026-10-06T23:14:58.681515925Z","instance":"remote-a-r1","service_name":"afs-node","message":"No such file or directory (os error 2)","kind":"NotFound","code":67305473}
{"msg":"fuse.create","level":"INFO","ts":"2026-10-06T23:14:58.6815428Z","instance":"remote-a-r1","service_name":"afs-node","name":"entry-0024.bin","parent":509}
{"msg":"FUSE request failed","level":"ERRO","ts":"2026-10-06T23:14:58.683855113Z","instance":"remote-a-r1","service_name":"afs-node","message":"No such file or directory (os error 2)","kind":"NotFound","code":67305473}
{"msg":"fuse.create","level":"INFO","ts":"2026-10-06T23:14:58.683872196Z","instance":"remote-a-r1","service_name":"afs-node","name":"entry-0025.bin","parent":509}
{"msg":"FUSE request failed","level":"ERRO","ts":"2026-10-06T23:14:58.686059343Z","instance":"remote-a-r1","service_name":"afs-node","message":"No such file or directory (os error 2)","kind":"NotFound","code":67305473}
{"msg":"fuse.create","level":"INFO","ts":"2026-10-06T23:14:58.686083093Z","instance":"remote-a-r1","service_name":"afs-node","name":"entry-0026.bin","parent":509}
{"msg":"FUSE request failed","level":"ERRO","ts":"2026-10-06T23:14:58.688575113Z","instance":"remote-a-r1","service_name":"afs-node","message":"No such file or directory (os error 2)","kind":"NotFound","code":67305473}
{"msg":"fuse.create","level":"INFO","ts":"2026-10-06T23:14:58.688592571Z","instance":"remote-a-r1","service_name":"afs-node","name":"entry-0027.bin","parent":509}
{"msg":"FUSE request failed","level":"ERRO","ts":"2026-10-06T23:14:58.691370547Z","instance":"remote-a-r1","service_name":"afs-node","message":"No such file or directory (os error 2)","kind":"NotFound","code":67305473}
{"msg":"fuse.create","level":"INFO","ts":"2026-10-06T23:14:58.69138738Z","instance":"remote-a-r1","service_name":"afs-node","name":"entry-0028.bin","parent":509}
{"msg":"FUSE request failed","level":"ERRO","ts":"2026-10-06T23:14:58.693564611Z","instance":"remote-a-r1","service_name":"afs-node","message":"No such file or directory (os error 2)","kind":"NotFound","code":67305473}
{"msg":"fuse.create","level":"INFO","ts":"2026-10-06T23:14:58.693583236Z","instance":"remote-a-r1","service_name":"afs-node","name":"entry-0029.bin","parent":509}
{"msg":"FUSE request failed","level":"ERRO","ts":"2026-10-06T23:14:58.696183963Z","instance":"remote-a-r1","service_name":"afs-node","message":"No such file or directory (os error 2)","kind":"NotFound","code":67305473}
{"msg":"fuse.create","level":"INFO","ts":"2026-10-06T23:14:58.696198046Z","instance":"remote-a-r1","service_name":"afs-node","name":"entry-0030.bin","parent":509}
{"msg":"FUSE request failed","level":"ERRO","ts":"2026-10-06T23:14:58.698748524Z","instance":"remote-a-r1","service_name":"afs-node","message":"No such file or directory (os error 2)","kind":"NotFound","code":67305473}
{"msg":"fuse.create","level":"INFO","ts":"2026-10-06T23:14:58.698767523Z","instance":"remote-a-r1","service_name":"afs-node","name":"entry-0031.bin","parent":509}
{"msg":"FUSE request failed","level":"ERRO","ts":"2026-10-06T23:14:58.701253502Z","instance":"remote-a-r1","service_name":"afs-node","message":"No such file or directory (os error 2)","kind":"NotFound","code":67305473}
{"msg":"fuse.create","level":"INFO","ts":"2026-10-06T23:14:58.701269293Z","instance":"remote-a-r1","service_name":"afs-node","name":"entry-0032.bin","parent":509}
{"msg":"FUSE request failed","level":"ERRO","ts":"2026-10-06T23:14:58.7033419Z","instance":"remote-a-r1","service_name":"afs-node","message":"No such file or directory (os error 2)","kind":"NotFound","code":67305473}
{"msg":"fuse.create","level":"INFO","ts":"2026-10-06T23:14:58.703361441Z","instance":"remote-a-r1","service_name":"afs-node","name":"entry-0033.bin","parent":509}
{"msg":"FUSE request failed","level":"ERRO","ts":"2026-10-06T23:14:58.705538381Z","instance":"remote-a-r1","service_name":"afs-node","message":"No such file or directory (os error 2)","kind":"NotFound","code":67305473}
{"msg":"fuse.create","level":"INFO","ts":"2026-10-06T23:14:58.705566422Z","instance":"remote-a-r1","service_name":"afs-node","name":"entry-0034.bin","parent":509}
{"msg":"FUSE request failed","level":"ERRO","ts":"2026-10-06T23:14:58.707681237Z","instance":"remote-a-r1","service_name":"afs-node","message":"No such file or directory (os error 2)","kind":"NotFound","code":67305473}
{"msg":"fuse.create","level":"INFO","ts":"2026-10-06T23:14:58.707698987Z","instance":"remote-a-r1","service_name":"afs-node","name":"entry-0035.bin","parent":509}
{"msg":"FUSE request failed","level":"ERRO","ts":"2026-10-06T23:14:58.710452879Z","instance":"remote-a-r1","service_name":"afs-node","message":"No such file or directory (os error 2)","kind":"NotFound","code":67305473}
{"msg":"fuse.create","level":"INFO","ts":"2026-10-06T23:14:58.710473337Z","instance":"remote-a-r1","service_name":"afs-node","name":"entry-0036.bin","parent":509}
{"msg":"FUSE request failed","level":"ERRO","ts":"2026-10-06T23:14:58.714498469Z","instance":"remote-a-r1","service_name":"afs-node","message":"No such file or directory (os error 2)","kind":"NotFound","code":67305473}
{"msg":"fuse.create","level":"INFO","ts":"2026-10-06T23:14:58.714515844Z","instance":"remote-a-r1","service_name":"afs-node","name":"entry-0037.bin","parent":509}
{"msg":"FUSE request failed","level":"ERRO","ts":"2026-10-06T23:14:58.717304402Z","instance":"remote-a-r1","service_name":"afs-node","message":"No such file or directory (os error 2)","kind":"NotFound","code":67305473}
{"msg":"fuse.create","level":"INFO","ts":"2026-10-06T23:14:58.717328527Z","instance":"remote-a-r1","service_name":"afs-node","name":"entry-0038.bin","parent":509}
{"msg":"FUSE request failed","level":"ERRO","ts":"2026-10-06T23:14:58.719526883Z","instance":"remote-a-r1","service_name":"afs-node","message":"No such file or directory (os error 2)","kind":"NotFound","code":67305473}
{"msg":"fuse.create","level":"INFO","ts":"2026-10-06T23:14:58.719544258Z","instance":"remote-a-r1","service_name":"afs-node","name":"entry-0039.bin","parent":509}
{"msg":"FUSE request failed","level":"ERRO","ts":"2026-10-06T23:14:58.722115277Z","instance":"remote-a-r1","service_name":"afs-node","message":"No such file or directory (os error 2)","kind":"NotFound","code":67305473}
{"msg":"fuse.create","level":"INFO","ts":"2026-10-06T23:14:58.722132527Z","instance":"remote-a-r1","service_name":"afs-node","name":"entry-0040.bin","parent":509}
{"msg":"FUSE request failed","level":"ERRO","ts":"2026-10-06T23:14:58.724797753Z","instance":"remote-a-r1","service_name":"afs-node","message":"No such file or directory (os error 2)","kind":"NotFound","code":67305473}
{"msg":"fuse.create","level":"INFO","ts":"2026-10-06T23:14:58.724825045Z","instance":"remote-a-r1","service_name":"afs-node","name":"entry-0041.bin","parent":509}
{"msg":"FUSE request failed","level":"ERRO","ts":"2026-10-06T23:14:58.727723144Z","instance":"remote-a-r1","service_name":"afs-node","message":"No such file or directory (os error 2)","kind":"NotFound","code":67305473}
{"msg":"fuse.create","level":"INFO","ts":"2026-10-06T23:14:58.727735019Z","instance":"remote-a-r1","service_name":"afs-node","name":"entry-0042.bin","parent":509}
{"msg":"FUSE request failed","level":"ERRO","ts":"2026-10-06T23:14:58.730023749Z","instance":"remote-a-r1","service_name":"afs-node","message":"No such file or directory (os error 2)","kind":"NotFound","code":67305473}
{"msg":"fuse.create","level":"INFO","ts":"2026-10-06T23:14:58.730045499Z","instance":"remote-a-r1","service_name":"afs-node","name":"entry-0043.bin","parent":509}
{"msg":"FUSE request failed","level":"ERRO","ts":"2026-10-06T23:14:58.733008139Z","instance":"remote-a-r1","service_name":"afs-node","message":"No such file or directory (os error 2)","kind":"NotFound","code":67305473}
{"msg":"fuse.create","level":"INFO","ts":"2026-10-06T23:14:58.733026514Z","instance":"remote-a-r1","service_name":"afs-node","name":"entry-0044.bin","parent":509}
{"msg":"FUSE request failed","level":"ERRO","ts":"2026-10-06T23:14:58.735775282Z","instance":"remote-a-r1","service_name":"afs-node","message":"No such file or directory (os error 2)","kind":"NotFound","code":67305473}
{"msg":"fuse.create","level":"INFO","ts":"2026-10-06T23:14:58.735815031Z","instance":"remote-a-r1","service_name":"afs-node","name":"entry-0045.bin","parent":509}
{"msg":"FUSE request failed","level":"ERRO","ts":"2026-10-06T23:14:58.738443967Z","instance":"remote-a-r1","service_name":"afs-node","message":"No such file or directory (os error 2)","kind":"NotFound","code":67305473}
{"msg":"fuse.create","level":"INFO","ts":"2026-10-06T23:14:58.738473716Z","instance":"remote-a-r1","service_name":"afs-node","name":"entry-0046.bin","parent":509}
{"msg":"FUSE request failed","level":"ERRO","ts":"2026-10-06T23:14:58.74067253Z","instance":"remote-a-r1","service_name":"afs-node","message":"No such file or directory (os error 2)","kind":"NotFound","code":67305473}
{"msg":"fuse.create","level":"INFO","ts":"2026-10-06T23:14:58.740682947Z","instance":"remote-a-r1","service_name":"afs-node","name":"entry-0047.bin","parent":509}
{"msg":"FUSE request failed","level":"ERRO","ts":"2026-10-06T23:14:58.743366715Z","instance":"remote-a-r1","service_name":"afs-node","message":"No such file or directory (os error 2)","kind":"NotFound","code":67305473}
{"msg":"fuse.create","level":"INFO","ts":"2026-10-06T23:14:58.743388048Z","instance":"remote-a-r1","service_name":"afs-node","name":"entry-0048.bin","parent":509}
{"msg":"FUSE request failed","level":"ERRO","ts":"2026-10-06T23:14:58.746270315Z","instance":"remote-a-r1","service_name":"afs-node","message":"No such file or directory (os error 2)","kind":"NotFound","code":67305473}
{"msg":"fuse.create","level":"INFO","ts":"2026-10-06T23:14:58.746290814Z","instance":"remote-a-r1","service_name":"afs-node","name":"entry-0049.bin","parent":509}
{"msg":"FUSE request failed","level":"ERRO","ts":"2026-10-06T23:14:58.748465754Z","instance":"remote-a-r1","service_name":"afs-node","message":"No such file or directory (os error 2)","kind":"NotFound","code":67305473}
{"msg":"fuse.create","level":"INFO","ts":"2026-10-06T23:14:58.748482879Z","instance":"remote-a-r1","service_name":"afs-node","name":"entry-0050.bin","parent":509}
{"msg":"FUSE request failed","level":"ERRO","ts":"2026-10-06T23:14:58.750626693Z","instance":"remote-a-r1","service_name":"afs-node","message":"No such file or directory (os error 2)","kind":"NotFound","code":67305473}
{"msg":"fuse.create","level":"INFO","ts":"2026-10-06T23:14:58.750645026Z","instance":"remote-a-r1","service_name":"afs-node","name":"entry-0051.bin","parent":509}
{"msg":"FUSE request failed","level":"ERRO","ts":"2026-10-06T23:14:58.75328592Z","instance":"remote-a-r1","service_name":"afs-node","message":"No such file or directory (os error 2)","kind":"NotFound","code":67305473}
{"msg":"fuse.create","level":"INFO","ts":"2026-10-06T23:14:58.753305628Z","instance":"remote-a-r1","service_name":"afs-node","name":"entry-0052.bin","parent":509}
{"msg":"FUSE request failed","level":"ERRO","ts":"2026-10-06T23:14:58.755504984Z","instance":"remote-a-r1","service_name":"afs-node","message":"No such file or directory (os error 2)","kind":"NotFound","code":67305473}
{"msg":"fuse.create","level":"INFO","ts":"2026-10-06T23:14:58.755534358Z","instance":"remote-a-r1","service_name":"afs-node","name":"entry-0053.bin","parent":509}
{"msg":"FUSE request failed","level":"ERRO","ts":"2026-10-06T23:14:58.758225668Z","instance":"remote-a-r1","service_name":"afs-node","message":"No such file or directory (os error 2)","kind":"NotFound","code":67305473}
{"msg":"fuse.create","level":"INFO","ts":"2026-10-06T23:14:58.758250293Z","instance":"remote-a-r1","service_name":"afs-node","name":"entry-0054.bin","parent":509}
{"msg":"FUSE request failed","level":"ERRO","ts":"2026-10-06T23:14:58.760989852Z","instance":"remote-a-r1","service_name":"afs-node","message":"No such file or directory (os error 2)","kind":"NotFound","code":67305473}
{"msg":"fuse.create","level":"INFO","ts":"2026-10-06T23:14:58.761008894Z","instance":"remote-a-r1","service_name":"afs-node","name":"entry-0055.bin","parent":509}
{"msg":"FUSE request failed","level":"ERRO","ts":"2026-10-06T23:14:58.763379331Z","instance":"remote-a-r1","service_name":"afs-node","message":"No such file or directory (os error 2)","kind":"NotFound","code":67305473}
{"msg":"fuse.create","level":"INFO","ts":"2026-10-06T23:14:58.763393914Z","instance":"remote-a-r1","service_name":"afs-node","name":"entry-0056.bin","parent":509}
{"msg":"FUSE request failed","level":"ERRO","ts":"2026-10-06T23:14:58.765938767Z","instance":"remote-a-r1","service_name":"afs-node","message":"No such file or directory (os error 2)","kind":"NotFound","code":67305473}
{"msg":"fuse.create","level":"INFO","ts":"2026-10-06T23:14:58.76595485Z","instance":"remote-a-r1","service_name":"afs-node","name":"entry-0057.bin","parent":509}
{"msg":"FUSE request failed","level":"ERRO","ts":"2026-10-06T23:14:58.768265538Z","instance":"remote-a-r1","service_name":"afs-node","message":"No such file or directory (os error 2)","kind":"NotFound","code":67305473}
{"msg":"fuse.create","level":"INFO","ts":"2026-10-06T23:14:58.768291371Z","instance":"remote-a-r1","service_name":"afs-node","name":"entry-0058.bin","parent":509}
{"msg":"FUSE request failed","level":"ERRO","ts":"2026-10-06T23:14:58.770660017Z","instance":"remote-a-r1","service_name":"afs-node","message":"No such file or directory (os error 2)","kind":"NotFound","code":67305473}
{"msg":"fuse.create","level":"INFO","ts":"2026-10-06T23:14:58.770680142Z","instance":"remote-a-r1","service_name":"afs-node","name":"entry-0059.bin","parent":509}
{"msg":"FUSE request failed","level":"ERRO","ts":"2026-10-06T23:14:58.772870623Z","instance":"remote-a-r1","service_name":"afs-node","message":"No such file or directory (os error 2)","kind":"NotFound","code":67305473}
{"msg":"fuse.create","level":"INFO","ts":"2026-10-06T23:14:58.772892123Z","instance":"remote-a-r1","service_name":"afs-node","name":"entry-0060.bin","parent":509}
{"msg":"FUSE request failed","level":"ERRO","ts":"2026-10-06T23:14:58.775588807Z","instance":"remote-a-r1","service_name":"afs-node","message":"No such file or directory (os error 2)","kind":"NotFound","code":67305473}
{"msg":"fuse.create","level":"INFO","ts":"2026-10-06T23:14:58.775610557Z","instance":"remote-a-r1","service_name":"afs-node","name":"entry-0061.bin","parent":509}
{"msg":"FUSE request failed","level":"ERRO","ts":"2026-10-06T23:14:58.778000119Z","instance":"remote-a-r1","service_name":"afs-node","message":"No such file or directory (os error 2)","kind":"NotFound","code":67305473}
{"msg":"fuse.create","level":"INFO","ts":"2026-10-06T23:14:58.778022994Z","instance":"remote-a-r1","service_name":"afs-node","name":"entry-0062.bin","parent":509}
{"msg":"FUSE request failed","level":"ERRO","ts":"2026-10-06T23:14:58.780926844Z","instance":"remote-a-r1","service_name":"afs-node","message":"No such file or directory (os error 2)","kind":"NotFound","code":67305473}
{"msg":"fuse.create","level":"INFO","ts":"2026-10-06T23:14:58.780950635Z","instance":"remote-a-r1","service_name":"afs-node","name":"entry-0063.bin","parent":509}
{"msg":"FUSE request failed","level":"ERRO","ts":"2026-10-06T23:14:58.78338653Z","instance":"remote-a-r1","service_name":"afs-node","message":"No such file or directory (os error 2)","kind":"NotFound","code":67305473}
{"msg":"fuse.create","level":"INFO","ts":"2026-10-06T23:14:58.78342203Z","instance":"remote-a-r1","service_name":"afs-node","name":"entry-0064.bin","parent":509}
{"msg":"FUSE request failed","level":"ERRO","ts":"2026-10-06T23:14:58.785898925Z","instance":"remote-a-r1","service_name":"afs-node","message":"No such file or directory (os error 2)","kind":"NotFound","code":67305473}
{"msg":"fuse.create","level":"INFO","ts":"2026-10-06T23:14:58.785924633Z","instance":"remote-a-r1","service_name":"afs-node","name":"entry-0065.bin","parent":509}
{"msg":"FUSE request failed","level":"ERRO","ts":"2026-10-06T23:14:58.788257488Z","instance":"remote-a-r1","service_name":"afs-node","message":"No such file or directory (os error 2)","kind":"NotFound","code":67305473}
{"msg":"fuse.create","level":"INFO","ts":"2026-10-06T23:14:58.788272529Z","instance":"remote-a-r1","service_name":"afs-node","name":"entry-0066.bin","parent":509}
{"msg":"FUSE request failed","level":"ERRO","ts":"2026-10-06T23:14:58.790632175Z","instance":"remote-a-r1","service_name":"afs-node","message":"No such file or directory (os error 2)","kind":"NotFound","code":67305473}
{"msg":"fuse.create","level":"INFO","ts":"2026-10-06T23:14:58.790654967Z","instance":"remote-a-r1","service_name":"afs-node","name":"entry-0067.bin","parent":509}
{"msg":"FUSE request failed","level":"ERRO","ts":"2026-10-06T23:14:58.793274444Z","instance":"remote-a-r1","service_name":"afs-node","message":"No such file or directory (os error 2)","kind":"NotFound","code":67305473}
{"msg":"fuse.create","level":"INFO","ts":"2026-10-06T23:14:58.793291568Z","instance":"remote-a-r1","service_name":"afs-node","name":"entry-0068.bin","parent":509}
{"msg":"FUSE request failed","level":"ERRO","ts":"2026-10-06T23:14:58.795663631Z","instance":"remote-a-r1","service_name":"afs-node","message":"No such file or directory (os error 2)","kind":"NotFound","code":67305473}
{"msg":"fuse.create","level":"INFO","ts":"2026-10-06T23:14:58.795683131Z","instance":"remote-a-r1","service_name":"afs-node","name":"entry-0069.bin","parent":509}
{"msg":"FUSE request failed","level":"ERRO","ts":"2026-10-06T23:14:58.79803461Z","instance":"remote-a-r1","service_name":"afs-node","message":"No such file or directory (os error 2)","kind":"NotFound","code":67305473}
{"msg":"fuse.create","level":"INFO","ts":"2026-10-06T23:14:58.79803686Z","instance":"remote-a-r1","service_name":"afs-node","name":"entry-0070.bin","parent":509}
{"msg":"FUSE request failed","level":"ERRO","ts":"2026-10-06T23:14:58.800071051Z","instance":"remote-a-r1","service_name":"afs-node","message":"No such file or directory (os error 2)","kind":"NotFound","code":67305473}
{"msg":"fuse.create","level":"INFO","ts":"2026-10-06T23:14:58.80009855Z","instance":"remote-a-r1","service_name":"afs-node","name":"entry-0071.bin","parent":509}
{"msg":"FUSE request failed","level":"ERRO","ts":"2026-10-06T23:14:58.802203032Z","instance":"remote-a-r1","service_name":"afs-node","message":"No such file or directory (os error 2)","kind":"NotFound","code":67305473}
{"msg":"fuse.create","level":"INFO","ts":"2026-10-06T23:14:58.802219823Z","instance":"remote-a-r1","service_name":"afs-node","name":"entry-0072.bin","parent":509}
{"msg":"FUSE request failed","level":"ERRO","ts":"2026-10-06T23:14:58.804590469Z","instance":"remote-a-r1","service_name":"afs-node","message":"No such file or directory (os error 2)","kind":"NotFound","code":67305473}
{"msg":"fuse.create","level":"INFO","ts":"2026-10-06T23:14:58.804605594Z","instance":"remote-a-r1","service_name":"afs-node","name":"entry-0073.bin","parent":509}
{"msg":"FUSE request failed","level":"ERRO","ts":"2026-10-06T23:14:58.806986156Z","instance":"remote-a-r1","service_name":"afs-node","message":"No such file or directory (os error 2)","kind":"NotFound","code":67305473}
{"msg":"fuse.create","level":"INFO","ts":"2026-10-06T23:14:58.806995948Z","instance":"remote-a-r1","service_name":"afs-node","name":"entry-0074.bin","parent":509}
{"msg":"FUSE request failed","level":"ERRO","ts":"2026-10-06T23:14:58.809616342Z","instance":"remote-a-r1","service_name":"afs-node","message":"No such file or directory (os error 2)","kind":"NotFound","code":67305473}
{"msg":"fuse.create","level":"INFO","ts":"2026-10-06T23:14:58.809631633Z","instance":"remote-a-r1","service_name":"afs-node","name":"entry-0075.bin","parent":509}
{"msg":"FUSE request failed","level":"ERRO","ts":"2026-10-06T23:14:58.811777698Z","instance":"remote-a-r1","service_name":"afs-node","message":"No such file or directory (os error 2)","kind":"NotFound","code":67305473}
{"msg":"fuse.create","level":"INFO","ts":"2026-10-06T23:14:58.811793489Z","instance":"remote-a-r1","service_name":"afs-node","name":"entry-0076.bin","parent":509}
{"msg":"FUSE request failed","level":"ERRO","ts":"2026-10-06T23:14:58.814137969Z","instance":"remote-a-r1","service_name":"afs-node","message":"No such file or directory (os error 2)","kind":"NotFound","code":67305473}
{"msg":"fuse.create","level":"INFO","ts":"2026-10-06T23:14:58.814154385Z","instance":"remote-a-r1","service_name":"afs-node","name":"entry-0077.bin","parent":509}
{"msg":"FUSE request failed","level":"ERRO","ts":"2026-10-06T23:14:58.816285616Z","instance":"remote-a-r1","service_name":"afs-node","message":"No such file or directory (os error 2)","kind":"NotFound","code":67305473}
{"msg":"fuse.create","level":"INFO","ts":"2026-10-06T23:14:58.816302408Z","instance":"remote-a-r1","service_name":"afs-node","name":"entry-0078.bin","parent":509}
{"msg":"FUSE request failed","level":"ERRO","ts":"2026-10-06T23:14:58.818938551Z","instance":"remote-a-r1","service_name":"afs-node","message":"No such file or directory (os error 2)","kind":"NotFound","code":67305473}
{"msg":"fuse.create","level":"INFO","ts":"2026-10-06T23:14:58.818960051Z","instance":"remote-a-r1","service_name":"afs-node","name":"entry-0079.bin","parent":509}
{"msg":"FUSE request failed","level":"ERRO","ts":"2026-10-06T23:14:58.821682444Z","instance":"remote-a-r1","service_name":"afs-node","message":"No such file or directory (os error 2)","kind":"NotFound","code":67305473}
{"msg":"fuse.create","level":"INFO","ts":"2026-10-06T23:14:58.821693152Z","instance":"remote-a-r1","service_name":"afs-node","name":"entry-0080.bin","parent":509}
{"msg":"FUSE request failed","level":"ERRO","ts":"2026-10-06T23:14:58.8238643Z","instance":"remote-a-r1","service_name":"afs-node","message":"No such file or directory (os error 2)","kind":"NotFound","code":67305473}
{"msg":"fuse.create","level":"INFO","ts":"2026-10-06T23:14:58.823879258Z","instance":"remote-a-r1","service_name":"afs-node","name":"entry-0081.bin","parent":509}
{"msg":"FUSE request failed","level":"ERRO","ts":"2026-10-06T23:14:58.82628282Z","instance":"remote-a-r1","service_name":"afs-node","message":"No such file or directory (os error 2)","kind":"NotFound","code":67305473}
{"msg":"fuse.create","level":"INFO","ts":"2026-10-06T23:14:58.826298154Z","instance":"remote-a-r1","service_name":"afs-node","name":"entry-0082.bin","parent":509}
{"msg":"FUSE request failed","level":"ERRO","ts":"2026-10-06T23:14:58.828606133Z","instance":"remote-a-r1","service_name":"afs-node","message":"No such file or directory (os error 2)","kind":"NotFound","code":67305473}
{"msg":"fuse.create","level":"INFO","ts":"2026-10-06T23:14:58.828626008Z","instance":"remote-a-r1","service_name":"afs-node","name":"entry-0083.bin","parent":509}
{"msg":"FUSE request failed","level":"ERRO","ts":"2026-10-06T23:14:58.831060028Z","instance":"remote-a-r1","service_name":"afs-node","message":"No such file or directory (os error 2)","kind":"NotFound","code":67305473}
{"msg":"fuse.create","level":"INFO","ts":"2026-10-06T23:14:58.831074653Z","instance":"remote-a-r1","service_name":"afs-node","name":"entry-0084.bin","parent":509}
{"msg":"FUSE request failed","level":"ERRO","ts":"2026-10-06T23:14:58.833551215Z","instance":"remote-a-r1","service_name":"afs-node","message":"No such file or directory (os error 2)","kind":"NotFound","code":67305473}
{"msg":"fuse.create","level":"INFO","ts":"2026-10-06T23:14:58.833589423Z","instance":"remote-a-r1","service_name":"afs-node","name":"entry-0085.bin","parent":509}
{"msg":"FUSE request failed","level":"ERRO","ts":"2026-10-06T23:14:58.835695279Z","instance":"remote-a-r1","service_name":"afs-node","message":"No such file or directory (os error 2)","kind":"NotFound","code":67305473}
{"msg":"fuse.create","level":"INFO","ts":"2026-10-06T23:14:58.835710404Z","instance":"remote-a-r1","service_name":"afs-node","name":"entry-0086.bin","parent":509}
{"msg":"FUSE request failed","level":"ERRO","ts":"2026-10-06T23:14:58.838296131Z","instance":"remote-a-r1","service_name":"afs-node","message":"No such file or directory (os error 2)","kind":"NotFound","code":67305473}
{"msg":"fuse.create","level":"INFO","ts":"2026-10-06T23:14:58.838312465Z","instance":"remote-a-r1","service_name":"afs-node","name":"entry-0087.bin","parent":509}
{"msg":"FUSE request failed","level":"ERRO","ts":"2026-10-06T23:14:58.84076711Z","instance":"remote-a-r1","service_name":"afs-node","message":"No such file or directory (os error 2)","kind":"NotFound","code":67305473}
{"msg":"fuse.create","level":"INFO","ts":"2026-10-06T23:14:58.84078336Z","instance":"remote-a-r1","service_name":"afs-node","name":"entry-0088.bin","parent":509}
{"msg":"FUSE request failed","level":"ERRO","ts":"2026-10-06T23:14:58.843177255Z","instance":"remote-a-r1","service_name":"afs-node","message":"No such file or directory (os error 2)","kind":"NotFound","code":67305473}
{"msg":"fuse.create","level":"INFO","ts":"2026-10-06T23:14:58.843191797Z","instance":"remote-a-r1","service_name":"afs-node","name":"entry-0089.bin","parent":509}
{"msg":"FUSE request failed","level":"ERRO","ts":"2026-10-06T23:14:58.845343486Z","instance":"remote-a-r1","service_name":"afs-node","message":"No such file or directory (os error 2)","kind":"NotFound","code":67305473}
{"msg":"fuse.create","level":"INFO","ts":"2026-10-06T23:14:58.845366236Z","instance":"remote-a-r1","service_name":"afs-node","name":"entry-0090.bin","parent":509}
{"msg":"FUSE request failed","level":"ERRO","ts":"2026-10-06T23:14:58.848069046Z","instance":"remote-a-r1","service_name":"afs-node","message":"No such file or directory (os error 2)","kind":"NotFound","code":67305473}
{"msg":"fuse.create","level":"INFO","ts":"2026-10-06T23:14:58.848098837Z","instance":"remote-a-r1","service_name":"afs-node","name":"entry-0091.bin","parent":509}
{"msg":"FUSE request failed","level":"ERRO","ts":"2026-10-06T23:14:58.850919187Z","instance":"remote-a-r1","service_name":"afs-node","message":"No such file or directory (os error 2)","kind":"NotFound","code":67305473}
{"msg":"fuse.create","level":"INFO","ts":"2026-10-06T23:14:58.850937687Z","instance":"remote-a-r1","service_name":"afs-node","name":"entry-0092.bin","parent":509}
{"msg":"FUSE request failed","level":"ERRO","ts":"2026-10-06T23:14:58.853332416Z","instance":"remote-a-r1","service_name":"afs-node","message":"No such file or directory (os error 2)","kind":"NotFound","code":67305473}
{"msg":"fuse.create","level":"INFO","ts":"2026-10-06T23:14:58.853360999Z","instance":"remote-a-r1","service_name":"afs-node","name":"entry-0093.bin","parent":509}
{"msg":"FUSE request failed","level":"ERRO","ts":"2026-10-06T23:14:58.855611938Z","instance":"remote-a-r1","service_name":"afs-node","message":"No such file or directory (os error 2)","kind":"NotFound","code":67305473}
{"msg":"fuse.create","level":"INFO","ts":"2026-10-06T23:14:58.855632479Z","instance":"remote-a-r1","service_name":"afs-node","name":"entry-0094.bin","parent":509}
{"msg":"FUSE request failed","level":"ERRO","ts":"2026-10-06T23:14:58.857731461Z","instance":"remote-a-r1","service_name":"afs-node","message":"No such file or directory (os error 2)","kind":"NotFound","code":67305473}
{"msg":"fuse.create","level":"INFO","ts":"2026-10-06T23:14:58.857744461Z","instance":"remote-a-r1","service_name":"afs-node","name":"entry-0095.bin","parent":509}
{"msg":"FUSE request failed","level":"ERRO","ts":"2026-10-06T23:14:58.86011469Z","instance":"remote-a-r1","service_name":"afs-node","message":"No such file or directory (os error 2)","kind":"NotFound","code":67305473}
{"msg":"fuse.create","level":"INFO","ts":"2026-10-06T23:14:58.860135231Z","instance":"remote-a-r1","service_name":"afs-node","name":"entry-0096.bin","parent":509}
{"msg":"FUSE request failed","level":"ERRO","ts":"2026-10-06T23:14:58.862265921Z","instance":"remote-a-r1","service_name":"afs-node","message":"No such file or directory (os error 2)","kind":"NotFound","code":67305473}
{"msg":"fuse.create","level":"INFO","ts":"2026-10-06T23:14:58.862278213Z","instance":"remote-a-r1","service_name":"afs-node","name":"entry-0097.bin","parent":509}
{"msg":"FUSE request failed","level":"ERRO","ts":"2026-10-06T23:14:58.864757566Z","instance":"remote-a-r1","service_name":"afs-node","message":"No such file or directory (os error 2)","kind":"NotFound","code":67305473}
{"msg":"fuse.create","level":"INFO","ts":"2026-10-06T23:14:58.864764649Z","instance":"remote-a-r1","service_name":"afs-node","name":"entry-0098.bin","parent":509}
{"msg":"FUSE request failed","level":"ERRO","ts":"2026-10-06T23:14:58.866904797Z","instance":"remote-a-r1","service_name":"afs-node","message":"No such file or directory (os error 2)","kind":"NotFound","code":67305473}
{"msg":"fuse.create","level":"INFO","ts":"2026-10-06T23:14:58.866920713Z","instance":"remote-a-r1","service_name":"afs-node","name":"entry-0099.bin","parent":509}
{"msg":"[Not Implemented] ioctl(ino: 0x1fe, fh: 1117, flags: 0, cmd: 21505, in_data.len(): 0, out_size: 0)","level":"WARN","ts":"2026-10-06T23:14:58.870348308Z","instance":"remote-a-r1","service_name":"afs-node"}
{"msg":"[Not Implemented] ioctl(ino: 0x1ff, fh: 1118, flags: 0, cmd: 21505, in_data.len(): 0, out_size: 0)","level":"WARN","ts":"2026-10-06T23:14:58.872003585Z","instance":"remote-a-r1","service_name":"afs-node"}
{"msg":"[Not Implemented] ioctl(ino: 0x200, fh: 1119, flags: 0, cmd: 21505, in_data.len(): 0, out_size: 0)","level":"WARN","ts":"2026-10-06T23:14:58.873579572Z","instance":"remote-a-r1","service_name":"afs-node"}
{"msg":"[Not Implemented] ioctl(ino: 0x201, fh: 1120, flags: 0, cmd: 21505, in_data.len(): 0, out_size: 0)","level":"WARN","ts":"2026-10-06T23:14:58.875269348Z","instance":"remote-a-r1","service_name":"afs-node"}
{"msg":"[Not Implemented] ioctl(ino: 0x202, fh: 1121, flags: 0, cmd: 21505, in_data.len(): 0, out_size: 0)","level":"WARN","ts":"2026-10-06T23:14:58.877110582Z","instance":"remote-a-r1","service_name":"afs-node"}
{"msg":"[Not Implemented] ioctl(ino: 0x203, fh: 1122, flags: 0, cmd: 21505, in_data.len(): 0, out_size: 0)","level":"WARN","ts":"2026-10-06T23:14:58.878803401Z","instance":"remote-a-r1","service_name":"afs-node"}
{"msg":"[Not Implemented] ioctl(ino: 0x204, fh: 1123, flags: 0, cmd: 21505, in_data.len(): 0, out_size: 0)","level":"WARN","ts":"2026-10-06T23:14:58.880658759Z","instance":"remote-a-r1","service_name":"afs-node"}
{"msg":"[Not Implemented] ioctl(ino: 0x205, fh: 1124, flags: 0, cmd: 21505, in_data.len(): 0, out_size: 0)","level":"WARN","ts":"2026-10-06T23:14:58.882627659Z","instance":"remote-a-r1","service_name":"afs-node"}
{"msg":"[Not Implemented] ioctl(ino: 0x206, fh: 1125, flags: 0, cmd: 21505, in_data.len(): 0, out_size: 0)","level":"WARN","ts":"2026-10-06T23:14:58.884667599Z","instance":"remote-a-r1","service_name":"afs-node"}
{"msg":"[Not Implemented] ioctl(ino: 0x207, fh: 1126, flags: 0, cmd: 21505, in_data.len(): 0, out_size: 0)","level":"WARN","ts":"2026-10-06T23:14:58.886531125Z","instance":"remote-a-r1","service_name":"afs-node"}
{"msg":"[Not Implemented] ioctl(ino: 0x208, fh: 1127, flags: 0, cmd: 21505, in_data.len(): 0, out_size: 0)","level":"WARN","ts":"2026-10-06T23:14:58.88851444Z","instance":"remote-a-r1","service_name":"afs-node"}
{"msg":"[Not Implemented] ioctl(ino: 0x209, fh: 1128, flags: 0, cmd: 21505, in_data.len(): 0, out_size: 0)","level":"WARN","ts":"2026-10-06T23:14:58.890523089Z","instance":"remote-a-r1","service_name":"afs-node"}
{"msg":"[Not Implemented] ioctl(ino: 0x20a, fh: 1129, flags: 0, cmd: 21505, in_data.len(): 0, out_size: 0)","level":"WARN","ts":"2026-10-06T23:14:58.892441198Z","instance":"remote-a-r1","service_name":"afs-node"}
{"msg":"[Not Implemented] ioctl(ino: 0x20b, fh: 1130, flags: 0, cmd: 21505, in_data.len(): 0, out_size: 0)","level":"WARN","ts":"2026-10-06T23:14:58.894289806Z","instance":"remote-a-r1","service_name":"afs-node"}
{"msg":"[Not Implemented] ioctl(ino: 0x20c, fh: 1131, flags: 0, cmd: 21505, in_data.len(): 0, out_size: 0)","level":"WARN","ts":"2026-10-06T23:14:58.896246498Z","instance":"remote-a-r1","service_name":"afs-node"}
{"msg":"[Not Implemented] ioctl(ino: 0x20d, fh: 1132, flags: 0, cmd: 21505, in_data.len(): 0, out_size: 0)","level":"WARN","ts":"2026-10-06T23:14:58.898136106Z","instance":"remote-a-r1","service_name":"afs-node"}
{"msg":"[Not Implemented] ioctl(ino: 0x20e, fh: 1133, flags: 0, cmd: 21505, in_data.len(): 0, out_size: 0)","level":"WARN","ts":"2026-10-06T23:14:58.90015438Z","instance":"remote-a-r1","service_name":"afs-node"}
{"msg":"[Not Implemented] ioctl(ino: 0x20f, fh: 1134, flags: 0, cmd: 21505, in_data.len(): 0, out_size: 0)","level":"WARN","ts":"2026-10-06T23:14:58.90209428Z","instance":"remote-a-r1","service_name":"afs-node"}
{"msg":"[Not Implemented] ioctl(ino: 0x210, fh: 1135, flags: 0, cmd: 21505, in_data.len(): 0, out_size: 0)","level":"WARN","ts":"2026-10-06T23:14:58.903999638Z","instance":"remote-a-r1","service_name":"afs-node"}
{"msg":"[Not Implemented] ioctl(ino: 0x211, fh: 1136, flags: 0, cmd: 21505, in_data.len(): 0, out_size: 0)","level":"WARN","ts":"2026-10-06T23:14:58.906127911Z","instance":"remote-a-r1","service_name":"afs-node"}
{"msg":"[Not Implemented] ioctl(ino: 0x212, fh: 1137, flags: 0, cmd: 21505, in_data.len(): 0, out_size: 0)","level":"WARN","ts":"2026-10-06T23:14:58.908101102Z","instance":"remote-a-r1","service_name":"afs-node"}
{"msg":"[Not Implemented] ioctl(ino: 0x213, fh: 1138, flags: 0, cmd: 21505, in_data.len(): 0, out_size: 0)","level":"WARN","ts":"2026-10-06T23:14:58.910337374Z","instance":"remote-a-r1","service_name":"afs-node"}
{"msg":"[Not Implemented] ioctl(ino: 0x214, fh: 1139, flags: 0, cmd: 21505, in_data.len(): 0, out_size: 0)","level":"WARN","ts":"2026-10-06T23:14:58.912520771Z","instance":"remote-a-r1","service_name":"afs-node"}
{"msg":"[Not Implemented] ioctl(ino: 0x215, fh: 1140, flags: 0, cmd: 21505, in_data.len(): 0, out_size: 0)","level":"WARN","ts":"2026-10-06T23:14:58.91479596Z","instance":"remote-a-r1","service_name":"afs-node"}
{"msg":"[Not Implemented] ioctl(ino: 0x216, fh: 1141, flags: 0, cmd: 21505, in_data.len(): 0, out_size: 0)","level":"WARN","ts":"2026-10-06T23:14:58.916959816Z","instance":"remote-a-r1","service_name":"afs-node"}
{"msg":"[Not Implemented] ioctl(ino: 0x217, fh: 1142, flags: 0, cmd: 21505, in_data.len(): 0, out_size: 0)","level":"WARN","ts":"2026-10-06T23:14:58.919036006Z","instance":"remote-a-r1","service_name":"afs-node"}
{"msg":"[Not Implemented] ioctl(ino: 0x218, fh: 1143, flags: 0, cmd: 21505, in_data.len(): 0, out_size: 0)","level":"WARN","ts":"2026-10-06T23:14:58.921109988Z","instance":"remote-a-r1","service_name":"afs-node"}
{"msg":"[Not Implemented] ioctl(ino: 0x219, fh: 1144, flags: 0, cmd: 21505, in_data.len(): 0, out_size: 0)","level":"WARN","ts":"2026-10-06T23:14:58.923257594Z","instance":"remote-a-r1","service_name":"afs-node"}
{"msg":"[Not Implemented] ioctl(ino: 0x21a, fh: 1145, flags: 0, cmd: 21505, in_data.len(): 0, out_size: 0)","level":"WARN","ts":"2026-10-06T23:14:58.925314451Z","instance":"remote-a-r1","service_name":"afs-node"}
{"msg":"[Not Implemented] ioctl(ino: 0x21b, fh: 1146, flags: 0, cmd: 21505, in_data.len(): 0, out_size: 0)","level":"WARN","ts":"2026-10-06T23:14:58.927415599Z","instance":"remote-a-r1","service_name":"afs-node"}
{"msg":"[Not Implemented] ioctl(ino: 0x21c, fh: 1147, flags: 0, cmd: 21505, in_data.len(): 0, out_size: 0)","level":"WARN","ts":"2026-10-06T23:14:58.929491247Z","instance":"remote-a-r1","service_name":"afs-node"}
{"msg":"[Not Implemented] ioctl(ino: 0x21d, fh: 1148, flags: 0, cmd: 21505, in_data.len(): 0, out_size: 0)","level":"WARN","ts":"2026-10-06T23:14:58.93162852Z","instance":"remote-a-r1","service_name":"afs-node"}
{"msg":"[Not Implemented] ioctl(ino: 0x21e, fh: 1149, flags: 0, cmd: 21505, in_data.len(): 0, out_size: 0)","level":"WARN","ts":"2026-10-06T23:14:58.933795251Z","instance":"remote-a-r1","service_name":"afs-node"}
{"msg":"[Not Implemented] ioctl(ino: 0x21f, fh: 1150, flags: 0, cmd: 21505, in_data.len(): 0, out_size: 0)","level":"WARN","ts":"2026-10-06T23:14:58.936024023Z","instance":"remote-a-r1","service_name":"afs-node"}
{"msg":"[Not Implemented] ioctl(ino: 0x220, fh: 1151, flags: 0, cmd: 21505, in_data.len(): 0, out_size: 0)","level":"WARN","ts":"2026-10-06T23:14:58.938215462Z","instance":"remote-a-r1","service_name":"afs-node"}
{"msg":"[Not Implemented] ioctl(ino: 0x221, fh: 1152, flags: 0, cmd: 21505, in_data.len(): 0, out_size: 0)","level":"WARN","ts":"2026-10-06T23:14:58.940226945Z","instance":"remote-a-r1","service_name":"afs-node"}
{"msg":"[Not Implemented] ioctl(ino: 0x222, fh: 1153, flags: 0, cmd: 21505, in_data.len(): 0, out_size: 0)","level":"WARN","ts":"2026-10-06T23:14:58.942260177Z","instance":"remote-a-r1","service_name":"afs-node"}
{"msg":"[Not Implemented] ioctl(ino: 0x223, fh: 1154, flags: 0, cmd: 21505, in_data.len(): 0, out_size: 0)","level":"WARN","ts":"2026-10-06T23:14:58.944319325Z","instance":"remote-a-r1","service_name":"afs-node"}
{"msg":"[Not Implemented] ioctl(ino: 0x224, fh: 1155, flags: 0, cmd: 21505, in_data.len(): 0, out_size: 0)","level":"WARN","ts":"2026-10-06T23:14:58.946432723Z","instance":"remote-a-r1","service_name":"afs-node"}
{"msg":"[Not Implemented] ioctl(ino: 0x225, fh: 1156, flags: 0, cmd: 21505, in_data.len(): 0, out_size: 0)","level":"WARN","ts":"2026-10-06T23:14:58.948524705Z","instance":"remote-a-r1","service_name":"afs-node"}
{"msg":"[Not Implemented] ioctl(ino: 0x226, fh: 1157, flags: 0, cmd: 21505, in_data.len(): 0, out_size: 0)","level":"WARN","ts":"2026-10-06T23:14:58.950444647Z","instance":"remote-a-r1","service_name":"afs-node"}
{"msg":"[Not Implemented] ioctl(ino: 0x227, fh: 1158, flags: 0, cmd: 21505, in_data.len(): 0, out_size: 0)","level":"WARN","ts":"2026-10-06T23:14:58.952500295Z","instance":"remote-a-r1","service_name":"afs-node"}
{"msg":"[Not Implemented] ioctl(ino: 0x228, fh: 1159, flags: 0, cmd: 21505, in_data.len(): 0, out_size: 0)","level":"WARN","ts":"2026-10-06T23:14:58.954434862Z","instance":"remote-a-r1","service_name":"afs-node"}
{"msg":"[Not Implemented] ioctl(ino: 0x229, fh: 1160, flags: 0, cmd: 21505, in_data.len(): 0, out_size: 0)","level":"WARN","ts":"2026-10-06T23:14:58.956598676Z","instance":"remote-a-r1","service_name":"afs-node"}
{"msg":"[Not Implemented] ioctl(ino: 0x22a, fh: 1161, flags: 0, cmd: 21505, in_data.len(): 0, out_size: 0)","level":"WARN","ts":"2026-10-06T23:14:58.958799948Z","instance":"remote-a-r1","service_name":"afs-node"}
{"msg":"[Not Implemented] ioctl(ino: 0x22b, fh: 1162, flags: 0, cmd: 21505, in_data.len(): 0, out_size: 0)","level":"WARN","ts":"2026-10-06T23:14:58.960909305Z","instance":"remote-a-r1","service_name":"afs-node"}
{"msg":"[Not Implemented] ioctl(ino: 0x22c, fh: 1163, flags: 0, cmd: 21505, in_data.len(): 0, out_size: 0)","level":"WARN","ts":"2026-10-06T23:14:58.963074036Z","instance":"remote-a-r1","service_name":"afs-node"}
{"msg":"[Not Implemented] ioctl(ino: 0x22d, fh: 1164, flags: 0, cmd: 21505, in_data.len(): 0, out_size: 0)","level":"WARN","ts":"2026-10-06T23:14:58.965184059Z","instance":"remote-a-r1","service_name":"afs-node"}
{"msg":"[Not Implemented] ioctl(ino: 0x22e, fh: 1165, flags: 0, cmd: 21505, in_data.len(): 0, out_size: 0)","level":"WARN","ts":"2026-10-06T23:14:58.967373456Z","instance":"remote-a-r1","service_name":"afs-node"}
{"msg":"[Not Implemented] ioctl(ino: 0x22f, fh: 1166, flags: 0, cmd: 21505, in_data.len(): 0, out_size: 0)","level":"WARN","ts":"2026-10-06T23:14:58.969483896Z","instance":"remote-a-r1","service_name":"afs-node"}
{"msg":"[Not Implemented] ioctl(ino: 0x230, fh: 1167, flags: 0, cmd: 21505, in_data.len(): 0, out_size: 0)","level":"WARN","ts":"2026-10-06T23:14:58.971580128Z","instance":"remote-a-r1","service_name":"afs-node"}
{"msg":"[Not Implemented] ioctl(ino: 0x231, fh: 1168, flags: 0, cmd: 21505, in_data.len(): 0, out_size: 0)","level":"WARN","ts":"2026-10-06T23:14:58.973824483Z","instance":"remote-a-r1","service_name":"afs-node"}
{"msg":"[Not Implemented] ioctl(ino: 0x232, fh: 1169, flags: 0, cmd: 21505, in_data.len(): 0, out_size: 0)","level":"WARN","ts":"2026-10-06T23:14:58.976080505Z","instance":"remote-a-r1","service_name":"afs-node"}
{"msg":"[Not Implemented] ioctl(ino: 0x233, fh: 1170, flags: 0, cmd: 21505, in_data.len(): 0, out_size: 0)","level":"WARN","ts":"2026-10-06T23:14:58.978214361Z","instance":"remote-a-r1","service_name":"afs-node"}
{"msg":"[Not Implemented] ioctl(ino: 0x234, fh: 1171, flags: 0, cmd: 21505, in_data.len(): 0, out_size: 0)","level":"WARN","ts":"2026-10-06T23:14:58.980481008Z","instance":"remote-a-r1","service_name":"afs-node"}
{"msg":"[Not Implemented] ioctl(ino: 0x235, fh: 1172, flags: 0, cmd: 21505, in_data.len(): 0, out_size: 0)","level":"WARN","ts":"2026-10-06T23:14:58.982610656Z","instance":"remote-a-r1","service_name":"afs-node"}
{"msg":"[Not Implemented] ioctl(ino: 0x236, fh: 1173, flags: 0, cmd: 21505, in_data.len(): 0, out_size: 0)","level":"WARN","ts":"2026-10-06T23:14:58.984979802Z","instance":"remote-a-r1","service_name":"afs-node"}
{"msg":"[Not Implemented] ioctl(ino: 0x237, fh: 1174, flags: 0, cmd: 21505, in_data.len(): 0, out_size: 0)","level":"WARN","ts":"2026-10-06T23:14:58.987778777Z","instance":"remote-a-r1","service_name":"afs-node"}
{"msg":"[Not Implemented] ioctl(ino: 0x238, fh: 1175, flags: 0, cmd: 21505, in_data.len(): 0, out_size: 0)","level":"WARN","ts":"2026-10-06T23:14:58.990303422Z","instance":"remote-a-r1","service_name":"afs-node"}
{"msg":"[Not Implemented] ioctl(ino: 0x239, fh: 1176, flags: 0, cmd: 21505, in_data.len(): 0, out_size: 0)","level":"WARN","ts":"2026-10-06T23:14:58.99262211Z","instance":"remote-a-r1","service_name":"afs-node"}
{"msg":"[Not Implemented] ioctl(ino: 0x23a, fh: 1177, flags: 0, cmd: 21505, in_data.len(): 0, out_size: 0)","level":"WARN","ts":"2026-10-06T23:14:58.995161087Z","instance":"remote-a-r1","service_name":"afs-node"}
{"msg":"[Not Implemented] ioctl(ino: 0x23b, fh: 1178, flags: 0, cmd: 21505, in_data.len(): 0, out_size: 0)","level":"WARN","ts":"2026-10-06T23:14:58.997625649Z","instance":"remote-a-r1","service_name":"afs-node"}
{"msg":"[Not Implemented] ioctl(ino: 0x23c, fh: 1179, flags: 0, cmd: 21505, in_data.len(): 0, out_size: 0)","level":"WARN","ts":"2026-10-06T23:14:59.000700705Z","instance":"remote-a-r1","service_name":"afs-node"}
{"msg":"[Not Implemented] ioctl(ino: 0x23d, fh: 1180, flags: 0, cmd: 21505, in_data.len(): 0, out_size: 0)","level":"WARN","ts":"2026-10-06T23:14:59.003077268Z","instance":"remote-a-r1","service_name":"afs-node"}
{"msg":"[Not Implemented] ioctl(ino: 0x23e, fh: 1181, flags: 0, cmd: 21505, in_data.len(): 0, out_size: 0)","level":"WARN","ts":"2026-10-06T23:14:59.005312165Z","instance":"remote-a-r1","service_name":"afs-node"}
{"msg":"[Not Implemented] ioctl(ino: 0x23f, fh: 1182, flags: 0, cmd: 21505, in_data.len(): 0, out_size: 0)","level":"WARN","ts":"2026-10-06T23:14:59.007517687Z","instance":"remote-a-r1","service_name":"afs-node"}
{"msg":"[Not Implemented] ioctl(ino: 0x240, fh: 1183, flags: 0, cmd: 21505, in_data.len(): 0, out_size: 0)","level":"WARN","ts":"2026-10-06T23:14:59.009685251Z","instance":"remote-a-r1","service_name":"afs-node"}
{"msg":"[Not Implemented] ioctl(ino: 0x241, fh: 1184, flags: 0, cmd: 21505, in_data.len(): 0, out_size: 0)","level":"WARN","ts":"2026-10-06T23:14:59.011786275Z","instance":"remote-a-r1","service_name":"afs-node"}
{"msg":"[Not Implemented] ioctl(ino: 0x242, fh: 1185, flags: 0, cmd: 21505, in_data.len(): 0, out_size: 0)","level":"WARN","ts":"2026-10-06T23:14:59.013795674Z","instance":"remote-a-r1","service_name":"afs-node"}
{"msg":"[Not Implemented] ioctl(ino: 0x243, fh: 1186, flags: 0, cmd: 21505, in_data.len(): 0, out_size: 0)","level":"WARN","ts":"2026-10-06T23:14:59.01595403Z","instance":"remote-a-r1","service_name":"afs-node"}
{"msg":"[Not Implemented] ioctl(ino: 0x244, fh: 1187, flags: 0, cmd: 21505, in_data.len(): 0, out_size: 0)","level":"WARN","ts":"2026-10-06T23:14:59.018333176Z","instance":"remote-a-r1","service_name":"afs-node"}
{"msg":"[Not Implemented] ioctl(ino: 0x245, fh: 1188, flags: 0, cmd: 21505, in_data.len(): 0, out_size: 0)","level":"WARN","ts":"2026-10-06T23:14:59.020603906Z","instance":"remote-a-r1","service_name":"afs-node"}
{"msg":"[Not Implemented] ioctl(ino: 0x246, fh: 1189, flags: 0, cmd: 21505, in_data.len(): 0, out_size: 0)","level":"WARN","ts":"2026-10-06T23:14:59.02279297Z","instance":"remote-a-r1","service_name":"afs-node"}
{"msg":"[Not Implemented] ioctl(ino: 0x247, fh: 1190, flags: 0, cmd: 21505, in_data.len(): 0, out_size: 0)","level":"WARN","ts":"2026-10-06T23:14:59.024845202Z","instance":"remote-a-r1","service_name":"afs-node"}
{"msg":"[Not Implemented] ioctl(ino: 0x248, fh: 1191, flags: 0, cmd: 21505, in_data.len(): 0, out_size: 0)","level":"WARN","ts":"2026-10-06T23:14:59.026957225Z","instance":"remote-a-r1","service_name":"afs-node"}
{"msg":"[Not Implemented] ioctl(ino: 0x249, fh: 1192, flags: 0, cmd: 21505, in_data.len(): 0, out_size: 0)","level":"WARN","ts":"2026-10-06T23:14:59.029055248Z","instance":"remote-a-r1","service_name":"afs-node"}
{"msg":"[Not Implemented] ioctl(ino: 0x24a, fh: 1193, flags: 0, cmd: 21505, in_data.len(): 0, out_size: 0)","level":"WARN","ts":"2026-10-06T23:14:59.031292312Z","instance":"remote-a-r1","service_name":"afs-node"}
{"msg":"[Not Implemented] ioctl(ino: 0x24b, fh: 1194, flags: 0, cmd: 21505, in_data.len(): 0, out_size: 0)","level":"WARN","ts":"2026-10-06T23:14:59.033529501Z","instance":"remote-a-r1","service_name":"afs-node"}
{"msg":"[Not Implemented] ioctl(ino: 0x24c, fh: 1195, flags: 0, cmd: 21505, in_data.len(): 0, out_size: 0)","level":"WARN","ts":"2026-10-06T23:14:59.035685023Z","instance":"remote-a-r1","service_name":"afs-node"}
{"msg":"[Not Implemented] ioctl(ino: 0x24d, fh: 1196, flags: 0, cmd: 21505, in_data.len(): 0, out_size: 0)","level":"WARN","ts":"2026-10-06T23:14:59.037720381Z","instance":"remote-a-r1","service_name":"afs-node"}
{"msg":"[Not Implemented] ioctl(ino: 0x24e, fh: 1197, flags: 0, cmd: 21505, in_data.len(): 0, out_size: 0)","level":"WARN","ts":"2026-10-06T23:14:59.03983082Z","instance":"remote-a-r1","service_name":"afs-node"}
{"msg":"[Not Implemented] ioctl(ino: 0x24f, fh: 1198, flags: 0, cmd: 21505, in_data.len(): 0, out_size: 0)","level":"WARN","ts":"2026-10-06T23:14:59.041935219Z","instance":"remote-a-r1","service_name":"afs-node"}
{"msg":"[Not Implemented] ioctl(ino: 0x250, fh: 1199, flags: 0, cmd: 21505, in_data.len(): 0, out_size: 0)","level":"WARN","ts":"2026-10-06T23:14:59.044108949Z","instance":"remote-a-r1","service_name":"afs-node"}
{"msg":"[Not Implemented] ioctl(ino: 0x251, fh: 1200, flags: 0, cmd: 21505, in_data.len(): 0, out_size: 0)","level":"WARN","ts":"2026-10-06T23:14:59.046219431Z","instance":"remote-a-r1","service_name":"afs-node"}
{"msg":"[Not Implemented] ioctl(ino: 0x252, fh: 1201, flags: 0, cmd: 21505, in_data.len(): 0, out_size: 0)","level":"WARN","ts":"2026-10-06T23:14:59.048207247Z","instance":"remote-a-r1","service_name":"afs-node"}
{"msg":"[Not Implemented] ioctl(ino: 0x253, fh: 1202, flags: 0, cmd: 21505, in_data.len(): 0, out_size: 0)","level":"WARN","ts":"2026-10-06T23:14:59.050242854Z","instance":"remote-a-r1","service_name":"afs-node"}
{"msg":"[Not Implemented] ioctl(ino: 0x254, fh: 1203, flags: 0, cmd: 21505, in_data.len(): 0, out_size: 0)","level":"WARN","ts":"2026-10-06T23:14:59.052200254Z","instance":"remote-a-r1","service_name":"afs-node"}
{"msg":"[Not Implemented] ioctl(ino: 0x255, fh: 1204, flags: 0, cmd: 21505, in_data.len(): 0, out_size: 0)","level":"WARN","ts":"2026-10-06T23:14:59.054271527Z","instance":"remote-a-r1","service_name":"afs-node"}
{"msg":"[Not Implemented] ioctl(ino: 0x256, fh: 1205, flags: 0, cmd: 21505, in_data.len(): 0, out_size: 0)","level":"WARN","ts":"2026-10-06T23:14:59.056324592Z","instance":"remote-a-r1","service_name":"afs-node"}
{"msg":"[Not Implemented] ioctl(ino: 0x257, fh: 1206, flags: 0, cmd: 21505, in_data.len(): 0, out_size: 0)","level":"WARN","ts":"2026-10-06T23:14:59.05830945Z","instance":"remote-a-r1","service_name":"afs-node"}
{"msg":"[Not Implemented] ioctl(ino: 0x258, fh: 1207, flags: 0, cmd: 21505, in_data.len(): 0, out_size: 0)","level":"WARN","ts":"2026-10-06T23:14:59.060551972Z","instance":"remote-a-r1","service_name":"afs-node"}
{"msg":"[Not Implemented] ioctl(ino: 0x259, fh: 1208, flags: 0, cmd: 21505, in_data.len(): 0, out_size: 0)","level":"WARN","ts":"2026-10-06T23:14:59.062649204Z","instance":"remote-a-r1","service_name":"afs-node"}
{"msg":"[Not Implemented] ioctl(ino: 0x25a, fh: 1209, flags: 0, cmd: 21505, in_data.len(): 0, out_size: 0)","level":"WARN","ts":"2026-10-06T23:14:59.064758268Z","instance":"remote-a-r1","service_name":"afs-node"}
{"msg":"[Not Implemented] ioctl(ino: 0x25b, fh: 1210, flags: 0, cmd: 21505, in_data.len(): 0, out_size: 0)","level":"WARN","ts":"2026-10-06T23:14:59.067332121Z","instance":"remote-a-r1","service_name":"afs-node"}
{"msg":"[Not Implemented] ioctl(ino: 0x25c, fh: 1211, flags: 0, cmd: 21505, in_data.len(): 0, out_size: 0)","level":"WARN","ts":"2026-10-06T23:14:59.070146054Z","instance":"remote-a-r1","service_name":"afs-node"}
{"msg":"[Not Implemented] ioctl(ino: 0x25d, fh: 1212, flags: 0, cmd: 21505, in_data.len(): 0, out_size: 0)","level":"WARN","ts":"2026-10-06T23:14:59.07294003Z","instance":"remote-a-r1","service_name":"afs-node"}
{"msg":"[Not Implemented] ioctl(ino: 0x25e, fh: 1213, flags: 0, cmd: 21505, in_data.len(): 0, out_size: 0)","level":"WARN","ts":"2026-10-06T23:14:59.075474758Z","instance":"remote-a-r1","service_name":"afs-node"}
{"msg":"[Not Implemented] ioctl(ino: 0x25f, fh: 1214, flags: 0, cmd: 21505, in_data.len(): 0, out_size: 0)","level":"WARN","ts":"2026-10-06T23:14:59.078193401Z","instance":"remote-a-r1","service_name":"afs-node"}
{"msg":"[Not Implemented] ioctl(ino: 0x260, fh: 1215, flags: 0, cmd: 21505, in_data.len(): 0, out_size: 0)","level":"WARN","ts":"2026-10-06T23:14:59.080472756Z","instance":"remote-a-r1","service_name":"afs-node"}
{"msg":"[Not Implemented] ioctl(ino: 0x261, fh: 1216, flags: 0, cmd: 21505, in_data.len(): 0, out_size: 0)","level":"WARN","ts":"2026-10-06T23:14:59.082830027Z","instance":"remote-a-r1","service_name":"afs-node"}
{"msg":"services.stopped","level":"INFO","ts":"2026-10-06T23:15:44.360302642Z","instance":"remote-a-r1","service_name":"afs-node"}
