{"msg":"Mounting /tmp/dms-filesystem-namespace.A8KgbI/mnt-b","level":"INFO","ts":"2026-09-15T14:27:19.36571714Z","instance":"node-namespace-b","service_name":"dms-node"}
{"msg":"Meta event watch established","level":"INFO","ts":"2026-09-15T14:27:19.36575602Z","instance":"node-namespace-b","service_name":"dms-node","event_cursor":0,"request_cursor":0,"last_acked_cursor":0,"event":"node.meta_watch.connected"}
{"msg":"dms-node is ready","level":"INFO","ts":"2026-09-15T14:27:19.368292705Z","instance":"node-namespace-b","service_name":"dms-node","protocol_version":1,"worker_uds":null,"worker_tcp":"127.0.0.1:29703","health_address":"127.0.0.1:29783","node_id":"node-namespace-b","event":"node.process.ready"}
{"msg":"Meta event acknowledged","level":"INFO","ts":"2026-09-15T14:27:19.468734417Z","instance":"node-namespace-b","service_name":"dms-node","event_cursor":1,"request_cursor":0,"last_acked_cursor":1,"event":"node.meta_watch.acknowledged"}
{"msg":"Meta event acknowledged","level":"INFO","ts":"2026-09-15T14:27:19.470939723Z","instance":"node-namespace-b","service_name":"dms-node","event_cursor":2,"request_cursor":0,"last_acked_cursor":2,"event":"node.meta_watch.acknowledged"}
{"msg":"Meta event acknowledged","level":"INFO","ts":"2026-09-15T14:27:19.474000564Z","instance":"node-namespace-b","service_name":"dms-node","event_cursor":3,"request_cursor":0,"last_acked_cursor":3,"event":"node.meta_watch.acknowledged"}
{"msg":"Meta event acknowledged","level":"INFO","ts":"2026-09-15T14:27:19.479488699Z","instance":"node-namespace-b","service_name":"dms-node","event_cursor":4,"request_cursor":0,"last_acked_cursor":4,"event":"node.meta_watch.acknowledged"}
{"msg":"Meta event acknowledged","level":"INFO","ts":"2026-09-15T14:27:19.714382462Z","instance":"node-namespace-b","service_name":"dms-node","event_cursor":6,"request_cursor":0,"last_acked_cursor":6,"event":"node.meta_watch.acknowledged"}
{"msg":"Meta event acknowledged","level":"INFO","ts":"2026-09-15T14:27:19.956755261Z","instance":"node-namespace-b","service_name":"dms-node","event_cursor":7,"request_cursor":0,"last_acked_cursor":7,"event":"node.meta_watch.acknowledged"}
{"msg":"Meta event acknowledged","level":"INFO","ts":"2026-09-15T14:27:19.964382026Z","instance":"node-namespace-b","service_name":"dms-node","event_cursor":8,"request_cursor":0,"last_acked_cursor":8,"event":"node.meta_watch.acknowledged"}
{"msg":"Meta event acknowledged","level":"INFO","ts":"2026-09-15T14:27:19.968088248Z","instance":"node-namespace-b","service_name":"dms-node","event_cursor":9,"request_cursor":0,"last_acked_cursor":9,"event":"node.meta_watch.acknowledged"}
{"msg":"Meta event acknowledged","level":"INFO","ts":"2026-09-15T14:27:19.970982233Z","instance":"node-namespace-b","service_name":"dms-node","event_cursor":10,"request_cursor":0,"last_acked_cursor":10,"event":"node.meta_watch.acknowledged"}
{"msg":"Meta event acknowledged","level":"INFO","ts":"2026-09-15T14:27:19.974924446Z","instance":"node-namespace-b","service_name":"dms-node","event_cursor":11,"request_cursor":0,"last_acked_cursor":11,"event":"node.meta_watch.acknowledged"}
{"msg":"Meta event acknowledged","level":"INFO","ts":"2026-09-15T14:27:19.976771202Z","instance":"node-namespace-b","service_name":"dms-node","event_cursor":13,"request_cursor":0,"last_acked_cursor":13,"event":"node.meta_watch.acknowledged"}
{"msg":"Meta event acknowledged","level":"INFO","ts":"2026-09-15T14:27:19.979083022Z","instance":"node-namespace-b","service_name":"dms-node","event_cursor":14,"request_cursor":0,"last_acked_cursor":14,"event":"node.meta_watch.acknowledged"}
{"msg":"Meta event acknowledged","level":"INFO","ts":"2026-09-15T14:27:19.982694397Z","instance":"node-namespace-b","service_name":"dms-node","event_cursor":15,"request_cursor":0,"last_acked_cursor":15,"event":"node.meta_watch.acknowledged"}
{"msg":"Meta event acknowledged","level":"INFO","ts":"2026-09-15T14:27:19.984778728Z","instance":"node-namespace-b","service_name":"dms-node","event_cursor":16,"request_cursor":0,"last_acked_cursor":16,"event":"node.meta_watch.acknowledged"}
{"msg":"Meta event acknowledged","level":"INFO","ts":"2026-09-15T14:27:19.986541181Z","instance":"node-namespace-b","service_name":"dms-node","event_cursor":18,"request_cursor":0,"last_acked_cursor":18,"event":"node.meta_watch.acknowledged"}
{"msg":"Meta event acknowledged","level":"INFO","ts":"2026-09-15T14:27:19.98971487Z","instance":"node-namespace-b","service_name":"dms-node","event_cursor":19,"request_cursor":0,"last_acked_cursor":19,"event":"node.meta_watch.acknowledged"}
{"msg":"Meta event acknowledged","level":"INFO","ts":"2026-09-15T14:27:19.992073197Z","instance":"node-namespace-b","service_name":"dms-node","event_cursor":20,"request_cursor":0,"last_acked_cursor":20,"event":"node.meta_watch.acknowledged"}
{"msg":"Meta event acknowledged","level":"INFO","ts":"2026-09-15T14:27:19.994383434Z","instance":"node-namespace-b","service_name":"dms-node","event_cursor":21,"request_cursor":0,"last_acked_cursor":21,"event":"node.meta_watch.acknowledged"}
{"msg":"Meta event acknowledged","level":"INFO","ts":"2026-09-15T14:27:19.996533732Z","instance":"node-namespace-b","service_name":"dms-node","event_cursor":22,"request_cursor":0,"last_acked_cursor":22,"event":"node.meta_watch.acknowledged"}
{"msg":"Meta event acknowledged","level":"INFO","ts":"2026-09-15T14:27:19.999066041Z","instance":"node-namespace-b","service_name":"dms-node","event_cursor":23,"request_cursor":0,"last_acked_cursor":23,"event":"node.meta_watch.acknowledged"}
{"msg":"Meta event acknowledged","level":"INFO","ts":"2026-09-15T14:27:20.000756109Z","instance":"node-namespace-b","service_name":"dms-node","event_cursor":24,"request_cursor":0,"last_acked_cursor":24,"event":"node.meta_watch.acknowledged"}
{"msg":"Meta event acknowledged","level":"INFO","ts":"2026-09-15T14:27:20.002545178Z","instance":"node-namespace-b","service_name":"dms-node","event_cursor":25,"request_cursor":0,"last_acked_cursor":25,"event":"node.meta_watch.acknowledged"}
{"msg":"Meta event acknowledged","level":"INFO","ts":"2026-09-15T14:27:20.004728554Z","instance":"node-namespace-b","service_name":"dms-node","event_cursor":26,"request_cursor":0,"last_acked_cursor":26,"event":"node.meta_watch.acknowledged"}
{"msg":"Meta event acknowledged","level":"INFO","ts":"2026-09-15T14:27:20.007167576Z","instance":"node-namespace-b","service_name":"dms-node","event_cursor":27,"request_cursor":0,"last_acked_cursor":27,"event":"node.meta_watch.acknowledged"}
{"msg":"Meta event acknowledged","level":"INFO","ts":"2026-09-15T14:27:20.009057079Z","instance":"node-namespace-b","service_name":"dms-node","event_cursor":29,"request_cursor":0,"last_acked_cursor":29,"event":"node.meta_watch.acknowledged"}
{"msg":"Meta event acknowledged","level":"INFO","ts":"2026-09-15T14:27:20.013143951Z","instance":"node-namespace-b","service_name":"dms-node","event_cursor":30,"request_cursor":0,"last_acked_cursor":30,"event":"node.meta_watch.acknowledged"}
{"msg":"Meta event acknowledged","level":"INFO","ts":"2026-09-15T14:27:20.016098969Z","instance":"node-namespace-b","service_name":"dms-node","event_cursor":31,"request_cursor":0,"last_acked_cursor":31,"event":"node.meta_watch.acknowledged"}
{"msg":"Meta event acknowledged","level":"INFO","ts":"2026-09-15T14:27:20.019035124Z","instance":"node-namespace-b","service_name":"dms-node","event_cursor":32,"request_cursor":0,"last_acked_cursor":32,"event":"node.meta_watch.acknowledged"}
{"msg":"Meta event acknowledged","level":"INFO","ts":"2026-09-15T14:27:20.021014492Z","instance":"node-namespace-b","service_name":"dms-node","event_cursor":33,"request_cursor":0,"last_acked_cursor":33,"event":"node.meta_watch.acknowledged"}
{"msg":"Meta event acknowledged","level":"INFO","ts":"2026-09-15T14:27:20.023255127Z","instance":"node-namespace-b","service_name":"dms-node","event_cursor":34,"request_cursor":0,"last_acked_cursor":34,"event":"node.meta_watch.acknowledged"}
{"msg":"Meta event acknowledged","level":"INFO","ts":"2026-09-15T14:27:20.025090245Z","instance":"node-namespace-b","service_name":"dms-node","event_cursor":36,"request_cursor":0,"last_acked_cursor":36,"event":"node.meta_watch.acknowledged"}
{"msg":"Meta event acknowledged","level":"INFO","ts":"2026-09-15T14:27:20.030924076Z","instance":"node-namespace-b","service_name":"dms-node","event_cursor":37,"request_cursor":0,"last_acked_cursor":37,"event":"node.meta_watch.acknowledged"}
{"msg":"Meta event acknowledged","level":"INFO","ts":"2026-09-15T14:27:20.035072828Z","instance":"node-namespace-b","service_name":"dms-node","event_cursor":38,"request_cursor":0,"last_acked_cursor":38,"event":"node.meta_watch.acknowledged"}
{"msg":"Meta event acknowledged","level":"INFO","ts":"2026-09-15T14:27:20.036933514Z","instance":"node-namespace-b","service_name":"dms-node","event_cursor":39,"request_cursor":0,"last_acked_cursor":39,"event":"node.meta_watch.acknowledged"}
{"msg":"Meta event acknowledged","level":"INFO","ts":"2026-09-15T14:27:20.039366456Z","instance":"node-namespace-b","service_name":"dms-node","event_cursor":40,"request_cursor":0,"last_acked_cursor":40,"event":"node.meta_watch.acknowledged"}
{"msg":"Meta event acknowledged","level":"INFO","ts":"2026-09-15T14:27:20.04488884Z","instance":"node-namespace-b","service_name":"dms-node","event_cursor":41,"request_cursor":0,"last_acked_cursor":41,"event":"node.meta_watch.acknowledged"}
{"msg":"Meta event acknowledged","level":"INFO","ts":"2026-09-15T14:27:20.04679904Z","instance":"node-namespace-b","service_name":"dms-node","event_cursor":43,"request_cursor":0,"last_acked_cursor":43,"event":"node.meta_watch.acknowledged"}
{"msg":"Meta event acknowledged","level":"INFO","ts":"2026-09-15T14:27:20.052498031Z","instance":"node-namespace-b","service_name":"dms-node","event_cursor":44,"request_cursor":0,"last_acked_cursor":44,"event":"node.meta_watch.acknowledged"}
{"msg":"Meta event acknowledged","level":"INFO","ts":"2026-09-15T14:27:20.057124844Z","instance":"node-namespace-b","service_name":"dms-node","event_cursor":45,"request_cursor":0,"last_acked_cursor":45,"event":"node.meta_watch.acknowledged"}
{"msg":"Meta event acknowledged","level":"INFO","ts":"2026-09-15T14:27:20.059940276Z","instance":"node-namespace-b","service_name":"dms-node","event_cursor":46,"request_cursor":0,"last_acked_cursor":46,"event":"node.meta_watch.acknowledged"}
{"msg":"Meta event acknowledged","level":"INFO","ts":"2026-09-15T14:27:20.062375758Z","instance":"node-namespace-b","service_name":"dms-node","event_cursor":47,"request_cursor":0,"last_acked_cursor":47,"event":"node.meta_watch.acknowledged"}
{"msg":"Meta event acknowledged","level":"INFO","ts":"2026-09-15T14:27:20.065696901Z","instance":"node-namespace-b","service_name":"dms-node","event_cursor":48,"request_cursor":0,"last_acked_cursor":48,"event":"node.meta_watch.acknowledged"}
{"msg":"Meta event acknowledged","level":"INFO","ts":"2026-09-15T14:27:20.067647577Z","instance":"node-namespace-b","service_name":"dms-node","event_cursor":50,"request_cursor":0,"last_acked_cursor":50,"event":"node.meta_watch.acknowledged"}
{"msg":"Meta event acknowledged","level":"INFO","ts":"2026-09-15T14:27:20.069871139Z","instance":"node-namespace-b","service_name":"dms-node","event_cursor":51,"request_cursor":0,"last_acked_cursor":51,"event":"node.meta_watch.acknowledged"}
{"msg":"Meta event acknowledged","level":"INFO","ts":"2026-09-15T14:27:20.073101417Z","instance":"node-namespace-b","service_name":"dms-node","event_cursor":52,"request_cursor":0,"last_acked_cursor":52,"event":"node.meta_watch.acknowledged"}
{"msg":"Meta event acknowledged","level":"INFO","ts":"2026-09-15T14:27:20.076736213Z","instance":"node-namespace-b","service_name":"dms-node","event_cursor":53,"request_cursor":0,"last_acked_cursor":53,"event":"node.meta_watch.acknowledged"}
{"msg":"Meta event acknowledged","level":"INFO","ts":"2026-09-15T14:27:20.078518736Z","instance":"node-namespace-b","service_name":"dms-node","event_cursor":55,"request_cursor":0,"last_acked_cursor":55,"event":"node.meta_watch.acknowledged"}
{"msg":"Meta event acknowledged","level":"INFO","ts":"2026-09-15T14:27:20.08168784Z","instance":"node-namespace-b","service_name":"dms-node","event_cursor":56,"request_cursor":0,"last_acked_cursor":56,"event":"node.meta_watch.acknowledged"}
{"msg":"Meta event acknowledged","level":"INFO","ts":"2026-09-15T14:27:20.084233218Z","instance":"node-namespace-b","service_name":"dms-node","event_cursor":57,"request_cursor":0,"last_acked_cursor":57,"event":"node.meta_watch.acknowledged"}
{"msg":"Meta event acknowledged","level":"INFO","ts":"2026-09-15T14:27:20.086267305Z","instance":"node-namespace-b","service_name":"dms-node","event_cursor":58,"request_cursor":0,"last_acked_cursor":58,"event":"node.meta_watch.acknowledged"}
{"msg":"Meta event acknowledged","level":"INFO","ts":"2026-09-15T14:27:20.088571696Z","instance":"node-namespace-b","service_name":"dms-node","event_cursor":59,"request_cursor":0,"last_acked_cursor":59,"event":"node.meta_watch.acknowledged"}
{"msg":"Meta event acknowledged","level":"INFO","ts":"2026-09-15T14:27:20.091113451Z","instance":"node-namespace-b","service_name":"dms-node","event_cursor":60,"request_cursor":0,"last_acked_cursor":60,"event":"node.meta_watch.acknowledged"}
{"msg":"Meta event acknowledged","level":"INFO","ts":"2026-09-15T14:27:20.092960603Z","instance":"node-namespace-b","service_name":"dms-node","event_cursor":61,"request_cursor":0,"last_acked_cursor":61,"event":"node.meta_watch.acknowledged"}
{"msg":"Meta event acknowledged","level":"INFO","ts":"2026-09-15T14:27:20.094703731Z","instance":"node-namespace-b","service_name":"dms-node","event_cursor":62,"request_cursor":0,"last_acked_cursor":62,"event":"node.meta_watch.acknowledged"}
{"msg":"Meta event acknowledged","level":"INFO","ts":"2026-09-15T14:27:20.09706309Z","instance":"node-namespace-b","service_name":"dms-node","event_cursor":63,"request_cursor":0,"last_acked_cursor":63,"event":"node.meta_watch.acknowledged"}
{"msg":"Meta event acknowledged","level":"INFO","ts":"2026-09-15T14:27:20.099276491Z","instance":"node-namespace-b","service_name":"dms-node","event_cursor":64,"request_cursor":0,"last_acked_cursor":64,"event":"node.meta_watch.acknowledged"}
{"msg":"Meta event acknowledged","level":"INFO","ts":"2026-09-15T14:27:20.101756823Z","instance":"node-namespace-b","service_name":"dms-node","event_cursor":66,"request_cursor":0,"last_acked_cursor":66,"event":"node.meta_watch.acknowledged"}
{"msg":"Meta event acknowledged","level":"INFO","ts":"2026-09-15T14:27:20.105812046Z","instance":"node-namespace-b","service_name":"dms-node","event_cursor":67,"request_cursor":0,"last_acked_cursor":67,"event":"node.meta_watch.acknowledged"}
{"msg":"Meta event acknowledged","level":"INFO","ts":"2026-09-15T14:27:20.108812955Z","instance":"node-namespace-b","service_name":"dms-node","event_cursor":68,"request_cursor":0,"last_acked_cursor":68,"event":"node.meta_watch.acknowledged"}
{"msg":"Meta event acknowledged","level":"INFO","ts":"2026-09-15T14:27:20.112320033Z","instance":"node-namespace-b","service_name":"dms-node","event_cursor":69,"request_cursor":0,"last_acked_cursor":69,"event":"node.meta_watch.acknowledged"}
{"msg":"Meta event acknowledged","level":"INFO","ts":"2026-09-15T14:27:20.114510489Z","instance":"node-namespace-b","service_name":"dms-node","event_cursor":70,"request_cursor":0,"last_acked_cursor":70,"event":"node.meta_watch.acknowledged"}
{"msg":"Meta event acknowledged","level":"INFO","ts":"2026-09-15T14:27:20.116377171Z","instance":"node-namespace-b","service_name":"dms-node","event_cursor":72,"request_cursor":0,"last_acked_cursor":72,"event":"node.meta_watch.acknowledged"}
{"msg":"Meta event acknowledged","level":"INFO","ts":"2026-09-15T14:27:20.122061629Z","instance":"node-namespace-b","service_name":"dms-node","event_cursor":73,"request_cursor":0,"last_acked_cursor":73,"event":"node.meta_watch.acknowledged"}
{"msg":"Meta event acknowledged","level":"INFO","ts":"2026-09-15T14:27:20.127257908Z","instance":"node-namespace-b","service_name":"dms-node","event_cursor":74,"request_cursor":0,"last_acked_cursor":74,"event":"node.meta_watch.acknowledged"}
{"msg":"Meta event acknowledged","level":"INFO","ts":"2026-09-15T14:27:20.128404211Z","instance":"node-namespace-b","service_name":"dms-node","event_cursor":75,"request_cursor":0,"last_acked_cursor":75,"event":"node.meta_watch.acknowledged"}
{"msg":"Meta event acknowledged","level":"INFO","ts":"2026-09-15T14:27:20.130813Z","instance":"node-namespace-b","service_name":"dms-node","event_cursor":76,"request_cursor":0,"last_acked_cursor":76,"event":"node.meta_watch.acknowledged"}
{"msg":"Meta event acknowledged","level":"INFO","ts":"2026-09-15T14:27:20.135419408Z","instance":"node-namespace-b","service_name":"dms-node","event_cursor":77,"request_cursor":0,"last_acked_cursor":77,"event":"node.meta_watch.acknowledged"}
{"msg":"Meta event acknowledged","level":"INFO","ts":"2026-09-15T14:27:20.137077127Z","instance":"node-namespace-b","service_name":"dms-node","event_cursor":79,"request_cursor":0,"last_acked_cursor":79,"event":"node.meta_watch.acknowledged"}
{"msg":"Meta event acknowledged","level":"INFO","ts":"2026-09-15T14:27:20.142731227Z","instance":"node-namespace-b","service_name":"dms-node","event_cursor":80,"request_cursor":0,"last_acked_cursor":80,"event":"node.meta_watch.acknowledged"}
{"msg":"Meta event acknowledged","level":"INFO","ts":"2026-09-15T14:27:20.147245188Z","instance":"node-namespace-b","service_name":"dms-node","event_cursor":81,"request_cursor":0,"last_acked_cursor":81,"event":"node.meta_watch.acknowledged"}
{"msg":"Meta event acknowledged","level":"INFO","ts":"2026-09-15T14:27:20.149855278Z","instance":"node-namespace-b","service_name":"dms-node","event_cursor":82,"request_cursor":0,"last_acked_cursor":82,"event":"node.meta_watch.acknowledged"}
{"msg":"Meta event acknowledged","level":"INFO","ts":"2026-09-15T14:27:20.152109489Z","instance":"node-namespace-b","service_name":"dms-node","event_cursor":83,"request_cursor":0,"last_acked_cursor":83,"event":"node.meta_watch.acknowledged"}
{"msg":"Meta event acknowledged","level":"INFO","ts":"2026-09-15T14:27:20.156761704Z","instance":"node-namespace-b","service_name":"dms-node","event_cursor":84,"request_cursor":0,"last_acked_cursor":84,"event":"node.meta_watch.acknowledged"}
{"msg":"Meta event acknowledged","level":"INFO","ts":"2026-09-15T14:27:20.158662284Z","instance":"node-namespace-b","service_name":"dms-node","event_cursor":86,"request_cursor":0,"last_acked_cursor":86,"event":"node.meta_watch.acknowledged"}
{"msg":"Meta event acknowledged","level":"INFO","ts":"2026-09-15T14:27:20.160966175Z","instance":"node-namespace-b","service_name":"dms-node","event_cursor":87,"request_cursor":0,"last_acked_cursor":87,"event":"node.meta_watch.acknowledged"}
{"msg":"Meta event acknowledged","level":"INFO","ts":"2026-09-15T14:27:20.165550595Z","instance":"node-namespace-b","service_name":"dms-node","event_cursor":88,"request_cursor":0,"last_acked_cursor":88,"event":"node.meta_watch.acknowledged"}
{"msg":"Meta event acknowledged","level":"INFO","ts":"2026-09-15T14:27:20.167814926Z","instance":"node-namespace-b","service_name":"dms-node","event_cursor":89,"request_cursor":0,"last_acked_cursor":89,"event":"node.meta_watch.acknowledged"}
{"msg":"Meta event acknowledged","level":"INFO","ts":"2026-09-15T14:27:20.169577668Z","instance":"node-namespace-b","service_name":"dms-node","event_cursor":91,"request_cursor":0,"last_acked_cursor":91,"event":"node.meta_watch.acknowledged"}
{"msg":"Meta event acknowledged","level":"INFO","ts":"2026-09-15T14:27:20.172737902Z","instance":"node-namespace-b","service_name":"dms-node","event_cursor":92,"request_cursor":0,"last_acked_cursor":92,"event":"node.meta_watch.acknowledged"}
{"msg":"Meta event acknowledged","level":"INFO","ts":"2026-09-15T14:27:20.175237223Z","instance":"node-namespace-b","service_name":"dms-node","event_cursor":93,"request_cursor":0,"last_acked_cursor":93,"event":"node.meta_watch.acknowledged"}
{"msg":"Meta event acknowledged","level":"INFO","ts":"2026-09-15T14:27:20.177342061Z","instance":"node-namespace-b","service_name":"dms-node","event_cursor":94,"request_cursor":0,"last_acked_cursor":94,"event":"node.meta_watch.acknowledged"}
{"msg":"Meta event acknowledged","level":"INFO","ts":"2026-09-15T14:27:20.179811566Z","instance":"node-namespace-b","service_name":"dms-node","event_cursor":95,"request_cursor":0,"last_acked_cursor":95,"event":"node.meta_watch.acknowledged"}
{"msg":"Meta event acknowledged","level":"INFO","ts":"2026-09-15T14:27:20.18204279Z","instance":"node-namespace-b","service_name":"dms-node","event_cursor":96,"request_cursor":0,"last_acked_cursor":96,"event":"node.meta_watch.acknowledged"}
{"msg":"Meta event acknowledged","level":"INFO","ts":"2026-09-15T14:27:20.184285882Z","instance":"node-namespace-b","service_name":"dms-node","event_cursor":97,"request_cursor":0,"last_acked_cursor":97,"event":"node.meta_watch.acknowledged"}
{"msg":"Meta event acknowledged","level":"INFO","ts":"2026-09-15T14:27:20.186189586Z","instance":"node-namespace-b","service_name":"dms-node","event_cursor":98,"request_cursor":0,"last_acked_cursor":98,"event":"node.meta_watch.acknowledged"}
{"msg":"Meta event acknowledged","level":"INFO","ts":"2026-09-15T14:27:20.188631523Z","instance":"node-namespace-b","service_name":"dms-node","event_cursor":99,"request_cursor":0,"last_acked_cursor":99,"event":"node.meta_watch.acknowledged"}
{"msg":"Meta event acknowledged","level":"INFO","ts":"2026-09-15T14:27:20.191058926Z","instance":"node-namespace-b","service_name":"dms-node","event_cursor":100,"request_cursor":0,"last_acked_cursor":100,"event":"node.meta_watch.acknowledged"}
{"msg":"Meta event acknowledged","level":"INFO","ts":"2026-09-15T14:27:20.192666132Z","instance":"node-namespace-b","service_name":"dms-node","event_cursor":102,"request_cursor":0,"last_acked_cursor":102,"event":"node.meta_watch.acknowledged"}
{"msg":"Meta event acknowledged","level":"INFO","ts":"2026-09-15T14:27:20.196738845Z","instance":"node-namespace-b","service_name":"dms-node","event_cursor":103,"request_cursor":0,"last_acked_cursor":103,"event":"node.meta_watch.acknowledged"}
{"msg":"Meta event acknowledged","level":"INFO","ts":"2026-09-15T14:27:20.199674208Z","instance":"node-namespace-b","service_name":"dms-node","event_cursor":104,"request_cursor":0,"last_acked_cursor":104,"event":"node.meta_watch.acknowledged"}
{"msg":"Meta event acknowledged","level":"INFO","ts":"2026-09-15T14:27:20.202814579Z","instance":"node-namespace-b","service_name":"dms-node","event_cursor":105,"request_cursor":0,"last_acked_cursor":105,"event":"node.meta_watch.acknowledged"}
{"msg":"Meta event acknowledged","level":"INFO","ts":"2026-09-15T14:27:20.205917555Z","instance":"node-namespace-b","service_name":"dms-node","event_cursor":106,"request_cursor":0,"last_acked_cursor":106,"event":"node.meta_watch.acknowledged"}
{"msg":"Meta event acknowledged","level":"INFO","ts":"2026-09-15T14:27:20.20767809Z","instance":"node-namespace-b","service_name":"dms-node","event_cursor":108,"request_cursor":0,"last_acked_cursor":108,"event":"node.meta_watch.acknowledged"}
{"msg":"Meta event acknowledged","level":"INFO","ts":"2026-09-15T14:27:20.213284634Z","instance":"node-namespace-b","service_name":"dms-node","event_cursor":109,"request_cursor":0,"last_acked_cursor":109,"event":"node.meta_watch.acknowledged"}
{"msg":"Meta event acknowledged","level":"INFO","ts":"2026-09-15T14:27:20.217188777Z","instance":"node-namespace-b","service_name":"dms-node","event_cursor":110,"request_cursor":0,"last_acked_cursor":110,"event":"node.meta_watch.acknowledged"}
{"msg":"Meta event acknowledged","level":"INFO","ts":"2026-09-15T14:27:20.218567988Z","instance":"node-namespace-b","service_name":"dms-node","event_cursor":111,"request_cursor":0,"last_acked_cursor":111,"event":"node.meta_watch.acknowledged"}
{"msg":"Meta event acknowledged","level":"INFO","ts":"2026-09-15T14:27:20.220975611Z","instance":"node-namespace-b","service_name":"dms-node","event_cursor":112,"request_cursor":0,"last_acked_cursor":112,"event":"node.meta_watch.acknowledged"}
{"msg":"Meta event acknowledged","level":"INFO","ts":"2026-09-15T14:27:20.225096547Z","instance":"node-namespace-b","service_name":"dms-node","event_cursor":113,"request_cursor":0,"last_acked_cursor":113,"event":"node.meta_watch.acknowledged"}
{"msg":"Meta event acknowledged","level":"INFO","ts":"2026-09-15T14:27:20.226643787Z","instance":"node-namespace-b","service_name":"dms-node","event_cursor":115,"request_cursor":0,"last_acked_cursor":115,"event":"node.meta_watch.acknowledged"}
{"msg":"Meta event acknowledged","level":"INFO","ts":"2026-09-15T14:27:20.232049904Z","instance":"node-namespace-b","service_name":"dms-node","event_cursor":116,"request_cursor":0,"last_acked_cursor":116,"event":"node.meta_watch.acknowledged"}
{"msg":"Meta event acknowledged","level":"INFO","ts":"2026-09-15T14:27:20.237729865Z","instance":"node-namespace-b","service_name":"dms-node","event_cursor":117,"request_cursor":0,"last_acked_cursor":117,"event":"node.meta_watch.acknowledged"}
{"msg":"Meta event acknowledged","level":"INFO","ts":"2026-09-15T14:27:20.240676929Z","instance":"node-namespace-b","service_name":"dms-node","event_cursor":118,"request_cursor":0,"last_acked_cursor":118,"event":"node.meta_watch.acknowledged"}
{"msg":"Meta event acknowledged","level":"INFO","ts":"2026-09-15T14:27:20.242871841Z","instance":"node-namespace-b","service_name":"dms-node","event_cursor":119,"request_cursor":0,"last_acked_cursor":119,"event":"node.meta_watch.acknowledged"}
{"msg":"Meta event acknowledged","level":"INFO","ts":"2026-09-15T14:27:20.246015918Z","instance":"node-namespace-b","service_name":"dms-node","event_cursor":120,"request_cursor":0,"last_acked_cursor":120,"event":"node.meta_watch.acknowledged"}
{"msg":"Meta event acknowledged","level":"INFO","ts":"2026-09-15T14:27:20.247595807Z","instance":"node-namespace-b","service_name":"dms-node","event_cursor":122,"request_cursor":0,"last_acked_cursor":122,"event":"node.meta_watch.acknowledged"}
{"msg":"Meta event acknowledged","level":"INFO","ts":"2026-09-15T14:27:20.250187116Z","instance":"node-namespace-b","service_name":"dms-node","event_cursor":123,"request_cursor":0,"last_acked_cursor":123,"event":"node.meta_watch.acknowledged"}
{"msg":"Meta event acknowledged","level":"INFO","ts":"2026-09-15T14:27:20.253267522Z","instance":"node-namespace-b","service_name":"dms-node","event_cursor":124,"request_cursor":0,"last_acked_cursor":124,"event":"node.meta_watch.acknowledged"}
{"msg":"Meta event acknowledged","level":"INFO","ts":"2026-09-15T14:27:20.255686805Z","instance":"node-namespace-b","service_name":"dms-node","event_cursor":125,"request_cursor":0,"last_acked_cursor":125,"event":"node.meta_watch.acknowledged"}
{"msg":"Meta event acknowledged","level":"INFO","ts":"2026-09-15T14:27:20.257334446Z","instance":"node-namespace-b","service_name":"dms-node","event_cursor":127,"request_cursor":0,"last_acked_cursor":127,"event":"node.meta_watch.acknowledged"}
{"msg":"Meta event acknowledged","level":"INFO","ts":"2026-09-15T14:27:20.260571387Z","instance":"node-namespace-b","service_name":"dms-node","event_cursor":128,"request_cursor":0,"last_acked_cursor":128,"event":"node.meta_watch.acknowledged"}
{"msg":"Meta event acknowledged","level":"INFO","ts":"2026-09-15T14:27:20.263076663Z","instance":"node-namespace-b","service_name":"dms-node","event_cursor":129,"request_cursor":0,"last_acked_cursor":129,"event":"node.meta_watch.acknowledged"}
{"msg":"Meta event acknowledged","level":"INFO","ts":"2026-09-15T14:27:20.266472013Z","instance":"node-namespace-b","service_name":"dms-node","event_cursor":130,"request_cursor":0,"last_acked_cursor":130,"event":"node.meta_watch.acknowledged"}
{"msg":"Meta event acknowledged","level":"INFO","ts":"2026-09-15T14:27:20.268851611Z","instance":"node-namespace-b","service_name":"dms-node","event_cursor":131,"request_cursor":0,"last_acked_cursor":131,"event":"node.meta_watch.acknowledged"}
{"msg":"Meta event acknowledged","level":"INFO","ts":"2026-09-15T14:27:20.271085292Z","instance":"node-namespace-b","service_name":"dms-node","event_cursor":132,"request_cursor":0,"last_acked_cursor":132,"event":"node.meta_watch.acknowledged"}
{"msg":"Meta event acknowledged","level":"INFO","ts":"2026-09-15T14:27:20.273175055Z","instance":"node-namespace-b","service_name":"dms-node","event_cursor":133,"request_cursor":0,"last_acked_cursor":133,"event":"node.meta_watch.acknowledged"}
{"msg":"Meta event acknowledged","level":"INFO","ts":"2026-09-15T14:27:20.274811828Z","instance":"node-namespace-b","service_name":"dms-node","event_cursor":134,"request_cursor":0,"last_acked_cursor":134,"event":"node.meta_watch.acknowledged"}
{"msg":"Meta event acknowledged","level":"INFO","ts":"2026-09-15T14:27:20.276910419Z","instance":"node-namespace-b","service_name":"dms-node","event_cursor":135,"request_cursor":0,"last_acked_cursor":135,"event":"node.meta_watch.acknowledged"}
{"msg":"Meta event acknowledged","level":"INFO","ts":"2026-09-15T14:27:20.279116158Z","instance":"node-namespace-b","service_name":"dms-node","event_cursor":136,"request_cursor":0,"last_acked_cursor":136,"event":"node.meta_watch.acknowledged"}
{"msg":"Meta event acknowledged","level":"INFO","ts":"2026-09-15T14:27:20.281002871Z","instance":"node-namespace-b","service_name":"dms-node","event_cursor":138,"request_cursor":0,"last_acked_cursor":138,"event":"node.meta_watch.acknowledged"}
{"msg":"Meta event acknowledged","level":"INFO","ts":"2026-09-15T14:27:20.284955111Z","instance":"node-namespace-b","service_name":"dms-node","event_cursor":139,"request_cursor":0,"last_acked_cursor":139,"event":"node.meta_watch.acknowledged"}
{"msg":"Meta event acknowledged","level":"INFO","ts":"2026-09-15T14:27:20.288628885Z","instance":"node-namespace-b","service_name":"dms-node","event_cursor":140,"request_cursor":0,"last_acked_cursor":140,"event":"node.meta_watch.acknowledged"}
{"msg":"Meta event acknowledged","level":"INFO","ts":"2026-09-15T14:27:20.292377284Z","instance":"node-namespace-b","service_name":"dms-node","event_cursor":141,"request_cursor":0,"last_acked_cursor":141,"event":"node.meta_watch.acknowledged"}
{"msg":"Meta event acknowledged","level":"INFO","ts":"2026-09-15T14:27:20.294562492Z","instance":"node-namespace-b","service_name":"dms-node","event_cursor":142,"request_cursor":0,"last_acked_cursor":142,"event":"node.meta_watch.acknowledged"}
{"msg":"Meta event acknowledged","level":"INFO","ts":"2026-09-15T14:27:20.296268808Z","instance":"node-namespace-b","service_name":"dms-node","event_cursor":144,"request_cursor":0,"last_acked_cursor":144,"event":"node.meta_watch.acknowledged"}
{"msg":"Meta event acknowledged","level":"INFO","ts":"2026-09-15T14:27:20.302627672Z","instance":"node-namespace-b","service_name":"dms-node","event_cursor":145,"request_cursor":0,"last_acked_cursor":145,"event":"node.meta_watch.acknowledged"}
{"msg":"Meta event acknowledged","level":"INFO","ts":"2026-09-15T14:27:20.306202503Z","instance":"node-namespace-b","service_name":"dms-node","event_cursor":146,"request_cursor":0,"last_acked_cursor":146,"event":"node.meta_watch.acknowledged"}
{"msg":"Meta event acknowledged","level":"INFO","ts":"2026-09-15T14:27:20.308362102Z","instance":"node-namespace-b","service_name":"dms-node","event_cursor":147,"request_cursor":0,"last_acked_cursor":147,"event":"node.meta_watch.acknowledged"}
{"msg":"Meta event acknowledged","level":"INFO","ts":"2026-09-15T14:27:20.311931436Z","instance":"node-namespace-b","service_name":"dms-node","event_cursor":148,"request_cursor":0,"last_acked_cursor":148,"event":"node.meta_watch.acknowledged"}
{"msg":"Meta event acknowledged","level":"INFO","ts":"2026-09-15T14:27:20.316226938Z","instance":"node-namespace-b","service_name":"dms-node","event_cursor":149,"request_cursor":0,"last_acked_cursor":149,"event":"node.meta_watch.acknowledged"}
{"msg":"Meta event acknowledged","level":"INFO","ts":"2026-09-15T14:27:20.317826815Z","instance":"node-namespace-b","service_name":"dms-node","event_cursor":151,"request_cursor":0,"last_acked_cursor":151,"event":"node.meta_watch.acknowledged"}
{"msg":"Meta event acknowledged","level":"INFO","ts":"2026-09-15T14:27:20.323041916Z","instance":"node-namespace-b","service_name":"dms-node","event_cursor":152,"request_cursor":0,"last_acked_cursor":152,"event":"node.meta_watch.acknowledged"}
{"msg":"Meta event acknowledged","level":"INFO","ts":"2026-09-15T14:27:20.327681513Z","instance":"node-namespace-b","service_name":"dms-node","event_cursor":153,"request_cursor":0,"last_acked_cursor":153,"event":"node.meta_watch.acknowledged"}
{"msg":"Meta event acknowledged","level":"INFO","ts":"2026-09-15T14:27:20.33047679Z","instance":"node-namespace-b","service_name":"dms-node","event_cursor":154,"request_cursor":0,"last_acked_cursor":154,"event":"node.meta_watch.acknowledged"}
{"msg":"Meta event acknowledged","level":"INFO","ts":"2026-09-15T14:27:20.332804209Z","instance":"node-namespace-b","service_name":"dms-node","event_cursor":155,"request_cursor":0,"last_acked_cursor":155,"event":"node.meta_watch.acknowledged"}
{"msg":"Meta event acknowledged","level":"INFO","ts":"2026-09-15T14:27:20.336098284Z","instance":"node-namespace-b","service_name":"dms-node","event_cursor":156,"request_cursor":0,"last_acked_cursor":156,"event":"node.meta_watch.acknowledged"}
{"msg":"Meta event acknowledged","level":"INFO","ts":"2026-09-15T14:27:20.338084814Z","instance":"node-namespace-b","service_name":"dms-node","event_cursor":158,"request_cursor":0,"last_acked_cursor":158,"event":"node.meta_watch.acknowledged"}
{"msg":"Meta event acknowledged","level":"INFO","ts":"2026-09-15T14:27:20.341262039Z","instance":"node-namespace-b","service_name":"dms-node","event_cursor":159,"request_cursor":0,"last_acked_cursor":159,"event":"node.meta_watch.acknowledged"}
{"msg":"Meta event acknowledged","level":"INFO","ts":"2026-09-15T14:27:20.345380976Z","instance":"node-namespace-b","service_name":"dms-node","event_cursor":160,"request_cursor":0,"last_acked_cursor":160,"event":"node.meta_watch.acknowledged"}
{"msg":"Meta event acknowledged","level":"INFO","ts":"2026-09-15T14:27:20.348071771Z","instance":"node-namespace-b","service_name":"dms-node","event_cursor":161,"request_cursor":0,"last_acked_cursor":161,"event":"node.meta_watch.acknowledged"}
{"msg":"Meta event acknowledged","level":"INFO","ts":"2026-09-15T14:27:20.349833055Z","instance":"node-namespace-b","service_name":"dms-node","event_cursor":163,"request_cursor":0,"last_acked_cursor":163,"event":"node.meta_watch.acknowledged"}
{"msg":"Meta event acknowledged","level":"INFO","ts":"2026-09-15T14:27:20.352954187Z","instance":"node-namespace-b","service_name":"dms-node","event_cursor":164,"request_cursor":0,"last_acked_cursor":164,"event":"node.meta_watch.acknowledged"}
{"msg":"Meta event acknowledged","level":"INFO","ts":"2026-09-15T14:27:20.355294932Z","instance":"node-namespace-b","service_name":"dms-node","event_cursor":165,"request_cursor":0,"last_acked_cursor":165,"event":"node.meta_watch.acknowledged"}
{"msg":"Meta event acknowledged","level":"INFO","ts":"2026-09-15T14:27:20.357550767Z","instance":"node-namespace-b","service_name":"dms-node","event_cursor":166,"request_cursor":0,"last_acked_cursor":166,"event":"node.meta_watch.acknowledged"}
{"msg":"Meta event acknowledged","level":"INFO","ts":"2026-09-15T14:27:20.359960514Z","instance":"node-namespace-b","service_name":"dms-node","event_cursor":167,"request_cursor":0,"last_acked_cursor":167,"event":"node.meta_watch.acknowledged"}
{"msg":"Meta event acknowledged","level":"INFO","ts":"2026-09-15T14:27:20.362134729Z","instance":"node-namespace-b","service_name":"dms-node","event_cursor":168,"request_cursor":0,"last_acked_cursor":168,"event":"node.meta_watch.acknowledged"}
{"msg":"Meta event acknowledged","level":"INFO","ts":"2026-09-15T14:27:20.364176687Z","instance":"node-namespace-b","service_name":"dms-node","event_cursor":169,"request_cursor":0,"last_acked_cursor":169,"event":"node.meta_watch.acknowledged"}
{"msg":"Meta event acknowledged","level":"INFO","ts":"2026-09-15T14:27:20.366064524Z","instance":"node-namespace-b","service_name":"dms-node","event_cursor":170,"request_cursor":0,"last_acked_cursor":170,"event":"node.meta_watch.acknowledged"}
{"msg":"Meta event acknowledged","level":"INFO","ts":"2026-09-15T14:27:20.368358421Z","instance":"node-namespace-b","service_name":"dms-node","event_cursor":171,"request_cursor":0,"last_acked_cursor":171,"event":"node.meta_watch.acknowledged"}
{"msg":"Meta event acknowledged","level":"INFO","ts":"2026-09-15T14:27:20.370599556Z","instance":"node-namespace-b","service_name":"dms-node","event_cursor":172,"request_cursor":0,"last_acked_cursor":172,"event":"node.meta_watch.acknowledged"}
{"msg":"Meta event acknowledged","level":"INFO","ts":"2026-09-15T14:27:20.372411145Z","instance":"node-namespace-b","service_name":"dms-node","event_cursor":174,"request_cursor":0,"last_acked_cursor":174,"event":"node.meta_watch.acknowledged"}
{"msg":"Meta event acknowledged","level":"INFO","ts":"2026-09-15T14:27:20.376566186Z","instance":"node-namespace-b","service_name":"dms-node","event_cursor":175,"request_cursor":0,"last_acked_cursor":175,"event":"node.meta_watch.acknowledged"}
{"msg":"Meta event acknowledged","level":"INFO","ts":"2026-09-15T14:27:20.379615942Z","instance":"node-namespace-b","service_name":"dms-node","event_cursor":176,"request_cursor":0,"last_acked_cursor":176,"event":"node.meta_watch.acknowledged"}
{"msg":"Meta event acknowledged","level":"INFO","ts":"2026-09-15T14:27:20.383193063Z","instance":"node-namespace-b","service_name":"dms-node","event_cursor":177,"request_cursor":0,"last_acked_cursor":177,"event":"node.meta_watch.acknowledged"}
{"msg":"Meta event acknowledged","level":"INFO","ts":"2026-09-15T14:27:20.386921723Z","instance":"node-namespace-b","service_name":"dms-node","event_cursor":178,"request_cursor":0,"last_acked_cursor":178,"event":"node.meta_watch.acknowledged"}
{"msg":"Meta event acknowledged","level":"INFO","ts":"2026-09-15T14:27:20.388639615Z","instance":"node-namespace-b","service_name":"dms-node","event_cursor":180,"request_cursor":0,"last_acked_cursor":180,"event":"node.meta_watch.acknowledged"}
{"msg":"Meta event acknowledged","level":"INFO","ts":"2026-09-15T14:27:20.394748456Z","instance":"node-namespace-b","service_name":"dms-node","event_cursor":181,"request_cursor":0,"last_acked_cursor":181,"event":"node.meta_watch.acknowledged"}
{"msg":"Meta event acknowledged","level":"INFO","ts":"2026-09-15T14:27:20.398605792Z","instance":"node-namespace-b","service_name":"dms-node","event_cursor":182,"request_cursor":0,"last_acked_cursor":182,"event":"node.meta_watch.acknowledged"}
{"msg":"Meta event acknowledged","level":"INFO","ts":"2026-09-15T14:27:20.400002285Z","instance":"node-namespace-b","service_name":"dms-node","event_cursor":183,"request_cursor":0,"last_acked_cursor":183,"event":"node.meta_watch.acknowledged"}
{"msg":"Meta event acknowledged","level":"INFO","ts":"2026-09-15T14:27:20.402233592Z","instance":"node-namespace-b","service_name":"dms-node","event_cursor":184,"request_cursor":0,"last_acked_cursor":184,"event":"node.meta_watch.acknowledged"}
{"msg":"Meta event acknowledged","level":"INFO","ts":"2026-09-15T14:27:20.406351571Z","instance":"node-namespace-b","service_name":"dms-node","event_cursor":185,"request_cursor":0,"last_acked_cursor":185,"event":"node.meta_watch.acknowledged"}
{"msg":"Meta event acknowledged","level":"INFO","ts":"2026-09-15T14:27:20.408198223Z","instance":"node-namespace-b","service_name":"dms-node","event_cursor":187,"request_cursor":0,"last_acked_cursor":187,"event":"node.meta_watch.acknowledged"}
{"msg":"Meta event acknowledged","level":"INFO","ts":"2026-09-15T14:27:20.413343989Z","instance":"node-namespace-b","service_name":"dms-node","event_cursor":188,"request_cursor":0,"last_acked_cursor":188,"event":"node.meta_watch.acknowledged"}
{"msg":"Meta event acknowledged","level":"INFO","ts":"2026-09-15T14:27:20.41842246Z","instance":"node-namespace-b","service_name":"dms-node","event_cursor":189,"request_cursor":0,"last_acked_cursor":189,"event":"node.meta_watch.acknowledged"}
{"msg":"Meta event acknowledged","level":"INFO","ts":"2026-09-15T14:27:20.421003276Z","instance":"node-namespace-b","service_name":"dms-node","event_cursor":190,"request_cursor":0,"last_acked_cursor":190,"event":"node.meta_watch.acknowledged"}
{"msg":"Meta event acknowledged","level":"INFO","ts":"2026-09-15T14:27:20.423210847Z","instance":"node-namespace-b","service_name":"dms-node","event_cursor":191,"request_cursor":0,"last_acked_cursor":191,"event":"node.meta_watch.acknowledged"}
{"msg":"Meta event acknowledged","level":"INFO","ts":"2026-09-15T14:27:20.426801961Z","instance":"node-namespace-b","service_name":"dms-node","event_cursor":192,"request_cursor":0,"last_acked_cursor":192,"event":"node.meta_watch.acknowledged"}
{"msg":"Meta event acknowledged","level":"INFO","ts":"2026-09-15T14:27:20.428399755Z","instance":"node-namespace-b","service_name":"dms-node","event_cursor":194,"request_cursor":0,"last_acked_cursor":194,"event":"node.meta_watch.acknowledged"}
{"msg":"Meta event acknowledged","level":"INFO","ts":"2026-09-15T14:27:20.431000018Z","instance":"node-namespace-b","service_name":"dms-node","event_cursor":195,"request_cursor":0,"last_acked_cursor":195,"event":"node.meta_watch.acknowledged"}
{"msg":"Meta event acknowledged","level":"INFO","ts":"2026-09-15T14:27:20.434506597Z","instance":"node-namespace-b","service_name":"dms-node","event_cursor":196,"request_cursor":0,"last_acked_cursor":196,"event":"node.meta_watch.acknowledged"}
{"msg":"Meta event acknowledged","level":"INFO","ts":"2026-09-15T14:27:20.43676897Z","instance":"node-namespace-b","service_name":"dms-node","event_cursor":197,"request_cursor":0,"last_acked_cursor":197,"event":"node.meta_watch.acknowledged"}
{"msg":"Meta event acknowledged","level":"INFO","ts":"2026-09-15T14:27:20.439246012Z","instance":"node-namespace-b","service_name":"dms-node","event_cursor":199,"request_cursor":0,"last_acked_cursor":199,"event":"node.meta_watch.acknowledged"}
{"msg":"Meta event acknowledged","level":"INFO","ts":"2026-09-15T14:27:20.442615876Z","instance":"node-namespace-b","service_name":"dms-node","event_cursor":200,"request_cursor":0,"last_acked_cursor":200,"event":"node.meta_watch.acknowledged"}
{"msg":"Meta event acknowledged","level":"INFO","ts":"2026-09-15T14:27:20.444758526Z","instance":"node-namespace-b","service_name":"dms-node","event_cursor":201,"request_cursor":0,"last_acked_cursor":201,"event":"node.meta_watch.acknowledged"}
{"msg":"Meta event acknowledged","level":"INFO","ts":"2026-09-15T14:27:20.447058336Z","instance":"node-namespace-b","service_name":"dms-node","event_cursor":202,"request_cursor":0,"last_acked_cursor":202,"event":"node.meta_watch.acknowledged"}
{"msg":"Meta event acknowledged","level":"INFO","ts":"2026-09-15T14:27:20.449161175Z","instance":"node-namespace-b","service_name":"dms-node","event_cursor":203,"request_cursor":0,"last_acked_cursor":203,"event":"node.meta_watch.acknowledged"}
{"msg":"Meta event acknowledged","level":"INFO","ts":"2026-09-15T14:27:20.451434584Z","instance":"node-namespace-b","service_name":"dms-node","event_cursor":204,"request_cursor":0,"last_acked_cursor":204,"event":"node.meta_watch.acknowledged"}
{"msg":"Meta event acknowledged","level":"INFO","ts":"2026-09-15T14:27:20.453220188Z","instance":"node-namespace-b","service_name":"dms-node","event_cursor":205,"request_cursor":0,"last_acked_cursor":205,"event":"node.meta_watch.acknowledged"}
{"msg":"Meta event acknowledged","level":"INFO","ts":"2026-09-15T14:27:20.45515225Z","instance":"node-namespace-b","service_name":"dms-node","event_cursor":206,"request_cursor":0,"last_acked_cursor":206,"event":"node.meta_watch.acknowledged"}
{"msg":"Meta event acknowledged","level":"INFO","ts":"2026-09-15T14:27:20.457537011Z","instance":"node-namespace-b","service_name":"dms-node","event_cursor":207,"request_cursor":0,"last_acked_cursor":207,"event":"node.meta_watch.acknowledged"}
{"msg":"Meta event acknowledged","level":"INFO","ts":"2026-09-15T14:27:20.45961678Z","instance":"node-namespace-b","service_name":"dms-node","event_cursor":208,"request_cursor":0,"last_acked_cursor":208,"event":"node.meta_watch.acknowledged"}
{"msg":"Meta event acknowledged","level":"INFO","ts":"2026-09-15T14:27:20.46136603Z","instance":"node-namespace-b","service_name":"dms-node","event_cursor":210,"request_cursor":0,"last_acked_cursor":210,"event":"node.meta_watch.acknowledged"}
{"msg":"Meta event acknowledged","level":"INFO","ts":"2026-09-15T14:27:20.465569585Z","instance":"node-namespace-b","service_name":"dms-node","event_cursor":211,"request_cursor":0,"last_acked_cursor":211,"event":"node.meta_watch.acknowledged"}
{"msg":"Meta event acknowledged","level":"INFO","ts":"2026-09-15T14:27:20.470730342Z","instance":"node-namespace-b","service_name":"dms-node","event_cursor":212,"request_cursor":0,"last_acked_cursor":212,"event":"node.meta_watch.acknowledged"}
{"msg":"Meta event acknowledged","level":"INFO","ts":"2026-09-15T14:27:20.480782927Z","instance":"node-namespace-b","service_name":"dms-node","event_cursor":213,"request_cursor":0,"last_acked_cursor":213,"event":"node.meta_watch.acknowledged"}
{"msg":"Meta event acknowledged","level":"INFO","ts":"2026-09-15T14:27:20.48381257Z","instance":"node-namespace-b","service_name":"dms-node","event_cursor":214,"request_cursor":0,"last_acked_cursor":214,"event":"node.meta_watch.acknowledged"}
{"msg":"Meta event acknowledged","level":"INFO","ts":"2026-09-15T14:27:20.485847781Z","instance":"node-namespace-b","service_name":"dms-node","event_cursor":216,"request_cursor":0,"last_acked_cursor":216,"event":"node.meta_watch.acknowledged"}
{"msg":"Meta event acknowledged","level":"INFO","ts":"2026-09-15T14:27:20.492086256Z","instance":"node-namespace-b","service_name":"dms-node","event_cursor":217,"request_cursor":0,"last_acked_cursor":217,"event":"node.meta_watch.acknowledged"}
{"msg":"Meta event acknowledged","level":"INFO","ts":"2026-09-15T14:27:20.495570305Z","instance":"node-namespace-b","service_name":"dms-node","event_cursor":218,"request_cursor":0,"last_acked_cursor":218,"event":"node.meta_watch.acknowledged"}
{"msg":"Meta event acknowledged","level":"INFO","ts":"2026-09-15T14:27:20.497326759Z","instance":"node-namespace-b","service_name":"dms-node","event_cursor":219,"request_cursor":0,"last_acked_cursor":219,"event":"node.meta_watch.acknowledged"}
{"msg":"Meta event acknowledged","level":"INFO","ts":"2026-09-15T14:27:20.500143024Z","instance":"node-namespace-b","service_name":"dms-node","event_cursor":220,"request_cursor":0,"last_acked_cursor":220,"event":"node.meta_watch.acknowledged"}
{"msg":"Meta event acknowledged","level":"INFO","ts":"2026-09-15T14:27:20.504239015Z","instance":"node-namespace-b","service_name":"dms-node","event_cursor":221,"request_cursor":0,"last_acked_cursor":221,"event":"node.meta_watch.acknowledged"}
{"msg":"Meta event acknowledged","level":"INFO","ts":"2026-09-15T14:27:20.505907769Z","instance":"node-namespace-b","service_name":"dms-node","event_cursor":223,"request_cursor":0,"last_acked_cursor":223,"event":"node.meta_watch.acknowledged"}
{"msg":"Meta event acknowledged","level":"INFO","ts":"2026-09-15T14:27:20.511175965Z","instance":"node-namespace-b","service_name":"dms-node","event_cursor":224,"request_cursor":0,"last_acked_cursor":224,"event":"node.meta_watch.acknowledged"}
{"msg":"Meta event acknowledged","level":"INFO","ts":"2026-09-15T14:27:20.516260183Z","instance":"node-namespace-b","service_name":"dms-node","event_cursor":225,"request_cursor":0,"last_acked_cursor":225,"event":"node.meta_watch.acknowledged"}
{"msg":"Meta event acknowledged","level":"INFO","ts":"2026-09-15T14:27:20.51887981Z","instance":"node-namespace-b","service_name":"dms-node","event_cursor":226,"request_cursor":0,"last_acked_cursor":226,"event":"node.meta_watch.acknowledged"}
{"msg":"Meta event acknowledged","level":"INFO","ts":"2026-09-15T14:27:20.52114489Z","instance":"node-namespace-b","service_name":"dms-node","event_cursor":227,"request_cursor":0,"last_acked_cursor":227,"event":"node.meta_watch.acknowledged"}
{"msg":"Meta event acknowledged","level":"INFO","ts":"2026-09-15T14:27:20.524455164Z","instance":"node-namespace-b","service_name":"dms-node","event_cursor":228,"request_cursor":0,"last_acked_cursor":228,"event":"node.meta_watch.acknowledged"}
{"msg":"Meta event acknowledged","level":"INFO","ts":"2026-09-15T14:27:20.525899255Z","instance":"node-namespace-b","service_name":"dms-node","event_cursor":230,"request_cursor":0,"last_acked_cursor":230,"event":"node.meta_watch.acknowledged"}
{"msg":"Meta event acknowledged","level":"INFO","ts":"2026-09-15T14:27:20.528390747Z","instance":"node-namespace-b","service_name":"dms-node","event_cursor":231,"request_cursor":0,"last_acked_cursor":231,"event":"node.meta_watch.acknowledged"}
{"msg":"Meta event acknowledged","level":"INFO","ts":"2026-09-15T14:27:20.531405356Z","instance":"node-namespace-b","service_name":"dms-node","event_cursor":232,"request_cursor":0,"last_acked_cursor":232,"event":"node.meta_watch.acknowledged"}
{"msg":"Meta event acknowledged","level":"INFO","ts":"2026-09-15T14:27:20.534026191Z","instance":"node-namespace-b","service_name":"dms-node","event_cursor":233,"request_cursor":0,"last_acked_cursor":233,"event":"node.meta_watch.acknowledged"}
{"msg":"Meta event acknowledged","level":"INFO","ts":"2026-09-15T14:27:20.536815179Z","instance":"node-namespace-b","service_name":"dms-node","event_cursor":235,"request_cursor":0,"last_acked_cursor":235,"event":"node.meta_watch.acknowledged"}
{"msg":"Meta event acknowledged","level":"INFO","ts":"2026-09-15T14:27:20.540459762Z","instance":"node-namespace-b","service_name":"dms-node","event_cursor":236,"request_cursor":0,"last_acked_cursor":236,"event":"node.meta_watch.acknowledged"}
{"msg":"Meta event acknowledged","level":"INFO","ts":"2026-09-15T14:27:20.542861972Z","instance":"node-namespace-b","service_name":"dms-node","event_cursor":237,"request_cursor":0,"last_acked_cursor":237,"event":"node.meta_watch.acknowledged"}
{"msg":"Meta event acknowledged","level":"INFO","ts":"2026-09-15T14:27:20.545120181Z","instance":"node-namespace-b","service_name":"dms-node","event_cursor":238,"request_cursor":0,"last_acked_cursor":238,"event":"node.meta_watch.acknowledged"}
{"msg":"Meta event acknowledged","level":"INFO","ts":"2026-09-15T14:27:20.547372559Z","instance":"node-namespace-b","service_name":"dms-node","event_cursor":239,"request_cursor":0,"last_acked_cursor":239,"event":"node.meta_watch.acknowledged"}
{"msg":"Meta event acknowledged","level":"INFO","ts":"2026-09-15T14:27:20.54990382Z","instance":"node-namespace-b","service_name":"dms-node","event_cursor":240,"request_cursor":0,"last_acked_cursor":240,"event":"node.meta_watch.acknowledged"}
{"msg":"Meta event acknowledged","level":"INFO","ts":"2026-09-15T14:27:20.551641035Z","instance":"node-namespace-b","service_name":"dms-node","event_cursor":241,"request_cursor":0,"last_acked_cursor":241,"event":"node.meta_watch.acknowledged"}
{"msg":"Meta event acknowledged","level":"INFO","ts":"2026-09-15T14:27:20.553403361Z","instance":"node-namespace-b","service_name":"dms-node","event_cursor":242,"request_cursor":0,"last_acked_cursor":242,"event":"node.meta_watch.acknowledged"}
{"msg":"Meta event acknowledged","level":"INFO","ts":"2026-09-15T14:27:20.555598856Z","instance":"node-namespace-b","service_name":"dms-node","event_cursor":243,"request_cursor":0,"last_acked_cursor":243,"event":"node.meta_watch.acknowledged"}
{"msg":"Meta event acknowledged","level":"INFO","ts":"2026-09-15T14:27:20.558022928Z","instance":"node-namespace-b","service_name":"dms-node","event_cursor":244,"request_cursor":0,"last_acked_cursor":244,"event":"node.meta_watch.acknowledged"}
{"msg":"Meta event acknowledged","level":"INFO","ts":"2026-09-15T14:27:20.560505383Z","instance":"node-namespace-b","service_name":"dms-node","event_cursor":246,"request_cursor":0,"last_acked_cursor":246,"event":"node.meta_watch.acknowledged"}
{"msg":"Meta event acknowledged","level":"INFO","ts":"2026-09-15T14:27:20.564342273Z","instance":"node-namespace-b","service_name":"dms-node","event_cursor":247,"request_cursor":0,"last_acked_cursor":247,"event":"node.meta_watch.acknowledged"}
{"msg":"Meta event acknowledged","level":"INFO","ts":"2026-09-15T14:27:20.567421595Z","instance":"node-namespace-b","service_name":"dms-node","event_cursor":248,"request_cursor":0,"last_acked_cursor":248,"event":"node.meta_watch.acknowledged"}
{"msg":"Meta event acknowledged","level":"INFO","ts":"2026-09-15T14:27:20.570764434Z","instance":"node-namespace-b","service_name":"dms-node","event_cursor":249,"request_cursor":0,"last_acked_cursor":249,"event":"node.meta_watch.acknowledged"}
{"msg":"Meta event acknowledged","level":"INFO","ts":"2026-09-15T14:27:20.57316048Z","instance":"node-namespace-b","service_name":"dms-node","event_cursor":250,"request_cursor":0,"last_acked_cursor":250,"event":"node.meta_watch.acknowledged"}
{"msg":"Meta event acknowledged","level":"INFO","ts":"2026-09-15T14:27:20.574980273Z","instance":"node-namespace-b","service_name":"dms-node","event_cursor":252,"request_cursor":0,"last_acked_cursor":252,"event":"node.meta_watch.acknowledged"}
{"msg":"Meta event acknowledged","level":"INFO","ts":"2026-09-15T14:27:20.581039683Z","instance":"node-namespace-b","service_name":"dms-node","event_cursor":253,"request_cursor":0,"last_acked_cursor":253,"event":"node.meta_watch.acknowledged"}
{"msg":"Meta event acknowledged","level":"INFO","ts":"2026-09-15T14:27:20.584705046Z","instance":"node-namespace-b","service_name":"dms-node","event_cursor":254,"request_cursor":0,"last_acked_cursor":254,"event":"node.meta_watch.acknowledged"}
{"msg":"Meta event acknowledged","level":"INFO","ts":"2026-09-15T14:27:20.586145431Z","instance":"node-namespace-b","service_name":"dms-node","event_cursor":255,"request_cursor":0,"last_acked_cursor":255,"event":"node.meta_watch.acknowledged"}
{"msg":"Meta event acknowledged","level":"INFO","ts":"2026-09-15T14:27:20.589229209Z","instance":"node-namespace-b","service_name":"dms-node","event_cursor":256,"request_cursor":0,"last_acked_cursor":256,"event":"node.meta_watch.acknowledged"}
{"msg":"Meta event acknowledged","level":"INFO","ts":"2026-09-15T14:27:20.593630151Z","instance":"node-namespace-b","service_name":"dms-node","event_cursor":257,"request_cursor":0,"last_acked_cursor":257,"event":"node.meta_watch.acknowledged"}
{"msg":"Meta event acknowledged","level":"INFO","ts":"2026-09-15T14:27:20.595412257Z","instance":"node-namespace-b","service_name":"dms-node","event_cursor":259,"request_cursor":0,"last_acked_cursor":259,"event":"node.meta_watch.acknowledged"}
{"msg":"Meta event acknowledged","level":"INFO","ts":"2026-09-15T14:27:20.600698609Z","instance":"node-namespace-b","service_name":"dms-node","event_cursor":260,"request_cursor":0,"last_acked_cursor":260,"event":"node.meta_watch.acknowledged"}
{"msg":"Meta event acknowledged","level":"INFO","ts":"2026-09-15T14:27:20.60538926Z","instance":"node-namespace-b","service_name":"dms-node","event_cursor":261,"request_cursor":0,"last_acked_cursor":261,"event":"node.meta_watch.acknowledged"}
{"msg":"Meta event acknowledged","level":"INFO","ts":"2026-09-15T14:27:20.608112037Z","instance":"node-namespace-b","service_name":"dms-node","event_cursor":262,"request_cursor":0,"last_acked_cursor":262,"event":"node.meta_watch.acknowledged"}
{"msg":"Meta event acknowledged","level":"INFO","ts":"2026-09-15T14:27:20.610506209Z","instance":"node-namespace-b","service_name":"dms-node","event_cursor":263,"request_cursor":0,"last_acked_cursor":263,"event":"node.meta_watch.acknowledged"}
{"msg":"Meta event acknowledged","level":"INFO","ts":"2026-09-15T14:27:20.615025458Z","instance":"node-namespace-b","service_name":"dms-node","event_cursor":264,"request_cursor":0,"last_acked_cursor":264,"event":"node.meta_watch.acknowledged"}
{"msg":"Meta event acknowledged","level":"INFO","ts":"2026-09-15T14:27:20.616839421Z","instance":"node-namespace-b","service_name":"dms-node","event_cursor":266,"request_cursor":0,"last_acked_cursor":266,"event":"node.meta_watch.acknowledged"}
{"msg":"Meta event acknowledged","level":"INFO","ts":"2026-09-15T14:27:20.619265576Z","instance":"node-namespace-b","service_name":"dms-node","event_cursor":267,"request_cursor":0,"last_acked_cursor":267,"event":"node.meta_watch.acknowledged"}
{"msg":"Meta event acknowledged","level":"INFO","ts":"2026-09-15T14:27:20.622253242Z","instance":"node-namespace-b","service_name":"dms-node","event_cursor":268,"request_cursor":0,"last_acked_cursor":268,"event":"node.meta_watch.acknowledged"}
{"msg":"Meta event acknowledged","level":"INFO","ts":"2026-09-15T14:27:20.624686934Z","instance":"node-namespace-b","service_name":"dms-node","event_cursor":269,"request_cursor":0,"last_acked_cursor":269,"event":"node.meta_watch.acknowledged"}
{"msg":"Meta event acknowledged","level":"INFO","ts":"2026-09-15T14:27:20.626076639Z","instance":"node-namespace-b","service_name":"dms-node","event_cursor":271,"request_cursor":0,"last_acked_cursor":271,"event":"node.meta_watch.acknowledged"}
{"msg":"Meta event acknowledged","level":"INFO","ts":"2026-09-15T14:27:20.629272812Z","instance":"node-namespace-b","service_name":"dms-node","event_cursor":272,"request_cursor":0,"last_acked_cursor":272,"event":"node.meta_watch.acknowledged"}
{"msg":"Meta event acknowledged","level":"INFO","ts":"2026-09-15T14:27:20.63118197Z","instance":"node-namespace-b","service_name":"dms-node","event_cursor":273,"request_cursor":0,"last_acked_cursor":273,"event":"node.meta_watch.acknowledged"}
{"msg":"Meta event acknowledged","level":"INFO","ts":"2026-09-15T14:27:20.634834382Z","instance":"node-namespace-b","service_name":"dms-node","event_cursor":274,"request_cursor":0,"last_acked_cursor":274,"event":"node.meta_watch.acknowledged"}
{"msg":"Meta event acknowledged","level":"INFO","ts":"2026-09-15T14:27:20.637481701Z","instance":"node-namespace-b","service_name":"dms-node","event_cursor":275,"request_cursor":0,"last_acked_cursor":275,"event":"node.meta_watch.acknowledged"}
{"msg":"Meta event acknowledged","level":"INFO","ts":"2026-09-15T14:27:20.639878955Z","instance":"node-namespace-b","service_name":"dms-node","event_cursor":276,"request_cursor":0,"last_acked_cursor":276,"event":"node.meta_watch.acknowledged"}
{"msg":"Meta event acknowledged","level":"INFO","ts":"2026-09-15T14:27:20.641877729Z","instance":"node-namespace-b","service_name":"dms-node","event_cursor":277,"request_cursor":0,"last_acked_cursor":277,"event":"node.meta_watch.acknowledged"}
{"msg":"Meta event acknowledged","level":"INFO","ts":"2026-09-15T14:27:20.644889424Z","instance":"node-namespace-b","service_name":"dms-node","event_cursor":278,"request_cursor":0,"last_acked_cursor":278,"event":"node.meta_watch.acknowledged"}
{"msg":"Meta event acknowledged","level":"INFO","ts":"2026-09-15T14:27:20.647140095Z","instance":"node-namespace-b","service_name":"dms-node","event_cursor":279,"request_cursor":0,"last_acked_cursor":279,"event":"node.meta_watch.acknowledged"}
{"msg":"Meta event acknowledged","level":"INFO","ts":"2026-09-15T14:27:20.649753892Z","instance":"node-namespace-b","service_name":"dms-node","event_cursor":280,"request_cursor":0,"last_acked_cursor":280,"event":"node.meta_watch.acknowledged"}
{"msg":"Meta event acknowledged","level":"INFO","ts":"2026-09-15T14:27:20.651222886Z","instance":"node-namespace-b","service_name":"dms-node","event_cursor":282,"request_cursor":0,"last_acked_cursor":282,"event":"node.meta_watch.acknowledged"}
{"msg":"Meta event acknowledged","level":"INFO","ts":"2026-09-15T14:27:20.656155857Z","instance":"node-namespace-b","service_name":"dms-node","event_cursor":283,"request_cursor":0,"last_acked_cursor":283,"event":"node.meta_watch.acknowledged"}
{"msg":"Meta event acknowledged","level":"INFO","ts":"2026-09-15T14:27:20.660066079Z","instance":"node-namespace-b","service_name":"dms-node","event_cursor":284,"request_cursor":0,"last_acked_cursor":284,"event":"node.meta_watch.acknowledged"}
{"msg":"Meta event acknowledged","level":"INFO","ts":"2026-09-15T14:27:20.663755344Z","instance":"node-namespace-b","service_name":"dms-node","event_cursor":285,"request_cursor":0,"last_acked_cursor":285,"event":"node.meta_watch.acknowledged"}
{"msg":"Meta event acknowledged","level":"INFO","ts":"2026-09-15T14:27:20.666373389Z","instance":"node-namespace-b","service_name":"dms-node","event_cursor":286,"request_cursor":0,"last_acked_cursor":286,"event":"node.meta_watch.acknowledged"}
{"msg":"Meta event acknowledged","level":"INFO","ts":"2026-09-15T14:27:20.667876363Z","instance":"node-namespace-b","service_name":"dms-node","event_cursor":288,"request_cursor":0,"last_acked_cursor":288,"event":"node.meta_watch.acknowledged"}
{"msg":"Meta event acknowledged","level":"INFO","ts":"2026-09-15T14:27:20.674157063Z","instance":"node-namespace-b","service_name":"dms-node","event_cursor":289,"request_cursor":0,"last_acked_cursor":289,"event":"node.meta_watch.acknowledged"}
{"msg":"Meta event acknowledged","level":"INFO","ts":"2026-09-15T14:27:20.677739515Z","instance":"node-namespace-b","service_name":"dms-node","event_cursor":290,"request_cursor":0,"last_acked_cursor":290,"event":"node.meta_watch.acknowledged"}
{"msg":"Meta event acknowledged","level":"INFO","ts":"2026-09-15T14:27:20.679756112Z","instance":"node-namespace-b","service_name":"dms-node","event_cursor":291,"request_cursor":0,"last_acked_cursor":291,"event":"node.meta_watch.acknowledged"}
{"msg":"Meta event acknowledged","level":"INFO","ts":"2026-09-15T14:27:20.681990834Z","instance":"node-namespace-b","service_name":"dms-node","event_cursor":292,"request_cursor":0,"last_acked_cursor":292,"event":"node.meta_watch.acknowledged"}
{"msg":"Meta event acknowledged","level":"INFO","ts":"2026-09-15T14:27:20.687488565Z","instance":"node-namespace-b","service_name":"dms-node","event_cursor":293,"request_cursor":0,"last_acked_cursor":293,"event":"node.meta_watch.acknowledged"}
{"msg":"Meta event acknowledged","level":"INFO","ts":"2026-09-15T14:27:20.689332344Z","instance":"node-namespace-b","service_name":"dms-node","event_cursor":295,"request_cursor":0,"last_acked_cursor":295,"event":"node.meta_watch.acknowledged"}
{"msg":"Meta event acknowledged","level":"INFO","ts":"2026-09-15T14:27:20.694826578Z","instance":"node-namespace-b","service_name":"dms-node","event_cursor":296,"request_cursor":0,"last_acked_cursor":296,"event":"node.meta_watch.acknowledged"}
{"msg":"Meta event acknowledged","level":"INFO","ts":"2026-09-15T14:27:20.699750471Z","instance":"node-namespace-b","service_name":"dms-node","event_cursor":297,"request_cursor":0,"last_acked_cursor":297,"event":"node.meta_watch.acknowledged"}
{"msg":"Meta event acknowledged","level":"INFO","ts":"2026-09-15T14:27:20.702067479Z","instance":"node-namespace-b","service_name":"dms-node","event_cursor":298,"request_cursor":0,"last_acked_cursor":298,"event":"node.meta_watch.acknowledged"}
{"msg":"Meta event acknowledged","level":"INFO","ts":"2026-09-15T14:27:20.704442787Z","instance":"node-namespace-b","service_name":"dms-node","event_cursor":299,"request_cursor":0,"last_acked_cursor":299,"event":"node.meta_watch.acknowledged"}
{"msg":"Meta event acknowledged","level":"INFO","ts":"2026-09-15T14:27:20.708383284Z","instance":"node-namespace-b","service_name":"dms-node","event_cursor":300,"request_cursor":0,"last_acked_cursor":300,"event":"node.meta_watch.acknowledged"}
{"msg":"Meta event acknowledged","level":"INFO","ts":"2026-09-15T14:27:20.710132826Z","instance":"node-namespace-b","service_name":"dms-node","event_cursor":302,"request_cursor":0,"last_acked_cursor":302,"event":"node.meta_watch.acknowledged"}
{"msg":"Meta event acknowledged","level":"INFO","ts":"2026-09-15T14:27:20.712566309Z","instance":"node-namespace-b","service_name":"dms-node","event_cursor":303,"request_cursor":0,"last_acked_cursor":303,"event":"node.meta_watch.acknowledged"}
{"msg":"Meta event acknowledged","level":"INFO","ts":"2026-09-15T14:27:20.715678946Z","instance":"node-namespace-b","service_name":"dms-node","event_cursor":304,"request_cursor":0,"last_acked_cursor":304,"event":"node.meta_watch.acknowledged"}
{"msg":"Meta event acknowledged","level":"INFO","ts":"2026-09-15T14:27:20.71799737Z","instance":"node-namespace-b","service_name":"dms-node","event_cursor":305,"request_cursor":0,"last_acked_cursor":305,"event":"node.meta_watch.acknowledged"}
{"msg":"Meta event acknowledged","level":"INFO","ts":"2026-09-15T14:27:20.721000445Z","instance":"node-namespace-b","service_name":"dms-node","event_cursor":307,"request_cursor":0,"last_acked_cursor":307,"event":"node.meta_watch.acknowledged"}
{"msg":"Meta event acknowledged","level":"INFO","ts":"2026-09-15T14:27:20.724358941Z","instance":"node-namespace-b","service_name":"dms-node","event_cursor":308,"request_cursor":0,"last_acked_cursor":308,"event":"node.meta_watch.acknowledged"}
{"msg":"Meta event acknowledged","level":"INFO","ts":"2026-09-15T14:27:20.726456908Z","instance":"node-namespace-b","service_name":"dms-node","event_cursor":309,"request_cursor":0,"last_acked_cursor":309,"event":"node.meta_watch.acknowledged"}
{"msg":"Meta event acknowledged","level":"INFO","ts":"2026-09-15T14:27:20.728727277Z","instance":"node-namespace-b","service_name":"dms-node","event_cursor":310,"request_cursor":0,"last_acked_cursor":310,"event":"node.meta_watch.acknowledged"}
{"msg":"Meta event acknowledged","level":"INFO","ts":"2026-09-15T14:27:20.731026753Z","instance":"node-namespace-b","service_name":"dms-node","event_cursor":311,"request_cursor":0,"last_acked_cursor":311,"event":"node.meta_watch.acknowledged"}
{"msg":"Meta event acknowledged","level":"INFO","ts":"2026-09-15T14:27:20.733706638Z","instance":"node-namespace-b","service_name":"dms-node","event_cursor":312,"request_cursor":0,"last_acked_cursor":312,"event":"node.meta_watch.acknowledged"}
{"msg":"Meta event acknowledged","level":"INFO","ts":"2026-09-15T14:27:20.741068345Z","instance":"node-namespace-b","service_name":"dms-node","event_cursor":313,"request_cursor":0,"last_acked_cursor":313,"event":"node.meta_watch.acknowledged"}
{"msg":"Meta event acknowledged","level":"INFO","ts":"2026-09-15T14:27:20.743004571Z","instance":"node-namespace-b","service_name":"dms-node","event_cursor":314,"request_cursor":0,"last_acked_cursor":314,"event":"node.meta_watch.acknowledged"}
{"msg":"Meta event acknowledged","level":"INFO","ts":"2026-09-15T14:27:20.745301466Z","instance":"node-namespace-b","service_name":"dms-node","event_cursor":315,"request_cursor":0,"last_acked_cursor":315,"event":"node.meta_watch.acknowledged"}
{"msg":"Meta event acknowledged","level":"INFO","ts":"2026-09-15T14:27:20.74772608Z","instance":"node-namespace-b","service_name":"dms-node","event_cursor":316,"request_cursor":0,"last_acked_cursor":316,"event":"node.meta_watch.acknowledged"}
{"msg":"Meta event acknowledged","level":"INFO","ts":"2026-09-15T14:27:20.750175804Z","instance":"node-namespace-b","service_name":"dms-node","event_cursor":318,"request_cursor":0,"last_acked_cursor":318,"event":"node.meta_watch.acknowledged"}
{"msg":"Meta event acknowledged","level":"INFO","ts":"2026-09-15T14:27:20.75535047Z","instance":"node-namespace-b","service_name":"dms-node","event_cursor":319,"request_cursor":0,"last_acked_cursor":319,"event":"node.meta_watch.acknowledged"}
{"msg":"Meta event acknowledged","level":"INFO","ts":"2026-09-15T14:27:20.758477557Z","instance":"node-namespace-b","service_name":"dms-node","event_cursor":320,"request_cursor":0,"last_acked_cursor":320,"event":"node.meta_watch.acknowledged"}
{"msg":"Meta event acknowledged","level":"INFO","ts":"2026-09-15T14:27:20.761993088Z","instance":"node-namespace-b","service_name":"dms-node","event_cursor":321,"request_cursor":0,"last_acked_cursor":321,"event":"node.meta_watch.acknowledged"}
{"msg":"Meta event acknowledged","level":"INFO","ts":"2026-09-15T14:27:20.764212153Z","instance":"node-namespace-b","service_name":"dms-node","event_cursor":322,"request_cursor":0,"last_acked_cursor":322,"event":"node.meta_watch.acknowledged"}
{"msg":"Meta event acknowledged","level":"INFO","ts":"2026-09-15T14:27:20.766070632Z","instance":"node-namespace-b","service_name":"dms-node","event_cursor":324,"request_cursor":0,"last_acked_cursor":324,"event":"node.meta_watch.acknowledged"}
{"msg":"Meta event acknowledged","level":"INFO","ts":"2026-09-15T14:27:20.77209019Z","instance":"node-namespace-b","service_name":"dms-node","event_cursor":325,"request_cursor":0,"last_acked_cursor":325,"event":"node.meta_watch.acknowledged"}
{"msg":"Meta event acknowledged","level":"INFO","ts":"2026-09-15T14:27:20.775720031Z","instance":"node-namespace-b","service_name":"dms-node","event_cursor":326,"request_cursor":0,"last_acked_cursor":326,"event":"node.meta_watch.acknowledged"}
{"msg":"Meta event acknowledged","level":"INFO","ts":"2026-09-15T14:27:20.777578218Z","instance":"node-namespace-b","service_name":"dms-node","event_cursor":327,"request_cursor":0,"last_acked_cursor":327,"event":"node.meta_watch.acknowledged"}
{"msg":"Meta event acknowledged","level":"INFO","ts":"2026-09-15T14:27:20.779919213Z","instance":"node-namespace-b","service_name":"dms-node","event_cursor":328,"request_cursor":0,"last_acked_cursor":328,"event":"node.meta_watch.acknowledged"}
{"msg":"Meta event acknowledged","level":"INFO","ts":"2026-09-15T14:27:20.785018464Z","instance":"node-namespace-b","service_name":"dms-node","event_cursor":329,"request_cursor":0,"last_acked_cursor":329,"event":"node.meta_watch.acknowledged"}
{"msg":"Meta event acknowledged","level":"INFO","ts":"2026-09-15T14:27:20.78661326Z","instance":"node-namespace-b","service_name":"dms-node","event_cursor":331,"request_cursor":0,"last_acked_cursor":331,"event":"node.meta_watch.acknowledged"}
{"msg":"Meta event acknowledged","level":"INFO","ts":"2026-09-15T14:27:20.792141807Z","instance":"node-namespace-b","service_name":"dms-node","event_cursor":332,"request_cursor":0,"last_acked_cursor":332,"event":"node.meta_watch.acknowledged"}
{"msg":"Meta event acknowledged","level":"INFO","ts":"2026-09-15T14:27:20.79676304Z","instance":"node-namespace-b","service_name":"dms-node","event_cursor":333,"request_cursor":0,"last_acked_cursor":333,"event":"node.meta_watch.acknowledged"}
{"msg":"Meta event acknowledged","level":"INFO","ts":"2026-09-15T14:27:20.80058777Z","instance":"node-namespace-b","service_name":"dms-node","event_cursor":334,"request_cursor":0,"last_acked_cursor":334,"event":"node.meta_watch.acknowledged"}
{"msg":"Meta event acknowledged","level":"INFO","ts":"2026-09-15T14:27:20.803056899Z","instance":"node-namespace-b","service_name":"dms-node","event_cursor":335,"request_cursor":0,"last_acked_cursor":335,"event":"node.meta_watch.acknowledged"}
{"msg":"Meta event acknowledged","level":"INFO","ts":"2026-09-15T14:27:20.806543364Z","instance":"node-namespace-b","service_name":"dms-node","event_cursor":336,"request_cursor":0,"last_acked_cursor":336,"event":"node.meta_watch.acknowledged"}
{"msg":"Meta event acknowledged","level":"INFO","ts":"2026-09-15T14:27:20.808300026Z","instance":"node-namespace-b","service_name":"dms-node","event_cursor":338,"request_cursor":0,"last_acked_cursor":338,"event":"node.meta_watch.acknowledged"}
{"msg":"Meta event acknowledged","level":"INFO","ts":"2026-09-15T14:27:20.810543827Z","instance":"node-namespace-b","service_name":"dms-node","event_cursor":339,"request_cursor":0,"last_acked_cursor":339,"event":"node.meta_watch.acknowledged"}
{"msg":"Meta event acknowledged","level":"INFO","ts":"2026-09-15T14:27:20.815187796Z","instance":"node-namespace-b","service_name":"dms-node","event_cursor":340,"request_cursor":0,"last_acked_cursor":340,"event":"node.meta_watch.acknowledged"}
{"msg":"Meta event acknowledged","level":"INFO","ts":"2026-09-15T14:27:20.817547405Z","instance":"node-namespace-b","service_name":"dms-node","event_cursor":341,"request_cursor":0,"last_acked_cursor":341,"event":"node.meta_watch.acknowledged"}
{"msg":"Meta event acknowledged","level":"INFO","ts":"2026-09-15T14:27:20.819181429Z","instance":"node-namespace-b","service_name":"dms-node","event_cursor":343,"request_cursor":0,"last_acked_cursor":343,"event":"node.meta_watch.acknowledged"}
{"msg":"Meta event acknowledged","level":"INFO","ts":"2026-09-15T14:27:20.822481501Z","instance":"node-namespace-b","service_name":"dms-node","event_cursor":344,"request_cursor":0,"last_acked_cursor":344,"event":"node.meta_watch.acknowledged"}
{"msg":"Meta event acknowledged","level":"INFO","ts":"2026-09-15T14:27:20.824871634Z","instance":"node-namespace-b","service_name":"dms-node","event_cursor":345,"request_cursor":0,"last_acked_cursor":345,"event":"node.meta_watch.acknowledged"}
{"msg":"Meta event acknowledged","level":"INFO","ts":"2026-09-15T14:27:20.82707046Z","instance":"node-namespace-b","service_name":"dms-node","event_cursor":346,"request_cursor":0,"last_acked_cursor":346,"event":"node.meta_watch.acknowledged"}
{"msg":"Meta event acknowledged","level":"INFO","ts":"2026-09-15T14:27:20.8292894Z","instance":"node-namespace-b","service_name":"dms-node","event_cursor":347,"request_cursor":0,"last_acked_cursor":347,"event":"node.meta_watch.acknowledged"}
{"msg":"Meta event acknowledged","level":"INFO","ts":"2026-09-15T14:27:20.831735126Z","instance":"node-namespace-b","service_name":"dms-node","event_cursor":348,"request_cursor":0,"last_acked_cursor":348,"event":"node.meta_watch.acknowledged"}
{"msg":"Meta event acknowledged","level":"INFO","ts":"2026-09-15T14:27:20.833748516Z","instance":"node-namespace-b","service_name":"dms-node","event_cursor":349,"request_cursor":0,"last_acked_cursor":349,"event":"node.meta_watch.acknowledged"}
{"msg":"Meta event acknowledged","level":"INFO","ts":"2026-09-15T14:27:20.835650054Z","instance":"node-namespace-b","service_name":"dms-node","event_cursor":350,"request_cursor":0,"last_acked_cursor":350,"event":"node.meta_watch.acknowledged"}
{"msg":"Meta event acknowledged","level":"INFO","ts":"2026-09-15T14:27:20.838133426Z","instance":"node-namespace-b","service_name":"dms-node","event_cursor":351,"request_cursor":0,"last_acked_cursor":351,"event":"node.meta_watch.acknowledged"}
{"msg":"Meta event acknowledged","level":"INFO","ts":"2026-09-15T14:27:20.84118947Z","instance":"node-namespace-b","service_name":"dms-node","event_cursor":352,"request_cursor":0,"last_acked_cursor":352,"event":"node.meta_watch.acknowledged"}
{"msg":"Meta event acknowledged","level":"INFO","ts":"2026-09-15T14:27:20.842796968Z","instance":"node-namespace-b","service_name":"dms-node","event_cursor":354,"request_cursor":0,"last_acked_cursor":354,"event":"node.meta_watch.acknowledged"}
{"msg":"Meta event acknowledged","level":"INFO","ts":"2026-09-15T14:27:20.846975287Z","instance":"node-namespace-b","service_name":"dms-node","event_cursor":355,"request_cursor":0,"last_acked_cursor":355,"event":"node.meta_watch.acknowledged"}
{"msg":"Meta event acknowledged","level":"INFO","ts":"2026-09-15T14:27:20.849981151Z","instance":"node-namespace-b","service_name":"dms-node","event_cursor":356,"request_cursor":0,"last_acked_cursor":356,"event":"node.meta_watch.acknowledged"}
{"msg":"Meta event acknowledged","level":"INFO","ts":"2026-09-15T14:27:20.853243203Z","instance":"node-namespace-b","service_name":"dms-node","event_cursor":357,"request_cursor":0,"last_acked_cursor":357,"event":"node.meta_watch.acknowledged"}
{"msg":"Meta event acknowledged","level":"INFO","ts":"2026-09-15T14:27:20.856476229Z","instance":"node-namespace-b","service_name":"dms-node","event_cursor":358,"request_cursor":0,"last_acked_cursor":358,"event":"node.meta_watch.acknowledged"}
{"msg":"Meta event acknowledged","level":"INFO","ts":"2026-09-15T14:27:20.858114459Z","instance":"node-namespace-b","service_name":"dms-node","event_cursor":360,"request_cursor":0,"last_acked_cursor":360,"event":"node.meta_watch.acknowledged"}
{"msg":"Meta event acknowledged","level":"INFO","ts":"2026-09-15T14:27:20.863864213Z","instance":"node-namespace-b","service_name":"dms-node","event_cursor":361,"request_cursor":0,"last_acked_cursor":361,"event":"node.meta_watch.acknowledged"}
{"msg":"Meta event acknowledged","level":"INFO","ts":"2026-09-15T14:27:20.867457492Z","instance":"node-namespace-b","service_name":"dms-node","event_cursor":362,"request_cursor":0,"last_acked_cursor":362,"event":"node.meta_watch.acknowledged"}
{"msg":"Meta event acknowledged","level":"INFO","ts":"2026-09-15T14:27:20.869288694Z","instance":"node-namespace-b","service_name":"dms-node","event_cursor":363,"request_cursor":0,"last_acked_cursor":363,"event":"node.meta_watch.acknowledged"}
{"msg":"Meta event acknowledged","level":"INFO","ts":"2026-09-15T14:27:20.872438269Z","instance":"node-namespace-b","service_name":"dms-node","event_cursor":364,"request_cursor":0,"last_acked_cursor":364,"event":"node.meta_watch.acknowledged"}
{"msg":"Meta event acknowledged","level":"INFO","ts":"2026-09-15T14:27:20.877000576Z","instance":"node-namespace-b","service_name":"dms-node","event_cursor":365,"request_cursor":0,"last_acked_cursor":365,"event":"node.meta_watch.acknowledged"}
{"msg":"Meta event acknowledged","level":"INFO","ts":"2026-09-15T14:27:20.878561975Z","instance":"node-namespace-b","service_name":"dms-node","event_cursor":367,"request_cursor":0,"last_acked_cursor":367,"event":"node.meta_watch.acknowledged"}
{"msg":"Meta event acknowledged","level":"INFO","ts":"2026-09-15T14:27:20.884426622Z","instance":"node-namespace-b","service_name":"dms-node","event_cursor":368,"request_cursor":0,"last_acked_cursor":368,"event":"node.meta_watch.acknowledged"}
{"msg":"Meta event acknowledged","level":"INFO","ts":"2026-09-15T14:27:20.889050561Z","instance":"node-namespace-b","service_name":"dms-node","event_cursor":369,"request_cursor":0,"last_acked_cursor":369,"event":"node.meta_watch.acknowledged"}
{"msg":"Meta event acknowledged","level":"INFO","ts":"2026-09-15T14:27:20.893050232Z","instance":"node-namespace-b","service_name":"dms-node","event_cursor":370,"request_cursor":0,"last_acked_cursor":370,"event":"node.meta_watch.acknowledged"}
{"msg":"Meta event acknowledged","level":"INFO","ts":"2026-09-15T14:27:20.895544973Z","instance":"node-namespace-b","service_name":"dms-node","event_cursor":371,"request_cursor":0,"last_acked_cursor":371,"event":"node.meta_watch.acknowledged"}
{"msg":"Meta event acknowledged","level":"INFO","ts":"2026-09-15T14:27:20.898685635Z","instance":"node-namespace-b","service_name":"dms-node","event_cursor":372,"request_cursor":0,"last_acked_cursor":372,"event":"node.meta_watch.acknowledged"}
{"msg":"Meta event acknowledged","level":"INFO","ts":"2026-09-15T14:27:20.900341688Z","instance":"node-namespace-b","service_name":"dms-node","event_cursor":374,"request_cursor":0,"last_acked_cursor":374,"event":"node.meta_watch.acknowledged"}
{"msg":"Meta event acknowledged","level":"INFO","ts":"2026-09-15T14:27:20.902680143Z","instance":"node-namespace-b","service_name":"dms-node","event_cursor":375,"request_cursor":0,"last_acked_cursor":375,"event":"node.meta_watch.acknowledged"}
{"msg":"Meta event acknowledged","level":"INFO","ts":"2026-09-15T14:27:20.906586118Z","instance":"node-namespace-b","service_name":"dms-node","event_cursor":376,"request_cursor":0,"last_acked_cursor":376,"event":"node.meta_watch.acknowledged"}
{"msg":"Meta event acknowledged","level":"INFO","ts":"2026-09-15T14:27:20.910024152Z","instance":"node-namespace-b","service_name":"dms-node","event_cursor":377,"request_cursor":0,"last_acked_cursor":377,"event":"node.meta_watch.acknowledged"}
{"msg":"Meta event acknowledged","level":"INFO","ts":"2026-09-15T14:27:20.911692031Z","instance":"node-namespace-b","service_name":"dms-node","event_cursor":379,"request_cursor":0,"last_acked_cursor":379,"event":"node.meta_watch.acknowledged"}
{"msg":"Meta event acknowledged","level":"INFO","ts":"2026-09-15T14:27:20.915178788Z","instance":"node-namespace-b","service_name":"dms-node","event_cursor":380,"request_cursor":0,"last_acked_cursor":380,"event":"node.meta_watch.acknowledged"}
{"msg":"Meta event acknowledged","level":"INFO","ts":"2026-09-15T14:27:20.917447074Z","instance":"node-namespace-b","service_name":"dms-node","event_cursor":381,"request_cursor":0,"last_acked_cursor":381,"event":"node.meta_watch.acknowledged"}
{"msg":"Meta event acknowledged","level":"INFO","ts":"2026-09-15T14:27:20.920705544Z","instance":"node-namespace-b","service_name":"dms-node","event_cursor":382,"request_cursor":0,"last_acked_cursor":382,"event":"node.meta_watch.acknowledged"}
{"msg":"Meta event acknowledged","level":"INFO","ts":"2026-09-15T14:27:20.923047746Z","instance":"node-namespace-b","service_name":"dms-node","event_cursor":383,"request_cursor":0,"last_acked_cursor":383,"event":"node.meta_watch.acknowledged"}
{"msg":"Meta event acknowledged","level":"INFO","ts":"2026-09-15T14:27:20.925617943Z","instance":"node-namespace-b","service_name":"dms-node","event_cursor":384,"request_cursor":0,"last_acked_cursor":384,"event":"node.meta_watch.acknowledged"}
{"msg":"Meta event acknowledged","level":"INFO","ts":"2026-09-15T14:27:20.92747255Z","instance":"node-namespace-b","service_name":"dms-node","event_cursor":385,"request_cursor":0,"last_acked_cursor":385,"event":"node.meta_watch.acknowledged"}
{"msg":"Meta event acknowledged","level":"INFO","ts":"2026-09-15T14:27:20.929367091Z","instance":"node-namespace-b","service_name":"dms-node","event_cursor":386,"request_cursor":0,"last_acked_cursor":386,"event":"node.meta_watch.acknowledged"}
{"msg":"Meta event acknowledged","level":"INFO","ts":"2026-09-15T14:27:20.932775934Z","instance":"node-namespace-b","service_name":"dms-node","event_cursor":387,"request_cursor":0,"last_acked_cursor":387,"event":"node.meta_watch.acknowledged"}
{"msg":"Meta event acknowledged","level":"INFO","ts":"2026-09-15T14:27:20.935087112Z","instance":"node-namespace-b","service_name":"dms-node","event_cursor":388,"request_cursor":0,"last_acked_cursor":388,"event":"node.meta_watch.acknowledged"}
{"msg":"Meta event acknowledged","level":"INFO","ts":"2026-09-15T14:27:20.936571597Z","instance":"node-namespace-b","service_name":"dms-node","event_cursor":390,"request_cursor":0,"last_acked_cursor":390,"event":"node.meta_watch.acknowledged"}
{"msg":"Meta event acknowledged","level":"INFO","ts":"2026-09-15T14:27:20.940873595Z","instance":"node-namespace-b","service_name":"dms-node","event_cursor":391,"request_cursor":0,"last_acked_cursor":391,"event":"node.meta_watch.acknowledged"}
{"msg":"Meta event acknowledged","level":"INFO","ts":"2026-09-15T14:27:20.944437058Z","instance":"node-namespace-b","service_name":"dms-node","event_cursor":392,"request_cursor":0,"last_acked_cursor":392,"event":"node.meta_watch.acknowledged"}
{"msg":"Meta event acknowledged","level":"INFO","ts":"2026-09-15T14:27:20.948140773Z","instance":"node-namespace-b","service_name":"dms-node","event_cursor":393,"request_cursor":0,"last_acked_cursor":393,"event":"node.meta_watch.acknowledged"}
{"msg":"Meta event acknowledged","level":"INFO","ts":"2026-09-15T14:27:20.950315904Z","instance":"node-namespace-b","service_name":"dms-node","event_cursor":394,"request_cursor":0,"last_acked_cursor":394,"event":"node.meta_watch.acknowledged"}
{"msg":"Meta event acknowledged","level":"INFO","ts":"2026-09-15T14:27:20.952020846Z","instance":"node-namespace-b","service_name":"dms-node","event_cursor":396,"request_cursor":0,"last_acked_cursor":396,"event":"node.meta_watch.acknowledged"}
{"msg":"Meta event acknowledged","level":"INFO","ts":"2026-09-15T14:27:20.957915059Z","instance":"node-namespace-b","service_name":"dms-node","event_cursor":397,"request_cursor":0,"last_acked_cursor":397,"event":"node.meta_watch.acknowledged"}
{"msg":"Meta event acknowledged","level":"INFO","ts":"2026-09-15T14:27:20.962219556Z","instance":"node-namespace-b","service_name":"dms-node","event_cursor":398,"request_cursor":0,"last_acked_cursor":398,"event":"node.meta_watch.acknowledged"}
{"msg":"Meta event acknowledged","level":"INFO","ts":"2026-09-15T14:27:20.964277713Z","instance":"node-namespace-b","service_name":"dms-node","event_cursor":399,"request_cursor":0,"last_acked_cursor":399,"event":"node.meta_watch.acknowledged"}
{"msg":"Meta event acknowledged","level":"INFO","ts":"2026-09-15T14:27:20.966946312Z","instance":"node-namespace-b","service_name":"dms-node","event_cursor":400,"request_cursor":0,"last_acked_cursor":400,"event":"node.meta_watch.acknowledged"}
{"msg":"Meta event acknowledged","level":"INFO","ts":"2026-09-15T14:27:20.971932544Z","instance":"node-namespace-b","service_name":"dms-node","event_cursor":401,"request_cursor":0,"last_acked_cursor":401,"event":"node.meta_watch.acknowledged"}
{"msg":"Meta event acknowledged","level":"INFO","ts":"2026-09-15T14:27:20.973689498Z","instance":"node-namespace-b","service_name":"dms-node","event_cursor":403,"request_cursor":0,"last_acked_cursor":403,"event":"node.meta_watch.acknowledged"}
{"msg":"Meta event acknowledged","level":"INFO","ts":"2026-09-15T14:27:20.978903599Z","instance":"node-namespace-b","service_name":"dms-node","event_cursor":404,"request_cursor":0,"last_acked_cursor":404,"event":"node.meta_watch.acknowledged"}
{"msg":"Meta event acknowledged","level":"INFO","ts":"2026-09-15T14:27:20.984818509Z","instance":"node-namespace-b","service_name":"dms-node","event_cursor":405,"request_cursor":0,"last_acked_cursor":405,"event":"node.meta_watch.acknowledged"}
{"msg":"Meta event acknowledged","level":"INFO","ts":"2026-09-15T14:27:20.987298174Z","instance":"node-namespace-b","service_name":"dms-node","event_cursor":406,"request_cursor":0,"last_acked_cursor":406,"event":"node.meta_watch.acknowledged"}
{"msg":"Meta event acknowledged","level":"INFO","ts":"2026-09-15T14:27:20.98959661Z","instance":"node-namespace-b","service_name":"dms-node","event_cursor":407,"request_cursor":0,"last_acked_cursor":407,"event":"node.meta_watch.acknowledged"}
{"msg":"Meta event acknowledged","level":"INFO","ts":"2026-09-15T14:27:20.993000455Z","instance":"node-namespace-b","service_name":"dms-node","event_cursor":408,"request_cursor":0,"last_acked_cursor":408,"event":"node.meta_watch.acknowledged"}
{"msg":"Meta event acknowledged","level":"INFO","ts":"2026-09-15T14:27:20.996125294Z","instance":"node-namespace-b","service_name":"dms-node","event_cursor":410,"request_cursor":0,"last_acked_cursor":410,"event":"node.meta_watch.acknowledged"}
{"msg":"Meta event acknowledged","level":"INFO","ts":"2026-09-15T14:27:20.998709191Z","instance":"node-namespace-b","service_name":"dms-node","event_cursor":411,"request_cursor":0,"last_acked_cursor":411,"event":"node.meta_watch.acknowledged"}
{"msg":"Meta event acknowledged","level":"INFO","ts":"2026-09-15T14:27:21.0026144Z","instance":"node-namespace-b","service_name":"dms-node","event_cursor":412,"request_cursor":0,"last_acked_cursor":412,"event":"node.meta_watch.acknowledged"}
{"msg":"Meta event acknowledged","level":"INFO","ts":"2026-09-15T14:27:21.004956004Z","instance":"node-namespace-b","service_name":"dms-node","event_cursor":413,"request_cursor":0,"last_acked_cursor":413,"event":"node.meta_watch.acknowledged"}
{"msg":"Meta event acknowledged","level":"INFO","ts":"2026-09-15T14:27:21.006716018Z","instance":"node-namespace-b","service_name":"dms-node","event_cursor":415,"request_cursor":0,"last_acked_cursor":415,"event":"node.meta_watch.acknowledged"}
{"msg":"Meta event acknowledged","level":"INFO","ts":"2026-09-15T14:27:21.010156215Z","instance":"node-namespace-b","service_name":"dms-node","event_cursor":416,"request_cursor":0,"last_acked_cursor":416,"event":"node.meta_watch.acknowledged"}
{"msg":"Meta event acknowledged","level":"INFO","ts":"2026-09-15T14:27:21.01255079Z","instance":"node-namespace-b","service_name":"dms-node","event_cursor":417,"request_cursor":0,"last_acked_cursor":417,"event":"node.meta_watch.acknowledged"}
{"msg":"Meta event acknowledged","level":"INFO","ts":"2026-09-15T14:27:21.015523707Z","instance":"node-namespace-b","service_name":"dms-node","event_cursor":418,"request_cursor":0,"last_acked_cursor":418,"event":"node.meta_watch.acknowledged"}
{"msg":"Meta event acknowledged","level":"INFO","ts":"2026-09-15T14:27:21.017852611Z","instance":"node-namespace-b","service_name":"dms-node","event_cursor":419,"request_cursor":0,"last_acked_cursor":419,"event":"node.meta_watch.acknowledged"}
{"msg":"Meta event acknowledged","level":"INFO","ts":"2026-09-15T14:27:21.020168063Z","instance":"node-namespace-b","service_name":"dms-node","event_cursor":420,"request_cursor":0,"last_acked_cursor":420,"event":"node.meta_watch.acknowledged"}
{"msg":"Meta event acknowledged","level":"INFO","ts":"2026-09-15T14:27:21.023478041Z","instance":"node-namespace-b","service_name":"dms-node","event_cursor":421,"request_cursor":0,"last_acked_cursor":421,"event":"node.meta_watch.acknowledged"}
{"msg":"Meta event acknowledged","level":"INFO","ts":"2026-09-15T14:27:21.025374021Z","instance":"node-namespace-b","service_name":"dms-node","event_cursor":422,"request_cursor":0,"last_acked_cursor":422,"event":"node.meta_watch.acknowledged"}
{"msg":"Meta event acknowledged","level":"INFO","ts":"2026-09-15T14:27:21.027454771Z","instance":"node-namespace-b","service_name":"dms-node","event_cursor":423,"request_cursor":0,"last_acked_cursor":423,"event":"node.meta_watch.acknowledged"}
{"msg":"Meta event acknowledged","level":"INFO","ts":"2026-09-15T14:27:21.029919848Z","instance":"node-namespace-b","service_name":"dms-node","event_cursor":424,"request_cursor":0,"last_acked_cursor":424,"event":"node.meta_watch.acknowledged"}
{"msg":"Meta event acknowledged","level":"INFO","ts":"2026-09-15T14:27:21.031881124Z","instance":"node-namespace-b","service_name":"dms-node","event_cursor":426,"request_cursor":0,"last_acked_cursor":426,"event":"node.meta_watch.acknowledged"}
{"msg":"Meta event acknowledged","level":"INFO","ts":"2026-09-15T14:27:21.035852232Z","instance":"node-namespace-b","service_name":"dms-node","event_cursor":427,"request_cursor":0,"last_acked_cursor":427,"event":"node.meta_watch.acknowledged"}
{"msg":"Meta event acknowledged","level":"INFO","ts":"2026-09-15T14:27:21.038599193Z","instance":"node-namespace-b","service_name":"dms-node","event_cursor":428,"request_cursor":0,"last_acked_cursor":428,"event":"node.meta_watch.acknowledged"}
{"msg":"Meta event acknowledged","level":"INFO","ts":"2026-09-15T14:27:21.042112099Z","instance":"node-namespace-b","service_name":"dms-node","event_cursor":429,"request_cursor":0,"last_acked_cursor":429,"event":"node.meta_watch.acknowledged"}
{"msg":"Meta event acknowledged","level":"INFO","ts":"2026-09-15T14:27:21.044317322Z","instance":"node-namespace-b","service_name":"dms-node","event_cursor":430,"request_cursor":0,"last_acked_cursor":430,"event":"node.meta_watch.acknowledged"}
{"msg":"Meta event acknowledged","level":"INFO","ts":"2026-09-15T14:27:21.04615296Z","instance":"node-namespace-b","service_name":"dms-node","event_cursor":432,"request_cursor":0,"last_acked_cursor":432,"event":"node.meta_watch.acknowledged"}
{"msg":"Meta event acknowledged","level":"INFO","ts":"2026-09-15T14:27:21.052168172Z","instance":"node-namespace-b","service_name":"dms-node","event_cursor":433,"request_cursor":0,"last_acked_cursor":433,"event":"node.meta_watch.acknowledged"}
{"msg":"Meta event acknowledged","level":"INFO","ts":"2026-09-15T14:27:21.056345081Z","instance":"node-namespace-b","service_name":"dms-node","event_cursor":434,"request_cursor":0,"last_acked_cursor":434,"event":"node.meta_watch.acknowledged"}
{"msg":"Meta event acknowledged","level":"INFO","ts":"2026-09-15T14:27:21.058421959Z","instance":"node-namespace-b","service_name":"dms-node","event_cursor":435,"request_cursor":0,"last_acked_cursor":435,"event":"node.meta_watch.acknowledged"}
{"msg":"Meta event acknowledged","level":"INFO","ts":"2026-09-15T14:27:21.060562426Z","instance":"node-namespace-b","service_name":"dms-node","event_cursor":436,"request_cursor":0,"last_acked_cursor":436,"event":"node.meta_watch.acknowledged"}
{"msg":"Meta event acknowledged","level":"INFO","ts":"2026-09-15T14:27:21.065178964Z","instance":"node-namespace-b","service_name":"dms-node","event_cursor":437,"request_cursor":0,"last_acked_cursor":437,"event":"node.meta_watch.acknowledged"}
{"msg":"Meta event acknowledged","level":"INFO","ts":"2026-09-15T14:27:21.067867874Z","instance":"node-namespace-b","service_name":"dms-node","event_cursor":439,"request_cursor":0,"last_acked_cursor":439,"event":"node.meta_watch.acknowledged"}
{"msg":"Meta event acknowledged","level":"INFO","ts":"2026-09-15T14:27:21.073773939Z","instance":"node-namespace-b","service_name":"dms-node","event_cursor":440,"request_cursor":0,"last_acked_cursor":440,"event":"node.meta_watch.acknowledged"}
{"msg":"Meta event acknowledged","level":"INFO","ts":"2026-09-15T14:27:21.078277624Z","instance":"node-namespace-b","service_name":"dms-node","event_cursor":441,"request_cursor":0,"last_acked_cursor":441,"event":"node.meta_watch.acknowledged"}
{"msg":"Meta event acknowledged","level":"INFO","ts":"2026-09-15T14:27:21.080826862Z","instance":"node-namespace-b","service_name":"dms-node","event_cursor":442,"request_cursor":0,"last_acked_cursor":442,"event":"node.meta_watch.acknowledged"}
{"msg":"Meta event acknowledged","level":"INFO","ts":"2026-09-15T14:27:21.083523934Z","instance":"node-namespace-b","service_name":"dms-node","event_cursor":443,"request_cursor":0,"last_acked_cursor":443,"event":"node.meta_watch.acknowledged"}
{"msg":"Meta event acknowledged","level":"INFO","ts":"2026-09-15T14:27:21.088047607Z","instance":"node-namespace-b","service_name":"dms-node","event_cursor":444,"request_cursor":0,"last_acked_cursor":444,"event":"node.meta_watch.acknowledged"}
{"msg":"Meta event acknowledged","level":"INFO","ts":"2026-09-15T14:27:21.089866546Z","instance":"node-namespace-b","service_name":"dms-node","event_cursor":446,"request_cursor":0,"last_acked_cursor":446,"event":"node.meta_watch.acknowledged"}
{"msg":"Meta event acknowledged","level":"INFO","ts":"2026-09-15T14:27:21.092485245Z","instance":"node-namespace-b","service_name":"dms-node","event_cursor":447,"request_cursor":0,"last_acked_cursor":447,"event":"node.meta_watch.acknowledged"}
{"msg":"Meta event acknowledged","level":"INFO","ts":"2026-09-15T14:27:21.095767739Z","instance":"node-namespace-b","service_name":"dms-node","event_cursor":448,"request_cursor":0,"last_acked_cursor":448,"event":"node.meta_watch.acknowledged"}
{"msg":"Meta event acknowledged","level":"INFO","ts":"2026-09-15T14:27:21.097946435Z","instance":"node-namespace-b","service_name":"dms-node","event_cursor":449,"request_cursor":0,"last_acked_cursor":449,"event":"node.meta_watch.acknowledged"}
{"msg":"Meta event acknowledged","level":"INFO","ts":"2026-09-15T14:27:21.099841415Z","instance":"node-namespace-b","service_name":"dms-node","event_cursor":451,"request_cursor":0,"last_acked_cursor":451,"event":"node.meta_watch.acknowledged"}
{"msg":"Meta event acknowledged","level":"INFO","ts":"2026-09-15T14:27:21.103764799Z","instance":"node-namespace-b","service_name":"dms-node","event_cursor":452,"request_cursor":0,"last_acked_cursor":452,"event":"node.meta_watch.acknowledged"}
{"msg":"Meta event acknowledged","level":"INFO","ts":"2026-09-15T14:27:21.106259443Z","instance":"node-namespace-b","service_name":"dms-node","event_cursor":453,"request_cursor":0,"last_acked_cursor":453,"event":"node.meta_watch.acknowledged"}
{"msg":"Meta event acknowledged","level":"INFO","ts":"2026-09-15T14:27:21.108443719Z","instance":"node-namespace-b","service_name":"dms-node","event_cursor":454,"request_cursor":0,"last_acked_cursor":454,"event":"node.meta_watch.acknowledged"}
{"msg":"Meta event acknowledged","level":"INFO","ts":"2026-09-15T14:27:21.110639155Z","instance":"node-namespace-b","service_name":"dms-node","event_cursor":455,"request_cursor":0,"last_acked_cursor":455,"event":"node.meta_watch.acknowledged"}
{"msg":"Meta event acknowledged","level":"INFO","ts":"2026-09-15T14:27:21.113023861Z","instance":"node-namespace-b","service_name":"dms-node","event_cursor":456,"request_cursor":0,"last_acked_cursor":456,"event":"node.meta_watch.acknowledged"}
{"msg":"Meta event acknowledged","level":"INFO","ts":"2026-09-15T14:27:21.115098906Z","instance":"node-namespace-b","service_name":"dms-node","event_cursor":457,"request_cursor":0,"last_acked_cursor":457,"event":"node.meta_watch.acknowledged"}
{"msg":"Meta event acknowledged","level":"INFO","ts":"2026-09-15T14:27:21.117980083Z","instance":"node-namespace-b","service_name":"dms-node","event_cursor":458,"request_cursor":0,"last_acked_cursor":458,"event":"node.meta_watch.acknowledged"}
{"msg":"Meta event acknowledged","level":"INFO","ts":"2026-09-15T14:27:21.120097563Z","instance":"node-namespace-b","service_name":"dms-node","event_cursor":459,"request_cursor":0,"last_acked_cursor":459,"event":"node.meta_watch.acknowledged"}
{"msg":"Meta event acknowledged","level":"INFO","ts":"2026-09-15T14:27:21.122595247Z","instance":"node-namespace-b","service_name":"dms-node","event_cursor":460,"request_cursor":0,"last_acked_cursor":460,"event":"node.meta_watch.acknowledged"}
{"msg":"Meta event acknowledged","level":"INFO","ts":"2026-09-15T14:27:21.128769121Z","instance":"node-namespace-b","service_name":"dms-node","event_cursor":462,"request_cursor":0,"last_acked_cursor":462,"event":"node.meta_watch.acknowledged"}
{"msg":"Meta event acknowledged","level":"INFO","ts":"2026-09-15T14:27:21.13334743Z","instance":"node-namespace-b","service_name":"dms-node","event_cursor":463,"request_cursor":0,"last_acked_cursor":463,"event":"node.meta_watch.acknowledged"}
{"msg":"Meta event acknowledged","level":"INFO","ts":"2026-09-15T14:27:21.13620891Z","instance":"node-namespace-b","service_name":"dms-node","event_cursor":464,"request_cursor":0,"last_acked_cursor":464,"event":"node.meta_watch.acknowledged"}
{"msg":"Meta event acknowledged","level":"INFO","ts":"2026-09-15T14:27:21.1398253Z","instance":"node-namespace-b","service_name":"dms-node","event_cursor":465,"request_cursor":0,"last_acked_cursor":465,"event":"node.meta_watch.acknowledged"}
{"msg":"Meta event acknowledged","level":"INFO","ts":"2026-09-15T14:27:21.142375829Z","instance":"node-namespace-b","service_name":"dms-node","event_cursor":466,"request_cursor":0,"last_acked_cursor":466,"event":"node.meta_watch.acknowledged"}
{"msg":"Meta event acknowledged","level":"INFO","ts":"2026-09-15T14:27:21.144122767Z","instance":"node-namespace-b","service_name":"dms-node","event_cursor":468,"request_cursor":0,"last_acked_cursor":468,"event":"node.meta_watch.acknowledged"}
{"msg":"Meta event acknowledged","level":"INFO","ts":"2026-09-15T14:27:21.150000806Z","instance":"node-namespace-b","service_name":"dms-node","event_cursor":469,"request_cursor":0,"last_acked_cursor":469,"event":"node.meta_watch.acknowledged"}
{"msg":"Meta event acknowledged","level":"INFO","ts":"2026-09-15T14:27:21.153521833Z","instance":"node-namespace-b","service_name":"dms-node","event_cursor":470,"request_cursor":0,"last_acked_cursor":470,"event":"node.meta_watch.acknowledged"}
{"msg":"Meta event acknowledged","level":"INFO","ts":"2026-09-15T14:27:21.155549321Z","instance":"node-namespace-b","service_name":"dms-node","event_cursor":471,"request_cursor":0,"last_acked_cursor":471,"event":"node.meta_watch.acknowledged"}
{"msg":"Meta event acknowledged","level":"INFO","ts":"2026-09-15T14:27:21.159018877Z","instance":"node-namespace-b","service_name":"dms-node","event_cursor":472,"request_cursor":0,"last_acked_cursor":472,"event":"node.meta_watch.acknowledged"}
{"msg":"Meta event acknowledged","level":"INFO","ts":"2026-09-15T14:27:21.163589982Z","instance":"node-namespace-b","service_name":"dms-node","event_cursor":473,"request_cursor":0,"last_acked_cursor":473,"event":"node.meta_watch.acknowledged"}
{"msg":"Meta event acknowledged","level":"INFO","ts":"2026-09-15T14:27:21.165730408Z","instance":"node-namespace-b","service_name":"dms-node","event_cursor":475,"request_cursor":0,"last_acked_cursor":475,"event":"node.meta_watch.acknowledged"}
{"msg":"Meta event acknowledged","level":"INFO","ts":"2026-09-15T14:27:21.171619108Z","instance":"node-namespace-b","service_name":"dms-node","event_cursor":476,"request_cursor":0,"last_acked_cursor":476,"event":"node.meta_watch.acknowledged"}
{"msg":"Meta event acknowledged","level":"INFO","ts":"2026-09-15T14:27:21.17651728Z","instance":"node-namespace-b","service_name":"dms-node","event_cursor":477,"request_cursor":0,"last_acked_cursor":477,"event":"node.meta_watch.acknowledged"}
{"msg":"Meta event acknowledged","level":"INFO","ts":"2026-09-15T14:27:21.178930927Z","instance":"node-namespace-b","service_name":"dms-node","event_cursor":478,"request_cursor":0,"last_acked_cursor":478,"event":"node.meta_watch.acknowledged"}
{"msg":"Meta event acknowledged","level":"INFO","ts":"2026-09-15T14:27:21.181426445Z","instance":"node-namespace-b","service_name":"dms-node","event_cursor":479,"request_cursor":0,"last_acked_cursor":479,"event":"node.meta_watch.acknowledged"}
{"msg":"Meta event acknowledged","level":"INFO","ts":"2026-09-15T14:27:21.185707879Z","instance":"node-namespace-b","service_name":"dms-node","event_cursor":480,"request_cursor":0,"last_acked_cursor":480,"event":"node.meta_watch.acknowledged"}
{"msg":"Meta event acknowledged","level":"INFO","ts":"2026-09-15T14:27:21.18757654Z","instance":"node-namespace-b","service_name":"dms-node","event_cursor":482,"request_cursor":0,"last_acked_cursor":482,"event":"node.meta_watch.acknowledged"}
{"msg":"Meta event acknowledged","level":"INFO","ts":"2026-09-15T14:27:21.189931054Z","instance":"node-namespace-b","service_name":"dms-node","event_cursor":483,"request_cursor":0,"last_acked_cursor":483,"event":"node.meta_watch.acknowledged"}
{"msg":"Meta event acknowledged","level":"INFO","ts":"2026-09-15T14:27:21.193422223Z","instance":"node-namespace-b","service_name":"dms-node","event_cursor":484,"request_cursor":0,"last_acked_cursor":484,"event":"node.meta_watch.acknowledged"}
{"msg":"Meta event acknowledged","level":"INFO","ts":"2026-09-15T14:27:21.195656346Z","instance":"node-namespace-b","service_name":"dms-node","event_cursor":485,"request_cursor":0,"last_acked_cursor":485,"event":"node.meta_watch.acknowledged"}
{"msg":"Meta event acknowledged","level":"INFO","ts":"2026-09-15T14:27:21.197290555Z","instance":"node-namespace-b","service_name":"dms-node","event_cursor":487,"request_cursor":0,"last_acked_cursor":487,"event":"node.meta_watch.acknowledged"}
{"msg":"Meta event acknowledged","level":"INFO","ts":"2026-09-15T14:27:21.200656461Z","instance":"node-namespace-b","service_name":"dms-node","event_cursor":488,"request_cursor":0,"last_acked_cursor":488,"event":"node.meta_watch.acknowledged"}
{"msg":"Meta event acknowledged","level":"INFO","ts":"2026-09-15T14:27:21.202856894Z","instance":"node-namespace-b","service_name":"dms-node","event_cursor":489,"request_cursor":0,"last_acked_cursor":489,"event":"node.meta_watch.acknowledged"}
{"msg":"Meta event acknowledged","level":"INFO","ts":"2026-09-15T14:27:21.205063241Z","instance":"node-namespace-b","service_name":"dms-node","event_cursor":490,"request_cursor":0,"last_acked_cursor":490,"event":"node.meta_watch.acknowledged"}
{"msg":"Meta event acknowledged","level":"INFO","ts":"2026-09-15T14:27:21.20743283Z","instance":"node-namespace-b","service_name":"dms-node","event_cursor":491,"request_cursor":0,"last_acked_cursor":491,"event":"node.meta_watch.acknowledged"}
{"msg":"Meta event acknowledged","level":"INFO","ts":"2026-09-15T14:27:21.209642716Z","instance":"node-namespace-b","service_name":"dms-node","event_cursor":492,"request_cursor":0,"last_acked_cursor":492,"event":"node.meta_watch.acknowledged"}
{"msg":"Meta event acknowledged","level":"INFO","ts":"2026-09-15T14:27:21.211390362Z","instance":"node-namespace-b","service_name":"dms-node","event_cursor":493,"request_cursor":0,"last_acked_cursor":493,"event":"node.meta_watch.acknowledged"}
{"msg":"Meta event acknowledged","level":"INFO","ts":"2026-09-15T14:27:21.213214173Z","instance":"node-namespace-b","service_name":"dms-node","event_cursor":494,"request_cursor":0,"last_acked_cursor":494,"event":"node.meta_watch.acknowledged"}
{"msg":"Meta event acknowledged","level":"INFO","ts":"2026-09-15T14:27:21.215808928Z","instance":"node-namespace-b","service_name":"dms-node","event_cursor":495,"request_cursor":0,"last_acked_cursor":495,"event":"node.meta_watch.acknowledged"}
{"msg":"Meta event acknowledged","level":"INFO","ts":"2026-09-15T14:27:21.21830582Z","instance":"node-namespace-b","service_name":"dms-node","event_cursor":496,"request_cursor":0,"last_acked_cursor":496,"event":"node.meta_watch.acknowledged"}
{"msg":"Meta event acknowledged","level":"INFO","ts":"2026-09-15T14:27:21.21984958Z","instance":"node-namespace-b","service_name":"dms-node","event_cursor":498,"request_cursor":0,"last_acked_cursor":498,"event":"node.meta_watch.acknowledged"}
{"msg":"Meta event acknowledged","level":"INFO","ts":"2026-09-15T14:27:21.224507386Z","instance":"node-namespace-b","service_name":"dms-node","event_cursor":499,"request_cursor":0,"last_acked_cursor":499,"event":"node.meta_watch.acknowledged"}
{"msg":"Meta event acknowledged","level":"INFO","ts":"2026-09-15T14:27:21.227215494Z","instance":"node-namespace-b","service_name":"dms-node","event_cursor":500,"request_cursor":0,"last_acked_cursor":500,"event":"node.meta_watch.acknowledged"}
{"msg":"Meta event acknowledged","level":"INFO","ts":"2026-09-15T14:27:21.230864199Z","instance":"node-namespace-b","service_name":"dms-node","event_cursor":501,"request_cursor":0,"last_acked_cursor":501,"event":"node.meta_watch.acknowledged"}
{"msg":"Meta event acknowledged","level":"INFO","ts":"2026-09-15T14:27:21.233401902Z","instance":"node-namespace-b","service_name":"dms-node","event_cursor":502,"request_cursor":0,"last_acked_cursor":502,"event":"node.meta_watch.acknowledged"}
{"msg":"Meta event acknowledged","level":"INFO","ts":"2026-09-15T14:27:21.235108654Z","instance":"node-namespace-b","service_name":"dms-node","event_cursor":504,"request_cursor":0,"last_acked_cursor":504,"event":"node.meta_watch.acknowledged"}
{"msg":"Meta event acknowledged","level":"INFO","ts":"2026-09-15T14:27:21.242285882Z","instance":"node-namespace-b","service_name":"dms-node","event_cursor":505,"request_cursor":0,"last_acked_cursor":505,"event":"node.meta_watch.acknowledged"}
{"msg":"Meta event acknowledged","level":"INFO","ts":"2026-09-15T14:27:21.246003882Z","instance":"node-namespace-b","service_name":"dms-node","event_cursor":506,"request_cursor":0,"last_acked_cursor":506,"event":"node.meta_watch.acknowledged"}
{"msg":"Meta event acknowledged","level":"INFO","ts":"2026-09-15T14:27:21.248031828Z","instance":"node-namespace-b","service_name":"dms-node","event_cursor":507,"request_cursor":0,"last_acked_cursor":507,"event":"node.meta_watch.acknowledged"}
{"msg":"Meta event acknowledged","level":"INFO","ts":"2026-09-15T14:27:21.250252043Z","instance":"node-namespace-b","service_name":"dms-node","event_cursor":508,"request_cursor":0,"last_acked_cursor":508,"event":"node.meta_watch.acknowledged"}
{"msg":"Meta event acknowledged","level":"INFO","ts":"2026-09-15T14:27:21.254688473Z","instance":"node-namespace-b","service_name":"dms-node","event_cursor":509,"request_cursor":0,"last_acked_cursor":509,"event":"node.meta_watch.acknowledged"}
{"msg":"Meta event acknowledged","level":"INFO","ts":"2026-09-15T14:27:21.256403179Z","instance":"node-namespace-b","service_name":"dms-node","event_cursor":511,"request_cursor":0,"last_acked_cursor":511,"event":"node.meta_watch.acknowledged"}
{"msg":"Meta event acknowledged","level":"INFO","ts":"2026-09-15T14:27:21.262202054Z","instance":"node-namespace-b","service_name":"dms-node","event_cursor":512,"request_cursor":0,"last_acked_cursor":512,"event":"node.meta_watch.acknowledged"}
{"msg":"Meta event acknowledged","level":"INFO","ts":"2026-09-15T14:27:21.268607715Z","instance":"node-namespace-b","service_name":"dms-node","event_cursor":513,"request_cursor":0,"last_acked_cursor":513,"event":"node.meta_watch.acknowledged"}
{"msg":"Meta event acknowledged","level":"INFO","ts":"2026-09-15T14:27:21.272301644Z","instance":"node-namespace-b","service_name":"dms-node","event_cursor":514,"request_cursor":0,"last_acked_cursor":514,"event":"node.meta_watch.acknowledged"}
{"msg":"Meta event acknowledged","level":"INFO","ts":"2026-09-15T14:27:21.275240581Z","instance":"node-namespace-b","service_name":"dms-node","event_cursor":515,"request_cursor":0,"last_acked_cursor":515,"event":"node.meta_watch.acknowledged"}
{"msg":"Meta event acknowledged","level":"INFO","ts":"2026-09-15T14:27:21.278477642Z","instance":"node-namespace-b","service_name":"dms-node","event_cursor":516,"request_cursor":0,"last_acked_cursor":516,"event":"node.meta_watch.acknowledged"}
{"msg":"Meta event acknowledged","level":"INFO","ts":"2026-09-15T14:27:21.280577882Z","instance":"node-namespace-b","service_name":"dms-node","event_cursor":518,"request_cursor":0,"last_acked_cursor":518,"event":"node.meta_watch.acknowledged"}
{"msg":"Meta event acknowledged","level":"INFO","ts":"2026-09-15T14:27:21.283235101Z","instance":"node-namespace-b","service_name":"dms-node","event_cursor":519,"request_cursor":0,"last_acked_cursor":519,"event":"node.meta_watch.acknowledged"}
{"msg":"Meta event acknowledged","level":"INFO","ts":"2026-09-15T14:27:21.286400036Z","instance":"node-namespace-b","service_name":"dms-node","event_cursor":520,"request_cursor":0,"last_acked_cursor":520,"event":"node.meta_watch.acknowledged"}
{"msg":"Meta event acknowledged","level":"INFO","ts":"2026-09-15T14:27:21.289101188Z","instance":"node-namespace-b","service_name":"dms-node","event_cursor":521,"request_cursor":0,"last_acked_cursor":521,"event":"node.meta_watch.acknowledged"}
{"msg":"Meta event acknowledged","level":"INFO","ts":"2026-09-15T14:27:21.291260895Z","instance":"node-namespace-b","service_name":"dms-node","event_cursor":523,"request_cursor":0,"last_acked_cursor":523,"event":"node.meta_watch.acknowledged"}
{"msg":"Meta event acknowledged","level":"INFO","ts":"2026-09-15T14:27:21.294564918Z","instance":"node-namespace-b","service_name":"dms-node","event_cursor":524,"request_cursor":0,"last_acked_cursor":524,"event":"node.meta_watch.acknowledged"}
{"msg":"Meta event acknowledged","level":"INFO","ts":"2026-09-15T14:27:21.297359102Z","instance":"node-namespace-b","service_name":"dms-node","event_cursor":525,"request_cursor":0,"last_acked_cursor":525,"event":"node.meta_watch.acknowledged"}
{"msg":"Meta event acknowledged","level":"INFO","ts":"2026-09-15T14:27:21.299862408Z","instance":"node-namespace-b","service_name":"dms-node","event_cursor":526,"request_cursor":0,"last_acked_cursor":526,"event":"node.meta_watch.acknowledged"}
{"msg":"Meta event acknowledged","level":"INFO","ts":"2026-09-15T14:27:21.302144712Z","instance":"node-namespace-b","service_name":"dms-node","event_cursor":527,"request_cursor":0,"last_acked_cursor":527,"event":"node.meta_watch.acknowledged"}
{"msg":"Meta event acknowledged","level":"INFO","ts":"2026-09-15T14:27:21.305223154Z","instance":"node-namespace-b","service_name":"dms-node","event_cursor":528,"request_cursor":0,"last_acked_cursor":528,"event":"node.meta_watch.acknowledged"}
{"msg":"Meta event acknowledged","level":"INFO","ts":"2026-09-15T14:27:21.30734484Z","instance":"node-namespace-b","service_name":"dms-node","event_cursor":529,"request_cursor":0,"last_acked_cursor":529,"event":"node.meta_watch.acknowledged"}
{"msg":"Meta event acknowledged","level":"INFO","ts":"2026-09-15T14:27:21.309087946Z","instance":"node-namespace-b","service_name":"dms-node","event_cursor":530,"request_cursor":0,"last_acked_cursor":530,"event":"node.meta_watch.acknowledged"}
{"msg":"Meta event acknowledged","level":"INFO","ts":"2026-09-15T14:27:21.311246695Z","instance":"node-namespace-b","service_name":"dms-node","event_cursor":531,"request_cursor":0,"last_acked_cursor":531,"event":"node.meta_watch.acknowledged"}
{"msg":"Meta event acknowledged","level":"INFO","ts":"2026-09-15T14:27:21.314781214Z","instance":"node-namespace-b","service_name":"dms-node","event_cursor":532,"request_cursor":0,"last_acked_cursor":532,"event":"node.meta_watch.acknowledged"}
{"msg":"Meta event acknowledged","level":"INFO","ts":"2026-09-15T14:27:21.316779053Z","instance":"node-namespace-b","service_name":"dms-node","event_cursor":534,"request_cursor":0,"last_acked_cursor":534,"event":"node.meta_watch.acknowledged"}
{"msg":"Meta event acknowledged","level":"INFO","ts":"2026-09-15T14:27:21.320947884Z","instance":"node-namespace-b","service_name":"dms-node","event_cursor":535,"request_cursor":0,"last_acked_cursor":535,"event":"node.meta_watch.acknowledged"}
{"msg":"Meta event acknowledged","level":"INFO","ts":"2026-09-15T14:27:21.32405685Z","instance":"node-namespace-b","service_name":"dms-node","event_cursor":536,"request_cursor":0,"last_acked_cursor":536,"event":"node.meta_watch.acknowledged"}
{"msg":"Meta event acknowledged","level":"INFO","ts":"2026-09-15T14:27:21.327445617Z","instance":"node-namespace-b","service_name":"dms-node","event_cursor":537,"request_cursor":0,"last_acked_cursor":537,"event":"node.meta_watch.acknowledged"}
{"msg":"Meta event acknowledged","level":"INFO","ts":"2026-09-15T14:27:21.329672453Z","instance":"node-namespace-b","service_name":"dms-node","event_cursor":538,"request_cursor":0,"last_acked_cursor":538,"event":"node.meta_watch.acknowledged"}
{"msg":"Meta event acknowledged","level":"INFO","ts":"2026-09-15T14:27:21.331470653Z","instance":"node-namespace-b","service_name":"dms-node","event_cursor":540,"request_cursor":0,"last_acked_cursor":540,"event":"node.meta_watch.acknowledged"}
{"msg":"Meta event acknowledged","level":"INFO","ts":"2026-09-15T14:27:21.337018294Z","instance":"node-namespace-b","service_name":"dms-node","event_cursor":541,"request_cursor":0,"last_acked_cursor":541,"event":"node.meta_watch.acknowledged"}
{"msg":"Meta event acknowledged","level":"INFO","ts":"2026-09-15T14:27:21.34040423Z","instance":"node-namespace-b","service_name":"dms-node","event_cursor":542,"request_cursor":0,"last_acked_cursor":542,"event":"node.meta_watch.acknowledged"}
{"msg":"Meta event acknowledged","level":"INFO","ts":"2026-09-15T14:27:21.342362675Z","instance":"node-namespace-b","service_name":"dms-node","event_cursor":543,"request_cursor":0,"last_acked_cursor":543,"event":"node.meta_watch.acknowledged"}
{"msg":"Meta event acknowledged","level":"INFO","ts":"2026-09-15T14:27:21.344621992Z","instance":"node-namespace-b","service_name":"dms-node","event_cursor":544,"request_cursor":0,"last_acked_cursor":544,"event":"node.meta_watch.acknowledged"}
{"msg":"Meta event acknowledged","level":"INFO","ts":"2026-09-15T14:27:21.349240778Z","instance":"node-namespace-b","service_name":"dms-node","event_cursor":545,"request_cursor":0,"last_acked_cursor":545,"event":"node.meta_watch.acknowledged"}
{"msg":"Meta event acknowledged","level":"INFO","ts":"2026-09-15T14:27:21.350723489Z","instance":"node-namespace-b","service_name":"dms-node","event_cursor":547,"request_cursor":0,"last_acked_cursor":547,"event":"node.meta_watch.acknowledged"}
{"msg":"Meta event acknowledged","level":"INFO","ts":"2026-09-15T14:27:21.35648222Z","instance":"node-namespace-b","service_name":"dms-node","event_cursor":548,"request_cursor":0,"last_acked_cursor":548,"event":"node.meta_watch.acknowledged"}
{"msg":"Meta event acknowledged","level":"INFO","ts":"2026-09-15T14:27:21.360808629Z","instance":"node-namespace-b","service_name":"dms-node","event_cursor":549,"request_cursor":0,"last_acked_cursor":549,"event":"node.meta_watch.acknowledged"}
{"msg":"Meta event acknowledged","level":"INFO","ts":"2026-09-15T14:27:21.364795353Z","instance":"node-namespace-b","service_name":"dms-node","event_cursor":550,"request_cursor":0,"last_acked_cursor":550,"event":"node.meta_watch.acknowledged"}
{"msg":"Meta event acknowledged","level":"INFO","ts":"2026-09-15T14:27:21.367186389Z","instance":"node-namespace-b","service_name":"dms-node","event_cursor":551,"request_cursor":0,"last_acked_cursor":551,"event":"node.meta_watch.acknowledged"}
{"msg":"Meta event acknowledged","level":"INFO","ts":"2026-09-15T14:27:21.370518355Z","instance":"node-namespace-b","service_name":"dms-node","event_cursor":552,"request_cursor":0,"last_acked_cursor":552,"event":"node.meta_watch.acknowledged"}
{"msg":"Meta event acknowledged","level":"INFO","ts":"2026-09-15T14:27:21.372424287Z","instance":"node-namespace-b","service_name":"dms-node","event_cursor":554,"request_cursor":0,"last_acked_cursor":554,"event":"node.meta_watch.acknowledged"}
{"msg":"Meta event acknowledged","level":"INFO","ts":"2026-09-15T14:27:21.374819195Z","instance":"node-namespace-b","service_name":"dms-node","event_cursor":555,"request_cursor":0,"last_acked_cursor":555,"event":"node.meta_watch.acknowledged"}
{"msg":"Meta event acknowledged","level":"INFO","ts":"2026-09-15T14:27:21.377895679Z","instance":"node-namespace-b","service_name":"dms-node","event_cursor":556,"request_cursor":0,"last_acked_cursor":556,"event":"node.meta_watch.acknowledged"}
{"msg":"Meta event acknowledged","level":"INFO","ts":"2026-09-15T14:27:21.38006413Z","instance":"node-namespace-b","service_name":"dms-node","event_cursor":557,"request_cursor":0,"last_acked_cursor":557,"event":"node.meta_watch.acknowledged"}
{"msg":"Meta event acknowledged","level":"INFO","ts":"2026-09-15T14:27:21.381947075Z","instance":"node-namespace-b","service_name":"dms-node","event_cursor":559,"request_cursor":0,"last_acked_cursor":559,"event":"node.meta_watch.acknowledged"}
{"msg":"Meta event acknowledged","level":"INFO","ts":"2026-09-15T14:27:21.385194963Z","instance":"node-namespace-b","service_name":"dms-node","event_cursor":560,"request_cursor":0,"last_acked_cursor":560,"event":"node.meta_watch.acknowledged"}
{"msg":"Meta event acknowledged","level":"INFO","ts":"2026-09-15T14:27:21.387736706Z","instance":"node-namespace-b","service_name":"dms-node","event_cursor":561,"request_cursor":0,"last_acked_cursor":561,"event":"node.meta_watch.acknowledged"}
{"msg":"Meta event acknowledged","level":"INFO","ts":"2026-09-15T14:27:21.390159098Z","instance":"node-namespace-b","service_name":"dms-node","event_cursor":562,"request_cursor":0,"last_acked_cursor":562,"event":"node.meta_watch.acknowledged"}
{"msg":"Meta event acknowledged","level":"INFO","ts":"2026-09-15T14:27:21.392372316Z","instance":"node-namespace-b","service_name":"dms-node","event_cursor":563,"request_cursor":0,"last_acked_cursor":563,"event":"node.meta_watch.acknowledged"}
{"msg":"Meta event acknowledged","level":"INFO","ts":"2026-09-15T14:27:21.394691308Z","instance":"node-namespace-b","service_name":"dms-node","event_cursor":564,"request_cursor":0,"last_acked_cursor":564,"event":"node.meta_watch.acknowledged"}
{"msg":"Meta event acknowledged","level":"INFO","ts":"2026-09-15T14:27:21.396724502Z","instance":"node-namespace-b","service_name":"dms-node","event_cursor":565,"request_cursor":0,"last_acked_cursor":565,"event":"node.meta_watch.acknowledged"}
{"msg":"Meta event acknowledged","level":"INFO","ts":"2026-09-15T14:27:21.398498758Z","instance":"node-namespace-b","service_name":"dms-node","event_cursor":566,"request_cursor":0,"last_acked_cursor":566,"event":"node.meta_watch.acknowledged"}
{"msg":"Meta event acknowledged","level":"INFO","ts":"2026-09-15T14:27:21.400614489Z","instance":"node-namespace-b","service_name":"dms-node","event_cursor":567,"request_cursor":0,"last_acked_cursor":567,"event":"node.meta_watch.acknowledged"}
{"msg":"Meta event acknowledged","level":"INFO","ts":"2026-09-15T14:27:21.402783232Z","instance":"node-namespace-b","service_name":"dms-node","event_cursor":568,"request_cursor":0,"last_acked_cursor":568,"event":"node.meta_watch.acknowledged"}
{"msg":"Meta event acknowledged","level":"INFO","ts":"2026-09-15T14:27:21.40456311Z","instance":"node-namespace-b","service_name":"dms-node","event_cursor":570,"request_cursor":0,"last_acked_cursor":570,"event":"node.meta_watch.acknowledged"}
{"msg":"Meta event acknowledged","level":"INFO","ts":"2026-09-15T14:27:21.408642199Z","instance":"node-namespace-b","service_name":"dms-node","event_cursor":571,"request_cursor":0,"last_acked_cursor":571,"event":"node.meta_watch.acknowledged"}
{"msg":"Meta event acknowledged","level":"INFO","ts":"2026-09-15T14:27:21.412214239Z","instance":"node-namespace-b","service_name":"dms-node","event_cursor":572,"request_cursor":0,"last_acked_cursor":572,"event":"node.meta_watch.acknowledged"}
{"msg":"Meta event acknowledged","level":"INFO","ts":"2026-09-15T14:27:21.416448408Z","instance":"node-namespace-b","service_name":"dms-node","event_cursor":573,"request_cursor":0,"last_acked_cursor":573,"event":"node.meta_watch.acknowledged"}
{"msg":"Meta event acknowledged","level":"INFO","ts":"2026-09-15T14:27:21.418518164Z","instance":"node-namespace-b","service_name":"dms-node","event_cursor":574,"request_cursor":0,"last_acked_cursor":574,"event":"node.meta_watch.acknowledged"}
{"msg":"Meta event acknowledged","level":"INFO","ts":"2026-09-15T14:27:21.4204029Z","instance":"node-namespace-b","service_name":"dms-node","event_cursor":576,"request_cursor":0,"last_acked_cursor":576,"event":"node.meta_watch.acknowledged"}
{"msg":"Meta event acknowledged","level":"INFO","ts":"2026-09-15T14:27:21.426427565Z","instance":"node-namespace-b","service_name":"dms-node","event_cursor":577,"request_cursor":0,"last_acked_cursor":577,"event":"node.meta_watch.acknowledged"}
{"msg":"Meta event acknowledged","level":"INFO","ts":"2026-09-15T14:27:21.430134072Z","instance":"node-namespace-b","service_name":"dms-node","event_cursor":578,"request_cursor":0,"last_acked_cursor":578,"event":"node.meta_watch.acknowledged"}
{"msg":"Meta event acknowledged","level":"INFO","ts":"2026-09-15T14:27:21.432052955Z","instance":"node-namespace-b","service_name":"dms-node","event_cursor":579,"request_cursor":0,"last_acked_cursor":579,"event":"node.meta_watch.acknowledged"}
{"msg":"Meta event acknowledged","level":"INFO","ts":"2026-09-15T14:27:21.434275168Z","instance":"node-namespace-b","service_name":"dms-node","event_cursor":580,"request_cursor":0,"last_acked_cursor":580,"event":"node.meta_watch.acknowledged"}
{"msg":"Meta event acknowledged","level":"INFO","ts":"2026-09-15T14:27:21.438520122Z","instance":"node-namespace-b","service_name":"dms-node","event_cursor":581,"request_cursor":0,"last_acked_cursor":581,"event":"node.meta_watch.acknowledged"}
{"msg":"Meta event acknowledged","level":"INFO","ts":"2026-09-15T14:27:21.440988031Z","instance":"node-namespace-b","service_name":"dms-node","event_cursor":583,"request_cursor":0,"last_acked_cursor":583,"event":"node.meta_watch.acknowledged"}
{"msg":"Meta event acknowledged","level":"INFO","ts":"2026-09-15T14:27:21.446346944Z","instance":"node-namespace-b","service_name":"dms-node","event_cursor":584,"request_cursor":0,"last_acked_cursor":584,"event":"node.meta_watch.acknowledged"}
{"msg":"Meta event acknowledged","level":"INFO","ts":"2026-09-15T14:27:21.451272101Z","instance":"node-namespace-b","service_name":"dms-node","event_cursor":585,"request_cursor":0,"last_acked_cursor":585,"event":"node.meta_watch.acknowledged"}
{"msg":"Meta event acknowledged","level":"INFO","ts":"2026-09-15T14:27:21.453931694Z","instance":"node-namespace-b","service_name":"dms-node","event_cursor":586,"request_cursor":0,"last_acked_cursor":586,"event":"node.meta_watch.acknowledged"}
{"msg":"Meta event acknowledged","level":"INFO","ts":"2026-09-15T14:27:21.456214456Z","instance":"node-namespace-b","service_name":"dms-node","event_cursor":587,"request_cursor":0,"last_acked_cursor":587,"event":"node.meta_watch.acknowledged"}
{"msg":"Meta event acknowledged","level":"INFO","ts":"2026-09-15T14:27:21.459457889Z","instance":"node-namespace-b","service_name":"dms-node","event_cursor":588,"request_cursor":0,"last_acked_cursor":588,"event":"node.meta_watch.acknowledged"}
{"msg":"Meta event acknowledged","level":"INFO","ts":"2026-09-15T14:27:21.461053744Z","instance":"node-namespace-b","service_name":"dms-node","event_cursor":590,"request_cursor":0,"last_acked_cursor":590,"event":"node.meta_watch.acknowledged"}
{"msg":"Meta event acknowledged","level":"INFO","ts":"2026-09-15T14:27:21.464889595Z","instance":"node-namespace-b","service_name":"dms-node","event_cursor":591,"request_cursor":0,"last_acked_cursor":591,"event":"node.meta_watch.acknowledged"}
{"msg":"Meta event acknowledged","level":"INFO","ts":"2026-09-15T14:27:21.468390508Z","instance":"node-namespace-b","service_name":"dms-node","event_cursor":592,"request_cursor":0,"last_acked_cursor":592,"event":"node.meta_watch.acknowledged"}
{"msg":"Meta event acknowledged","level":"INFO","ts":"2026-09-15T14:27:21.470644745Z","instance":"node-namespace-b","service_name":"dms-node","event_cursor":593,"request_cursor":0,"last_acked_cursor":593,"event":"node.meta_watch.acknowledged"}
{"msg":"Meta event acknowledged","level":"INFO","ts":"2026-09-15T14:27:21.472367113Z","instance":"node-namespace-b","service_name":"dms-node","event_cursor":595,"request_cursor":0,"last_acked_cursor":595,"event":"node.meta_watch.acknowledged"}
{"msg":"Meta event acknowledged","level":"INFO","ts":"2026-09-15T14:27:21.475639945Z","instance":"node-namespace-b","service_name":"dms-node","event_cursor":596,"request_cursor":0,"last_acked_cursor":596,"event":"node.meta_watch.acknowledged"}
{"msg":"Meta event acknowledged","level":"INFO","ts":"2026-09-15T14:27:21.478000498Z","instance":"node-namespace-b","service_name":"dms-node","event_cursor":597,"request_cursor":0,"last_acked_cursor":597,"event":"node.meta_watch.acknowledged"}
{"msg":"Meta event acknowledged","level":"INFO","ts":"2026-09-15T14:27:21.480210634Z","instance":"node-namespace-b","service_name":"dms-node","event_cursor":598,"request_cursor":0,"last_acked_cursor":598,"event":"node.meta_watch.acknowledged"}
{"msg":"Meta event acknowledged","level":"INFO","ts":"2026-09-15T14:27:21.482664384Z","instance":"node-namespace-b","service_name":"dms-node","event_cursor":599,"request_cursor":0,"last_acked_cursor":599,"event":"node.meta_watch.acknowledged"}
{"msg":"Meta event acknowledged","level":"INFO","ts":"2026-09-15T14:27:21.484747092Z","instance":"node-namespace-b","service_name":"dms-node","event_cursor":600,"request_cursor":0,"last_acked_cursor":600,"event":"node.meta_watch.acknowledged"}
{"msg":"Meta event acknowledged","level":"INFO","ts":"2026-09-15T14:27:21.486691544Z","instance":"node-namespace-b","service_name":"dms-node","event_cursor":601,"request_cursor":0,"last_acked_cursor":601,"event":"node.meta_watch.acknowledged"}
{"msg":"Meta event acknowledged","level":"INFO","ts":"2026-09-15T14:27:21.489621402Z","instance":"node-namespace-b","service_name":"dms-node","event_cursor":602,"request_cursor":0,"last_acked_cursor":602,"event":"node.meta_watch.acknowledged"}
{"msg":"Meta event acknowledged","level":"INFO","ts":"2026-09-15T14:27:21.491981038Z","instance":"node-namespace-b","service_name":"dms-node","event_cursor":603,"request_cursor":0,"last_acked_cursor":603,"event":"node.meta_watch.acknowledged"}
{"msg":"Meta event acknowledged","level":"INFO","ts":"2026-09-15T14:27:21.494225613Z","instance":"node-namespace-b","service_name":"dms-node","event_cursor":604,"request_cursor":0,"last_acked_cursor":604,"event":"node.meta_watch.acknowledged"}
{"msg":"Meta event acknowledged","level":"INFO","ts":"2026-09-15T14:27:21.496254018Z","instance":"node-namespace-b","service_name":"dms-node","event_cursor":606,"request_cursor":0,"last_acked_cursor":606,"event":"node.meta_watch.acknowledged"}
{"msg":"Meta event acknowledged","level":"INFO","ts":"2026-09-15T14:27:21.500423973Z","instance":"node-namespace-b","service_name":"dms-node","event_cursor":607,"request_cursor":0,"last_acked_cursor":607,"event":"node.meta_watch.acknowledged"}
{"msg":"Meta event acknowledged","level":"INFO","ts":"2026-09-15T14:27:21.503347793Z","instance":"node-namespace-b","service_name":"dms-node","event_cursor":608,"request_cursor":0,"last_acked_cursor":608,"event":"node.meta_watch.acknowledged"}
{"msg":"Meta event acknowledged","level":"INFO","ts":"2026-09-15T14:27:21.506872526Z","instance":"node-namespace-b","service_name":"dms-node","event_cursor":609,"request_cursor":0,"last_acked_cursor":609,"event":"node.meta_watch.acknowledged"}
{"msg":"Meta event acknowledged","level":"INFO","ts":"2026-09-15T14:27:21.50932765Z","instance":"node-namespace-b","service_name":"dms-node","event_cursor":610,"request_cursor":0,"last_acked_cursor":610,"event":"node.meta_watch.acknowledged"}
{"msg":"Meta event acknowledged","level":"INFO","ts":"2026-09-15T14:27:21.510963567Z","instance":"node-namespace-b","service_name":"dms-node","event_cursor":612,"request_cursor":0,"last_acked_cursor":612,"event":"node.meta_watch.acknowledged"}
{"msg":"Meta event acknowledged","level":"INFO","ts":"2026-09-15T14:27:21.516913566Z","instance":"node-namespace-b","service_name":"dms-node","event_cursor":613,"request_cursor":0,"last_acked_cursor":613,"event":"node.meta_watch.acknowledged"}
{"msg":"Meta event acknowledged","level":"INFO","ts":"2026-09-15T14:27:21.521757143Z","instance":"node-namespace-b","service_name":"dms-node","event_cursor":614,"request_cursor":0,"last_acked_cursor":614,"event":"node.meta_watch.acknowledged"}
{"msg":"Meta event acknowledged","level":"INFO","ts":"2026-09-15T14:27:21.52371338Z","instance":"node-namespace-b","service_name":"dms-node","event_cursor":615,"request_cursor":0,"last_acked_cursor":615,"event":"node.meta_watch.acknowledged"}
{"msg":"Meta event acknowledged","level":"INFO","ts":"2026-09-15T14:27:21.526181414Z","instance":"node-namespace-b","service_name":"dms-node","event_cursor":616,"request_cursor":0,"last_acked_cursor":616,"event":"node.meta_watch.acknowledged"}
{"msg":"Meta event acknowledged","level":"INFO","ts":"2026-09-15T14:27:21.530373815Z","instance":"node-namespace-b","service_name":"dms-node","event_cursor":617,"request_cursor":0,"last_acked_cursor":617,"event":"node.meta_watch.acknowledged"}
{"msg":"Meta event acknowledged","level":"INFO","ts":"2026-09-15T14:27:21.532339796Z","instance":"node-namespace-b","service_name":"dms-node","event_cursor":619,"request_cursor":0,"last_acked_cursor":619,"event":"node.meta_watch.acknowledged"}
{"msg":"Meta event acknowledged","level":"INFO","ts":"2026-09-15T14:27:21.537385469Z","instance":"node-namespace-b","service_name":"dms-node","event_cursor":620,"request_cursor":0,"last_acked_cursor":620,"event":"node.meta_watch.acknowledged"}
{"msg":"Meta event acknowledged","level":"INFO","ts":"2026-09-15T14:27:21.542711151Z","instance":"node-namespace-b","service_name":"dms-node","event_cursor":621,"request_cursor":0,"last_acked_cursor":621,"event":"node.meta_watch.acknowledged"}
{"msg":"Meta event acknowledged","level":"INFO","ts":"2026-09-15T14:27:21.546424612Z","instance":"node-namespace-b","service_name":"dms-node","event_cursor":622,"request_cursor":0,"last_acked_cursor":622,"event":"node.meta_watch.acknowledged"}
{"msg":"Meta event acknowledged","level":"INFO","ts":"2026-09-15T14:27:21.548923003Z","instance":"node-namespace-b","service_name":"dms-node","event_cursor":623,"request_cursor":0,"last_acked_cursor":623,"event":"node.meta_watch.acknowledged"}
{"msg":"Meta event acknowledged","level":"INFO","ts":"2026-09-15T14:27:21.551997405Z","instance":"node-namespace-b","service_name":"dms-node","event_cursor":624,"request_cursor":0,"last_acked_cursor":624,"event":"node.meta_watch.acknowledged"}
{"msg":"Meta event acknowledged","level":"INFO","ts":"2026-09-15T14:27:21.553684418Z","instance":"node-namespace-b","service_name":"dms-node","event_cursor":626,"request_cursor":0,"last_acked_cursor":626,"event":"node.meta_watch.acknowledged"}
{"msg":"Meta event acknowledged","level":"INFO","ts":"2026-09-15T14:27:21.556097399Z","instance":"node-namespace-b","service_name":"dms-node","event_cursor":627,"request_cursor":0,"last_acked_cursor":627,"event":"node.meta_watch.acknowledged"}
{"msg":"Meta event acknowledged","level":"INFO","ts":"2026-09-15T14:27:21.559508071Z","instance":"node-namespace-b","service_name":"dms-node","event_cursor":628,"request_cursor":0,"last_acked_cursor":628,"event":"node.meta_watch.acknowledged"}
{"msg":"Meta event acknowledged","level":"INFO","ts":"2026-09-15T14:27:21.561848718Z","instance":"node-namespace-b","service_name":"dms-node","event_cursor":629,"request_cursor":0,"last_acked_cursor":629,"event":"node.meta_watch.acknowledged"}
{"msg":"Meta event acknowledged","level":"INFO","ts":"2026-09-15T14:27:21.563625223Z","instance":"node-namespace-b","service_name":"dms-node","event_cursor":631,"request_cursor":0,"last_acked_cursor":631,"event":"node.meta_watch.acknowledged"}
{"msg":"Meta event acknowledged","level":"INFO","ts":"2026-09-15T14:27:21.566989087Z","instance":"node-namespace-b","service_name":"dms-node","event_cursor":632,"request_cursor":0,"last_acked_cursor":632,"event":"node.meta_watch.acknowledged"}
{"msg":"Meta event acknowledged","level":"INFO","ts":"2026-09-15T14:27:21.569355095Z","instance":"node-namespace-b","service_name":"dms-node","event_cursor":633,"request_cursor":0,"last_acked_cursor":633,"event":"node.meta_watch.acknowledged"}
{"msg":"Meta event acknowledged","level":"INFO","ts":"2026-09-15T14:27:21.571547283Z","instance":"node-namespace-b","service_name":"dms-node","event_cursor":634,"request_cursor":0,"last_acked_cursor":634,"event":"node.meta_watch.acknowledged"}
{"msg":"Meta event acknowledged","level":"INFO","ts":"2026-09-15T14:27:21.573874937Z","instance":"node-namespace-b","service_name":"dms-node","event_cursor":635,"request_cursor":0,"last_acked_cursor":635,"event":"node.meta_watch.acknowledged"}
{"msg":"Meta event acknowledged","level":"INFO","ts":"2026-09-15T14:27:21.57689362Z","instance":"node-namespace-b","service_name":"dms-node","event_cursor":636,"request_cursor":0,"last_acked_cursor":636,"event":"node.meta_watch.acknowledged"}
{"msg":"Meta event acknowledged","level":"INFO","ts":"2026-09-15T14:27:21.578972247Z","instance":"node-namespace-b","service_name":"dms-node","event_cursor":637,"request_cursor":0,"last_acked_cursor":637,"event":"node.meta_watch.acknowledged"}
{"msg":"Meta event acknowledged","level":"INFO","ts":"2026-09-15T14:27:21.58062328Z","instance":"node-namespace-b","service_name":"dms-node","event_cursor":638,"request_cursor":0,"last_acked_cursor":638,"event":"node.meta_watch.acknowledged"}
{"msg":"Meta event acknowledged","level":"INFO","ts":"2026-09-15T14:27:21.583105473Z","instance":"node-namespace-b","service_name":"dms-node","event_cursor":639,"request_cursor":0,"last_acked_cursor":639,"event":"node.meta_watch.acknowledged"}
{"msg":"Meta event acknowledged","level":"INFO","ts":"2026-09-15T14:27:21.585432294Z","instance":"node-namespace-b","service_name":"dms-node","event_cursor":640,"request_cursor":0,"last_acked_cursor":640,"event":"node.meta_watch.acknowledged"}
{"msg":"Meta event acknowledged","level":"INFO","ts":"2026-09-15T14:27:21.587185561Z","instance":"node-namespace-b","service_name":"dms-node","event_cursor":642,"request_cursor":0,"last_acked_cursor":642,"event":"node.meta_watch.acknowledged"}
{"msg":"Meta event acknowledged","level":"INFO","ts":"2026-09-15T14:27:21.59133432Z","instance":"node-namespace-b","service_name":"dms-node","event_cursor":643,"request_cursor":0,"last_acked_cursor":643,"event":"node.meta_watch.acknowledged"}
{"msg":"Meta event acknowledged","level":"INFO","ts":"2026-09-15T14:27:21.595459966Z","instance":"node-namespace-b","service_name":"dms-node","event_cursor":644,"request_cursor":0,"last_acked_cursor":644,"event":"node.meta_watch.acknowledged"}
{"msg":"Meta event acknowledged","level":"INFO","ts":"2026-09-15T14:27:21.598962753Z","instance":"node-namespace-b","service_name":"dms-node","event_cursor":645,"request_cursor":0,"last_acked_cursor":645,"event":"node.meta_watch.acknowledged"}
{"msg":"Meta event acknowledged","level":"INFO","ts":"2026-09-15T14:27:21.601216532Z","instance":"node-namespace-b","service_name":"dms-node","event_cursor":646,"request_cursor":0,"last_acked_cursor":646,"event":"node.meta_watch.acknowledged"}
{"msg":"Meta event acknowledged","level":"INFO","ts":"2026-09-15T14:27:21.602865191Z","instance":"node-namespace-b","service_name":"dms-node","event_cursor":648,"request_cursor":0,"last_acked_cursor":648,"event":"node.meta_watch.acknowledged"}
{"msg":"Meta event acknowledged","level":"INFO","ts":"2026-09-15T14:27:21.609015911Z","instance":"node-namespace-b","service_name":"dms-node","event_cursor":649,"request_cursor":0,"last_acked_cursor":649,"event":"node.meta_watch.acknowledged"}
{"msg":"Meta event acknowledged","level":"INFO","ts":"2026-09-15T14:27:21.612773264Z","instance":"node-namespace-b","service_name":"dms-node","event_cursor":650,"request_cursor":0,"last_acked_cursor":650,"event":"node.meta_watch.acknowledged"}
{"msg":"Meta event acknowledged","level":"INFO","ts":"2026-09-15T14:27:21.614330266Z","instance":"node-namespace-b","service_name":"dms-node","event_cursor":651,"request_cursor":0,"last_acked_cursor":651,"event":"node.meta_watch.acknowledged"}
{"msg":"Meta event acknowledged","level":"INFO","ts":"2026-09-15T14:27:21.616524453Z","instance":"node-namespace-b","service_name":"dms-node","event_cursor":652,"request_cursor":0,"last_acked_cursor":652,"event":"node.meta_watch.acknowledged"}
{"msg":"Meta event acknowledged","level":"INFO","ts":"2026-09-15T14:27:21.620497935Z","instance":"node-namespace-b","service_name":"dms-node","event_cursor":653,"request_cursor":0,"last_acked_cursor":653,"event":"node.meta_watch.acknowledged"}
{"msg":"Meta event acknowledged","level":"INFO","ts":"2026-09-15T14:27:21.622314167Z","instance":"node-namespace-b","service_name":"dms-node","event_cursor":655,"request_cursor":0,"last_acked_cursor":655,"event":"node.meta_watch.acknowledged"}
{"msg":"Meta event acknowledged","level":"INFO","ts":"2026-09-15T14:27:21.628215777Z","instance":"node-namespace-b","service_name":"dms-node","event_cursor":656,"request_cursor":0,"last_acked_cursor":656,"event":"node.meta_watch.acknowledged"}
{"msg":"Meta event acknowledged","level":"INFO","ts":"2026-09-15T14:27:21.633207354Z","instance":"node-namespace-b","service_name":"dms-node","event_cursor":657,"request_cursor":0,"last_acked_cursor":657,"event":"node.meta_watch.acknowledged"}
{"msg":"Meta event acknowledged","level":"INFO","ts":"2026-09-15T14:27:21.635932577Z","instance":"node-namespace-b","service_name":"dms-node","event_cursor":658,"request_cursor":0,"last_acked_cursor":658,"event":"node.meta_watch.acknowledged"}
{"msg":"Meta event acknowledged","level":"INFO","ts":"2026-09-15T14:27:21.63848169Z","instance":"node-namespace-b","service_name":"dms-node","event_cursor":659,"request_cursor":0,"last_acked_cursor":659,"event":"node.meta_watch.acknowledged"}
{"msg":"Meta event acknowledged","level":"INFO","ts":"2026-09-15T14:27:21.641850136Z","instance":"node-namespace-b","service_name":"dms-node","event_cursor":660,"request_cursor":0,"last_acked_cursor":660,"event":"node.meta_watch.acknowledged"}
{"msg":"Meta event acknowledged","level":"INFO","ts":"2026-09-15T14:27:21.643446575Z","instance":"node-namespace-b","service_name":"dms-node","event_cursor":662,"request_cursor":0,"last_acked_cursor":662,"event":"node.meta_watch.acknowledged"}
{"msg":"Meta event acknowledged","level":"INFO","ts":"2026-09-15T14:27:21.645947423Z","instance":"node-namespace-b","service_name":"dms-node","event_cursor":663,"request_cursor":0,"last_acked_cursor":663,"event":"node.meta_watch.acknowledged"}
{"msg":"Meta event acknowledged","level":"INFO","ts":"2026-09-15T14:27:21.648991759Z","instance":"node-namespace-b","service_name":"dms-node","event_cursor":664,"request_cursor":0,"last_acked_cursor":664,"event":"node.meta_watch.acknowledged"}
{"msg":"Meta event acknowledged","level":"INFO","ts":"2026-09-15T14:27:21.652074656Z","instance":"node-namespace-b","service_name":"dms-node","event_cursor":665,"request_cursor":0,"last_acked_cursor":665,"event":"node.meta_watch.acknowledged"}
{"msg":"Meta event acknowledged","level":"INFO","ts":"2026-09-15T14:27:21.653813682Z","instance":"node-namespace-b","service_name":"dms-node","event_cursor":667,"request_cursor":0,"last_acked_cursor":667,"event":"node.meta_watch.acknowledged"}
{"msg":"Meta event acknowledged","level":"INFO","ts":"2026-09-15T14:27:21.657227019Z","instance":"node-namespace-b","service_name":"dms-node","event_cursor":668,"request_cursor":0,"last_acked_cursor":668,"event":"node.meta_watch.acknowledged"}
{"msg":"Meta event acknowledged","level":"INFO","ts":"2026-09-15T14:27:21.659335712Z","instance":"node-namespace-b","service_name":"dms-node","event_cursor":669,"request_cursor":0,"last_acked_cursor":669,"event":"node.meta_watch.acknowledged"}
{"msg":"Meta event acknowledged","level":"INFO","ts":"2026-09-15T14:27:21.661535438Z","instance":"node-namespace-b","service_name":"dms-node","event_cursor":670,"request_cursor":0,"last_acked_cursor":670,"event":"node.meta_watch.acknowledged"}
{"msg":"Meta event acknowledged","level":"INFO","ts":"2026-09-15T14:27:21.664070309Z","instance":"node-namespace-b","service_name":"dms-node","event_cursor":671,"request_cursor":0,"last_acked_cursor":671,"event":"node.meta_watch.acknowledged"}
{"msg":"Meta event acknowledged","level":"INFO","ts":"2026-09-15T14:27:21.666301434Z","instance":"node-namespace-b","service_name":"dms-node","event_cursor":672,"request_cursor":0,"last_acked_cursor":672,"event":"node.meta_watch.acknowledged"}
{"msg":"Meta event acknowledged","level":"INFO","ts":"2026-09-15T14:27:21.668242846Z","instance":"node-namespace-b","service_name":"dms-node","event_cursor":673,"request_cursor":0,"last_acked_cursor":673,"event":"node.meta_watch.acknowledged"}
{"msg":"Meta event acknowledged","level":"INFO","ts":"2026-09-15T14:27:21.670004733Z","instance":"node-namespace-b","service_name":"dms-node","event_cursor":674,"request_cursor":0,"last_acked_cursor":674,"event":"node.meta_watch.acknowledged"}
{"msg":"Meta event acknowledged","level":"INFO","ts":"2026-09-15T14:27:21.672201586Z","instance":"node-namespace-b","service_name":"dms-node","event_cursor":675,"request_cursor":0,"last_acked_cursor":675,"event":"node.meta_watch.acknowledged"}
{"msg":"Meta event acknowledged","level":"INFO","ts":"2026-09-15T14:27:21.67475682Z","instance":"node-namespace-b","service_name":"dms-node","event_cursor":676,"request_cursor":0,"last_acked_cursor":676,"event":"node.meta_watch.acknowledged"}
{"msg":"Meta event acknowledged","level":"INFO","ts":"2026-09-15T14:27:21.676329314Z","instance":"node-namespace-b","service_name":"dms-node","event_cursor":678,"request_cursor":0,"last_acked_cursor":678,"event":"node.meta_watch.acknowledged"}
{"msg":"Meta event acknowledged","level":"INFO","ts":"2026-09-15T14:27:21.680346563Z","instance":"node-namespace-b","service_name":"dms-node","event_cursor":679,"request_cursor":0,"last_acked_cursor":679,"event":"node.meta_watch.acknowledged"}
{"msg":"Meta event acknowledged","level":"INFO","ts":"2026-09-15T14:27:21.68440533Z","instance":"node-namespace-b","service_name":"dms-node","event_cursor":680,"request_cursor":0,"last_acked_cursor":680,"event":"node.meta_watch.acknowledged"}
{"msg":"Meta event acknowledged","level":"INFO","ts":"2026-09-15T14:27:21.68780988Z","instance":"node-namespace-b","service_name":"dms-node","event_cursor":681,"request_cursor":0,"last_acked_cursor":681,"event":"node.meta_watch.acknowledged"}
{"msg":"Meta event acknowledged","level":"INFO","ts":"2026-09-15T14:27:21.690394266Z","instance":"node-namespace-b","service_name":"dms-node","event_cursor":682,"request_cursor":0,"last_acked_cursor":682,"event":"node.meta_watch.acknowledged"}
{"msg":"Meta event acknowledged","level":"INFO","ts":"2026-09-15T14:27:21.69184058Z","instance":"node-namespace-b","service_name":"dms-node","event_cursor":684,"request_cursor":0,"last_acked_cursor":684,"event":"node.meta_watch.acknowledged"}
{"msg":"Meta event acknowledged","level":"INFO","ts":"2026-09-15T14:27:21.698042355Z","instance":"node-namespace-b","service_name":"dms-node","event_cursor":685,"request_cursor":0,"last_acked_cursor":685,"event":"node.meta_watch.acknowledged"}
{"msg":"Meta event acknowledged","level":"INFO","ts":"2026-09-15T14:27:21.701720169Z","instance":"node-namespace-b","service_name":"dms-node","event_cursor":686,"request_cursor":0,"last_acked_cursor":686,"event":"node.meta_watch.acknowledged"}
{"msg":"Meta event acknowledged","level":"INFO","ts":"2026-09-15T14:27:21.704976594Z","instance":"node-namespace-b","service_name":"dms-node","event_cursor":687,"request_cursor":0,"last_acked_cursor":687,"event":"node.meta_watch.acknowledged"}
{"msg":"Meta event acknowledged","level":"INFO","ts":"2026-09-15T14:27:21.707533536Z","instance":"node-namespace-b","service_name":"dms-node","event_cursor":688,"request_cursor":0,"last_acked_cursor":688,"event":"node.meta_watch.acknowledged"}
{"msg":"Meta event acknowledged","level":"INFO","ts":"2026-09-15T14:27:21.711656517Z","instance":"node-namespace-b","service_name":"dms-node","event_cursor":689,"request_cursor":0,"last_acked_cursor":689,"event":"node.meta_watch.acknowledged"}
{"msg":"Meta event acknowledged","level":"INFO","ts":"2026-09-15T14:27:21.713490864Z","instance":"node-namespace-b","service_name":"dms-node","event_cursor":691,"request_cursor":0,"last_acked_cursor":691,"event":"node.meta_watch.acknowledged"}
{"msg":"Meta event acknowledged","level":"INFO","ts":"2026-09-15T14:27:21.719110631Z","instance":"node-namespace-b","service_name":"dms-node","event_cursor":692,"request_cursor":0,"last_acked_cursor":692,"event":"node.meta_watch.acknowledged"}
{"msg":"Meta event acknowledged","level":"INFO","ts":"2026-09-15T14:27:21.724096546Z","instance":"node-namespace-b","service_name":"dms-node","event_cursor":693,"request_cursor":0,"last_acked_cursor":693,"event":"node.meta_watch.acknowledged"}
{"msg":"Meta event acknowledged","level":"INFO","ts":"2026-09-15T14:27:21.726417245Z","instance":"node-namespace-b","service_name":"dms-node","event_cursor":694,"request_cursor":0,"last_acked_cursor":694,"event":"node.meta_watch.acknowledged"}
{"msg":"Meta event acknowledged","level":"INFO","ts":"2026-09-15T14:27:21.728855337Z","instance":"node-namespace-b","service_name":"dms-node","event_cursor":695,"request_cursor":0,"last_acked_cursor":695,"event":"node.meta_watch.acknowledged"}
{"msg":"Meta event acknowledged","level":"INFO","ts":"2026-09-15T14:27:21.731961846Z","instance":"node-namespace-b","service_name":"dms-node","event_cursor":696,"request_cursor":0,"last_acked_cursor":696,"event":"node.meta_watch.acknowledged"}
{"msg":"Meta event acknowledged","level":"INFO","ts":"2026-09-15T14:27:21.734805295Z","instance":"node-namespace-b","service_name":"dms-node","event_cursor":698,"request_cursor":0,"last_acked_cursor":698,"event":"node.meta_watch.acknowledged"}
{"msg":"Meta event acknowledged","level":"INFO","ts":"2026-09-15T14:27:21.737577658Z","instance":"node-namespace-b","service_name":"dms-node","event_cursor":699,"request_cursor":0,"last_acked_cursor":699,"event":"node.meta_watch.acknowledged"}
{"msg":"Meta event acknowledged","level":"INFO","ts":"2026-09-15T14:27:21.740549617Z","instance":"node-namespace-b","service_name":"dms-node","event_cursor":700,"request_cursor":0,"last_acked_cursor":700,"event":"node.meta_watch.acknowledged"}
{"msg":"Meta event acknowledged","level":"INFO","ts":"2026-09-15T14:27:21.742852119Z","instance":"node-namespace-b","service_name":"dms-node","event_cursor":701,"request_cursor":0,"last_acked_cursor":701,"event":"node.meta_watch.acknowledged"}
{"msg":"Meta event acknowledged","level":"INFO","ts":"2026-09-15T14:27:21.744382594Z","instance":"node-namespace-b","service_name":"dms-node","event_cursor":703,"request_cursor":0,"last_acked_cursor":703,"event":"node.meta_watch.acknowledged"}
{"msg":"Meta event acknowledged","level":"INFO","ts":"2026-09-15T14:27:21.748055703Z","instance":"node-namespace-b","service_name":"dms-node","event_cursor":704,"request_cursor":0,"last_acked_cursor":704,"event":"node.meta_watch.acknowledged"}
{"msg":"Meta event acknowledged","level":"INFO","ts":"2026-09-15T14:27:21.750271086Z","instance":"node-namespace-b","service_name":"dms-node","event_cursor":705,"request_cursor":0,"last_acked_cursor":705,"event":"node.meta_watch.acknowledged"}
{"msg":"Meta event acknowledged","level":"INFO","ts":"2026-09-15T14:27:21.752545686Z","instance":"node-namespace-b","service_name":"dms-node","event_cursor":706,"request_cursor":0,"last_acked_cursor":706,"event":"node.meta_watch.acknowledged"}
{"msg":"Meta event acknowledged","level":"INFO","ts":"2026-09-15T14:27:21.754792969Z","instance":"node-namespace-b","service_name":"dms-node","event_cursor":707,"request_cursor":0,"last_acked_cursor":707,"event":"node.meta_watch.acknowledged"}
{"msg":"Meta event acknowledged","level":"INFO","ts":"2026-09-15T14:27:21.758764368Z","instance":"node-namespace-b","service_name":"dms-node","event_cursor":708,"request_cursor":0,"last_acked_cursor":708,"event":"node.meta_watch.acknowledged"}
{"msg":"Meta event acknowledged","level":"INFO","ts":"2026-09-15T14:27:21.760858361Z","instance":"node-namespace-b","service_name":"dms-node","event_cursor":709,"request_cursor":0,"last_acked_cursor":709,"event":"node.meta_watch.acknowledged"}
{"msg":"Meta event acknowledged","level":"INFO","ts":"2026-09-15T14:27:21.762905339Z","instance":"node-namespace-b","service_name":"dms-node","event_cursor":710,"request_cursor":0,"last_acked_cursor":710,"event":"node.meta_watch.acknowledged"}
{"msg":"Meta event acknowledged","level":"INFO","ts":"2026-09-15T14:27:21.765192183Z","instance":"node-namespace-b","service_name":"dms-node","event_cursor":711,"request_cursor":0,"last_acked_cursor":711,"event":"node.meta_watch.acknowledged"}
{"msg":"Meta event acknowledged","level":"INFO","ts":"2026-09-15T14:27:21.767452041Z","instance":"node-namespace-b","service_name":"dms-node","event_cursor":712,"request_cursor":0,"last_acked_cursor":712,"event":"node.meta_watch.acknowledged"}
{"msg":"Meta event acknowledged","level":"INFO","ts":"2026-09-15T14:27:21.769053894Z","instance":"node-namespace-b","service_name":"dms-node","event_cursor":714,"request_cursor":0,"last_acked_cursor":714,"event":"node.meta_watch.acknowledged"}
{"msg":"Meta event acknowledged","level":"INFO","ts":"2026-09-15T14:27:21.773254331Z","instance":"node-namespace-b","service_name":"dms-node","event_cursor":715,"request_cursor":0,"last_acked_cursor":715,"event":"node.meta_watch.acknowledged"}
{"msg":"Meta event acknowledged","level":"INFO","ts":"2026-09-15T14:27:21.776434924Z","instance":"node-namespace-b","service_name":"dms-node","event_cursor":716,"request_cursor":0,"last_acked_cursor":716,"event":"node.meta_watch.acknowledged"}
{"msg":"Meta event acknowledged","level":"INFO","ts":"2026-09-15T14:27:21.779992889Z","instance":"node-namespace-b","service_name":"dms-node","event_cursor":717,"request_cursor":0,"last_acked_cursor":717,"event":"node.meta_watch.acknowledged"}
{"msg":"Meta event acknowledged","level":"INFO","ts":"2026-09-15T14:27:21.782732978Z","instance":"node-namespace-b","service_name":"dms-node","event_cursor":718,"request_cursor":0,"last_acked_cursor":718,"event":"node.meta_watch.acknowledged"}
{"msg":"Meta event acknowledged","level":"INFO","ts":"2026-09-15T14:27:21.785473359Z","instance":"node-namespace-b","service_name":"dms-node","event_cursor":720,"request_cursor":0,"last_acked_cursor":720,"event":"node.meta_watch.acknowledged"}
{"msg":"Meta event acknowledged","level":"INFO","ts":"2026-09-15T14:27:21.791648815Z","instance":"node-namespace-b","service_name":"dms-node","event_cursor":721,"request_cursor":0,"last_acked_cursor":721,"event":"node.meta_watch.acknowledged"}
{"msg":"Meta event acknowledged","level":"INFO","ts":"2026-09-15T14:27:21.795223978Z","instance":"node-namespace-b","service_name":"dms-node","event_cursor":722,"request_cursor":0,"last_acked_cursor":722,"event":"node.meta_watch.acknowledged"}
{"msg":"Meta event acknowledged","level":"INFO","ts":"2026-09-15T14:27:21.797510572Z","instance":"node-namespace-b","service_name":"dms-node","event_cursor":723,"request_cursor":0,"last_acked_cursor":723,"event":"node.meta_watch.acknowledged"}
{"msg":"Meta event acknowledged","level":"INFO","ts":"2026-09-15T14:27:21.80036264Z","instance":"node-namespace-b","service_name":"dms-node","event_cursor":724,"request_cursor":0,"last_acked_cursor":724,"event":"node.meta_watch.acknowledged"}
{"msg":"Meta event acknowledged","level":"INFO","ts":"2026-09-15T14:27:21.802857367Z","instance":"node-namespace-b","service_name":"dms-node","event_cursor":725,"request_cursor":0,"last_acked_cursor":725,"event":"node.meta_watch.acknowledged"}
{"msg":"Meta event acknowledged","level":"INFO","ts":"2026-09-15T14:27:21.805270223Z","instance":"node-namespace-b","service_name":"dms-node","event_cursor":726,"request_cursor":0,"last_acked_cursor":726,"event":"node.meta_watch.acknowledged"}
{"msg":"Meta event acknowledged","level":"INFO","ts":"2026-09-15T14:27:21.807778776Z","instance":"node-namespace-b","service_name":"dms-node","event_cursor":727,"request_cursor":0,"last_acked_cursor":727,"event":"node.meta_watch.acknowledged"}
{"msg":"Meta event acknowledged","level":"INFO","ts":"2026-09-15T14:27:21.810163148Z","instance":"node-namespace-b","service_name":"dms-node","event_cursor":728,"request_cursor":0,"last_acked_cursor":728,"event":"node.meta_watch.acknowledged"}
{"msg":"Meta event acknowledged","level":"INFO","ts":"2026-09-15T14:27:21.812577753Z","instance":"node-namespace-b","service_name":"dms-node","event_cursor":729,"request_cursor":0,"last_acked_cursor":729,"event":"node.meta_watch.acknowledged"}
{"msg":"Meta event acknowledged","level":"INFO","ts":"2026-09-15T14:27:21.815086056Z","instance":"node-namespace-b","service_name":"dms-node","event_cursor":730,"request_cursor":0,"last_acked_cursor":730,"event":"node.meta_watch.acknowledged"}
{"msg":"Meta event acknowledged","level":"INFO","ts":"2026-09-15T14:27:21.818154128Z","instance":"node-namespace-b","service_name":"dms-node","event_cursor":731,"request_cursor":0,"last_acked_cursor":731,"event":"node.meta_watch.acknowledged"}
{"msg":"Meta event acknowledged","level":"INFO","ts":"2026-09-15T14:27:21.82077062Z","instance":"node-namespace-b","service_name":"dms-node","event_cursor":732,"request_cursor":0,"last_acked_cursor":732,"event":"node.meta_watch.acknowledged"}
{"msg":"Meta event acknowledged","level":"INFO","ts":"2026-09-15T14:27:21.823086281Z","instance":"node-namespace-b","service_name":"dms-node","event_cursor":733,"request_cursor":0,"last_acked_cursor":733,"event":"node.meta_watch.acknowledged"}
{"msg":"Meta event acknowledged","level":"INFO","ts":"2026-09-15T14:27:21.825879924Z","instance":"node-namespace-b","service_name":"dms-node","event_cursor":734,"request_cursor":0,"last_acked_cursor":734,"event":"node.meta_watch.acknowledged"}
{"msg":"Meta event acknowledged","level":"INFO","ts":"2026-09-15T14:27:21.829233503Z","instance":"node-namespace-b","service_name":"dms-node","event_cursor":735,"request_cursor":0,"last_acked_cursor":735,"event":"node.meta_watch.acknowledged"}
{"msg":"Meta event acknowledged","level":"INFO","ts":"2026-09-15T14:27:21.83205463Z","instance":"node-namespace-b","service_name":"dms-node","event_cursor":736,"request_cursor":0,"last_acked_cursor":736,"event":"node.meta_watch.acknowledged"}
{"msg":"Meta event acknowledged","level":"INFO","ts":"2026-09-15T14:27:21.834435504Z","instance":"node-namespace-b","service_name":"dms-node","event_cursor":737,"request_cursor":0,"last_acked_cursor":737,"event":"node.meta_watch.acknowledged"}
{"msg":"Meta event acknowledged","level":"INFO","ts":"2026-09-15T14:27:21.838301546Z","instance":"node-namespace-b","service_name":"dms-node","event_cursor":738,"request_cursor":0,"last_acked_cursor":738,"event":"node.meta_watch.acknowledged"}
{"msg":"Meta event acknowledged","level":"INFO","ts":"2026-09-15T14:27:21.841172812Z","instance":"node-namespace-b","service_name":"dms-node","event_cursor":739,"request_cursor":0,"last_acked_cursor":739,"event":"node.meta_watch.acknowledged"}
{"msg":"Meta event acknowledged","level":"INFO","ts":"2026-09-15T14:27:21.843802713Z","instance":"node-namespace-b","service_name":"dms-node","event_cursor":740,"request_cursor":0,"last_acked_cursor":740,"event":"node.meta_watch.acknowledged"}
{"msg":"Meta event acknowledged","level":"INFO","ts":"2026-09-15T14:27:21.846389972Z","instance":"node-namespace-b","service_name":"dms-node","event_cursor":741,"request_cursor":0,"last_acked_cursor":741,"event":"node.meta_watch.acknowledged"}
{"msg":"Meta event acknowledged","level":"INFO","ts":"2026-09-15T14:27:21.84907351Z","instance":"node-namespace-b","service_name":"dms-node","event_cursor":742,"request_cursor":0,"last_acked_cursor":742,"event":"node.meta_watch.acknowledged"}
{"msg":"Meta event acknowledged","level":"INFO","ts":"2026-09-15T14:27:21.851649316Z","instance":"node-namespace-b","service_name":"dms-node","event_cursor":743,"request_cursor":0,"last_acked_cursor":743,"event":"node.meta_watch.acknowledged"}
{"msg":"Meta event acknowledged","level":"INFO","ts":"2026-09-15T14:27:21.854047181Z","instance":"node-namespace-b","service_name":"dms-node","event_cursor":744,"request_cursor":0,"last_acked_cursor":744,"event":"node.meta_watch.acknowledged"}
{"msg":"Meta event acknowledged","level":"INFO","ts":"2026-09-15T14:27:21.856569434Z","instance":"node-namespace-b","service_name":"dms-node","event_cursor":745,"request_cursor":0,"last_acked_cursor":745,"event":"node.meta_watch.acknowledged"}
{"msg":"Meta event acknowledged","level":"INFO","ts":"2026-09-15T14:27:21.859117256Z","instance":"node-namespace-b","service_name":"dms-node","event_cursor":746,"request_cursor":0,"last_acked_cursor":746,"event":"node.meta_watch.acknowledged"}
{"msg":"Meta event acknowledged","level":"INFO","ts":"2026-09-15T14:27:21.861794256Z","instance":"node-namespace-b","service_name":"dms-node","event_cursor":747,"request_cursor":0,"last_acked_cursor":747,"event":"node.meta_watch.acknowledged"}
{"msg":"Meta event acknowledged","level":"INFO","ts":"2026-09-15T14:27:21.864371687Z","instance":"node-namespace-b","service_name":"dms-node","event_cursor":748,"request_cursor":0,"last_acked_cursor":748,"event":"node.meta_watch.acknowledged"}
{"msg":"Meta event acknowledged","level":"INFO","ts":"2026-09-15T14:27:21.866813818Z","instance":"node-namespace-b","service_name":"dms-node","event_cursor":749,"request_cursor":0,"last_acked_cursor":749,"event":"node.meta_watch.acknowledged"}
{"msg":"Meta event acknowledged","level":"INFO","ts":"2026-09-15T14:27:21.86915105Z","instance":"node-namespace-b","service_name":"dms-node","event_cursor":750,"request_cursor":0,"last_acked_cursor":750,"event":"node.meta_watch.acknowledged"}
{"msg":"Meta event acknowledged","level":"INFO","ts":"2026-09-15T14:27:21.871800066Z","instance":"node-namespace-b","service_name":"dms-node","event_cursor":751,"request_cursor":0,"last_acked_cursor":751,"event":"node.meta_watch.acknowledged"}
{"msg":"Meta event acknowledged","level":"INFO","ts":"2026-09-15T14:27:21.874401941Z","instance":"node-namespace-b","service_name":"dms-node","event_cursor":752,"request_cursor":0,"last_acked_cursor":752,"event":"node.meta_watch.acknowledged"}
{"msg":"Meta event acknowledged","level":"INFO","ts":"2026-09-15T14:27:21.876839533Z","instance":"node-namespace-b","service_name":"dms-node","event_cursor":753,"request_cursor":0,"last_acked_cursor":753,"event":"node.meta_watch.acknowledged"}
{"msg":"Meta event acknowledged","level":"INFO","ts":"2026-09-15T14:27:21.879388855Z","instance":"node-namespace-b","service_name":"dms-node","event_cursor":754,"request_cursor":0,"last_acked_cursor":754,"event":"node.meta_watch.acknowledged"}
{"msg":"Meta event acknowledged","level":"INFO","ts":"2026-09-15T14:27:21.882127695Z","instance":"node-namespace-b","service_name":"dms-node","event_cursor":755,"request_cursor":0,"last_acked_cursor":755,"event":"node.meta_watch.acknowledged"}
{"msg":"Meta event acknowledged","level":"INFO","ts":"2026-09-15T14:27:21.884507986Z","instance":"node-namespace-b","service_name":"dms-node","event_cursor":756,"request_cursor":0,"last_acked_cursor":756,"event":"node.meta_watch.acknowledged"}
{"msg":"Meta event acknowledged","level":"INFO","ts":"2026-09-15T14:27:21.887835871Z","instance":"node-namespace-b","service_name":"dms-node","event_cursor":757,"request_cursor":0,"last_acked_cursor":757,"event":"node.meta_watch.acknowledged"}
{"msg":"Meta event acknowledged","level":"INFO","ts":"2026-09-15T14:27:21.890515078Z","instance":"node-namespace-b","service_name":"dms-node","event_cursor":758,"request_cursor":0,"last_acked_cursor":758,"event":"node.meta_watch.acknowledged"}
{"msg":"Meta event acknowledged","level":"INFO","ts":"2026-09-15T14:27:21.892920355Z","instance":"node-namespace-b","service_name":"dms-node","event_cursor":759,"request_cursor":0,"last_acked_cursor":759,"event":"node.meta_watch.acknowledged"}
{"msg":"Meta event acknowledged","level":"INFO","ts":"2026-09-15T14:27:21.895403047Z","instance":"node-namespace-b","service_name":"dms-node","event_cursor":760,"request_cursor":0,"last_acked_cursor":760,"event":"node.meta_watch.acknowledged"}
{"msg":"Meta event acknowledged","level":"INFO","ts":"2026-09-15T14:27:21.897679147Z","instance":"node-namespace-b","service_name":"dms-node","event_cursor":761,"request_cursor":0,"last_acked_cursor":761,"event":"node.meta_watch.acknowledged"}
{"msg":"Meta event acknowledged","level":"INFO","ts":"2026-09-15T14:27:21.900451676Z","instance":"node-namespace-b","service_name":"dms-node","event_cursor":762,"request_cursor":0,"last_acked_cursor":762,"event":"node.meta_watch.acknowledged"}
{"msg":"Meta event acknowledged","level":"INFO","ts":"2026-09-15T14:27:21.902865865Z","instance":"node-namespace-b","service_name":"dms-node","event_cursor":763,"request_cursor":0,"last_acked_cursor":763,"event":"node.meta_watch.acknowledged"}
{"msg":"Meta event acknowledged","level":"INFO","ts":"2026-09-15T14:27:21.905535452Z","instance":"node-namespace-b","service_name":"dms-node","event_cursor":764,"request_cursor":0,"last_acked_cursor":764,"event":"node.meta_watch.acknowledged"}
{"msg":"Meta event acknowledged","level":"INFO","ts":"2026-09-15T14:27:21.90796255Z","instance":"node-namespace-b","service_name":"dms-node","event_cursor":765,"request_cursor":0,"last_acked_cursor":765,"event":"node.meta_watch.acknowledged"}
{"msg":"Meta event acknowledged","level":"INFO","ts":"2026-09-15T14:27:21.910445576Z","instance":"node-namespace-b","service_name":"dms-node","event_cursor":766,"request_cursor":0,"last_acked_cursor":766,"event":"node.meta_watch.acknowledged"}
{"msg":"Meta event acknowledged","level":"INFO","ts":"2026-09-15T14:27:21.912819287Z","instance":"node-namespace-b","service_name":"dms-node","event_cursor":767,"request_cursor":0,"last_acked_cursor":767,"event":"node.meta_watch.acknowledged"}
{"msg":"Meta event acknowledged","level":"INFO","ts":"2026-09-15T14:27:21.915490415Z","instance":"node-namespace-b","service_name":"dms-node","event_cursor":768,"request_cursor":0,"last_acked_cursor":768,"event":"node.meta_watch.acknowledged"}
{"msg":"Meta event acknowledged","level":"INFO","ts":"2026-09-15T14:27:21.918159295Z","instance":"node-namespace-b","service_name":"dms-node","event_cursor":769,"request_cursor":0,"last_acked_cursor":769,"event":"node.meta_watch.acknowledged"}
{"msg":"Meta event acknowledged","level":"INFO","ts":"2026-09-15T14:27:21.920878979Z","instance":"node-namespace-b","service_name":"dms-node","event_cursor":770,"request_cursor":0,"last_acked_cursor":770,"event":"node.meta_watch.acknowledged"}
{"msg":"Meta event acknowledged","level":"INFO","ts":"2026-09-15T14:27:21.923472401Z","instance":"node-namespace-b","service_name":"dms-node","event_cursor":771,"request_cursor":0,"last_acked_cursor":771,"event":"node.meta_watch.acknowledged"}
{"msg":"Meta event acknowledged","level":"INFO","ts":"2026-09-15T14:27:21.926139531Z","instance":"node-namespace-b","service_name":"dms-node","event_cursor":772,"request_cursor":0,"last_acked_cursor":772,"event":"node.meta_watch.acknowledged"}
{"msg":"Meta event acknowledged","level":"INFO","ts":"2026-09-15T14:27:21.92859403Z","instance":"node-namespace-b","service_name":"dms-node","event_cursor":773,"request_cursor":0,"last_acked_cursor":773,"event":"node.meta_watch.acknowledged"}
{"msg":"Meta event acknowledged","level":"INFO","ts":"2026-09-15T14:27:21.931209773Z","instance":"node-namespace-b","service_name":"dms-node","event_cursor":774,"request_cursor":0,"last_acked_cursor":774,"event":"node.meta_watch.acknowledged"}
{"msg":"Meta event acknowledged","level":"INFO","ts":"2026-09-15T14:27:21.934507342Z","instance":"node-namespace-b","service_name":"dms-node","event_cursor":775,"request_cursor":0,"last_acked_cursor":775,"event":"node.meta_watch.acknowledged"}
{"msg":"Meta event acknowledged","level":"INFO","ts":"2026-09-15T14:27:21.936964548Z","instance":"node-namespace-b","service_name":"dms-node","event_cursor":776,"request_cursor":0,"last_acked_cursor":776,"event":"node.meta_watch.acknowledged"}
{"msg":"Meta event acknowledged","level":"INFO","ts":"2026-09-15T14:27:21.939697808Z","instance":"node-namespace-b","service_name":"dms-node","event_cursor":777,"request_cursor":0,"last_acked_cursor":777,"event":"node.meta_watch.acknowledged"}
{"msg":"Meta event acknowledged","level":"INFO","ts":"2026-09-15T14:27:21.941844355Z","instance":"node-namespace-b","service_name":"dms-node","event_cursor":778,"request_cursor":0,"last_acked_cursor":778,"event":"node.meta_watch.acknowledged"}
{"msg":"Meta event acknowledged","level":"INFO","ts":"2026-09-15T14:27:21.944289985Z","instance":"node-namespace-b","service_name":"dms-node","event_cursor":779,"request_cursor":0,"last_acked_cursor":779,"event":"node.meta_watch.acknowledged"}
{"msg":"Meta event acknowledged","level":"INFO","ts":"2026-09-15T14:27:21.946878284Z","instance":"node-namespace-b","service_name":"dms-node","event_cursor":780,"request_cursor":0,"last_acked_cursor":780,"event":"node.meta_watch.acknowledged"}
{"msg":"Meta event acknowledged","level":"INFO","ts":"2026-09-15T14:27:21.95053436Z","instance":"node-namespace-b","service_name":"dms-node","event_cursor":781,"request_cursor":0,"last_acked_cursor":781,"event":"node.meta_watch.acknowledged"}
{"msg":"Meta event acknowledged","level":"INFO","ts":"2026-09-15T14:27:21.952800965Z","instance":"node-namespace-b","service_name":"dms-node","event_cursor":782,"request_cursor":0,"last_acked_cursor":782,"event":"node.meta_watch.acknowledged"}
{"msg":"Meta event acknowledged","level":"INFO","ts":"2026-09-15T14:27:21.955434697Z","instance":"node-namespace-b","service_name":"dms-node","event_cursor":783,"request_cursor":0,"last_acked_cursor":783,"event":"node.meta_watch.acknowledged"}
{"msg":"Meta event acknowledged","level":"INFO","ts":"2026-09-15T14:27:21.958402576Z","instance":"node-namespace-b","service_name":"dms-node","event_cursor":784,"request_cursor":0,"last_acked_cursor":784,"event":"node.meta_watch.acknowledged"}
{"msg":"Meta event acknowledged","level":"INFO","ts":"2026-09-15T14:27:21.960840252Z","instance":"node-namespace-b","service_name":"dms-node","event_cursor":785,"request_cursor":0,"last_acked_cursor":785,"event":"node.meta_watch.acknowledged"}
{"msg":"Meta event acknowledged","level":"INFO","ts":"2026-09-15T14:27:21.963291003Z","instance":"node-namespace-b","service_name":"dms-node","event_cursor":786,"request_cursor":0,"last_acked_cursor":786,"event":"node.meta_watch.acknowledged"}
{"msg":"Meta event acknowledged","level":"INFO","ts":"2026-09-15T14:27:21.966830228Z","instance":"node-namespace-b","service_name":"dms-node","event_cursor":787,"request_cursor":0,"last_acked_cursor":787,"event":"node.meta_watch.acknowledged"}
{"msg":"Meta event acknowledged","level":"INFO","ts":"2026-09-15T14:27:21.970447285Z","instance":"node-namespace-b","service_name":"dms-node","event_cursor":788,"request_cursor":0,"last_acked_cursor":788,"event":"node.meta_watch.acknowledged"}
{"msg":"Meta event acknowledged","level":"INFO","ts":"2026-09-15T14:27:21.97323997Z","instance":"node-namespace-b","service_name":"dms-node","event_cursor":789,"request_cursor":0,"last_acked_cursor":789,"event":"node.meta_watch.acknowledged"}
{"msg":"Meta event acknowledged","level":"INFO","ts":"2026-09-15T14:27:21.97560985Z","instance":"node-namespace-b","service_name":"dms-node","event_cursor":790,"request_cursor":0,"last_acked_cursor":790,"event":"node.meta_watch.acknowledged"}
{"msg":"Meta event acknowledged","level":"INFO","ts":"2026-09-15T14:27:21.978125857Z","instance":"node-namespace-b","service_name":"dms-node","event_cursor":791,"request_cursor":0,"last_acked_cursor":791,"event":"node.meta_watch.acknowledged"}
{"msg":"Meta event acknowledged","level":"INFO","ts":"2026-09-15T14:27:21.98050444Z","instance":"node-namespace-b","service_name":"dms-node","event_cursor":792,"request_cursor":0,"last_acked_cursor":792,"event":"node.meta_watch.acknowledged"}
{"msg":"Meta event acknowledged","level":"INFO","ts":"2026-09-15T14:27:21.983155705Z","instance":"node-namespace-b","service_name":"dms-node","event_cursor":793,"request_cursor":0,"last_acked_cursor":793,"event":"node.meta_watch.acknowledged"}
{"msg":"Meta event acknowledged","level":"INFO","ts":"2026-09-15T14:27:21.9855579Z","instance":"node-namespace-b","service_name":"dms-node","event_cursor":794,"request_cursor":0,"last_acked_cursor":794,"event":"node.meta_watch.acknowledged"}
{"msg":"Meta event acknowledged","level":"INFO","ts":"2026-09-15T14:27:21.987902919Z","instance":"node-namespace-b","service_name":"dms-node","event_cursor":795,"request_cursor":0,"last_acked_cursor":795,"event":"node.meta_watch.acknowledged"}
{"msg":"Meta event acknowledged","level":"INFO","ts":"2026-09-15T14:27:21.990522326Z","instance":"node-namespace-b","service_name":"dms-node","event_cursor":796,"request_cursor":0,"last_acked_cursor":796,"event":"node.meta_watch.acknowledged"}
{"msg":"Meta event acknowledged","level":"INFO","ts":"2026-09-15T14:27:21.992959919Z","instance":"node-namespace-b","service_name":"dms-node","event_cursor":797,"request_cursor":0,"last_acked_cursor":797,"event":"node.meta_watch.acknowledged"}
{"msg":"Meta event acknowledged","level":"INFO","ts":"2026-09-15T14:27:21.995622718Z","instance":"node-namespace-b","service_name":"dms-node","event_cursor":798,"request_cursor":0,"last_acked_cursor":798,"event":"node.meta_watch.acknowledged"}
{"msg":"Meta event acknowledged","level":"INFO","ts":"2026-09-15T14:27:21.998006965Z","instance":"node-namespace-b","service_name":"dms-node","event_cursor":799,"request_cursor":0,"last_acked_cursor":799,"event":"node.meta_watch.acknowledged"}
{"msg":"Meta event acknowledged","level":"INFO","ts":"2026-09-15T14:27:22.000876066Z","instance":"node-namespace-b","service_name":"dms-node","event_cursor":800,"request_cursor":0,"last_acked_cursor":800,"event":"node.meta_watch.acknowledged"}
{"msg":"Meta event acknowledged","level":"INFO","ts":"2026-09-15T14:27:22.003535724Z","instance":"node-namespace-b","service_name":"dms-node","event_cursor":801,"request_cursor":0,"last_acked_cursor":801,"event":"node.meta_watch.acknowledged"}
{"msg":"Meta event acknowledged","level":"INFO","ts":"2026-09-15T14:27:22.006147415Z","instance":"node-namespace-b","service_name":"dms-node","event_cursor":802,"request_cursor":0,"last_acked_cursor":802,"event":"node.meta_watch.acknowledged"}
{"msg":"Meta event acknowledged","level":"INFO","ts":"2026-09-15T14:27:22.008691893Z","instance":"node-namespace-b","service_name":"dms-node","event_cursor":803,"request_cursor":0,"last_acked_cursor":803,"event":"node.meta_watch.acknowledged"}
{"msg":"Meta event acknowledged","level":"INFO","ts":"2026-09-15T14:27:22.012621568Z","instance":"node-namespace-b","service_name":"dms-node","event_cursor":804,"request_cursor":0,"last_acked_cursor":804,"event":"node.meta_watch.acknowledged"}
{"msg":"Meta event acknowledged","level":"INFO","ts":"2026-09-15T14:27:22.015327624Z","instance":"node-namespace-b","service_name":"dms-node","event_cursor":805,"request_cursor":0,"last_acked_cursor":805,"event":"node.meta_watch.acknowledged"}
{"msg":"Meta event acknowledged","level":"INFO","ts":"2026-09-15T14:27:22.017663882Z","instance":"node-namespace-b","service_name":"dms-node","event_cursor":806,"request_cursor":0,"last_acked_cursor":806,"event":"node.meta_watch.acknowledged"}
{"msg":"Meta event acknowledged","level":"INFO","ts":"2026-09-15T14:27:22.02018683Z","instance":"node-namespace-b","service_name":"dms-node","event_cursor":807,"request_cursor":0,"last_acked_cursor":807,"event":"node.meta_watch.acknowledged"}
{"msg":"Meta event acknowledged","level":"INFO","ts":"2026-09-15T14:27:22.022728101Z","instance":"node-namespace-b","service_name":"dms-node","event_cursor":808,"request_cursor":0,"last_acked_cursor":808,"event":"node.meta_watch.acknowledged"}
{"msg":"Meta event acknowledged","level":"INFO","ts":"2026-09-15T14:27:22.025536809Z","instance":"node-namespace-b","service_name":"dms-node","event_cursor":809,"request_cursor":0,"last_acked_cursor":809,"event":"node.meta_watch.acknowledged"}
{"msg":"Meta event acknowledged","level":"INFO","ts":"2026-09-15T14:27:22.02787844Z","instance":"node-namespace-b","service_name":"dms-node","event_cursor":810,"request_cursor":0,"last_acked_cursor":810,"event":"node.meta_watch.acknowledged"}
{"msg":"Meta event acknowledged","level":"INFO","ts":"2026-09-15T14:27:22.030651917Z","instance":"node-namespace-b","service_name":"dms-node","event_cursor":811,"request_cursor":0,"last_acked_cursor":811,"event":"node.meta_watch.acknowledged"}
{"msg":"Meta event acknowledged","level":"INFO","ts":"2026-09-15T14:27:22.032952112Z","instance":"node-namespace-b","service_name":"dms-node","event_cursor":812,"request_cursor":0,"last_acked_cursor":812,"event":"node.meta_watch.acknowledged"}
{"msg":"Meta event acknowledged","level":"INFO","ts":"2026-09-15T14:27:22.035569549Z","instance":"node-namespace-b","service_name":"dms-node","event_cursor":813,"request_cursor":0,"last_acked_cursor":813,"event":"node.meta_watch.acknowledged"}
{"msg":"Meta event acknowledged","level":"INFO","ts":"2026-09-15T14:27:22.039422892Z","instance":"node-namespace-b","service_name":"dms-node","event_cursor":814,"request_cursor":0,"last_acked_cursor":814,"event":"node.meta_watch.acknowledged"}
{"msg":"Meta event acknowledged","level":"INFO","ts":"2026-09-15T14:27:22.04192735Z","instance":"node-namespace-b","service_name":"dms-node","event_cursor":815,"request_cursor":0,"last_acked_cursor":815,"event":"node.meta_watch.acknowledged"}
{"msg":"Meta event acknowledged","level":"INFO","ts":"2026-09-15T14:27:22.044254655Z","instance":"node-namespace-b","service_name":"dms-node","event_cursor":816,"request_cursor":0,"last_acked_cursor":816,"event":"node.meta_watch.acknowledged"}
{"msg":"Meta event acknowledged","level":"INFO","ts":"2026-09-15T14:27:22.047020719Z","instance":"node-namespace-b","service_name":"dms-node","event_cursor":817,"request_cursor":0,"last_acked_cursor":817,"event":"node.meta_watch.acknowledged"}
{"msg":"Meta event acknowledged","level":"INFO","ts":"2026-09-15T14:27:22.04965344Z","instance":"node-namespace-b","service_name":"dms-node","event_cursor":818,"request_cursor":0,"last_acked_cursor":818,"event":"node.meta_watch.acknowledged"}
{"msg":"Meta event acknowledged","level":"INFO","ts":"2026-09-15T14:27:22.052007231Z","instance":"node-namespace-b","service_name":"dms-node","event_cursor":819,"request_cursor":0,"last_acked_cursor":819,"event":"node.meta_watch.acknowledged"}
{"msg":"Meta event acknowledged","level":"INFO","ts":"2026-09-15T14:27:22.054520934Z","instance":"node-namespace-b","service_name":"dms-node","event_cursor":820,"request_cursor":0,"last_acked_cursor":820,"event":"node.meta_watch.acknowledged"}
{"msg":"Meta event acknowledged","level":"INFO","ts":"2026-09-15T14:27:22.057325519Z","instance":"node-namespace-b","service_name":"dms-node","event_cursor":821,"request_cursor":0,"last_acked_cursor":821,"event":"node.meta_watch.acknowledged"}
{"msg":"Meta event acknowledged","level":"INFO","ts":"2026-09-15T14:27:22.059392883Z","instance":"node-namespace-b","service_name":"dms-node","event_cursor":822,"request_cursor":0,"last_acked_cursor":822,"event":"node.meta_watch.acknowledged"}
{"msg":"Meta event acknowledged","level":"INFO","ts":"2026-09-15T14:27:22.061802352Z","instance":"node-namespace-b","service_name":"dms-node","event_cursor":823,"request_cursor":0,"last_acked_cursor":823,"event":"node.meta_watch.acknowledged"}
{"msg":"Meta event acknowledged","level":"INFO","ts":"2026-09-15T14:27:22.064287404Z","instance":"node-namespace-b","service_name":"dms-node","event_cursor":824,"request_cursor":0,"last_acked_cursor":824,"event":"node.meta_watch.acknowledged"}
{"msg":"Meta event acknowledged","level":"INFO","ts":"2026-09-15T14:27:22.067461078Z","instance":"node-namespace-b","service_name":"dms-node","event_cursor":825,"request_cursor":0,"last_acked_cursor":825,"event":"node.meta_watch.acknowledged"}
{"msg":"Meta event acknowledged","level":"INFO","ts":"2026-09-15T14:27:22.070120242Z","instance":"node-namespace-b","service_name":"dms-node","event_cursor":826,"request_cursor":0,"last_acked_cursor":826,"event":"node.meta_watch.acknowledged"}
{"msg":"Meta event acknowledged","level":"INFO","ts":"2026-09-15T14:27:22.07260317Z","instance":"node-namespace-b","service_name":"dms-node","event_cursor":827,"request_cursor":0,"last_acked_cursor":827,"event":"node.meta_watch.acknowledged"}
{"msg":"Meta event acknowledged","level":"INFO","ts":"2026-09-15T14:27:22.07546843Z","instance":"node-namespace-b","service_name":"dms-node","event_cursor":828,"request_cursor":0,"last_acked_cursor":828,"event":"node.meta_watch.acknowledged"}
{"msg":"Meta event acknowledged","level":"INFO","ts":"2026-09-15T14:27:22.077771082Z","instance":"node-namespace-b","service_name":"dms-node","event_cursor":829,"request_cursor":0,"last_acked_cursor":829,"event":"node.meta_watch.acknowledged"}
{"msg":"Meta event acknowledged","level":"INFO","ts":"2026-09-15T14:27:22.08035862Z","instance":"node-namespace-b","service_name":"dms-node","event_cursor":830,"request_cursor":0,"last_acked_cursor":830,"event":"node.meta_watch.acknowledged"}
{"msg":"Meta event acknowledged","level":"INFO","ts":"2026-09-15T14:27:22.082777833Z","instance":"node-namespace-b","service_name":"dms-node","event_cursor":831,"request_cursor":0,"last_acked_cursor":831,"event":"node.meta_watch.acknowledged"}
{"msg":"Meta event acknowledged","level":"INFO","ts":"2026-09-15T14:27:22.085208915Z","instance":"node-namespace-b","service_name":"dms-node","event_cursor":832,"request_cursor":0,"last_acked_cursor":832,"event":"node.meta_watch.acknowledged"}
{"msg":"Meta event acknowledged","level":"INFO","ts":"2026-09-15T14:27:22.088791364Z","instance":"node-namespace-b","service_name":"dms-node","event_cursor":833,"request_cursor":0,"last_acked_cursor":833,"event":"node.meta_watch.acknowledged"}
{"msg":"Meta event acknowledged","level":"INFO","ts":"2026-09-15T14:27:22.092210486Z","instance":"node-namespace-b","service_name":"dms-node","event_cursor":834,"request_cursor":0,"last_acked_cursor":834,"event":"node.meta_watch.acknowledged"}
{"msg":"Meta event acknowledged","level":"INFO","ts":"2026-09-15T14:27:22.094655352Z","instance":"node-namespace-b","service_name":"dms-node","event_cursor":835,"request_cursor":0,"last_acked_cursor":835,"event":"node.meta_watch.acknowledged"}
{"msg":"Meta event acknowledged","level":"INFO","ts":"2026-09-15T14:27:22.097301107Z","instance":"node-namespace-b","service_name":"dms-node","event_cursor":836,"request_cursor":0,"last_acked_cursor":836,"event":"node.meta_watch.acknowledged"}
{"msg":"Meta event acknowledged","level":"INFO","ts":"2026-09-15T14:27:22.099697375Z","instance":"node-namespace-b","service_name":"dms-node","event_cursor":837,"request_cursor":0,"last_acked_cursor":837,"event":"node.meta_watch.acknowledged"}
{"msg":"Meta event acknowledged","level":"INFO","ts":"2026-09-15T14:27:22.102068989Z","instance":"node-namespace-b","service_name":"dms-node","event_cursor":838,"request_cursor":0,"last_acked_cursor":838,"event":"node.meta_watch.acknowledged"}
{"msg":"Meta event acknowledged","level":"INFO","ts":"2026-09-15T14:27:22.104493158Z","instance":"node-namespace-b","service_name":"dms-node","event_cursor":839,"request_cursor":0,"last_acked_cursor":839,"event":"node.meta_watch.acknowledged"}
{"msg":"Meta event acknowledged","level":"INFO","ts":"2026-09-15T14:27:22.107071242Z","instance":"node-namespace-b","service_name":"dms-node","event_cursor":840,"request_cursor":0,"last_acked_cursor":840,"event":"node.meta_watch.acknowledged"}
{"msg":"Meta event acknowledged","level":"INFO","ts":"2026-09-15T14:27:22.109446646Z","instance":"node-namespace-b","service_name":"dms-node","event_cursor":841,"request_cursor":0,"last_acked_cursor":841,"event":"node.meta_watch.acknowledged"}
{"msg":"Meta event acknowledged","level":"INFO","ts":"2026-09-15T14:27:22.111898424Z","instance":"node-namespace-b","service_name":"dms-node","event_cursor":842,"request_cursor":0,"last_acked_cursor":842,"event":"node.meta_watch.acknowledged"}
{"msg":"Meta event acknowledged","level":"INFO","ts":"2026-09-15T14:27:22.114483422Z","instance":"node-namespace-b","service_name":"dms-node","event_cursor":843,"request_cursor":0,"last_acked_cursor":843,"event":"node.meta_watch.acknowledged"}
{"msg":"Meta event acknowledged","level":"INFO","ts":"2026-09-15T14:27:22.124308818Z","instance":"node-namespace-b","service_name":"dms-node","event_cursor":844,"request_cursor":0,"last_acked_cursor":844,"event":"node.meta_watch.acknowledged"}
{"msg":"Meta event acknowledged","level":"INFO","ts":"2026-09-15T14:27:22.126797701Z","instance":"node-namespace-b","service_name":"dms-node","event_cursor":845,"request_cursor":0,"last_acked_cursor":845,"event":"node.meta_watch.acknowledged"}
{"msg":"Meta event acknowledged","level":"INFO","ts":"2026-09-15T14:27:22.129300784Z","instance":"node-namespace-b","service_name":"dms-node","event_cursor":846,"request_cursor":0,"last_acked_cursor":846,"event":"node.meta_watch.acknowledged"}
{"msg":"Meta event acknowledged","level":"INFO","ts":"2026-09-15T14:27:22.131865793Z","instance":"node-namespace-b","service_name":"dms-node","event_cursor":847,"request_cursor":0,"last_acked_cursor":847,"event":"node.meta_watch.acknowledged"}
{"msg":"Meta event acknowledged","level":"INFO","ts":"2026-09-15T14:27:22.134243445Z","instance":"node-namespace-b","service_name":"dms-node","event_cursor":848,"request_cursor":0,"last_acked_cursor":848,"event":"node.meta_watch.acknowledged"}
{"msg":"Meta event acknowledged","level":"INFO","ts":"2026-09-15T14:27:22.138083795Z","instance":"node-namespace-b","service_name":"dms-node","event_cursor":849,"request_cursor":0,"last_acked_cursor":849,"event":"node.meta_watch.acknowledged"}
{"msg":"Meta event acknowledged","level":"INFO","ts":"2026-09-15T14:27:22.140820667Z","instance":"node-namespace-b","service_name":"dms-node","event_cursor":850,"request_cursor":0,"last_acked_cursor":850,"event":"node.meta_watch.acknowledged"}
{"msg":"Meta event acknowledged","level":"INFO","ts":"2026-09-15T14:27:22.143169127Z","instance":"node-namespace-b","service_name":"dms-node","event_cursor":851,"request_cursor":0,"last_acked_cursor":851,"event":"node.meta_watch.acknowledged"}
{"msg":"Meta event acknowledged","level":"INFO","ts":"2026-09-15T14:27:22.145860399Z","instance":"node-namespace-b","service_name":"dms-node","event_cursor":852,"request_cursor":0,"last_acked_cursor":852,"event":"node.meta_watch.acknowledged"}
{"msg":"Meta event acknowledged","level":"INFO","ts":"2026-09-15T14:27:22.148334249Z","instance":"node-namespace-b","service_name":"dms-node","event_cursor":853,"request_cursor":0,"last_acked_cursor":853,"event":"node.meta_watch.acknowledged"}
{"msg":"Meta event acknowledged","level":"INFO","ts":"2026-09-15T14:27:22.15065335Z","instance":"node-namespace-b","service_name":"dms-node","event_cursor":854,"request_cursor":0,"last_acked_cursor":854,"event":"node.meta_watch.acknowledged"}
{"msg":"Meta event acknowledged","level":"INFO","ts":"2026-09-15T14:27:22.152973576Z","instance":"node-namespace-b","service_name":"dms-node","event_cursor":855,"request_cursor":0,"last_acked_cursor":855,"event":"node.meta_watch.acknowledged"}
{"msg":"Meta event acknowledged","level":"INFO","ts":"2026-09-15T14:27:22.155574481Z","instance":"node-namespace-b","service_name":"dms-node","event_cursor":856,"request_cursor":0,"last_acked_cursor":856,"event":"node.meta_watch.acknowledged"}
{"msg":"Meta event acknowledged","level":"INFO","ts":"2026-09-15T14:27:22.158297611Z","instance":"node-namespace-b","service_name":"dms-node","event_cursor":857,"request_cursor":0,"last_acked_cursor":857,"event":"node.meta_watch.acknowledged"}
{"msg":"Meta event acknowledged","level":"INFO","ts":"2026-09-15T14:27:22.16207208Z","instance":"node-namespace-b","service_name":"dms-node","event_cursor":858,"request_cursor":0,"last_acked_cursor":858,"event":"node.meta_watch.acknowledged"}
{"msg":"Meta event acknowledged","level":"INFO","ts":"2026-09-15T14:27:22.164643542Z","instance":"node-namespace-b","service_name":"dms-node","event_cursor":859,"request_cursor":0,"last_acked_cursor":859,"event":"node.meta_watch.acknowledged"}
{"msg":"Meta event acknowledged","level":"INFO","ts":"2026-09-15T14:27:22.16732128Z","instance":"node-namespace-b","service_name":"dms-node","event_cursor":860,"request_cursor":0,"last_acked_cursor":860,"event":"node.meta_watch.acknowledged"}
{"msg":"Meta event acknowledged","level":"INFO","ts":"2026-09-15T14:27:22.170005931Z","instance":"node-namespace-b","service_name":"dms-node","event_cursor":861,"request_cursor":0,"last_acked_cursor":861,"event":"node.meta_watch.acknowledged"}
{"msg":"Meta event acknowledged","level":"INFO","ts":"2026-09-15T14:27:22.172580434Z","instance":"node-namespace-b","service_name":"dms-node","event_cursor":862,"request_cursor":0,"last_acked_cursor":862,"event":"node.meta_watch.acknowledged"}
{"msg":"Meta event acknowledged","level":"INFO","ts":"2026-09-15T14:27:22.175177466Z","instance":"node-namespace-b","service_name":"dms-node","event_cursor":863,"request_cursor":0,"last_acked_cursor":863,"event":"node.meta_watch.acknowledged"}
{"msg":"Meta event acknowledged","level":"INFO","ts":"2026-09-15T14:27:22.177511059Z","instance":"node-namespace-b","service_name":"dms-node","event_cursor":864,"request_cursor":0,"last_acked_cursor":864,"event":"node.meta_watch.acknowledged"}
{"msg":"Meta event acknowledged","level":"INFO","ts":"2026-09-15T14:27:22.180136326Z","instance":"node-namespace-b","service_name":"dms-node","event_cursor":865,"request_cursor":0,"last_acked_cursor":865,"event":"node.meta_watch.acknowledged"}
{"msg":"Meta event acknowledged","level":"INFO","ts":"2026-09-15T14:27:22.182577985Z","instance":"node-namespace-b","service_name":"dms-node","event_cursor":866,"request_cursor":0,"last_acked_cursor":866,"event":"node.meta_watch.acknowledged"}
{"msg":"Meta event acknowledged","level":"INFO","ts":"2026-09-15T14:27:22.185043465Z","instance":"node-namespace-b","service_name":"dms-node","event_cursor":867,"request_cursor":0,"last_acked_cursor":867,"event":"node.meta_watch.acknowledged"}
{"msg":"Meta event acknowledged","level":"INFO","ts":"2026-09-15T14:27:22.189007413Z","instance":"node-namespace-b","service_name":"dms-node","event_cursor":868,"request_cursor":0,"last_acked_cursor":868,"event":"node.meta_watch.acknowledged"}
{"msg":"Meta event acknowledged","level":"INFO","ts":"2026-09-15T14:27:22.191766856Z","instance":"node-namespace-b","service_name":"dms-node","event_cursor":869,"request_cursor":0,"last_acked_cursor":869,"event":"node.meta_watch.acknowledged"}
{"msg":"Meta event acknowledged","level":"INFO","ts":"2026-09-15T14:27:22.194245245Z","instance":"node-namespace-b","service_name":"dms-node","event_cursor":870,"request_cursor":0,"last_acked_cursor":870,"event":"node.meta_watch.acknowledged"}
{"msg":"Meta event acknowledged","level":"INFO","ts":"2026-09-15T14:27:22.196654797Z","instance":"node-namespace-b","service_name":"dms-node","event_cursor":871,"request_cursor":0,"last_acked_cursor":871,"event":"node.meta_watch.acknowledged"}
{"msg":"Meta event acknowledged","level":"INFO","ts":"2026-09-15T14:27:22.19918041Z","instance":"node-namespace-b","service_name":"dms-node","event_cursor":872,"request_cursor":0,"last_acked_cursor":872,"event":"node.meta_watch.acknowledged"}
{"msg":"Meta event acknowledged","level":"INFO","ts":"2026-09-15T14:27:22.201453328Z","instance":"node-namespace-b","service_name":"dms-node","event_cursor":873,"request_cursor":0,"last_acked_cursor":873,"event":"node.meta_watch.acknowledged"}
{"msg":"Meta event acknowledged","level":"INFO","ts":"2026-09-15T14:27:22.204070391Z","instance":"node-namespace-b","service_name":"dms-node","event_cursor":874,"request_cursor":0,"last_acked_cursor":874,"event":"node.meta_watch.acknowledged"}
{"msg":"Meta event acknowledged","level":"INFO","ts":"2026-09-15T14:27:22.206441714Z","instance":"node-namespace-b","service_name":"dms-node","event_cursor":875,"request_cursor":0,"last_acked_cursor":875,"event":"node.meta_watch.acknowledged"}
{"msg":"Meta event acknowledged","level":"INFO","ts":"2026-09-15T14:27:22.209026294Z","instance":"node-namespace-b","service_name":"dms-node","event_cursor":876,"request_cursor":0,"last_acked_cursor":876,"event":"node.meta_watch.acknowledged"}
{"msg":"Meta event acknowledged","level":"INFO","ts":"2026-09-15T14:27:22.21224157Z","instance":"node-namespace-b","service_name":"dms-node","event_cursor":877,"request_cursor":0,"last_acked_cursor":877,"event":"node.meta_watch.acknowledged"}
{"msg":"Meta event acknowledged","level":"INFO","ts":"2026-09-15T14:27:22.214792794Z","instance":"node-namespace-b","service_name":"dms-node","event_cursor":878,"request_cursor":0,"last_acked_cursor":878,"event":"node.meta_watch.acknowledged"}
{"msg":"Meta event acknowledged","level":"INFO","ts":"2026-09-15T14:27:22.218503382Z","instance":"node-namespace-b","service_name":"dms-node","event_cursor":879,"request_cursor":0,"last_acked_cursor":879,"event":"node.meta_watch.acknowledged"}
{"msg":"Meta event acknowledged","level":"INFO","ts":"2026-09-15T14:27:22.221016127Z","instance":"node-namespace-b","service_name":"dms-node","event_cursor":880,"request_cursor":0,"last_acked_cursor":880,"event":"node.meta_watch.acknowledged"}
{"msg":"Meta event acknowledged","level":"INFO","ts":"2026-09-15T14:27:22.223776194Z","instance":"node-namespace-b","service_name":"dms-node","event_cursor":881,"request_cursor":0,"last_acked_cursor":881,"event":"node.meta_watch.acknowledged"}
{"msg":"Meta event acknowledged","level":"INFO","ts":"2026-09-15T14:27:22.226083552Z","instance":"node-namespace-b","service_name":"dms-node","event_cursor":882,"request_cursor":0,"last_acked_cursor":882,"event":"node.meta_watch.acknowledged"}
{"msg":"Meta event acknowledged","level":"INFO","ts":"2026-09-15T14:27:22.22872177Z","instance":"node-namespace-b","service_name":"dms-node","event_cursor":883,"request_cursor":0,"last_acked_cursor":883,"event":"node.meta_watch.acknowledged"}
{"msg":"Meta event acknowledged","level":"INFO","ts":"2026-09-15T14:27:22.231417873Z","instance":"node-namespace-b","service_name":"dms-node","event_cursor":884,"request_cursor":0,"last_acked_cursor":884,"event":"node.meta_watch.acknowledged"}
{"msg":"Meta event acknowledged","level":"INFO","ts":"2026-09-15T14:27:22.233982465Z","instance":"node-namespace-b","service_name":"dms-node","event_cursor":885,"request_cursor":0,"last_acked_cursor":885,"event":"node.meta_watch.acknowledged"}
{"msg":"Meta event acknowledged","level":"INFO","ts":"2026-09-15T14:27:22.236362574Z","instance":"node-namespace-b","service_name":"dms-node","event_cursor":886,"request_cursor":0,"last_acked_cursor":886,"event":"node.meta_watch.acknowledged"}
{"msg":"Meta event acknowledged","level":"INFO","ts":"2026-09-15T14:27:22.239072169Z","instance":"node-namespace-b","service_name":"dms-node","event_cursor":887,"request_cursor":0,"last_acked_cursor":887,"event":"node.meta_watch.acknowledged"}
{"msg":"Meta event acknowledged","level":"INFO","ts":"2026-09-15T14:27:22.243006217Z","instance":"node-namespace-b","service_name":"dms-node","event_cursor":888,"request_cursor":0,"last_acked_cursor":888,"event":"node.meta_watch.acknowledged"}
{"msg":"Meta event acknowledged","level":"INFO","ts":"2026-09-15T14:27:22.245821588Z","instance":"node-namespace-b","service_name":"dms-node","event_cursor":889,"request_cursor":0,"last_acked_cursor":889,"event":"node.meta_watch.acknowledged"}
{"msg":"Meta event acknowledged","level":"INFO","ts":"2026-09-15T14:27:22.248499409Z","instance":"node-namespace-b","service_name":"dms-node","event_cursor":890,"request_cursor":0,"last_acked_cursor":890,"event":"node.meta_watch.acknowledged"}
{"msg":"Meta event acknowledged","level":"INFO","ts":"2026-09-15T14:27:22.250979589Z","instance":"node-namespace-b","service_name":"dms-node","event_cursor":891,"request_cursor":0,"last_acked_cursor":891,"event":"node.meta_watch.acknowledged"}
{"msg":"Meta event acknowledged","level":"INFO","ts":"2026-09-15T14:27:22.253434033Z","instance":"node-namespace-b","service_name":"dms-node","event_cursor":892,"request_cursor":0,"last_acked_cursor":892,"event":"node.meta_watch.acknowledged"}
{"msg":"Meta event acknowledged","level":"INFO","ts":"2026-09-15T14:27:22.256156746Z","instance":"node-namespace-b","service_name":"dms-node","event_cursor":893,"request_cursor":0,"last_acked_cursor":893,"event":"node.meta_watch.acknowledged"}
{"msg":"Meta event acknowledged","level":"INFO","ts":"2026-09-15T14:27:22.258942716Z","instance":"node-namespace-b","service_name":"dms-node","event_cursor":894,"request_cursor":0,"last_acked_cursor":894,"event":"node.meta_watch.acknowledged"}
{"msg":"Meta event acknowledged","level":"INFO","ts":"2026-09-15T14:27:22.261431266Z","instance":"node-namespace-b","service_name":"dms-node","event_cursor":895,"request_cursor":0,"last_acked_cursor":895,"event":"node.meta_watch.acknowledged"}
{"msg":"Meta event acknowledged","level":"INFO","ts":"2026-09-15T14:27:22.264874916Z","instance":"node-namespace-b","service_name":"dms-node","event_cursor":896,"request_cursor":0,"last_acked_cursor":896,"event":"node.meta_watch.acknowledged"}
{"msg":"Meta event acknowledged","level":"INFO","ts":"2026-09-15T14:27:22.267177943Z","instance":"node-namespace-b","service_name":"dms-node","event_cursor":897,"request_cursor":0,"last_acked_cursor":897,"event":"node.meta_watch.acknowledged"}
{"msg":"Meta event acknowledged","level":"INFO","ts":"2026-09-15T14:27:22.269651085Z","instance":"node-namespace-b","service_name":"dms-node","event_cursor":898,"request_cursor":0,"last_acked_cursor":898,"event":"node.meta_watch.acknowledged"}
{"msg":"Meta event acknowledged","level":"INFO","ts":"2026-09-15T14:27:22.27228189Z","instance":"node-namespace-b","service_name":"dms-node","event_cursor":899,"request_cursor":0,"last_acked_cursor":899,"event":"node.meta_watch.acknowledged"}
{"msg":"Meta event acknowledged","level":"INFO","ts":"2026-09-15T14:27:22.274585584Z","instance":"node-namespace-b","service_name":"dms-node","event_cursor":900,"request_cursor":0,"last_acked_cursor":900,"event":"node.meta_watch.acknowledged"}
{"msg":"Meta event acknowledged","level":"INFO","ts":"2026-09-15T14:27:22.27703478Z","instance":"node-namespace-b","service_name":"dms-node","event_cursor":901,"request_cursor":0,"last_acked_cursor":901,"event":"node.meta_watch.acknowledged"}
{"msg":"Meta event acknowledged","level":"INFO","ts":"2026-09-15T14:27:22.279446789Z","instance":"node-namespace-b","service_name":"dms-node","event_cursor":902,"request_cursor":0,"last_acked_cursor":902,"event":"node.meta_watch.acknowledged"}
{"msg":"Meta event acknowledged","level":"INFO","ts":"2026-09-15T14:27:22.282189783Z","instance":"node-namespace-b","service_name":"dms-node","event_cursor":903,"request_cursor":0,"last_acked_cursor":903,"event":"node.meta_watch.acknowledged"}
{"msg":"Meta event acknowledged","level":"INFO","ts":"2026-09-15T14:27:22.284375291Z","instance":"node-namespace-b","service_name":"dms-node","event_cursor":904,"request_cursor":0,"last_acked_cursor":904,"event":"node.meta_watch.acknowledged"}
{"msg":"Meta event acknowledged","level":"INFO","ts":"2026-09-15T14:27:22.287117077Z","instance":"node-namespace-b","service_name":"dms-node","event_cursor":905,"request_cursor":0,"last_acked_cursor":905,"event":"node.meta_watch.acknowledged"}
{"msg":"Meta event acknowledged","level":"INFO","ts":"2026-09-15T14:27:22.289524422Z","instance":"node-namespace-b","service_name":"dms-node","event_cursor":906,"request_cursor":0,"last_acked_cursor":906,"event":"node.meta_watch.acknowledged"}
{"msg":"Meta event acknowledged","level":"INFO","ts":"2026-09-15T14:27:22.292334378Z","instance":"node-namespace-b","service_name":"dms-node","event_cursor":907,"request_cursor":0,"last_acked_cursor":907,"event":"node.meta_watch.acknowledged"}
{"msg":"Meta event acknowledged","level":"INFO","ts":"2026-09-15T14:27:22.294612378Z","instance":"node-namespace-b","service_name":"dms-node","event_cursor":908,"request_cursor":0,"last_acked_cursor":908,"event":"node.meta_watch.acknowledged"}
{"msg":"Meta event acknowledged","level":"INFO","ts":"2026-09-15T14:27:22.297492587Z","instance":"node-namespace-b","service_name":"dms-node","event_cursor":909,"request_cursor":0,"last_acked_cursor":909,"event":"node.meta_watch.acknowledged"}
{"msg":"Meta event acknowledged","level":"INFO","ts":"2026-09-15T14:27:22.30011623Z","instance":"node-namespace-b","service_name":"dms-node","event_cursor":910,"request_cursor":0,"last_acked_cursor":910,"event":"node.meta_watch.acknowledged"}
{"msg":"Meta event acknowledged","level":"INFO","ts":"2026-09-15T14:27:22.302573339Z","instance":"node-namespace-b","service_name":"dms-node","event_cursor":911,"request_cursor":0,"last_acked_cursor":911,"event":"node.meta_watch.acknowledged"}
{"msg":"Meta event acknowledged","level":"INFO","ts":"2026-09-15T14:27:22.305003046Z","instance":"node-namespace-b","service_name":"dms-node","event_cursor":912,"request_cursor":0,"last_acked_cursor":912,"event":"node.meta_watch.acknowledged"}
{"msg":"Meta event acknowledged","level":"INFO","ts":"2026-09-15T14:27:22.308853848Z","instance":"node-namespace-b","service_name":"dms-node","event_cursor":913,"request_cursor":0,"last_acked_cursor":913,"event":"node.meta_watch.acknowledged"}
{"msg":"Meta event acknowledged","level":"INFO","ts":"2026-09-15T14:27:22.311362596Z","instance":"node-namespace-b","service_name":"dms-node","event_cursor":914,"request_cursor":0,"last_acked_cursor":914,"event":"node.meta_watch.acknowledged"}
{"msg":"Meta event acknowledged","level":"INFO","ts":"2026-09-15T14:27:22.313619648Z","instance":"node-namespace-b","service_name":"dms-node","event_cursor":915,"request_cursor":0,"last_acked_cursor":915,"event":"node.meta_watch.acknowledged"}
{"msg":"Meta event acknowledged","level":"INFO","ts":"2026-09-15T14:27:22.316039069Z","instance":"node-namespace-b","service_name":"dms-node","event_cursor":916,"request_cursor":0,"last_acked_cursor":916,"event":"node.meta_watch.acknowledged"}
{"msg":"Meta event acknowledged","level":"INFO","ts":"2026-09-15T14:27:22.318342846Z","instance":"node-namespace-b","service_name":"dms-node","event_cursor":917,"request_cursor":0,"last_acked_cursor":917,"event":"node.meta_watch.acknowledged"}
{"msg":"Meta event acknowledged","level":"INFO","ts":"2026-09-15T14:27:22.321046986Z","instance":"node-namespace-b","service_name":"dms-node","event_cursor":918,"request_cursor":0,"last_acked_cursor":918,"event":"node.meta_watch.acknowledged"}
{"msg":"Meta event acknowledged","level":"INFO","ts":"2026-09-15T14:27:22.323689451Z","instance":"node-namespace-b","service_name":"dms-node","event_cursor":919,"request_cursor":0,"last_acked_cursor":919,"event":"node.meta_watch.acknowledged"}
{"msg":"Meta event acknowledged","level":"INFO","ts":"2026-09-15T14:27:22.326210733Z","instance":"node-namespace-b","service_name":"dms-node","event_cursor":920,"request_cursor":0,"last_acked_cursor":920,"event":"node.meta_watch.acknowledged"}
{"msg":"Meta event acknowledged","level":"INFO","ts":"2026-09-15T14:27:22.328619661Z","instance":"node-namespace-b","service_name":"dms-node","event_cursor":921,"request_cursor":0,"last_acked_cursor":921,"event":"node.meta_watch.acknowledged"}
{"msg":"Meta event acknowledged","level":"INFO","ts":"2026-09-15T14:27:22.33116747Z","instance":"node-namespace-b","service_name":"dms-node","event_cursor":922,"request_cursor":0,"last_acked_cursor":922,"event":"node.meta_watch.acknowledged"}
{"msg":"Meta event acknowledged","level":"INFO","ts":"2026-09-15T14:27:22.333673427Z","instance":"node-namespace-b","service_name":"dms-node","event_cursor":923,"request_cursor":0,"last_acked_cursor":923,"event":"node.meta_watch.acknowledged"}
{"msg":"Meta event acknowledged","level":"INFO","ts":"2026-09-15T14:27:22.336165933Z","instance":"node-namespace-b","service_name":"dms-node","event_cursor":924,"request_cursor":0,"last_acked_cursor":924,"event":"node.meta_watch.acknowledged"}
{"msg":"Meta event acknowledged","level":"INFO","ts":"2026-09-15T14:27:22.338557203Z","instance":"node-namespace-b","service_name":"dms-node","event_cursor":925,"request_cursor":0,"last_acked_cursor":925,"event":"node.meta_watch.acknowledged"}
{"msg":"Meta event acknowledged","level":"INFO","ts":"2026-09-15T14:27:22.341523033Z","instance":"node-namespace-b","service_name":"dms-node","event_cursor":926,"request_cursor":0,"last_acked_cursor":926,"event":"node.meta_watch.acknowledged"}
{"msg":"Meta event acknowledged","level":"INFO","ts":"2026-09-15T14:27:22.343825185Z","instance":"node-namespace-b","service_name":"dms-node","event_cursor":927,"request_cursor":0,"last_acked_cursor":927,"event":"node.meta_watch.acknowledged"}
{"msg":"Meta event acknowledged","level":"INFO","ts":"2026-09-15T14:27:22.346339721Z","instance":"node-namespace-b","service_name":"dms-node","event_cursor":928,"request_cursor":0,"last_acked_cursor":928,"event":"node.meta_watch.acknowledged"}
{"msg":"Meta event acknowledged","level":"INFO","ts":"2026-09-15T14:27:22.348764764Z","instance":"node-namespace-b","service_name":"dms-node","event_cursor":929,"request_cursor":0,"last_acked_cursor":929,"event":"node.meta_watch.acknowledged"}
{"msg":"Meta event acknowledged","level":"INFO","ts":"2026-09-15T14:27:22.351077286Z","instance":"node-namespace-b","service_name":"dms-node","event_cursor":930,"request_cursor":0,"last_acked_cursor":930,"event":"node.meta_watch.acknowledged"}
{"msg":"Meta event acknowledged","level":"INFO","ts":"2026-09-15T14:27:22.353429453Z","instance":"node-namespace-b","service_name":"dms-node","event_cursor":931,"request_cursor":0,"last_acked_cursor":931,"event":"node.meta_watch.acknowledged"}
{"msg":"Meta event acknowledged","level":"INFO","ts":"2026-09-15T14:27:22.356613079Z","instance":"node-namespace-b","service_name":"dms-node","event_cursor":932,"request_cursor":0,"last_acked_cursor":932,"event":"node.meta_watch.acknowledged"}
{"msg":"Meta event acknowledged","level":"INFO","ts":"2026-09-15T14:27:22.358862719Z","instance":"node-namespace-b","service_name":"dms-node","event_cursor":933,"request_cursor":0,"last_acked_cursor":933,"event":"node.meta_watch.acknowledged"}
{"msg":"Meta event acknowledged","level":"INFO","ts":"2026-09-15T14:27:22.361210805Z","instance":"node-namespace-b","service_name":"dms-node","event_cursor":934,"request_cursor":0,"last_acked_cursor":934,"event":"node.meta_watch.acknowledged"}
{"msg":"Meta event acknowledged","level":"INFO","ts":"2026-09-15T14:27:22.363759988Z","instance":"node-namespace-b","service_name":"dms-node","event_cursor":935,"request_cursor":0,"last_acked_cursor":935,"event":"node.meta_watch.acknowledged"}
{"msg":"Meta event acknowledged","level":"INFO","ts":"2026-09-15T14:27:22.366404786Z","instance":"node-namespace-b","service_name":"dms-node","event_cursor":936,"request_cursor":0,"last_acked_cursor":936,"event":"node.meta_watch.acknowledged"}
{"msg":"Meta event acknowledged","level":"INFO","ts":"2026-09-15T14:27:22.36904292Z","instance":"node-namespace-b","service_name":"dms-node","event_cursor":937,"request_cursor":0,"last_acked_cursor":937,"event":"node.meta_watch.acknowledged"}
{"msg":"Meta event acknowledged","level":"INFO","ts":"2026-09-15T14:27:22.371521601Z","instance":"node-namespace-b","service_name":"dms-node","event_cursor":938,"request_cursor":0,"last_acked_cursor":938,"event":"node.meta_watch.acknowledged"}
{"msg":"Meta event acknowledged","level":"INFO","ts":"2026-09-15T14:27:22.374310819Z","instance":"node-namespace-b","service_name":"dms-node","event_cursor":939,"request_cursor":0,"last_acked_cursor":939,"event":"node.meta_watch.acknowledged"}
{"msg":"Meta event acknowledged","level":"INFO","ts":"2026-09-15T14:27:22.376488331Z","instance":"node-namespace-b","service_name":"dms-node","event_cursor":940,"request_cursor":0,"last_acked_cursor":940,"event":"node.meta_watch.acknowledged"}
{"msg":"Meta event acknowledged","level":"INFO","ts":"2026-09-15T14:27:22.379191305Z","instance":"node-namespace-b","service_name":"dms-node","event_cursor":941,"request_cursor":0,"last_acked_cursor":941,"event":"node.meta_watch.acknowledged"}
{"msg":"Meta event acknowledged","level":"INFO","ts":"2026-09-15T14:27:22.382347239Z","instance":"node-namespace-b","service_name":"dms-node","event_cursor":942,"request_cursor":0,"last_acked_cursor":942,"event":"node.meta_watch.acknowledged"}
{"msg":"Meta event acknowledged","level":"INFO","ts":"2026-09-15T14:27:22.384786816Z","instance":"node-namespace-b","service_name":"dms-node","event_cursor":943,"request_cursor":0,"last_acked_cursor":943,"event":"node.meta_watch.acknowledged"}
{"msg":"Meta event acknowledged","level":"INFO","ts":"2026-09-15T14:27:22.387278198Z","instance":"node-namespace-b","service_name":"dms-node","event_cursor":944,"request_cursor":0,"last_acked_cursor":944,"event":"node.meta_watch.acknowledged"}
{"msg":"Meta event acknowledged","level":"INFO","ts":"2026-09-15T14:27:22.389888473Z","instance":"node-namespace-b","service_name":"dms-node","event_cursor":945,"request_cursor":0,"last_acked_cursor":945,"event":"node.meta_watch.acknowledged"}
{"msg":"Meta event acknowledged","level":"INFO","ts":"2026-09-15T14:27:22.392133615Z","instance":"node-namespace-b","service_name":"dms-node","event_cursor":946,"request_cursor":0,"last_acked_cursor":946,"event":"node.meta_watch.acknowledged"}
{"msg":"Meta event acknowledged","level":"INFO","ts":"2026-09-15T14:27:22.394813143Z","instance":"node-namespace-b","service_name":"dms-node","event_cursor":947,"request_cursor":0,"last_acked_cursor":947,"event":"node.meta_watch.acknowledged"}
{"msg":"Meta event acknowledged","level":"INFO","ts":"2026-09-15T14:27:22.397154066Z","instance":"node-namespace-b","service_name":"dms-node","event_cursor":948,"request_cursor":0,"last_acked_cursor":948,"event":"node.meta_watch.acknowledged"}
{"msg":"Meta event acknowledged","level":"INFO","ts":"2026-09-15T14:27:22.399998337Z","instance":"node-namespace-b","service_name":"dms-node","event_cursor":949,"request_cursor":0,"last_acked_cursor":949,"event":"node.meta_watch.acknowledged"}
{"msg":"Meta event acknowledged","level":"INFO","ts":"2026-09-15T14:27:22.40314107Z","instance":"node-namespace-b","service_name":"dms-node","event_cursor":950,"request_cursor":0,"last_acked_cursor":950,"event":"node.meta_watch.acknowledged"}
{"msg":"Meta event acknowledged","level":"INFO","ts":"2026-09-15T14:27:22.405812186Z","instance":"node-namespace-b","service_name":"dms-node","event_cursor":951,"request_cursor":0,"last_acked_cursor":951,"event":"node.meta_watch.acknowledged"}
{"msg":"Meta event acknowledged","level":"INFO","ts":"2026-09-15T14:27:22.40832489Z","instance":"node-namespace-b","service_name":"dms-node","event_cursor":952,"request_cursor":0,"last_acked_cursor":952,"event":"node.meta_watch.acknowledged"}
{"msg":"Meta event acknowledged","level":"INFO","ts":"2026-09-15T14:27:22.410587731Z","instance":"node-namespace-b","service_name":"dms-node","event_cursor":953,"request_cursor":0,"last_acked_cursor":953,"event":"node.meta_watch.acknowledged"}
{"msg":"Meta event acknowledged","level":"INFO","ts":"2026-09-15T14:27:22.413173894Z","instance":"node-namespace-b","service_name":"dms-node","event_cursor":954,"request_cursor":0,"last_acked_cursor":954,"event":"node.meta_watch.acknowledged"}
{"msg":"Meta event acknowledged","level":"INFO","ts":"2026-09-15T14:27:22.415553004Z","instance":"node-namespace-b","service_name":"dms-node","event_cursor":955,"request_cursor":0,"last_acked_cursor":955,"event":"node.meta_watch.acknowledged"}
{"msg":"Meta event acknowledged","level":"INFO","ts":"2026-09-15T14:27:22.417846911Z","instance":"node-namespace-b","service_name":"dms-node","event_cursor":956,"request_cursor":0,"last_acked_cursor":956,"event":"node.meta_watch.acknowledged"}
{"msg":"Meta event acknowledged","level":"INFO","ts":"2026-09-15T14:27:22.421384968Z","instance":"node-namespace-b","service_name":"dms-node","event_cursor":957,"request_cursor":0,"last_acked_cursor":957,"event":"node.meta_watch.acknowledged"}
{"msg":"Meta event acknowledged","level":"INFO","ts":"2026-09-15T14:27:22.424330725Z","instance":"node-namespace-b","service_name":"dms-node","event_cursor":958,"request_cursor":0,"last_acked_cursor":958,"event":"node.meta_watch.acknowledged"}
{"msg":"Meta event acknowledged","level":"INFO","ts":"2026-09-15T14:27:22.426920636Z","instance":"node-namespace-b","service_name":"dms-node","event_cursor":959,"request_cursor":0,"last_acked_cursor":959,"event":"node.meta_watch.acknowledged"}
{"msg":"Meta event acknowledged","level":"INFO","ts":"2026-09-15T14:27:22.429422554Z","instance":"node-namespace-b","service_name":"dms-node","event_cursor":960,"request_cursor":0,"last_acked_cursor":960,"event":"node.meta_watch.acknowledged"}
{"msg":"Meta event acknowledged","level":"INFO","ts":"2026-09-15T14:27:22.431781925Z","instance":"node-namespace-b","service_name":"dms-node","event_cursor":961,"request_cursor":0,"last_acked_cursor":961,"event":"node.meta_watch.acknowledged"}
{"msg":"Meta event acknowledged","level":"INFO","ts":"2026-09-15T14:27:22.434198348Z","instance":"node-namespace-b","service_name":"dms-node","event_cursor":962,"request_cursor":0,"last_acked_cursor":962,"event":"node.meta_watch.acknowledged"}
{"msg":"Meta event acknowledged","level":"INFO","ts":"2026-09-15T14:27:22.436571878Z","instance":"node-namespace-b","service_name":"dms-node","event_cursor":963,"request_cursor":0,"last_acked_cursor":963,"event":"node.meta_watch.acknowledged"}
{"msg":"Meta event acknowledged","level":"INFO","ts":"2026-09-15T14:27:22.439112524Z","instance":"node-namespace-b","service_name":"dms-node","event_cursor":964,"request_cursor":0,"last_acked_cursor":964,"event":"node.meta_watch.acknowledged"}
{"msg":"Meta event acknowledged","level":"INFO","ts":"2026-09-15T14:27:22.441248268Z","instance":"node-namespace-b","service_name":"dms-node","event_cursor":965,"request_cursor":0,"last_acked_cursor":965,"event":"node.meta_watch.acknowledged"}
{"msg":"Meta event acknowledged","level":"INFO","ts":"2026-09-15T14:27:22.443620674Z","instance":"node-namespace-b","service_name":"dms-node","event_cursor":966,"request_cursor":0,"last_acked_cursor":966,"event":"node.meta_watch.acknowledged"}
{"msg":"Meta event acknowledged","level":"INFO","ts":"2026-09-15T14:27:22.446332185Z","instance":"node-namespace-b","service_name":"dms-node","event_cursor":967,"request_cursor":0,"last_acked_cursor":967,"event":"node.meta_watch.acknowledged"}
{"msg":"Meta event acknowledged","level":"INFO","ts":"2026-09-15T14:27:22.449406913Z","instance":"node-namespace-b","service_name":"dms-node","event_cursor":968,"request_cursor":0,"last_acked_cursor":968,"event":"node.meta_watch.acknowledged"}
{"msg":"Meta event acknowledged","level":"INFO","ts":"2026-09-15T14:27:22.451912204Z","instance":"node-namespace-b","service_name":"dms-node","event_cursor":969,"request_cursor":0,"last_acked_cursor":969,"event":"node.meta_watch.acknowledged"}
{"msg":"Meta event acknowledged","level":"INFO","ts":"2026-09-15T14:27:22.454319049Z","instance":"node-namespace-b","service_name":"dms-node","event_cursor":970,"request_cursor":0,"last_acked_cursor":970,"event":"node.meta_watch.acknowledged"}
{"msg":"Meta event acknowledged","level":"INFO","ts":"2026-09-15T14:27:22.457119261Z","instance":"node-namespace-b","service_name":"dms-node","event_cursor":971,"request_cursor":0,"last_acked_cursor":971,"event":"node.meta_watch.acknowledged"}
{"msg":"Meta event acknowledged","level":"INFO","ts":"2026-09-15T14:27:22.459182794Z","instance":"node-namespace-b","service_name":"dms-node","event_cursor":972,"request_cursor":0,"last_acked_cursor":972,"event":"node.meta_watch.acknowledged"}
{"msg":"Meta event acknowledged","level":"INFO","ts":"2026-09-15T14:27:22.461730937Z","instance":"node-namespace-b","service_name":"dms-node","event_cursor":973,"request_cursor":0,"last_acked_cursor":973,"event":"node.meta_watch.acknowledged"}
{"msg":"Meta event acknowledged","level":"INFO","ts":"2026-09-15T14:27:22.464193709Z","instance":"node-namespace-b","service_name":"dms-node","event_cursor":974,"request_cursor":0,"last_acked_cursor":974,"event":"node.meta_watch.acknowledged"}
{"msg":"Meta event acknowledged","level":"INFO","ts":"2026-09-15T14:27:22.4668971Z","instance":"node-namespace-b","service_name":"dms-node","event_cursor":975,"request_cursor":0,"last_acked_cursor":975,"event":"node.meta_watch.acknowledged"}
{"msg":"Meta event acknowledged","level":"INFO","ts":"2026-09-15T14:27:22.469244602Z","instance":"node-namespace-b","service_name":"dms-node","event_cursor":976,"request_cursor":0,"last_acked_cursor":976,"event":"node.meta_watch.acknowledged"}
{"msg":"Meta event acknowledged","level":"INFO","ts":"2026-09-15T14:27:22.472511142Z","instance":"node-namespace-b","service_name":"dms-node","event_cursor":977,"request_cursor":0,"last_acked_cursor":977,"event":"node.meta_watch.acknowledged"}
{"msg":"Meta event acknowledged","level":"INFO","ts":"2026-09-15T14:27:22.47478052Z","instance":"node-namespace-b","service_name":"dms-node","event_cursor":978,"request_cursor":0,"last_acked_cursor":978,"event":"node.meta_watch.acknowledged"}
{"msg":"Meta event acknowledged","level":"INFO","ts":"2026-09-15T14:27:22.477136685Z","instance":"node-namespace-b","service_name":"dms-node","event_cursor":979,"request_cursor":0,"last_acked_cursor":979,"event":"node.meta_watch.acknowledged"}
{"msg":"Meta event acknowledged","level":"INFO","ts":"2026-09-15T14:27:22.479507883Z","instance":"node-namespace-b","service_name":"dms-node","event_cursor":980,"request_cursor":0,"last_acked_cursor":980,"event":"node.meta_watch.acknowledged"}
{"msg":"Meta event acknowledged","level":"INFO","ts":"2026-09-15T14:27:22.482112411Z","instance":"node-namespace-b","service_name":"dms-node","event_cursor":981,"request_cursor":0,"last_acked_cursor":981,"event":"node.meta_watch.acknowledged"}
{"msg":"Meta event acknowledged","level":"INFO","ts":"2026-09-15T14:27:22.484601669Z","instance":"node-namespace-b","service_name":"dms-node","event_cursor":982,"request_cursor":0,"last_acked_cursor":982,"event":"node.meta_watch.acknowledged"}
{"msg":"Meta event acknowledged","level":"INFO","ts":"2026-09-15T14:27:22.487382516Z","instance":"node-namespace-b","service_name":"dms-node","event_cursor":983,"request_cursor":0,"last_acked_cursor":983,"event":"node.meta_watch.acknowledged"}
{"msg":"Meta event acknowledged","level":"INFO","ts":"2026-09-15T14:27:22.490520377Z","instance":"node-namespace-b","service_name":"dms-node","event_cursor":984,"request_cursor":0,"last_acked_cursor":984,"event":"node.meta_watch.acknowledged"}
{"msg":"Meta event acknowledged","level":"INFO","ts":"2026-09-15T14:27:22.49280483Z","instance":"node-namespace-b","service_name":"dms-node","event_cursor":985,"request_cursor":0,"last_acked_cursor":985,"event":"node.meta_watch.acknowledged"}
{"msg":"Meta event acknowledged","level":"INFO","ts":"2026-09-15T14:27:22.495512552Z","instance":"node-namespace-b","service_name":"dms-node","event_cursor":986,"request_cursor":0,"last_acked_cursor":986,"event":"node.meta_watch.acknowledged"}
{"msg":"Meta event acknowledged","level":"INFO","ts":"2026-09-15T14:27:22.497867009Z","instance":"node-namespace-b","service_name":"dms-node","event_cursor":987,"request_cursor":0,"last_acked_cursor":987,"event":"node.meta_watch.acknowledged"}
{"msg":"Meta event acknowledged","level":"INFO","ts":"2026-09-15T14:27:22.500775953Z","instance":"node-namespace-b","service_name":"dms-node","event_cursor":988,"request_cursor":0,"last_acked_cursor":988,"event":"node.meta_watch.acknowledged"}
{"msg":"Meta event acknowledged","level":"INFO","ts":"2026-09-15T14:27:22.503168764Z","instance":"node-namespace-b","service_name":"dms-node","event_cursor":989,"request_cursor":0,"last_acked_cursor":989,"event":"node.meta_watch.acknowledged"}
{"msg":"Meta event acknowledged","level":"INFO","ts":"2026-09-15T14:27:22.505927457Z","instance":"node-namespace-b","service_name":"dms-node","event_cursor":990,"request_cursor":0,"last_acked_cursor":990,"event":"node.meta_watch.acknowledged"}
{"msg":"Meta event acknowledged","level":"INFO","ts":"2026-09-15T14:27:22.508242103Z","instance":"node-namespace-b","service_name":"dms-node","event_cursor":991,"request_cursor":0,"last_acked_cursor":991,"event":"node.meta_watch.acknowledged"}
{"msg":"Meta event acknowledged","level":"INFO","ts":"2026-09-15T14:27:22.510850587Z","instance":"node-namespace-b","service_name":"dms-node","event_cursor":992,"request_cursor":0,"last_acked_cursor":992,"event":"node.meta_watch.acknowledged"}
{"msg":"Meta event acknowledged","level":"INFO","ts":"2026-09-15T14:27:22.513285875Z","instance":"node-namespace-b","service_name":"dms-node","event_cursor":993,"request_cursor":0,"last_acked_cursor":993,"event":"node.meta_watch.acknowledged"}
{"msg":"Meta event acknowledged","level":"INFO","ts":"2026-09-15T14:27:22.51595849Z","instance":"node-namespace-b","service_name":"dms-node","event_cursor":994,"request_cursor":0,"last_acked_cursor":994,"event":"node.meta_watch.acknowledged"}
{"msg":"Meta event acknowledged","level":"INFO","ts":"2026-09-15T14:27:22.518248358Z","instance":"node-namespace-b","service_name":"dms-node","event_cursor":995,"request_cursor":0,"last_acked_cursor":995,"event":"node.meta_watch.acknowledged"}
{"msg":"Meta event acknowledged","level":"INFO","ts":"2026-09-15T14:27:22.521503612Z","instance":"node-namespace-b","service_name":"dms-node","event_cursor":996,"request_cursor":0,"last_acked_cursor":996,"event":"node.meta_watch.acknowledged"}
{"msg":"Meta event acknowledged","level":"INFO","ts":"2026-09-15T14:27:22.525116461Z","instance":"node-namespace-b","service_name":"dms-node","event_cursor":997,"request_cursor":0,"last_acked_cursor":997,"event":"node.meta_watch.acknowledged"}
{"msg":"Meta event acknowledged","level":"INFO","ts":"2026-09-15T14:27:22.527790451Z","instance":"node-namespace-b","service_name":"dms-node","event_cursor":998,"request_cursor":0,"last_acked_cursor":998,"event":"node.meta_watch.acknowledged"}
{"msg":"Meta event acknowledged","level":"INFO","ts":"2026-09-15T14:27:22.530206291Z","instance":"node-namespace-b","service_name":"dms-node","event_cursor":999,"request_cursor":0,"last_acked_cursor":999,"event":"node.meta_watch.acknowledged"}
{"msg":"Meta event acknowledged","level":"INFO","ts":"2026-09-15T14:27:22.532725658Z","instance":"node-namespace-b","service_name":"dms-node","event_cursor":1000,"request_cursor":0,"last_acked_cursor":1000,"event":"node.meta_watch.acknowledged"}
{"msg":"Meta event acknowledged","level":"INFO","ts":"2026-09-15T14:27:22.535094232Z","instance":"node-namespace-b","service_name":"dms-node","event_cursor":1001,"request_cursor":0,"last_acked_cursor":1001,"event":"node.meta_watch.acknowledged"}
{"msg":"Meta event acknowledged","level":"INFO","ts":"2026-09-15T14:27:22.537485877Z","instance":"node-namespace-b","service_name":"dms-node","event_cursor":1002,"request_cursor":0,"last_acked_cursor":1002,"event":"node.meta_watch.acknowledged"}
{"msg":"Meta event acknowledged","level":"INFO","ts":"2026-09-15T14:27:22.53996285Z","instance":"node-namespace-b","service_name":"dms-node","event_cursor":1003,"request_cursor":0,"last_acked_cursor":1003,"event":"node.meta_watch.acknowledged"}
{"msg":"Meta event acknowledged","level":"INFO","ts":"2026-09-15T14:27:22.542165849Z","instance":"node-namespace-b","service_name":"dms-node","event_cursor":1004,"request_cursor":0,"last_acked_cursor":1004,"event":"node.meta_watch.acknowledged"}
{"msg":"Meta event acknowledged","level":"INFO","ts":"2026-09-15T14:27:22.544775415Z","instance":"node-namespace-b","service_name":"dms-node","event_cursor":1005,"request_cursor":0,"last_acked_cursor":1005,"event":"node.meta_watch.acknowledged"}
{"msg":"Meta event acknowledged","level":"INFO","ts":"2026-09-15T14:27:22.547188632Z","instance":"node-namespace-b","service_name":"dms-node","event_cursor":1006,"request_cursor":0,"last_acked_cursor":1006,"event":"node.meta_watch.acknowledged"}
{"msg":"Meta event acknowledged","level":"INFO","ts":"2026-09-15T14:27:22.550030654Z","instance":"node-namespace-b","service_name":"dms-node","event_cursor":1007,"request_cursor":0,"last_acked_cursor":1007,"event":"node.meta_watch.acknowledged"}
{"msg":"Meta event acknowledged","level":"INFO","ts":"2026-09-15T14:27:22.553373569Z","instance":"node-namespace-b","service_name":"dms-node","event_cursor":1008,"request_cursor":0,"last_acked_cursor":1008,"event":"node.meta_watch.acknowledged"}
{"msg":"Meta event acknowledged","level":"INFO","ts":"2026-09-15T14:27:22.555993338Z","instance":"node-namespace-b","service_name":"dms-node","event_cursor":1009,"request_cursor":0,"last_acked_cursor":1009,"event":"node.meta_watch.acknowledged"}
{"msg":"Meta event acknowledged","level":"INFO","ts":"2026-09-15T14:27:22.558439495Z","instance":"node-namespace-b","service_name":"dms-node","event_cursor":1010,"request_cursor":0,"last_acked_cursor":1010,"event":"node.meta_watch.acknowledged"}
{"msg":"Meta event acknowledged","level":"INFO","ts":"2026-09-15T14:27:22.560950658Z","instance":"node-namespace-b","service_name":"dms-node","event_cursor":1011,"request_cursor":0,"last_acked_cursor":1011,"event":"node.meta_watch.acknowledged"}
{"msg":"Meta event acknowledged","level":"INFO","ts":"2026-09-15T14:27:22.563647677Z","instance":"node-namespace-b","service_name":"dms-node","event_cursor":1012,"request_cursor":0,"last_acked_cursor":1012,"event":"node.meta_watch.acknowledged"}
{"msg":"Meta event acknowledged","level":"INFO","ts":"2026-09-15T14:27:22.566582107Z","instance":"node-namespace-b","service_name":"dms-node","event_cursor":1013,"request_cursor":0,"last_acked_cursor":1013,"event":"node.meta_watch.acknowledged"}
{"msg":"Meta event acknowledged","level":"INFO","ts":"2026-09-15T14:27:22.569014396Z","instance":"node-namespace-b","service_name":"dms-node","event_cursor":1014,"request_cursor":0,"last_acked_cursor":1014,"event":"node.meta_watch.acknowledged"}
{"msg":"Meta event acknowledged","level":"INFO","ts":"2026-09-15T14:27:22.572964269Z","instance":"node-namespace-b","service_name":"dms-node","event_cursor":1015,"request_cursor":0,"last_acked_cursor":1015,"event":"node.meta_watch.acknowledged"}
{"msg":"Meta event acknowledged","level":"INFO","ts":"2026-09-15T14:27:22.575257676Z","instance":"node-namespace-b","service_name":"dms-node","event_cursor":1016,"request_cursor":0,"last_acked_cursor":1016,"event":"node.meta_watch.acknowledged"}
{"msg":"Meta event acknowledged","level":"INFO","ts":"2026-09-15T14:27:22.577542713Z","instance":"node-namespace-b","service_name":"dms-node","event_cursor":1017,"request_cursor":0,"last_acked_cursor":1017,"event":"node.meta_watch.acknowledged"}
{"msg":"Meta event acknowledged","level":"INFO","ts":"2026-09-15T14:27:22.580031013Z","instance":"node-namespace-b","service_name":"dms-node","event_cursor":1018,"request_cursor":0,"last_acked_cursor":1018,"event":"node.meta_watch.acknowledged"}
{"msg":"Meta event acknowledged","level":"INFO","ts":"2026-09-15T14:27:22.58244552Z","instance":"node-namespace-b","service_name":"dms-node","event_cursor":1019,"request_cursor":0,"last_acked_cursor":1019,"event":"node.meta_watch.acknowledged"}
{"msg":"Meta event acknowledged","level":"INFO","ts":"2026-09-15T14:27:22.584992705Z","instance":"node-namespace-b","service_name":"dms-node","event_cursor":1020,"request_cursor":0,"last_acked_cursor":1020,"event":"node.meta_watch.acknowledged"}
{"msg":"Meta event acknowledged","level":"INFO","ts":"2026-09-15T14:27:22.587422912Z","instance":"node-namespace-b","service_name":"dms-node","event_cursor":1021,"request_cursor":0,"last_acked_cursor":1021,"event":"node.meta_watch.acknowledged"}
{"msg":"Meta event acknowledged","level":"INFO","ts":"2026-09-15T14:27:22.590083201Z","instance":"node-namespace-b","service_name":"dms-node","event_cursor":1022,"request_cursor":0,"last_acked_cursor":1022,"event":"node.meta_watch.acknowledged"}
{"msg":"Meta event watch failed","level":"WARN","ts":"2026-09-15T14:27:22.705296139Z","instance":"node-namespace-b","service_name":"dms-node","error":"code: 'Unknown error', message: \"h2 protocol error: error reading a body from connection\", source: hyper::Error(Body, Error { kind: Io(Custom { kind: BrokenPipe, error: \"stream closed because of a broken pipe\" }) })","event_cursor":1022,"request_cursor":0,"last_acked_cursor":1022,"event":"node.meta_watch.disconnected"}
