{"msg":"Mounting /mnt/lima-afsbdata/afs-delivery/owner-remote-delete-6d-bhome-20261007-r1/mount/ownerfs","level":"INFO","ts":"2026-10-06T23:13:39.910312138Z","instance":"remote-b-r1","service_name":"afs-node"}
{"msg":"node.ready","level":"INFO","ts":"2026-10-06T23:13:39.915024732Z","instance":"remote-b-r1","service_name":"afs-node","dfs":false,"ownerfs":true,"uds":"/mnt/lima-afsbdata/afs-delivery/owner-remote-delete-6d-bhome-20261007-r1/run/node.sock","rest":"0.0.0.0:23501","grpc":"0.0.0.0:23500"}
{"msg":"FUSE request failed","level":"ERRO","ts":"2026-10-06T23:13:46.301594635Z","instance":"remote-b-r1","service_name":"afs-node","message":"OwnerFs root is not registered in Meta","kind":"NotFound","code":34078721}
{"msg":"FUSE request failed","level":"ERRO","ts":"2026-10-06T23:13:46.413385937Z","instance":"remote-b-r1","service_name":"afs-node","message":"No such file or directory (os error 2)","kind":"NotFound","code":67305473}
{"msg":"FUSE request failed","level":"ERRO","ts":"2026-10-06T23:15:26.028557046Z","instance":"remote-b-r1","service_name":"afs-node","message":"No such file or directory (os error 2)","kind":"NotFound","code":67305473}
{"msg":"FUSE request failed","level":"ERRO","ts":"2026-10-06T23:15:26.02871838Z","instance":"remote-b-r1","service_name":"afs-node","message":"No such file or directory (os error 2)","kind":"NotFound","code":67305473}
{"msg":"FUSE request failed","level":"ERRO","ts":"2026-10-06T23:15:26.028803422Z","instance":"remote-b-r1","service_name":"afs-node","message":"No such file or directory (os error 2)","kind":"NotFound","code":67305473}
{"msg":"FUSE request failed","level":"ERRO","ts":"2026-10-06T23:15:26.028930172Z","instance":"remote-b-r1","service_name":"afs-node","message":"No such file or directory (os error 2)","kind":"NotFound","code":67305473}
{"msg":"FUSE request failed","level":"ERRO","ts":"2026-10-06T23:15:26.029084506Z","instance":"remote-b-r1","service_name":"afs-node","message":"No such file or directory (os error 2)","kind":"NotFound","code":67305473}
{"msg":"FUSE request failed","level":"ERRO","ts":"2026-10-06T23:15:26.029210506Z","instance":"remote-b-r1","service_name":"afs-node","message":"No such file or directory (os error 2)","kind":"NotFound","code":67305473}
{"msg":"FUSE request failed","level":"ERRO","ts":"2026-10-06T23:15:26.029306214Z","instance":"remote-b-r1","service_name":"afs-node","message":"No such file or directory (os error 2)","kind":"NotFound","code":67305473}
{"msg":"FUSE request failed","level":"ERRO","ts":"2026-10-06T23:15:26.029430798Z","instance":"remote-b-r1","service_name":"afs-node","message":"No such file or directory (os error 2)","kind":"NotFound","code":67305473}
{"msg":"FUSE request failed","level":"ERRO","ts":"2026-10-06T23:15:26.029561882Z","instance":"remote-b-r1","service_name":"afs-node","message":"No such file or directory (os error 2)","kind":"NotFound","code":67305473}
{"msg":"FUSE request failed","level":"ERRO","ts":"2026-10-06T23:15:26.029681215Z","instance":"remote-b-r1","service_name":"afs-node","message":"No such file or directory (os error 2)","kind":"NotFound","code":67305473}
{"msg":"FUSE request failed","level":"ERRO","ts":"2026-10-06T23:15:26.029786591Z","instance":"remote-b-r1","service_name":"afs-node","message":"No such file or directory (os error 2)","kind":"NotFound","code":67305473}
{"msg":"FUSE request failed","level":"ERRO","ts":"2026-10-06T23:15:26.029888299Z","instance":"remote-b-r1","service_name":"afs-node","message":"No such file or directory (os error 2)","kind":"NotFound","code":67305473}
{"msg":"FUSE request failed","level":"ERRO","ts":"2026-10-06T23:15:26.029985758Z","instance":"remote-b-r1","service_name":"afs-node","message":"No such file or directory (os error 2)","kind":"NotFound","code":67305473}
{"msg":"FUSE request failed","level":"ERRO","ts":"2026-10-06T23:15:26.030155925Z","instance":"remote-b-r1","service_name":"afs-node","message":"No such file or directory (os error 2)","kind":"NotFound","code":67305473}
{"msg":"FUSE request failed","level":"ERRO","ts":"2026-10-06T23:15:26.030332758Z","instance":"remote-b-r1","service_name":"afs-node","message":"No such file or directory (os error 2)","kind":"NotFound","code":67305473}
{"msg":"FUSE request failed","level":"ERRO","ts":"2026-10-06T23:15:26.030427925Z","instance":"remote-b-r1","service_name":"afs-node","message":"No such file or directory (os error 2)","kind":"NotFound","code":67305473}
{"msg":"FUSE request failed","level":"ERRO","ts":"2026-10-06T23:15:26.030564759Z","instance":"remote-b-r1","service_name":"afs-node","message":"No such file or directory (os error 2)","kind":"NotFound","code":67305473}
{"msg":"FUSE request failed","level":"ERRO","ts":"2026-10-06T23:15:26.030657218Z","instance":"remote-b-r1","service_name":"afs-node","message":"No such file or directory (os error 2)","kind":"NotFound","code":67305473}
{"msg":"FUSE request failed","level":"ERRO","ts":"2026-10-06T23:15:26.030735551Z","instance":"remote-b-r1","service_name":"afs-node","message":"No such file or directory (os error 2)","kind":"NotFound","code":67305473}
{"msg":"FUSE request failed","level":"ERRO","ts":"2026-10-06T23:15:26.030816051Z","instance":"remote-b-r1","service_name":"afs-node","message":"No such file or directory (os error 2)","kind":"NotFound","code":67305473}
{"msg":"FUSE request failed","level":"ERRO","ts":"2026-10-06T23:15:26.030905676Z","instance":"remote-b-r1","service_name":"afs-node","message":"No such file or directory (os error 2)","kind":"NotFound","code":67305473}
{"msg":"FUSE request failed","level":"ERRO","ts":"2026-10-06T23:15:26.031021927Z","instance":"remote-b-r1","service_name":"afs-node","message":"No such file or directory (os error 2)","kind":"NotFound","code":67305473}
{"msg":"FUSE request failed","level":"ERRO","ts":"2026-10-06T23:15:26.031195969Z","instance":"remote-b-r1","service_name":"afs-node","message":"No such file or directory (os error 2)","kind":"NotFound","code":67305473}
{"msg":"FUSE request failed","level":"ERRO","ts":"2026-10-06T23:15:26.031383177Z","instance":"remote-b-r1","service_name":"afs-node","message":"No such file or directory (os error 2)","kind":"NotFound","code":67305473}
{"msg":"FUSE request failed","level":"ERRO","ts":"2026-10-06T23:15:26.031551595Z","instance":"remote-b-r1","service_name":"afs-node","message":"No such file or directory (os error 2)","kind":"NotFound","code":67305473}
{"msg":"FUSE request failed","level":"ERRO","ts":"2026-10-06T23:15:26.03166022Z","instance":"remote-b-r1","service_name":"afs-node","message":"No such file or directory (os error 2)","kind":"NotFound","code":67305473}
{"msg":"FUSE request failed","level":"ERRO","ts":"2026-10-06T23:15:26.03177247Z","instance":"remote-b-r1","service_name":"afs-node","message":"No such file or directory (os error 2)","kind":"NotFound","code":67305473}
{"msg":"FUSE request failed","level":"ERRO","ts":"2026-10-06T23:15:26.031876929Z","instance":"remote-b-r1","service_name":"afs-node","message":"No such file or directory (os error 2)","kind":"NotFound","code":67305473}
{"msg":"FUSE request failed","level":"ERRO","ts":"2026-10-06T23:15:26.031985637Z","instance":"remote-b-r1","service_name":"afs-node","message":"No such file or directory (os error 2)","kind":"NotFound","code":67305473}
{"msg":"FUSE request failed","level":"ERRO","ts":"2026-10-06T23:15:26.032158971Z","instance":"remote-b-r1","service_name":"afs-node","message":"No such file or directory (os error 2)","kind":"NotFound","code":67305473}
{"msg":"FUSE request failed","level":"ERRO","ts":"2026-10-06T23:15:26.03235318Z","instance":"remote-b-r1","service_name":"afs-node","message":"No such file or directory (os error 2)","kind":"NotFound","code":67305473}
{"msg":"FUSE request failed","level":"ERRO","ts":"2026-10-06T23:15:26.032533638Z","instance":"remote-b-r1","service_name":"afs-node","message":"No such file or directory (os error 2)","kind":"NotFound","code":67305473}
{"msg":"FUSE request failed","level":"ERRO","ts":"2026-10-06T23:15:26.032656305Z","instance":"remote-b-r1","service_name":"afs-node","message":"No such file or directory (os error 2)","kind":"NotFound","code":67305473}
{"msg":"FUSE request failed","level":"ERRO","ts":"2026-10-06T23:15:26.032790139Z","instance":"remote-b-r1","service_name":"afs-node","message":"No such file or directory (os error 2)","kind":"NotFound","code":67305473}
{"msg":"FUSE request failed","level":"ERRO","ts":"2026-10-06T23:15:26.032904556Z","instance":"remote-b-r1","service_name":"afs-node","message":"No such file or directory (os error 2)","kind":"NotFound","code":67305473}
{"msg":"FUSE request failed","level":"ERRO","ts":"2026-10-06T23:15:26.03304489Z","instance":"remote-b-r1","service_name":"afs-node","message":"No such file or directory (os error 2)","kind":"NotFound","code":67305473}
{"msg":"FUSE request failed","level":"ERRO","ts":"2026-10-06T23:15:26.033175973Z","instance":"remote-b-r1","service_name":"afs-node","message":"No such file or directory (os error 2)","kind":"NotFound","code":67305473}
{"msg":"FUSE request failed","level":"ERRO","ts":"2026-10-06T23:15:26.033338974Z","instance":"remote-b-r1","service_name":"afs-node","message":"No such file or directory (os error 2)","kind":"NotFound","code":67305473}
{"msg":"FUSE request failed","level":"ERRO","ts":"2026-10-06T23:15:26.033508599Z","instance":"remote-b-r1","service_name":"afs-node","message":"No such file or directory (os error 2)","kind":"NotFound","code":67305473}
{"msg":"FUSE request failed","level":"ERRO","ts":"2026-10-06T23:15:26.033640391Z","instance":"remote-b-r1","service_name":"afs-node","message":"No such file or directory (os error 2)","kind":"NotFound","code":67305473}
{"msg":"FUSE request failed","level":"ERRO","ts":"2026-10-06T23:15:26.033769891Z","instance":"remote-b-r1","service_name":"afs-node","message":"No such file or directory (os error 2)","kind":"NotFound","code":67305473}
{"msg":"FUSE request failed","level":"ERRO","ts":"2026-10-06T23:15:26.033905267Z","instance":"remote-b-r1","service_name":"afs-node","message":"No such file or directory (os error 2)","kind":"NotFound","code":67305473}
{"msg":"FUSE request failed","level":"ERRO","ts":"2026-10-06T23:15:26.034032684Z","instance":"remote-b-r1","service_name":"afs-node","message":"No such file or directory (os error 2)","kind":"NotFound","code":67305473}
{"msg":"FUSE request failed","level":"ERRO","ts":"2026-10-06T23:15:26.034172142Z","instance":"remote-b-r1","service_name":"afs-node","message":"No such file or directory (os error 2)","kind":"NotFound","code":67305473}
{"msg":"FUSE request failed","level":"ERRO","ts":"2026-10-06T23:15:26.034345518Z","instance":"remote-b-r1","service_name":"afs-node","message":"No such file or directory (os error 2)","kind":"NotFound","code":67305473}
{"msg":"FUSE request failed","level":"ERRO","ts":"2026-10-06T23:15:26.03450181Z","instance":"remote-b-r1","service_name":"afs-node","message":"No such file or directory (os error 2)","kind":"NotFound","code":67305473}
{"msg":"FUSE request failed","level":"ERRO","ts":"2026-10-06T23:15:26.034625227Z","instance":"remote-b-r1","service_name":"afs-node","message":"No such file or directory (os error 2)","kind":"NotFound","code":67305473}
{"msg":"FUSE request failed","level":"ERRO","ts":"2026-10-06T23:15:26.034755019Z","instance":"remote-b-r1","service_name":"afs-node","message":"No such file or directory (os error 2)","kind":"NotFound","code":67305473}
{"msg":"FUSE request failed","level":"ERRO","ts":"2026-10-06T23:15:26.034880602Z","instance":"remote-b-r1","service_name":"afs-node","message":"No such file or directory (os error 2)","kind":"NotFound","code":67305473}
{"msg":"FUSE request failed","level":"ERRO","ts":"2026-10-06T23:15:26.035008019Z","instance":"remote-b-r1","service_name":"afs-node","message":"No such file or directory (os error 2)","kind":"NotFound","code":67305473}
{"msg":"FUSE request failed","level":"ERRO","ts":"2026-10-06T23:15:26.035118728Z","instance":"remote-b-r1","service_name":"afs-node","message":"No such file or directory (os error 2)","kind":"NotFound","code":67305473}
{"msg":"FUSE request failed","level":"ERRO","ts":"2026-10-06T23:15:26.035232936Z","instance":"remote-b-r1","service_name":"afs-node","message":"No such file or directory (os error 2)","kind":"NotFound","code":67305473}
{"msg":"FUSE request failed","level":"ERRO","ts":"2026-10-06T23:15:26.035349103Z","instance":"remote-b-r1","service_name":"afs-node","message":"No such file or directory (os error 2)","kind":"NotFound","code":67305473}
{"msg":"FUSE request failed","level":"ERRO","ts":"2026-10-06T23:15:26.035477145Z","instance":"remote-b-r1","service_name":"afs-node","message":"No such file or directory (os error 2)","kind":"NotFound","code":67305473}
{"msg":"FUSE request failed","level":"ERRO","ts":"2026-10-06T23:15:26.035602729Z","instance":"remote-b-r1","service_name":"afs-node","message":"No such file or directory (os error 2)","kind":"NotFound","code":67305473}
{"msg":"FUSE request failed","level":"ERRO","ts":"2026-10-06T23:15:26.035735271Z","instance":"remote-b-r1","service_name":"afs-node","message":"No such file or directory (os error 2)","kind":"NotFound","code":67305473}
{"msg":"FUSE request failed","level":"ERRO","ts":"2026-10-06T23:15:26.035932688Z","instance":"remote-b-r1","service_name":"afs-node","message":"No such file or directory (os error 2)","kind":"NotFound","code":67305473}
{"msg":"FUSE request failed","level":"ERRO","ts":"2026-10-06T23:15:26.036109022Z","instance":"remote-b-r1","service_name":"afs-node","message":"No such file or directory (os error 2)","kind":"NotFound","code":67305473}
{"msg":"FUSE request failed","level":"ERRO","ts":"2026-10-06T23:15:26.036259022Z","instance":"remote-b-r1","service_name":"afs-node","message":"No such file or directory (os error 2)","kind":"NotFound","code":67305473}
{"msg":"FUSE request failed","level":"ERRO","ts":"2026-10-06T23:15:26.036431064Z","instance":"remote-b-r1","service_name":"afs-node","message":"No such file or directory (os error 2)","kind":"NotFound","code":67305473}
{"msg":"FUSE request failed","level":"ERRO","ts":"2026-10-06T23:15:26.036570106Z","instance":"remote-b-r1","service_name":"afs-node","message":"No such file or directory (os error 2)","kind":"NotFound","code":67305473}
{"msg":"FUSE request failed","level":"ERRO","ts":"2026-10-06T23:15:26.036695856Z","instance":"remote-b-r1","service_name":"afs-node","message":"No such file or directory (os error 2)","kind":"NotFound","code":67305473}
{"msg":"FUSE request failed","level":"ERRO","ts":"2026-10-06T23:15:26.036822065Z","instance":"remote-b-r1","service_name":"afs-node","message":"No such file or directory (os error 2)","kind":"NotFound","code":67305473}
{"msg":"FUSE request failed","level":"ERRO","ts":"2026-10-06T23:15:26.036951732Z","instance":"remote-b-r1","service_name":"afs-node","message":"No such file or directory (os error 2)","kind":"NotFound","code":67305473}
{"msg":"FUSE request failed","level":"ERRO","ts":"2026-10-06T23:15:26.037144024Z","instance":"remote-b-r1","service_name":"afs-node","message":"No such file or directory (os error 2)","kind":"NotFound","code":67305473}
{"msg":"FUSE request failed","level":"ERRO","ts":"2026-10-06T23:15:26.037322441Z","instance":"remote-b-r1","service_name":"afs-node","message":"No such file or directory (os error 2)","kind":"NotFound","code":67305473}
{"msg":"FUSE request failed","level":"ERRO","ts":"2026-10-06T23:15:26.037439275Z","instance":"remote-b-r1","service_name":"afs-node","message":"No such file or directory (os error 2)","kind":"NotFound","code":67305473}
{"msg":"FUSE request failed","level":"ERRO","ts":"2026-10-06T23:15:26.037565775Z","instance":"remote-b-r1","service_name":"afs-node","message":"No such file or directory (os error 2)","kind":"NotFound","code":67305473}
{"msg":"FUSE request failed","level":"ERRO","ts":"2026-10-06T23:15:26.037694234Z","instance":"remote-b-r1","service_name":"afs-node","message":"No such file or directory (os error 2)","kind":"NotFound","code":67305473}
{"msg":"FUSE request failed","level":"ERRO","ts":"2026-10-06T23:15:26.03782015Z","instance":"remote-b-r1","service_name":"afs-node","message":"No such file or directory (os error 2)","kind":"NotFound","code":67305473}
{"msg":"FUSE request failed","level":"ERRO","ts":"2026-10-06T23:15:26.037942609Z","instance":"remote-b-r1","service_name":"afs-node","message":"No such file or directory (os error 2)","kind":"NotFound","code":67305473}
{"msg":"FUSE request failed","level":"ERRO","ts":"2026-10-06T23:15:26.038070276Z","instance":"remote-b-r1","service_name":"afs-node","message":"No such file or directory (os error 2)","kind":"NotFound","code":67305473}
{"msg":"FUSE request failed","level":"ERRO","ts":"2026-10-06T23:15:26.038193151Z","instance":"remote-b-r1","service_name":"afs-node","message":"No such file or directory (os error 2)","kind":"NotFound","code":67305473}
{"msg":"FUSE request failed","level":"ERRO","ts":"2026-10-06T23:15:26.038309485Z","instance":"remote-b-r1","service_name":"afs-node","message":"No such file or directory (os error 2)","kind":"NotFound","code":67305473}
{"msg":"FUSE request failed","level":"ERRO","ts":"2026-10-06T23:15:26.038458944Z","instance":"remote-b-r1","service_name":"afs-node","message":"No such file or directory (os error 2)","kind":"NotFound","code":67305473}
{"msg":"FUSE request failed","level":"ERRO","ts":"2026-10-06T23:15:26.038582652Z","instance":"remote-b-r1","service_name":"afs-node","message":"No such file or directory (os error 2)","kind":"NotFound","code":67305473}
{"msg":"FUSE request failed","level":"ERRO","ts":"2026-10-06T23:15:26.038704194Z","instance":"remote-b-r1","service_name":"afs-node","message":"No such file or directory (os error 2)","kind":"NotFound","code":67305473}
{"msg":"FUSE request failed","level":"ERRO","ts":"2026-10-06T23:15:26.038819361Z","instance":"remote-b-r1","service_name":"afs-node","message":"No such file or directory (os error 2)","kind":"NotFound","code":67305473}
{"msg":"FUSE request failed","level":"ERRO","ts":"2026-10-06T23:15:26.038923695Z","instance":"remote-b-r1","service_name":"afs-node","message":"No such file or directory (os error 2)","kind":"NotFound","code":67305473}
{"msg":"FUSE request failed","level":"ERRO","ts":"2026-10-06T23:15:26.039042278Z","instance":"remote-b-r1","service_name":"afs-node","message":"No such file or directory (os error 2)","kind":"NotFound","code":67305473}
{"msg":"FUSE request failed","level":"ERRO","ts":"2026-10-06T23:15:26.039163987Z","instance":"remote-b-r1","service_name":"afs-node","message":"No such file or directory (os error 2)","kind":"NotFound","code":67305473}
{"msg":"FUSE request failed","level":"ERRO","ts":"2026-10-06T23:15:26.039285571Z","instance":"remote-b-r1","service_name":"afs-node","message":"No such file or directory (os error 2)","kind":"NotFound","code":67305473}
{"msg":"FUSE request failed","level":"ERRO","ts":"2026-10-06T23:15:26.039392279Z","instance":"remote-b-r1","service_name":"afs-node","message":"No such file or directory (os error 2)","kind":"NotFound","code":67305473}
{"msg":"FUSE request failed","level":"ERRO","ts":"2026-10-06T23:15:26.039499571Z","instance":"remote-b-r1","service_name":"afs-node","message":"No such file or directory (os error 2)","kind":"NotFound","code":67305473}
{"msg":"FUSE request failed","level":"ERRO","ts":"2026-10-06T23:15:26.039627196Z","instance":"remote-b-r1","service_name":"afs-node","message":"No such file or directory (os error 2)","kind":"NotFound","code":67305473}
{"msg":"FUSE request failed","level":"ERRO","ts":"2026-10-06T23:15:26.039758155Z","instance":"remote-b-r1","service_name":"afs-node","message":"No such file or directory (os error 2)","kind":"NotFound","code":67305473}
{"msg":"FUSE request failed","level":"ERRO","ts":"2026-10-06T23:15:26.039896447Z","instance":"remote-b-r1","service_name":"afs-node","message":"No such file or directory (os error 2)","kind":"NotFound","code":67305473}
{"msg":"FUSE request failed","level":"ERRO","ts":"2026-10-06T23:15:26.040053822Z","instance":"remote-b-r1","service_name":"afs-node","message":"No such file or directory (os error 2)","kind":"NotFound","code":67305473}
{"msg":"FUSE request failed","level":"ERRO","ts":"2026-10-06T23:15:26.040177864Z","instance":"remote-b-r1","service_name":"afs-node","message":"No such file or directory (os error 2)","kind":"NotFound","code":67305473}
{"msg":"FUSE request failed","level":"ERRO","ts":"2026-10-06T23:15:26.040290364Z","instance":"remote-b-r1","service_name":"afs-node","message":"No such file or directory (os error 2)","kind":"NotFound","code":67305473}
{"msg":"FUSE request failed","level":"ERRO","ts":"2026-10-06T23:15:26.040408906Z","instance":"remote-b-r1","service_name":"afs-node","message":"No such file or directory (os error 2)","kind":"NotFound","code":67305473}
{"msg":"FUSE request failed","level":"ERRO","ts":"2026-10-06T23:15:26.040529407Z","instance":"remote-b-r1","service_name":"afs-node","message":"No such file or directory (os error 2)","kind":"NotFound","code":67305473}
{"msg":"FUSE request failed","level":"ERRO","ts":"2026-10-06T23:15:26.040652407Z","instance":"remote-b-r1","service_name":"afs-node","message":"No such file or directory (os error 2)","kind":"NotFound","code":67305473}
{"msg":"FUSE request failed","level":"ERRO","ts":"2026-10-06T23:15:26.040813366Z","instance":"remote-b-r1","service_name":"afs-node","message":"No such file or directory (os error 2)","kind":"NotFound","code":67305473}
{"msg":"FUSE request failed","level":"ERRO","ts":"2026-10-06T23:15:26.040988324Z","instance":"remote-b-r1","service_name":"afs-node","message":"No such file or directory (os error 2)","kind":"NotFound","code":67305473}
{"msg":"FUSE request failed","level":"ERRO","ts":"2026-10-06T23:15:26.041150825Z","instance":"remote-b-r1","service_name":"afs-node","message":"No such file or directory (os error 2)","kind":"NotFound","code":67305473}
{"msg":"FUSE request failed","level":"ERRO","ts":"2026-10-06T23:15:26.04131945Z","instance":"remote-b-r1","service_name":"afs-node","message":"No such file or directory (os error 2)","kind":"NotFound","code":67305473}
{"msg":"FUSE request failed","level":"ERRO","ts":"2026-10-06T23:15:26.041476367Z","instance":"remote-b-r1","service_name":"afs-node","message":"No such file or directory (os error 2)","kind":"NotFound","code":67305473}
{"msg":"FUSE request failed","level":"ERRO","ts":"2026-10-06T23:15:26.041627701Z","instance":"remote-b-r1","service_name":"afs-node","message":"No such file or directory (os error 2)","kind":"NotFound","code":67305473}
{"msg":"FUSE request failed","level":"ERRO","ts":"2026-10-06T23:15:26.041748409Z","instance":"remote-b-r1","service_name":"afs-node","message":"No such file or directory (os error 2)","kind":"NotFound","code":67305473}
{"msg":"FUSE request failed","level":"ERRO","ts":"2026-10-06T23:15:26.041877826Z","instance":"remote-b-r1","service_name":"afs-node","message":"No such file or directory (os error 2)","kind":"NotFound","code":67305473}
{"msg":"FUSE request failed","level":"ERRO","ts":"2026-10-06T23:15:26.042003368Z","instance":"remote-b-r1","service_name":"afs-node","message":"No such file or directory (os error 2)","kind":"NotFound","code":67305473}
{"msg":"FUSE request failed","level":"ERRO","ts":"2026-10-06T23:15:26.042131702Z","instance":"remote-b-r1","service_name":"afs-node","message":"No such file or directory (os error 2)","kind":"NotFound","code":67305473}
{"msg":"FUSE request failed","level":"ERRO","ts":"2026-10-06T23:15:26.042241202Z","instance":"remote-b-r1","service_name":"afs-node","message":"No such file or directory (os error 2)","kind":"NotFound","code":67305473}
{"msg":"FUSE request failed","level":"ERRO","ts":"2026-10-06T23:15:26.042356286Z","instance":"remote-b-r1","service_name":"afs-node","message":"No such file or directory (os error 2)","kind":"NotFound","code":67305473}
{"msg":"FUSE request failed","level":"ERRO","ts":"2026-10-06T23:15:26.042475703Z","instance":"remote-b-r1","service_name":"afs-node","message":"No such file or directory (os error 2)","kind":"NotFound","code":67305473}
{"msg":"FUSE request failed","level":"ERRO","ts":"2026-10-06T23:15:26.042587036Z","instance":"remote-b-r1","service_name":"afs-node","message":"No such file or directory (os error 2)","kind":"NotFound","code":67305473}
{"msg":"FUSE request failed","level":"ERRO","ts":"2026-10-06T23:15:26.042707912Z","instance":"remote-b-r1","service_name":"afs-node","message":"No such file or directory (os error 2)","kind":"NotFound","code":67305473}
{"msg":"FUSE request failed","level":"ERRO","ts":"2026-10-06T23:15:26.042829704Z","instance":"remote-b-r1","service_name":"afs-node","message":"No such file or directory (os error 2)","kind":"NotFound","code":67305473}
{"msg":"FUSE request failed","level":"ERRO","ts":"2026-10-06T23:15:26.042957371Z","instance":"remote-b-r1","service_name":"afs-node","message":"No such file or directory (os error 2)","kind":"NotFound","code":67305473}
{"msg":"FUSE request failed","level":"ERRO","ts":"2026-10-06T23:15:26.043066704Z","instance":"remote-b-r1","service_name":"afs-node","message":"No such file or directory (os error 2)","kind":"NotFound","code":67305473}
{"msg":"FUSE request failed","level":"ERRO","ts":"2026-10-06T23:15:26.043223163Z","instance":"remote-b-r1","service_name":"afs-node","message":"No such file or directory (os error 2)","kind":"NotFound","code":67305473}
{"msg":"FUSE request failed","level":"ERRO","ts":"2026-10-06T23:15:26.043372996Z","instance":"remote-b-r1","service_name":"afs-node","message":"No such file or directory (os error 2)","kind":"NotFound","code":67305473}
{"msg":"FUSE request failed","level":"ERRO","ts":"2026-10-06T23:15:26.043512163Z","instance":"remote-b-r1","service_name":"afs-node","message":"No such file or directory (os error 2)","kind":"NotFound","code":67305473}
{"msg":"FUSE request failed","level":"ERRO","ts":"2026-10-06T23:15:26.043626539Z","instance":"remote-b-r1","service_name":"afs-node","message":"No such file or directory (os error 2)","kind":"NotFound","code":67305473}
{"msg":"FUSE request failed","level":"ERRO","ts":"2026-10-06T23:15:26.043735622Z","instance":"remote-b-r1","service_name":"afs-node","message":"No such file or directory (os error 2)","kind":"NotFound","code":67305473}
{"msg":"FUSE request failed","level":"ERRO","ts":"2026-10-06T23:15:26.043859539Z","instance":"remote-b-r1","service_name":"afs-node","message":"No such file or directory (os error 2)","kind":"NotFound","code":67305473}
{"msg":"FUSE request failed","level":"ERRO","ts":"2026-10-06T23:15:26.043968456Z","instance":"remote-b-r1","service_name":"afs-node","message":"No such file or directory (os error 2)","kind":"NotFound","code":67305473}
{"msg":"FUSE request failed","level":"ERRO","ts":"2026-10-06T23:15:26.044092581Z","instance":"remote-b-r1","service_name":"afs-node","message":"No such file or directory (os error 2)","kind":"NotFound","code":67305473}
{"msg":"FUSE request failed","level":"ERRO","ts":"2026-10-06T23:15:26.044214498Z","instance":"remote-b-r1","service_name":"afs-node","message":"No such file or directory (os error 2)","kind":"NotFound","code":67305473}
{"msg":"FUSE request failed","level":"ERRO","ts":"2026-10-06T23:15:26.044315749Z","instance":"remote-b-r1","service_name":"afs-node","message":"No such file or directory (os error 2)","kind":"NotFound","code":67305473}
{"msg":"FUSE request failed","level":"ERRO","ts":"2026-10-06T23:15:26.044457291Z","instance":"remote-b-r1","service_name":"afs-node","message":"No such file or directory (os error 2)","kind":"NotFound","code":67305473}
{"msg":"FUSE request failed","level":"ERRO","ts":"2026-10-06T23:15:26.044589666Z","instance":"remote-b-r1","service_name":"afs-node","message":"No such file or directory (os error 2)","kind":"NotFound","code":67305473}
{"msg":"FUSE request failed","level":"ERRO","ts":"2026-10-06T23:15:26.044723625Z","instance":"remote-b-r1","service_name":"afs-node","message":"No such file or directory (os error 2)","kind":"NotFound","code":67305473}
{"msg":"FUSE request failed","level":"ERRO","ts":"2026-10-06T23:15:26.044851458Z","instance":"remote-b-r1","service_name":"afs-node","message":"No such file or directory (os error 2)","kind":"NotFound","code":67305473}
{"msg":"FUSE request failed","level":"ERRO","ts":"2026-10-06T23:15:26.044984167Z","instance":"remote-b-r1","service_name":"afs-node","message":"No such file or directory (os error 2)","kind":"NotFound","code":67305473}
{"msg":"FUSE request failed","level":"ERRO","ts":"2026-10-06T23:15:26.045112709Z","instance":"remote-b-r1","service_name":"afs-node","message":"No such file or directory (os error 2)","kind":"NotFound","code":67305473}
{"msg":"FUSE request failed","level":"ERRO","ts":"2026-10-06T23:15:26.045246584Z","instance":"remote-b-r1","service_name":"afs-node","message":"No such file or directory (os error 2)","kind":"NotFound","code":67305473}
{"msg":"FUSE request failed","level":"ERRO","ts":"2026-10-06T23:15:26.045372876Z","instance":"remote-b-r1","service_name":"afs-node","message":"No such file or directory (os error 2)","kind":"NotFound","code":67305473}
{"msg":"FUSE request failed","level":"ERRO","ts":"2026-10-06T23:15:26.045507251Z","instance":"remote-b-r1","service_name":"afs-node","message":"No such file or directory (os error 2)","kind":"NotFound","code":67305473}
{"msg":"FUSE request failed","level":"ERRO","ts":"2026-10-06T23:15:26.045636252Z","instance":"remote-b-r1","service_name":"afs-node","message":"No such file or directory (os error 2)","kind":"NotFound","code":67305473}
{"msg":"FUSE request failed","level":"ERRO","ts":"2026-10-06T23:15:26.04575971Z","instance":"remote-b-r1","service_name":"afs-node","message":"No such file or directory (os error 2)","kind":"NotFound","code":67305473}
{"msg":"FUSE request failed","level":"ERRO","ts":"2026-10-06T23:15:26.045891211Z","instance":"remote-b-r1","service_name":"afs-node","message":"No such file or directory (os error 2)","kind":"NotFound","code":67305473}
{"msg":"FUSE request failed","level":"ERRO","ts":"2026-10-06T23:15:26.046023169Z","instance":"remote-b-r1","service_name":"afs-node","message":"No such file or directory (os error 2)","kind":"NotFound","code":67305473}
{"msg":"FUSE request failed","level":"ERRO","ts":"2026-10-06T23:15:26.046151878Z","instance":"remote-b-r1","service_name":"afs-node","message":"No such file or directory (os error 2)","kind":"NotFound","code":67305473}
{"msg":"FUSE request failed","level":"ERRO","ts":"2026-10-06T23:15:26.04633142Z","instance":"remote-b-r1","service_name":"afs-node","message":"No such file or directory (os error 2)","kind":"NotFound","code":67305473}
{"msg":"FUSE request failed","level":"ERRO","ts":"2026-10-06T23:15:26.046473337Z","instance":"remote-b-r1","service_name":"afs-node","message":"No such file or directory (os error 2)","kind":"NotFound","code":67305473}
{"msg":"FUSE request failed","level":"ERRO","ts":"2026-10-06T23:15:26.046601546Z","instance":"remote-b-r1","service_name":"afs-node","message":"No such file or directory (os error 2)","kind":"NotFound","code":67305473}
{"msg":"FUSE request failed","level":"ERRO","ts":"2026-10-06T23:15:26.046727129Z","instance":"remote-b-r1","service_name":"afs-node","message":"No such file or directory (os error 2)","kind":"NotFound","code":67305473}
{"msg":"FUSE request failed","level":"ERRO","ts":"2026-10-06T23:15:26.046845879Z","instance":"remote-b-r1","service_name":"afs-node","message":"No such file or directory (os error 2)","kind":"NotFound","code":67305473}
{"msg":"FUSE request failed","level":"ERRO","ts":"2026-10-06T23:15:26.04698563Z","instance":"remote-b-r1","service_name":"afs-node","message":"No such file or directory (os error 2)","kind":"NotFound","code":67305473}
{"msg":"FUSE request failed","level":"ERRO","ts":"2026-10-06T23:15:26.047117047Z","instance":"remote-b-r1","service_name":"afs-node","message":"No such file or directory (os error 2)","kind":"NotFound","code":67305473}
{"msg":"FUSE request failed","level":"ERRO","ts":"2026-10-06T23:15:26.04725538Z","instance":"remote-b-r1","service_name":"afs-node","message":"No such file or directory (os error 2)","kind":"NotFound","code":67305473}
{"msg":"FUSE request failed","level":"ERRO","ts":"2026-10-06T23:15:26.047413131Z","instance":"remote-b-r1","service_name":"afs-node","message":"No such file or directory (os error 2)","kind":"NotFound","code":67305473}
{"msg":"FUSE request failed","level":"ERRO","ts":"2026-10-06T23:15:26.047567923Z","instance":"remote-b-r1","service_name":"afs-node","message":"No such file or directory (os error 2)","kind":"NotFound","code":67305473}
{"msg":"FUSE request failed","level":"ERRO","ts":"2026-10-06T23:15:26.047715256Z","instance":"remote-b-r1","service_name":"afs-node","message":"No such file or directory (os error 2)","kind":"NotFound","code":67305473}
{"msg":"FUSE request failed","level":"ERRO","ts":"2026-10-06T23:15:26.047876715Z","instance":"remote-b-r1","service_name":"afs-node","message":"No such file or directory (os error 2)","kind":"NotFound","code":67305473}
{"msg":"FUSE request failed","level":"ERRO","ts":"2026-10-06T23:15:26.048032132Z","instance":"remote-b-r1","service_name":"afs-node","message":"No such file or directory (os error 2)","kind":"NotFound","code":67305473}
{"msg":"FUSE request failed","level":"ERRO","ts":"2026-10-06T23:15:26.048178049Z","instance":"remote-b-r1","service_name":"afs-node","message":"No such file or directory (os error 2)","kind":"NotFound","code":67305473}
{"msg":"FUSE request failed","level":"ERRO","ts":"2026-10-06T23:15:26.048298883Z","instance":"remote-b-r1","service_name":"afs-node","message":"No such file or directory (os error 2)","kind":"NotFound","code":67305473}
{"msg":"FUSE request failed","level":"ERRO","ts":"2026-10-06T23:15:26.04843855Z","instance":"remote-b-r1","service_name":"afs-node","message":"No such file or directory (os error 2)","kind":"NotFound","code":67305473}
{"msg":"FUSE request failed","level":"ERRO","ts":"2026-10-06T23:15:26.048582342Z","instance":"remote-b-r1","service_name":"afs-node","message":"No such file or directory (os error 2)","kind":"NotFound","code":67305473}
{"msg":"FUSE request failed","level":"ERRO","ts":"2026-10-06T23:15:26.048723217Z","instance":"remote-b-r1","service_name":"afs-node","message":"No such file or directory (os error 2)","kind":"NotFound","code":67305473}
{"msg":"FUSE request failed","level":"ERRO","ts":"2026-10-06T23:15:26.048868509Z","instance":"remote-b-r1","service_name":"afs-node","message":"No such file or directory (os error 2)","kind":"NotFound","code":67305473}
{"msg":"FUSE request failed","level":"ERRO","ts":"2026-10-06T23:15:26.048987343Z","instance":"remote-b-r1","service_name":"afs-node","message":"No such file or directory (os error 2)","kind":"NotFound","code":67305473}
{"msg":"FUSE request failed","level":"ERRO","ts":"2026-10-06T23:15:26.049164051Z","instance":"remote-b-r1","service_name":"afs-node","message":"No such file or directory (os error 2)","kind":"NotFound","code":67305473}
{"msg":"FUSE request failed","level":"ERRO","ts":"2026-10-06T23:15:26.049313427Z","instance":"remote-b-r1","service_name":"afs-node","message":"No such file or directory (os error 2)","kind":"NotFound","code":67305473}
{"msg":"FUSE request failed","level":"ERRO","ts":"2026-10-06T23:15:26.049449052Z","instance":"remote-b-r1","service_name":"afs-node","message":"No such file or directory (os error 2)","kind":"NotFound","code":67305473}
{"msg":"FUSE request failed","level":"ERRO","ts":"2026-10-06T23:15:26.049590052Z","instance":"remote-b-r1","service_name":"afs-node","message":"No such file or directory (os error 2)","kind":"NotFound","code":67305473}
{"msg":"FUSE request failed","level":"ERRO","ts":"2026-10-06T23:15:26.049730719Z","instance":"remote-b-r1","service_name":"afs-node","message":"No such file or directory (os error 2)","kind":"NotFound","code":67305473}
{"msg":"FUSE request failed","level":"ERRO","ts":"2026-10-06T23:15:26.049870761Z","instance":"remote-b-r1","service_name":"afs-node","message":"No such file or directory (os error 2)","kind":"NotFound","code":67305473}
{"msg":"FUSE request failed","level":"ERRO","ts":"2026-10-06T23:15:26.050001262Z","instance":"remote-b-r1","service_name":"afs-node","message":"No such file or directory (os error 2)","kind":"NotFound","code":67305473}
{"msg":"FUSE request failed","level":"ERRO","ts":"2026-10-06T23:15:26.050175387Z","instance":"remote-b-r1","service_name":"afs-node","message":"No such file or directory (os error 2)","kind":"NotFound","code":67305473}
{"msg":"FUSE request failed","level":"ERRO","ts":"2026-10-06T23:15:26.050338429Z","instance":"remote-b-r1","service_name":"afs-node","message":"No such file or directory (os error 2)","kind":"NotFound","code":67305473}
{"msg":"FUSE request failed","level":"ERRO","ts":"2026-10-06T23:15:26.050480763Z","instance":"remote-b-r1","service_name":"afs-node","message":"No such file or directory (os error 2)","kind":"NotFound","code":67305473}
{"msg":"FUSE request failed","level":"ERRO","ts":"2026-10-06T23:15:26.050617805Z","instance":"remote-b-r1","service_name":"afs-node","message":"No such file or directory (os error 2)","kind":"NotFound","code":67305473}
{"msg":"FUSE request failed","level":"ERRO","ts":"2026-10-06T23:15:26.050757388Z","instance":"remote-b-r1","service_name":"afs-node","message":"No such file or directory (os error 2)","kind":"NotFound","code":67305473}
{"msg":"FUSE request failed","level":"ERRO","ts":"2026-10-06T23:15:26.050901014Z","instance":"remote-b-r1","service_name":"afs-node","message":"No such file or directory (os error 2)","kind":"NotFound","code":67305473}
{"msg":"FUSE request failed","level":"ERRO","ts":"2026-10-06T23:15:26.051019264Z","instance":"remote-b-r1","service_name":"afs-node","message":"No such file or directory (os error 2)","kind":"NotFound","code":67305473}
{"msg":"FUSE request failed","level":"ERRO","ts":"2026-10-06T23:15:26.051174306Z","instance":"remote-b-r1","service_name":"afs-node","message":"No such file or directory (os error 2)","kind":"NotFound","code":67305473}
{"msg":"FUSE request failed","level":"ERRO","ts":"2026-10-06T23:15:26.05131214Z","instance":"remote-b-r1","service_name":"afs-node","message":"No such file or directory (os error 2)","kind":"NotFound","code":67305473}
{"msg":"FUSE request failed","level":"ERRO","ts":"2026-10-06T23:15:26.051463348Z","instance":"remote-b-r1","service_name":"afs-node","message":"No such file or directory (os error 2)","kind":"NotFound","code":67305473}
{"msg":"FUSE request failed","level":"ERRO","ts":"2026-10-06T23:15:26.051606599Z","instance":"remote-b-r1","service_name":"afs-node","message":"No such file or directory (os error 2)","kind":"NotFound","code":67305473}
{"msg":"FUSE request failed","level":"ERRO","ts":"2026-10-06T23:15:26.051742349Z","instance":"remote-b-r1","service_name":"afs-node","message":"No such file or directory (os error 2)","kind":"NotFound","code":67305473}
{"msg":"FUSE request failed","level":"ERRO","ts":"2026-10-06T23:15:26.051878516Z","instance":"remote-b-r1","service_name":"afs-node","message":"No such file or directory (os error 2)","kind":"NotFound","code":67305473}
{"msg":"FUSE request failed","level":"ERRO","ts":"2026-10-06T23:15:26.0520131Z","instance":"remote-b-r1","service_name":"afs-node","message":"No such file or directory (os error 2)","kind":"NotFound","code":67305473}
{"msg":"FUSE request failed","level":"ERRO","ts":"2026-10-06T23:15:26.052139725Z","instance":"remote-b-r1","service_name":"afs-node","message":"No such file or directory (os error 2)","kind":"NotFound","code":67305473}
{"msg":"FUSE request failed","level":"ERRO","ts":"2026-10-06T23:15:26.052264475Z","instance":"remote-b-r1","service_name":"afs-node","message":"No such file or directory (os error 2)","kind":"NotFound","code":67305473}
{"msg":"FUSE request failed","level":"ERRO","ts":"2026-10-06T23:15:26.052405767Z","instance":"remote-b-r1","service_name":"afs-node","message":"No such file or directory (os error 2)","kind":"NotFound","code":67305473}
{"msg":"FUSE request failed","level":"ERRO","ts":"2026-10-06T23:15:26.052541559Z","instance":"remote-b-r1","service_name":"afs-node","message":"No such file or directory (os error 2)","kind":"NotFound","code":67305473}
{"msg":"FUSE request failed","level":"ERRO","ts":"2026-10-06T23:15:26.052676101Z","instance":"remote-b-r1","service_name":"afs-node","message":"No such file or directory (os error 2)","kind":"NotFound","code":67305473}
{"msg":"FUSE request failed","level":"ERRO","ts":"2026-10-06T23:15:26.052828643Z","instance":"remote-b-r1","service_name":"afs-node","message":"No such file or directory (os error 2)","kind":"NotFound","code":67305473}
{"msg":"FUSE request failed","level":"ERRO","ts":"2026-10-06T23:15:26.052981018Z","instance":"remote-b-r1","service_name":"afs-node","message":"No such file or directory (os error 2)","kind":"NotFound","code":67305473}
{"msg":"FUSE request failed","level":"ERRO","ts":"2026-10-06T23:15:26.053140352Z","instance":"remote-b-r1","service_name":"afs-node","message":"No such file or directory (os error 2)","kind":"NotFound","code":67305473}
{"msg":"FUSE request failed","level":"ERRO","ts":"2026-10-06T23:15:26.053266936Z","instance":"remote-b-r1","service_name":"afs-node","message":"No such file or directory (os error 2)","kind":"NotFound","code":67305473}
{"msg":"FUSE request failed","level":"ERRO","ts":"2026-10-06T23:15:26.053409728Z","instance":"remote-b-r1","service_name":"afs-node","message":"No such file or directory (os error 2)","kind":"NotFound","code":67305473}
{"msg":"FUSE request failed","level":"ERRO","ts":"2026-10-06T23:15:26.05354077Z","instance":"remote-b-r1","service_name":"afs-node","message":"No such file or directory (os error 2)","kind":"NotFound","code":67305473}
{"msg":"FUSE request failed","level":"ERRO","ts":"2026-10-06T23:15:26.053681395Z","instance":"remote-b-r1","service_name":"afs-node","message":"No such file or directory (os error 2)","kind":"NotFound","code":67305473}
{"msg":"FUSE request failed","level":"ERRO","ts":"2026-10-06T23:15:26.053839645Z","instance":"remote-b-r1","service_name":"afs-node","message":"No such file or directory (os error 2)","kind":"NotFound","code":67305473}
{"msg":"FUSE request failed","level":"ERRO","ts":"2026-10-06T23:15:26.053995937Z","instance":"remote-b-r1","service_name":"afs-node","message":"No such file or directory (os error 2)","kind":"NotFound","code":67305473}
{"msg":"FUSE request failed","level":"ERRO","ts":"2026-10-06T23:15:26.054149354Z","instance":"remote-b-r1","service_name":"afs-node","message":"No such file or directory (os error 2)","kind":"NotFound","code":67305473}
{"msg":"FUSE request failed","level":"ERRO","ts":"2026-10-06T23:15:26.054298021Z","instance":"remote-b-r1","service_name":"afs-node","message":"No such file or directory (os error 2)","kind":"NotFound","code":67305473}
{"msg":"FUSE request failed","level":"ERRO","ts":"2026-10-06T23:15:26.05445423Z","instance":"remote-b-r1","service_name":"afs-node","message":"No such file or directory (os error 2)","kind":"NotFound","code":67305473}
{"msg":"FUSE request failed","level":"ERRO","ts":"2026-10-06T23:15:26.054595647Z","instance":"remote-b-r1","service_name":"afs-node","message":"No such file or directory (os error 2)","kind":"NotFound","code":67305473}
{"msg":"FUSE request failed","level":"ERRO","ts":"2026-10-06T23:15:26.054735314Z","instance":"remote-b-r1","service_name":"afs-node","message":"No such file or directory (os error 2)","kind":"NotFound","code":67305473}
{"msg":"FUSE request failed","level":"ERRO","ts":"2026-10-06T23:15:26.054872481Z","instance":"remote-b-r1","service_name":"afs-node","message":"No such file or directory (os error 2)","kind":"NotFound","code":67305473}
{"msg":"FUSE request failed","level":"ERRO","ts":"2026-10-06T23:15:26.055018856Z","instance":"remote-b-r1","service_name":"afs-node","message":"No such file or directory (os error 2)","kind":"NotFound","code":67305473}
{"msg":"FUSE request failed","level":"ERRO","ts":"2026-10-06T23:15:26.055170398Z","instance":"remote-b-r1","service_name":"afs-node","message":"No such file or directory (os error 2)","kind":"NotFound","code":67305473}
{"msg":"FUSE request failed","level":"ERRO","ts":"2026-10-06T23:15:26.055283399Z","instance":"remote-b-r1","service_name":"afs-node","message":"No such file or directory (os error 2)","kind":"NotFound","code":67305473}
{"msg":"FUSE request failed","level":"ERRO","ts":"2026-10-06T23:15:26.055412691Z","instance":"remote-b-r1","service_name":"afs-node","message":"No such file or directory (os error 2)","kind":"NotFound","code":67305473}
{"msg":"FUSE request failed","level":"ERRO","ts":"2026-10-06T23:15:26.055560983Z","instance":"remote-b-r1","service_name":"afs-node","message":"No such file or directory (os error 2)","kind":"NotFound","code":67305473}
{"msg":"FUSE request failed","level":"ERRO","ts":"2026-10-06T23:15:26.055702066Z","instance":"remote-b-r1","service_name":"afs-node","message":"No such file or directory (os error 2)","kind":"NotFound","code":67305473}
{"msg":"FUSE request failed","level":"ERRO","ts":"2026-10-06T23:15:26.055842233Z","instance":"remote-b-r1","service_name":"afs-node","message":"No such file or directory (os error 2)","kind":"NotFound","code":67305473}
{"msg":"FUSE request failed","level":"ERRO","ts":"2026-10-06T23:15:26.055974942Z","instance":"remote-b-r1","service_name":"afs-node","message":"No such file or directory (os error 2)","kind":"NotFound","code":67305473}
{"msg":"FUSE request failed","level":"ERRO","ts":"2026-10-06T23:15:26.056107609Z","instance":"remote-b-r1","service_name":"afs-node","message":"No such file or directory (os error 2)","kind":"NotFound","code":67305473}
{"msg":"FUSE request failed","level":"ERRO","ts":"2026-10-06T23:15:26.056249734Z","instance":"remote-b-r1","service_name":"afs-node","message":"No such file or directory (os error 2)","kind":"NotFound","code":67305473}
{"msg":"FUSE request failed","level":"ERRO","ts":"2026-10-06T23:15:26.056382151Z","instance":"remote-b-r1","service_name":"afs-node","message":"No such file or directory (os error 2)","kind":"NotFound","code":67305473}
{"msg":"FUSE request failed","level":"ERRO","ts":"2026-10-06T23:15:26.05652011Z","instance":"remote-b-r1","service_name":"afs-node","message":"No such file or directory (os error 2)","kind":"NotFound","code":67305473}
{"msg":"FUSE request failed","level":"ERRO","ts":"2026-10-06T23:15:26.056650693Z","instance":"remote-b-r1","service_name":"afs-node","message":"No such file or directory (os error 2)","kind":"NotFound","code":67305473}
{"msg":"FUSE request failed","level":"ERRO","ts":"2026-10-06T23:15:26.056778194Z","instance":"remote-b-r1","service_name":"afs-node","message":"No such file or directory (os error 2)","kind":"NotFound","code":67305473}
{"msg":"FUSE request failed","level":"ERRO","ts":"2026-10-06T23:15:26.056912819Z","instance":"remote-b-r1","service_name":"afs-node","message":"No such file or directory (os error 2)","kind":"NotFound","code":67305473}
{"msg":"FUSE request failed","level":"ERRO","ts":"2026-10-06T23:15:26.057042861Z","instance":"remote-b-r1","service_name":"afs-node","message":"No such file or directory (os error 2)","kind":"NotFound","code":67305473}
{"msg":"FUSE request failed","level":"ERRO","ts":"2026-10-06T23:15:26.057180528Z","instance":"remote-b-r1","service_name":"afs-node","message":"No such file or directory (os error 2)","kind":"NotFound","code":67305473}
{"msg":"FUSE request failed","level":"ERRO","ts":"2026-10-06T23:15:26.057307737Z","instance":"remote-b-r1","service_name":"afs-node","message":"No such file or directory (os error 2)","kind":"NotFound","code":67305473}
{"msg":"FUSE request failed","level":"ERRO","ts":"2026-10-06T23:15:26.057439154Z","instance":"remote-b-r1","service_name":"afs-node","message":"No such file or directory (os error 2)","kind":"NotFound","code":67305473}
{"msg":"FUSE request failed","level":"ERRO","ts":"2026-10-06T23:15:26.057539029Z","instance":"remote-b-r1","service_name":"afs-node","message":"No such file or directory (os error 2)","kind":"NotFound","code":67305473}
{"msg":"FUSE request failed","level":"ERRO","ts":"2026-10-06T23:15:26.057668696Z","instance":"remote-b-r1","service_name":"afs-node","message":"No such file or directory (os error 2)","kind":"NotFound","code":67305473}
{"msg":"FUSE request failed","level":"ERRO","ts":"2026-10-06T23:15:26.057803571Z","instance":"remote-b-r1","service_name":"afs-node","message":"No such file or directory (os error 2)","kind":"NotFound","code":67305473}
{"msg":"FUSE request failed","level":"ERRO","ts":"2026-10-06T23:15:26.057951405Z","instance":"remote-b-r1","service_name":"afs-node","message":"No such file or directory (os error 2)","kind":"NotFound","code":67305473}
{"msg":"FUSE request failed","level":"ERRO","ts":"2026-10-06T23:15:26.058091363Z","instance":"remote-b-r1","service_name":"afs-node","message":"No such file or directory (os error 2)","kind":"NotFound","code":67305473}
{"msg":"FUSE request failed","level":"ERRO","ts":"2026-10-06T23:15:26.058233822Z","instance":"remote-b-r1","service_name":"afs-node","message":"No such file or directory (os error 2)","kind":"NotFound","code":67305473}
{"msg":"FUSE request failed","level":"ERRO","ts":"2026-10-06T23:15:26.058367781Z","instance":"remote-b-r1","service_name":"afs-node","message":"No such file or directory (os error 2)","kind":"NotFound","code":67305473}
{"msg":"FUSE request failed","level":"ERRO","ts":"2026-10-06T23:15:26.058481489Z","instance":"remote-b-r1","service_name":"afs-node","message":"No such file or directory (os error 2)","kind":"NotFound","code":67305473}
{"msg":"FUSE request failed","level":"ERRO","ts":"2026-10-06T23:15:26.058605823Z","instance":"remote-b-r1","service_name":"afs-node","message":"No such file or directory (os error 2)","kind":"NotFound","code":67305473}
{"msg":"FUSE request failed","level":"ERRO","ts":"2026-10-06T23:15:26.058743282Z","instance":"remote-b-r1","service_name":"afs-node","message":"No such file or directory (os error 2)","kind":"NotFound","code":67305473}
{"msg":"FUSE request failed","level":"ERRO","ts":"2026-10-06T23:15:26.058885074Z","instance":"remote-b-r1","service_name":"afs-node","message":"No such file or directory (os error 2)","kind":"NotFound","code":67305473}
{"msg":"FUSE request failed","level":"ERRO","ts":"2026-10-06T23:15:26.05902224Z","instance":"remote-b-r1","service_name":"afs-node","message":"No such file or directory (os error 2)","kind":"NotFound","code":67305473}
{"msg":"FUSE request failed","level":"ERRO","ts":"2026-10-06T23:15:26.059160574Z","instance":"remote-b-r1","service_name":"afs-node","message":"No such file or directory (os error 2)","kind":"NotFound","code":67305473}
{"msg":"FUSE request failed","level":"ERRO","ts":"2026-10-06T23:15:26.059292741Z","instance":"remote-b-r1","service_name":"afs-node","message":"No such file or directory (os error 2)","kind":"NotFound","code":67305473}
{"msg":"FUSE request failed","level":"ERRO","ts":"2026-10-06T23:15:26.05943195Z","instance":"remote-b-r1","service_name":"afs-node","message":"No such file or directory (os error 2)","kind":"NotFound","code":67305473}
{"msg":"FUSE request failed","level":"ERRO","ts":"2026-10-06T23:15:26.059577075Z","instance":"remote-b-r1","service_name":"afs-node","message":"No such file or directory (os error 2)","kind":"NotFound","code":67305473}
{"msg":"FUSE request failed","level":"ERRO","ts":"2026-10-06T23:15:26.059714075Z","instance":"remote-b-r1","service_name":"afs-node","message":"No such file or directory (os error 2)","kind":"NotFound","code":67305473}
{"msg":"FUSE request failed","level":"ERRO","ts":"2026-10-06T23:15:26.059848159Z","instance":"remote-b-r1","service_name":"afs-node","message":"No such file or directory (os error 2)","kind":"NotFound","code":67305473}
{"msg":"FUSE request failed","level":"ERRO","ts":"2026-10-06T23:15:26.059983951Z","instance":"remote-b-r1","service_name":"afs-node","message":"No such file or directory (os error 2)","kind":"NotFound","code":67305473}
{"msg":"FUSE request failed","level":"ERRO","ts":"2026-10-06T23:15:26.060122951Z","instance":"remote-b-r1","service_name":"afs-node","message":"No such file or directory (os error 2)","kind":"NotFound","code":67305473}
{"msg":"FUSE request failed","level":"ERRO","ts":"2026-10-06T23:15:26.060257035Z","instance":"remote-b-r1","service_name":"afs-node","message":"No such file or directory (os error 2)","kind":"NotFound","code":67305473}
{"msg":"FUSE request failed","level":"ERRO","ts":"2026-10-06T23:15:26.060406119Z","instance":"remote-b-r1","service_name":"afs-node","message":"No such file or directory (os error 2)","kind":"NotFound","code":67305473}
{"msg":"FUSE request failed","level":"ERRO","ts":"2026-10-06T23:15:26.060542286Z","instance":"remote-b-r1","service_name":"afs-node","message":"No such file or directory (os error 2)","kind":"NotFound","code":67305473}
{"msg":"FUSE request failed","level":"ERRO","ts":"2026-10-06T23:15:26.060662286Z","instance":"remote-b-r1","service_name":"afs-node","message":"No such file or directory (os error 2)","kind":"NotFound","code":67305473}
{"msg":"FUSE request failed","level":"ERRO","ts":"2026-10-06T23:15:26.060804786Z","instance":"remote-b-r1","service_name":"afs-node","message":"No such file or directory (os error 2)","kind":"NotFound","code":67305473}
{"msg":"FUSE request failed","level":"ERRO","ts":"2026-10-06T23:15:26.060941828Z","instance":"remote-b-r1","service_name":"afs-node","message":"No such file or directory (os error 2)","kind":"NotFound","code":67305473}
{"msg":"FUSE request failed","level":"ERRO","ts":"2026-10-06T23:15:26.061077745Z","instance":"remote-b-r1","service_name":"afs-node","message":"No such file or directory (os error 2)","kind":"NotFound","code":67305473}
{"msg":"FUSE request failed","level":"ERRO","ts":"2026-10-06T23:15:26.061215287Z","instance":"remote-b-r1","service_name":"afs-node","message":"No such file or directory (os error 2)","kind":"NotFound","code":67305473}
{"msg":"FUSE request failed","level":"ERRO","ts":"2026-10-06T23:15:26.061330371Z","instance":"remote-b-r1","service_name":"afs-node","message":"No such file or directory (os error 2)","kind":"NotFound","code":67305473}
{"msg":"FUSE request failed","level":"ERRO","ts":"2026-10-06T23:15:26.061468204Z","instance":"remote-b-r1","service_name":"afs-node","message":"No such file or directory (os error 2)","kind":"NotFound","code":67305473}
{"msg":"FUSE request failed","level":"ERRO","ts":"2026-10-06T23:15:26.061615371Z","instance":"remote-b-r1","service_name":"afs-node","message":"No such file or directory (os error 2)","kind":"NotFound","code":67305473}
{"msg":"FUSE request failed","level":"ERRO","ts":"2026-10-06T23:15:26.061765122Z","instance":"remote-b-r1","service_name":"afs-node","message":"No such file or directory (os error 2)","kind":"NotFound","code":67305473}
{"msg":"FUSE request failed","level":"ERRO","ts":"2026-10-06T23:15:26.061910414Z","instance":"remote-b-r1","service_name":"afs-node","message":"No such file or directory (os error 2)","kind":"NotFound","code":67305473}
{"msg":"FUSE request failed","level":"ERRO","ts":"2026-10-06T23:15:26.062052414Z","instance":"remote-b-r1","service_name":"afs-node","message":"No such file or directory (os error 2)","kind":"NotFound","code":67305473}
{"msg":"FUSE request failed","level":"ERRO","ts":"2026-10-06T23:15:26.062194664Z","instance":"remote-b-r1","service_name":"afs-node","message":"No such file or directory (os error 2)","kind":"NotFound","code":67305473}
{"msg":"FUSE request failed","level":"ERRO","ts":"2026-10-06T23:15:26.062322331Z","instance":"remote-b-r1","service_name":"afs-node","message":"No such file or directory (os error 2)","kind":"NotFound","code":67305473}
{"msg":"FUSE request failed","level":"ERRO","ts":"2026-10-06T23:15:26.062467207Z","instance":"remote-b-r1","service_name":"afs-node","message":"No such file or directory (os error 2)","kind":"NotFound","code":67305473}
{"msg":"FUSE request failed","level":"ERRO","ts":"2026-10-06T23:15:26.062602874Z","instance":"remote-b-r1","service_name":"afs-node","message":"No such file or directory (os error 2)","kind":"NotFound","code":67305473}
{"msg":"FUSE request failed","level":"ERRO","ts":"2026-10-06T23:15:26.062718416Z","instance":"remote-b-r1","service_name":"afs-node","message":"No such file or directory (os error 2)","kind":"NotFound","code":67305473}
{"msg":"FUSE request failed","level":"ERRO","ts":"2026-10-06T23:15:26.062859541Z","instance":"remote-b-r1","service_name":"afs-node","message":"No such file or directory (os error 2)","kind":"NotFound","code":67305473}
{"msg":"FUSE request failed","level":"ERRO","ts":"2026-10-06T23:15:26.063000541Z","instance":"remote-b-r1","service_name":"afs-node","message":"No such file or directory (os error 2)","kind":"NotFound","code":67305473}
{"msg":"FUSE request failed","level":"ERRO","ts":"2026-10-06T23:15:26.063140208Z","instance":"remote-b-r1","service_name":"afs-node","message":"No such file or directory (os error 2)","kind":"NotFound","code":67305473}
{"msg":"FUSE request failed","level":"ERRO","ts":"2026-10-06T23:15:26.063272417Z","instance":"remote-b-r1","service_name":"afs-node","message":"No such file or directory (os error 2)","kind":"NotFound","code":67305473}
{"msg":"FUSE request failed","level":"ERRO","ts":"2026-10-06T23:15:26.063418626Z","instance":"remote-b-r1","service_name":"afs-node","message":"No such file or directory (os error 2)","kind":"NotFound","code":67305473}
{"msg":"FUSE request failed","level":"ERRO","ts":"2026-10-06T23:15:26.063558251Z","instance":"remote-b-r1","service_name":"afs-node","message":"No such file or directory (os error 2)","kind":"NotFound","code":67305473}
{"msg":"FUSE request failed","level":"ERRO","ts":"2026-10-06T23:15:26.063680418Z","instance":"remote-b-r1","service_name":"afs-node","message":"No such file or directory (os error 2)","kind":"NotFound","code":67305473}
{"msg":"FUSE request failed","level":"ERRO","ts":"2026-10-06T23:15:26.063806001Z","instance":"remote-b-r1","service_name":"afs-node","message":"No such file or directory (os error 2)","kind":"NotFound","code":67305473}
{"msg":"FUSE request failed","level":"ERRO","ts":"2026-10-06T23:15:26.063943418Z","instance":"remote-b-r1","service_name":"afs-node","message":"No such file or directory (os error 2)","kind":"NotFound","code":67305473}
{"msg":"FUSE request failed","level":"ERRO","ts":"2026-10-06T23:15:26.064081669Z","instance":"remote-b-r1","service_name":"afs-node","message":"No such file or directory (os error 2)","kind":"NotFound","code":67305473}
{"msg":"FUSE request failed","level":"ERRO","ts":"2026-10-06T23:15:26.064216002Z","instance":"remote-b-r1","service_name":"afs-node","message":"No such file or directory (os error 2)","kind":"NotFound","code":67305473}
{"msg":"FUSE request failed","level":"ERRO","ts":"2026-10-06T23:15:26.064338836Z","instance":"remote-b-r1","service_name":"afs-node","message":"No such file or directory (os error 2)","kind":"NotFound","code":67305473}
{"msg":"FUSE request failed","level":"ERRO","ts":"2026-10-06T23:15:26.064472711Z","instance":"remote-b-r1","service_name":"afs-node","message":"No such file or directory (os error 2)","kind":"NotFound","code":67305473}
{"msg":"FUSE request failed","level":"ERRO","ts":"2026-10-06T23:15:26.064596003Z","instance":"remote-b-r1","service_name":"afs-node","message":"No such file or directory (os error 2)","kind":"NotFound","code":67305473}
{"msg":"FUSE request failed","level":"ERRO","ts":"2026-10-06T23:15:26.064731712Z","instance":"remote-b-r1","service_name":"afs-node","message":"No such file or directory (os error 2)","kind":"NotFound","code":67305473}
{"msg":"FUSE request failed","level":"ERRO","ts":"2026-10-06T23:15:26.064841004Z","instance":"remote-b-r1","service_name":"afs-node","message":"No such file or directory (os error 2)","kind":"NotFound","code":67305473}
{"msg":"FUSE request failed","level":"ERRO","ts":"2026-10-06T23:15:26.064968837Z","instance":"remote-b-r1","service_name":"afs-node","message":"No such file or directory (os error 2)","kind":"NotFound","code":67305473}
{"msg":"FUSE request failed","level":"ERRO","ts":"2026-10-06T23:15:26.065101838Z","instance":"remote-b-r1","service_name":"afs-node","message":"No such file or directory (os error 2)","kind":"NotFound","code":67305473}
{"msg":"FUSE request failed","level":"ERRO","ts":"2026-10-06T23:15:26.065233713Z","instance":"remote-b-r1","service_name":"afs-node","message":"No such file or directory (os error 2)","kind":"NotFound","code":67305473}
{"msg":"FUSE request failed","level":"ERRO","ts":"2026-10-06T23:15:26.065372588Z","instance":"remote-b-r1","service_name":"afs-node","message":"No such file or directory (os error 2)","kind":"NotFound","code":67305473}
{"msg":"FUSE request failed","level":"ERRO","ts":"2026-10-06T23:15:26.065504255Z","instance":"remote-b-r1","service_name":"afs-node","message":"No such file or directory (os error 2)","kind":"NotFound","code":67305473}
{"msg":"FUSE request failed","level":"ERRO","ts":"2026-10-06T23:15:26.065634797Z","instance":"remote-b-r1","service_name":"afs-node","message":"No such file or directory (os error 2)","kind":"NotFound","code":67305473}
{"msg":"FUSE request failed","level":"ERRO","ts":"2026-10-06T23:15:26.065764506Z","instance":"remote-b-r1","service_name":"afs-node","message":"No such file or directory (os error 2)","kind":"NotFound","code":67305473}
{"msg":"FUSE request failed","level":"ERRO","ts":"2026-10-06T23:15:26.065892339Z","instance":"remote-b-r1","service_name":"afs-node","message":"No such file or directory (os error 2)","kind":"NotFound","code":67305473}
{"msg":"FUSE request failed","level":"ERRO","ts":"2026-10-06T23:15:26.066022715Z","instance":"remote-b-r1","service_name":"afs-node","message":"No such file or directory (os error 2)","kind":"NotFound","code":67305473}
{"msg":"FUSE request failed","level":"ERRO","ts":"2026-10-06T23:15:26.066154423Z","instance":"remote-b-r1","service_name":"afs-node","message":"No such file or directory (os error 2)","kind":"NotFound","code":67305473}
{"msg":"FUSE request failed","level":"ERRO","ts":"2026-10-06T23:15:26.066280007Z","instance":"remote-b-r1","service_name":"afs-node","message":"No such file or directory (os error 2)","kind":"NotFound","code":67305473}
{"msg":"FUSE request failed","level":"ERRO","ts":"2026-10-06T23:15:26.066408466Z","instance":"remote-b-r1","service_name":"afs-node","message":"No such file or directory (os error 2)","kind":"NotFound","code":67305473}
{"msg":"FUSE request failed","level":"ERRO","ts":"2026-10-06T23:15:26.066538258Z","instance":"remote-b-r1","service_name":"afs-node","message":"No such file or directory (os error 2)","kind":"NotFound","code":67305473}
{"msg":"FUSE request failed","level":"ERRO","ts":"2026-10-06T23:15:26.066668425Z","instance":"remote-b-r1","service_name":"afs-node","message":"No such file or directory (os error 2)","kind":"NotFound","code":67305473}
{"msg":"FUSE request failed","level":"ERRO","ts":"2026-10-06T23:15:26.066799092Z","instance":"remote-b-r1","service_name":"afs-node","message":"No such file or directory (os error 2)","kind":"NotFound","code":67305473}
{"msg":"FUSE request failed","level":"ERRO","ts":"2026-10-06T23:15:26.066922425Z","instance":"remote-b-r1","service_name":"afs-node","message":"No such file or directory (os error 2)","kind":"NotFound","code":67305473}
{"msg":"FUSE request failed","level":"ERRO","ts":"2026-10-06T23:15:26.067050467Z","instance":"remote-b-r1","service_name":"afs-node","message":"No such file or directory (os error 2)","kind":"NotFound","code":67305473}
{"msg":"FUSE request failed","level":"ERRO","ts":"2026-10-06T23:15:26.067180967Z","instance":"remote-b-r1","service_name":"afs-node","message":"No such file or directory (os error 2)","kind":"NotFound","code":67305473}
{"msg":"FUSE request failed","level":"ERRO","ts":"2026-10-06T23:15:26.067294259Z","instance":"remote-b-r1","service_name":"afs-node","message":"No such file or directory (os error 2)","kind":"NotFound","code":67305473}
{"msg":"FUSE request failed","level":"ERRO","ts":"2026-10-06T23:15:26.067414635Z","instance":"remote-b-r1","service_name":"afs-node","message":"No such file or directory (os error 2)","kind":"NotFound","code":67305473}
{"msg":"FUSE request failed","level":"ERRO","ts":"2026-10-06T23:15:26.067553468Z","instance":"remote-b-r1","service_name":"afs-node","message":"No such file or directory (os error 2)","kind":"NotFound","code":67305473}
{"msg":"FUSE request failed","level":"ERRO","ts":"2026-10-06T23:15:26.06768401Z","instance":"remote-b-r1","service_name":"afs-node","message":"No such file or directory (os error 2)","kind":"NotFound","code":67305473}
{"msg":"FUSE request failed","level":"ERRO","ts":"2026-10-06T23:15:26.067814594Z","instance":"remote-b-r1","service_name":"afs-node","message":"No such file or directory (os error 2)","kind":"NotFound","code":67305473}
{"msg":"FUSE request failed","level":"ERRO","ts":"2026-10-06T23:15:26.067943094Z","instance":"remote-b-r1","service_name":"afs-node","message":"No such file or directory (os error 2)","kind":"NotFound","code":67305473}
{"msg":"FUSE request failed","level":"ERRO","ts":"2026-10-06T23:15:26.068067761Z","instance":"remote-b-r1","service_name":"afs-node","message":"No such file or directory (os error 2)","kind":"NotFound","code":67305473}
{"msg":"FUSE request failed","level":"ERRO","ts":"2026-10-06T23:15:26.068198178Z","instance":"remote-b-r1","service_name":"afs-node","message":"No such file or directory (os error 2)","kind":"NotFound","code":67305473}
{"msg":"FUSE request failed","level":"ERRO","ts":"2026-10-06T23:15:26.068312595Z","instance":"remote-b-r1","service_name":"afs-node","message":"No such file or directory (os error 2)","kind":"NotFound","code":67305473}
{"msg":"FUSE request failed","level":"ERRO","ts":"2026-10-06T23:15:26.068439637Z","instance":"remote-b-r1","service_name":"afs-node","message":"No such file or directory (os error 2)","kind":"NotFound","code":67305473}
{"msg":"FUSE request failed","level":"ERRO","ts":"2026-10-06T23:15:26.068565096Z","instance":"remote-b-r1","service_name":"afs-node","message":"No such file or directory (os error 2)","kind":"NotFound","code":67305473}
{"msg":"FUSE request failed","level":"ERRO","ts":"2026-10-06T23:15:26.068689013Z","instance":"remote-b-r1","service_name":"afs-node","message":"No such file or directory (os error 2)","kind":"NotFound","code":67305473}
{"msg":"FUSE request failed","level":"ERRO","ts":"2026-10-06T23:15:26.068808054Z","instance":"remote-b-r1","service_name":"afs-node","message":"No such file or directory (os error 2)","kind":"NotFound","code":67305473}
{"msg":"FUSE request failed","level":"ERRO","ts":"2026-10-06T23:15:26.06893043Z","instance":"remote-b-r1","service_name":"afs-node","message":"No such file or directory (os error 2)","kind":"NotFound","code":67305473}
{"msg":"FUSE request failed","level":"ERRO","ts":"2026-10-06T23:15:26.069056972Z","instance":"remote-b-r1","service_name":"afs-node","message":"No such file or directory (os error 2)","kind":"NotFound","code":67305473}
{"msg":"FUSE request failed","level":"ERRO","ts":"2026-10-06T23:15:26.069144264Z","instance":"remote-b-r1","service_name":"afs-node","message":"No such file or directory (os error 2)","kind":"NotFound","code":67305473}
{"msg":"FUSE request failed","level":"ERRO","ts":"2026-10-06T23:15:26.069265847Z","instance":"remote-b-r1","service_name":"afs-node","message":"No such file or directory (os error 2)","kind":"NotFound","code":67305473}
{"msg":"FUSE request failed","level":"ERRO","ts":"2026-10-06T23:15:26.069378556Z","instance":"remote-b-r1","service_name":"afs-node","message":"No such file or directory (os error 2)","kind":"NotFound","code":67305473}
{"msg":"FUSE request failed","level":"ERRO","ts":"2026-10-06T23:15:26.069485639Z","instance":"remote-b-r1","service_name":"afs-node","message":"No such file or directory (os error 2)","kind":"NotFound","code":67305473}
{"msg":"FUSE request failed","level":"ERRO","ts":"2026-10-06T23:15:26.069607973Z","instance":"remote-b-r1","service_name":"afs-node","message":"No such file or directory (os error 2)","kind":"NotFound","code":67305473}
{"msg":"FUSE request failed","level":"ERRO","ts":"2026-10-06T23:15:26.069731765Z","instance":"remote-b-r1","service_name":"afs-node","message":"No such file or directory (os error 2)","kind":"NotFound","code":67305473}
{"msg":"FUSE request failed","level":"ERRO","ts":"2026-10-06T23:15:26.069853932Z","instance":"remote-b-r1","service_name":"afs-node","message":"No such file or directory (os error 2)","kind":"NotFound","code":67305473}
{"msg":"FUSE request failed","level":"ERRO","ts":"2026-10-06T23:15:26.069977182Z","instance":"remote-b-r1","service_name":"afs-node","message":"No such file or directory (os error 2)","kind":"NotFound","code":67305473}
{"msg":"FUSE request failed","level":"ERRO","ts":"2026-10-06T23:15:26.070100141Z","instance":"remote-b-r1","service_name":"afs-node","message":"No such file or directory (os error 2)","kind":"NotFound","code":67305473}
{"msg":"FUSE request failed","level":"ERRO","ts":"2026-10-06T23:15:26.070223808Z","instance":"remote-b-r1","service_name":"afs-node","message":"No such file or directory (os error 2)","kind":"NotFound","code":67305473}
{"msg":"FUSE request failed","level":"ERRO","ts":"2026-10-06T23:15:26.070331975Z","instance":"remote-b-r1","service_name":"afs-node","message":"No such file or directory (os error 2)","kind":"NotFound","code":67305473}
{"msg":"FUSE request failed","level":"ERRO","ts":"2026-10-06T23:15:26.070457892Z","instance":"remote-b-r1","service_name":"afs-node","message":"No such file or directory (os error 2)","kind":"NotFound","code":67305473}
{"msg":"FUSE request failed","level":"ERRO","ts":"2026-10-06T23:15:26.0705781Z","instance":"remote-b-r1","service_name":"afs-node","message":"No such file or directory (os error 2)","kind":"NotFound","code":67305473}
{"msg":"FUSE request failed","level":"ERRO","ts":"2026-10-06T23:15:26.070700434Z","instance":"remote-b-r1","service_name":"afs-node","message":"No such file or directory (os error 2)","kind":"NotFound","code":67305473}
{"msg":"FUSE request failed","level":"ERRO","ts":"2026-10-06T23:15:26.070828184Z","instance":"remote-b-r1","service_name":"afs-node","message":"No such file or directory (os error 2)","kind":"NotFound","code":67305473}
{"msg":"FUSE request failed","level":"ERRO","ts":"2026-10-06T23:15:26.070951434Z","instance":"remote-b-r1","service_name":"afs-node","message":"No such file or directory (os error 2)","kind":"NotFound","code":67305473}
{"msg":"FUSE request failed","level":"ERRO","ts":"2026-10-06T23:15:26.071075143Z","instance":"remote-b-r1","service_name":"afs-node","message":"No such file or directory (os error 2)","kind":"NotFound","code":67305473}
{"msg":"FUSE request failed","level":"ERRO","ts":"2026-10-06T23:15:26.071181143Z","instance":"remote-b-r1","service_name":"afs-node","message":"No such file or directory (os error 2)","kind":"NotFound","code":67305473}
{"msg":"FUSE request failed","level":"ERRO","ts":"2026-10-06T23:15:26.071293602Z","instance":"remote-b-r1","service_name":"afs-node","message":"No such file or directory (os error 2)","kind":"NotFound","code":67305473}
{"msg":"FUSE request failed","level":"ERRO","ts":"2026-10-06T23:15:26.071433477Z","instance":"remote-b-r1","service_name":"afs-node","message":"No such file or directory (os error 2)","kind":"NotFound","code":67305473}
{"msg":"FUSE request failed","level":"ERRO","ts":"2026-10-06T23:15:26.071557852Z","instance":"remote-b-r1","service_name":"afs-node","message":"No such file or directory (os error 2)","kind":"NotFound","code":67305473}
{"msg":"FUSE request failed","level":"ERRO","ts":"2026-10-06T23:15:26.071682519Z","instance":"remote-b-r1","service_name":"afs-node","message":"No such file or directory (os error 2)","kind":"NotFound","code":67305473}
{"msg":"FUSE request failed","level":"ERRO","ts":"2026-10-06T23:15:26.07180552Z","instance":"remote-b-r1","service_name":"afs-node","message":"No such file or directory (os error 2)","kind":"NotFound","code":67305473}
{"msg":"FUSE request failed","level":"ERRO","ts":"2026-10-06T23:15:26.071927687Z","instance":"remote-b-r1","service_name":"afs-node","message":"No such file or directory (os error 2)","kind":"NotFound","code":67305473}
{"msg":"FUSE request failed","level":"ERRO","ts":"2026-10-06T23:15:26.072050729Z","instance":"remote-b-r1","service_name":"afs-node","message":"No such file or directory (os error 2)","kind":"NotFound","code":67305473}
{"msg":"FUSE request failed","level":"ERRO","ts":"2026-10-06T23:15:26.07217327Z","instance":"remote-b-r1","service_name":"afs-node","message":"No such file or directory (os error 2)","kind":"NotFound","code":67305473}
{"msg":"FUSE request failed","level":"ERRO","ts":"2026-10-06T23:15:26.072292646Z","instance":"remote-b-r1","service_name":"afs-node","message":"No such file or directory (os error 2)","kind":"NotFound","code":67305473}
{"msg":"FUSE request failed","level":"ERRO","ts":"2026-10-06T23:15:26.072417938Z","instance":"remote-b-r1","service_name":"afs-node","message":"No such file or directory (os error 2)","kind":"NotFound","code":67305473}
{"msg":"FUSE request failed","level":"ERRO","ts":"2026-10-06T23:15:26.07254098Z","instance":"remote-b-r1","service_name":"afs-node","message":"No such file or directory (os error 2)","kind":"NotFound","code":67305473}
{"msg":"FUSE request failed","level":"ERRO","ts":"2026-10-06T23:15:26.072649647Z","instance":"remote-b-r1","service_name":"afs-node","message":"No such file or directory (os error 2)","kind":"NotFound","code":67305473}
{"msg":"FUSE request failed","level":"ERRO","ts":"2026-10-06T23:15:26.072762147Z","instance":"remote-b-r1","service_name":"afs-node","message":"No such file or directory (os error 2)","kind":"NotFound","code":67305473}
{"msg":"FUSE request failed","level":"ERRO","ts":"2026-10-06T23:15:26.07286573Z","instance":"remote-b-r1","service_name":"afs-node","message":"No such file or directory (os error 2)","kind":"NotFound","code":67305473}
{"msg":"FUSE request failed","level":"ERRO","ts":"2026-10-06T23:15:26.072968981Z","instance":"remote-b-r1","service_name":"afs-node","message":"No such file or directory (os error 2)","kind":"NotFound","code":67305473}
{"msg":"FUSE request failed","level":"ERRO","ts":"2026-10-06T23:15:26.073072773Z","instance":"remote-b-r1","service_name":"afs-node","message":"No such file or directory (os error 2)","kind":"NotFound","code":67305473}
{"msg":"FUSE request failed","level":"ERRO","ts":"2026-10-06T23:15:26.073188898Z","instance":"remote-b-r1","service_name":"afs-node","message":"No such file or directory (os error 2)","kind":"NotFound","code":67305473}
{"msg":"FUSE request failed","level":"ERRO","ts":"2026-10-06T23:15:26.073292273Z","instance":"remote-b-r1","service_name":"afs-node","message":"No such file or directory (os error 2)","kind":"NotFound","code":67305473}
{"msg":"FUSE request failed","level":"ERRO","ts":"2026-10-06T23:15:26.073400815Z","instance":"remote-b-r1","service_name":"afs-node","message":"No such file or directory (os error 2)","kind":"NotFound","code":67305473}
{"msg":"FUSE request failed","level":"ERRO","ts":"2026-10-06T23:15:26.07350844Z","instance":"remote-b-r1","service_name":"afs-node","message":"No such file or directory (os error 2)","kind":"NotFound","code":67305473}
{"msg":"FUSE request failed","level":"ERRO","ts":"2026-10-06T23:15:26.073615815Z","instance":"remote-b-r1","service_name":"afs-node","message":"No such file or directory (os error 2)","kind":"NotFound","code":67305473}
{"msg":"FUSE request failed","level":"ERRO","ts":"2026-10-06T23:15:26.073735982Z","instance":"remote-b-r1","service_name":"afs-node","message":"No such file or directory (os error 2)","kind":"NotFound","code":67305473}
{"msg":"FUSE request failed","level":"ERRO","ts":"2026-10-06T23:15:26.073840316Z","instance":"remote-b-r1","service_name":"afs-node","message":"No such file or directory (os error 2)","kind":"NotFound","code":67305473}
{"msg":"FUSE request failed","level":"ERRO","ts":"2026-10-06T23:15:26.0739564Z","instance":"remote-b-r1","service_name":"afs-node","message":"No such file or directory (os error 2)","kind":"NotFound","code":67305473}
{"msg":"FUSE request failed","level":"ERRO","ts":"2026-10-06T23:15:26.074058483Z","instance":"remote-b-r1","service_name":"afs-node","message":"No such file or directory (os error 2)","kind":"NotFound","code":67305473}
{"msg":"FUSE request failed","level":"ERRO","ts":"2026-10-06T23:15:26.07417065Z","instance":"remote-b-r1","service_name":"afs-node","message":"No such file or directory (os error 2)","kind":"NotFound","code":67305473}
{"msg":"FUSE request failed","level":"ERRO","ts":"2026-10-06T23:15:26.074280234Z","instance":"remote-b-r1","service_name":"afs-node","message":"No such file or directory (os error 2)","kind":"NotFound","code":67305473}
{"msg":"FUSE request failed","level":"ERRO","ts":"2026-10-06T23:15:26.074374817Z","instance":"remote-b-r1","service_name":"afs-node","message":"No such file or directory (os error 2)","kind":"NotFound","code":67305473}
{"msg":"FUSE request failed","level":"ERRO","ts":"2026-10-06T23:15:26.074488067Z","instance":"remote-b-r1","service_name":"afs-node","message":"No such file or directory (os error 2)","kind":"NotFound","code":67305473}
{"msg":"FUSE request failed","level":"ERRO","ts":"2026-10-06T23:15:26.074595776Z","instance":"remote-b-r1","service_name":"afs-node","message":"No such file or directory (os error 2)","kind":"NotFound","code":67305473}
{"msg":"FUSE request failed","level":"ERRO","ts":"2026-10-06T23:15:26.074703526Z","instance":"remote-b-r1","service_name":"afs-node","message":"No such file or directory (os error 2)","kind":"NotFound","code":67305473}
{"msg":"FUSE request failed","level":"ERRO","ts":"2026-10-06T23:15:26.074811151Z","instance":"remote-b-r1","service_name":"afs-node","message":"No such file or directory (os error 2)","kind":"NotFound","code":67305473}
{"msg":"FUSE request failed","level":"ERRO","ts":"2026-10-06T23:15:26.074920235Z","instance":"remote-b-r1","service_name":"afs-node","message":"No such file or directory (os error 2)","kind":"NotFound","code":67305473}
{"msg":"FUSE request failed","level":"ERRO","ts":"2026-10-06T23:15:26.07502811Z","instance":"remote-b-r1","service_name":"afs-node","message":"No such file or directory (os error 2)","kind":"NotFound","code":67305473}
{"msg":"FUSE request failed","level":"ERRO","ts":"2026-10-06T23:15:26.075137027Z","instance":"remote-b-r1","service_name":"afs-node","message":"No such file or directory (os error 2)","kind":"NotFound","code":67305473}
{"msg":"FUSE request failed","level":"ERRO","ts":"2026-10-06T23:15:26.075250777Z","instance":"remote-b-r1","service_name":"afs-node","message":"No such file or directory (os error 2)","kind":"NotFound","code":67305473}
{"msg":"FUSE request failed","level":"ERRO","ts":"2026-10-06T23:15:26.075364819Z","instance":"remote-b-r1","service_name":"afs-node","message":"No such file or directory (os error 2)","kind":"NotFound","code":67305473}
{"msg":"FUSE request failed","level":"ERRO","ts":"2026-10-06T23:15:26.075462486Z","instance":"remote-b-r1","service_name":"afs-node","message":"No such file or directory (os error 2)","kind":"NotFound","code":67305473}
{"msg":"FUSE request failed","level":"ERRO","ts":"2026-10-06T23:15:26.07556607Z","instance":"remote-b-r1","service_name":"afs-node","message":"No such file or directory (os error 2)","kind":"NotFound","code":67305473}
{"msg":"FUSE request failed","level":"ERRO","ts":"2026-10-06T23:15:26.075667445Z","instance":"remote-b-r1","service_name":"afs-node","message":"No such file or directory (os error 2)","kind":"NotFound","code":67305473}
{"msg":"FUSE request failed","level":"ERRO","ts":"2026-10-06T23:15:26.075769945Z","instance":"remote-b-r1","service_name":"afs-node","message":"No such file or directory (os error 2)","kind":"NotFound","code":67305473}
{"msg":"FUSE request failed","level":"ERRO","ts":"2026-10-06T23:15:26.075878946Z","instance":"remote-b-r1","service_name":"afs-node","message":"No such file or directory (os error 2)","kind":"NotFound","code":67305473}
{"msg":"FUSE request failed","level":"ERRO","ts":"2026-10-06T23:15:26.075987529Z","instance":"remote-b-r1","service_name":"afs-node","message":"No such file or directory (os error 2)","kind":"NotFound","code":67305473}
{"msg":"FUSE request failed","level":"ERRO","ts":"2026-10-06T23:15:26.076090613Z","instance":"remote-b-r1","service_name":"afs-node","message":"No such file or directory (os error 2)","kind":"NotFound","code":67305473}
{"msg":"FUSE request failed","level":"ERRO","ts":"2026-10-06T23:15:26.07620403Z","instance":"remote-b-r1","service_name":"afs-node","message":"No such file or directory (os error 2)","kind":"NotFound","code":67305473}
{"msg":"FUSE request failed","level":"ERRO","ts":"2026-10-06T23:15:26.076293072Z","instance":"remote-b-r1","service_name":"afs-node","message":"No such file or directory (os error 2)","kind":"NotFound","code":67305473}
{"msg":"FUSE request failed","level":"ERRO","ts":"2026-10-06T23:15:26.076397447Z","instance":"remote-b-r1","service_name":"afs-node","message":"No such file or directory (os error 2)","kind":"NotFound","code":67305473}
{"msg":"FUSE request failed","level":"ERRO","ts":"2026-10-06T23:15:26.076508697Z","instance":"remote-b-r1","service_name":"afs-node","message":"No such file or directory (os error 2)","kind":"NotFound","code":67305473}
{"msg":"FUSE request failed","level":"ERRO","ts":"2026-10-06T23:15:26.076614822Z","instance":"remote-b-r1","service_name":"afs-node","message":"No such file or directory (os error 2)","kind":"NotFound","code":67305473}
{"msg":"FUSE request failed","level":"ERRO","ts":"2026-10-06T23:15:26.076723364Z","instance":"remote-b-r1","service_name":"afs-node","message":"No such file or directory (os error 2)","kind":"NotFound","code":67305473}
{"msg":"FUSE request failed","level":"ERRO","ts":"2026-10-06T23:15:26.076830406Z","instance":"remote-b-r1","service_name":"afs-node","message":"No such file or directory (os error 2)","kind":"NotFound","code":67305473}
{"msg":"FUSE request failed","level":"ERRO","ts":"2026-10-06T23:15:26.076951073Z","instance":"remote-b-r1","service_name":"afs-node","message":"No such file or directory (os error 2)","kind":"NotFound","code":67305473}
{"msg":"FUSE request failed","level":"ERRO","ts":"2026-10-06T23:15:26.077066532Z","instance":"remote-b-r1","service_name":"afs-node","message":"No such file or directory (os error 2)","kind":"NotFound","code":67305473}
{"msg":"FUSE request failed","level":"ERRO","ts":"2026-10-06T23:15:26.077191615Z","instance":"remote-b-r1","service_name":"afs-node","message":"No such file or directory (os error 2)","kind":"NotFound","code":67305473}
{"msg":"FUSE request failed","level":"ERRO","ts":"2026-10-06T23:15:26.077298865Z","instance":"remote-b-r1","service_name":"afs-node","message":"No such file or directory (os error 2)","kind":"NotFound","code":67305473}
{"msg":"FUSE request failed","level":"ERRO","ts":"2026-10-06T23:15:26.077420449Z","instance":"remote-b-r1","service_name":"afs-node","message":"No such file or directory (os error 2)","kind":"NotFound","code":67305473}
{"msg":"FUSE request failed","level":"ERRO","ts":"2026-10-06T23:15:26.077529699Z","instance":"remote-b-r1","service_name":"afs-node","message":"No such file or directory (os error 2)","kind":"NotFound","code":67305473}
{"msg":"FUSE request failed","level":"ERRO","ts":"2026-10-06T23:15:26.077635616Z","instance":"remote-b-r1","service_name":"afs-node","message":"No such file or directory (os error 2)","kind":"NotFound","code":67305473}
{"msg":"FUSE request failed","level":"ERRO","ts":"2026-10-06T23:15:26.077737033Z","instance":"remote-b-r1","service_name":"afs-node","message":"No such file or directory (os error 2)","kind":"NotFound","code":67305473}
{"msg":"FUSE request failed","level":"ERRO","ts":"2026-10-06T23:15:26.077850908Z","instance":"remote-b-r1","service_name":"afs-node","message":"No such file or directory (os error 2)","kind":"NotFound","code":67305473}
{"msg":"FUSE request failed","level":"ERRO","ts":"2026-10-06T23:15:26.077975075Z","instance":"remote-b-r1","service_name":"afs-node","message":"No such file or directory (os error 2)","kind":"NotFound","code":67305473}
{"msg":"FUSE request failed","level":"ERRO","ts":"2026-10-06T23:15:26.078090117Z","instance":"remote-b-r1","service_name":"afs-node","message":"No such file or directory (os error 2)","kind":"NotFound","code":67305473}
{"msg":"FUSE request failed","level":"ERRO","ts":"2026-10-06T23:15:26.078204993Z","instance":"remote-b-r1","service_name":"afs-node","message":"No such file or directory (os error 2)","kind":"NotFound","code":67305473}
{"msg":"FUSE request failed","level":"ERRO","ts":"2026-10-06T23:15:26.078307868Z","instance":"remote-b-r1","service_name":"afs-node","message":"No such file or directory (os error 2)","kind":"NotFound","code":67305473}
{"msg":"FUSE request failed","level":"ERRO","ts":"2026-10-06T23:15:26.078415785Z","instance":"remote-b-r1","service_name":"afs-node","message":"No such file or directory (os error 2)","kind":"NotFound","code":67305473}
{"msg":"FUSE request failed","level":"ERRO","ts":"2026-10-06T23:15:26.078530618Z","instance":"remote-b-r1","service_name":"afs-node","message":"No such file or directory (os error 2)","kind":"NotFound","code":67305473}
{"msg":"FUSE request failed","level":"ERRO","ts":"2026-10-06T23:15:26.078640494Z","instance":"remote-b-r1","service_name":"afs-node","message":"No such file or directory (os error 2)","kind":"NotFound","code":67305473}
{"msg":"FUSE request failed","level":"ERRO","ts":"2026-10-06T23:15:26.078760244Z","instance":"remote-b-r1","service_name":"afs-node","message":"No such file or directory (os error 2)","kind":"NotFound","code":67305473}
{"msg":"FUSE request failed","level":"ERRO","ts":"2026-10-06T23:15:26.078880827Z","instance":"remote-b-r1","service_name":"afs-node","message":"No such file or directory (os error 2)","kind":"NotFound","code":67305473}
{"msg":"FUSE request failed","level":"ERRO","ts":"2026-10-06T23:15:26.078995703Z","instance":"remote-b-r1","service_name":"afs-node","message":"No such file or directory (os error 2)","kind":"NotFound","code":67305473}
{"msg":"FUSE request failed","level":"ERRO","ts":"2026-10-06T23:15:26.07911987Z","instance":"remote-b-r1","service_name":"afs-node","message":"No such file or directory (os error 2)","kind":"NotFound","code":67305473}
{"msg":"FUSE request failed","level":"ERRO","ts":"2026-10-06T23:15:26.079241037Z","instance":"remote-b-r1","service_name":"afs-node","message":"No such file or directory (os error 2)","kind":"NotFound","code":67305473}
{"msg":"FUSE request failed","level":"ERRO","ts":"2026-10-06T23:15:26.079353245Z","instance":"remote-b-r1","service_name":"afs-node","message":"No such file or directory (os error 2)","kind":"NotFound","code":67305473}
{"msg":"FUSE request failed","level":"ERRO","ts":"2026-10-06T23:15:26.07947412Z","instance":"remote-b-r1","service_name":"afs-node","message":"No such file or directory (os error 2)","kind":"NotFound","code":67305473}
{"msg":"FUSE request failed","level":"ERRO","ts":"2026-10-06T23:15:26.079588246Z","instance":"remote-b-r1","service_name":"afs-node","message":"No such file or directory (os error 2)","kind":"NotFound","code":67305473}
{"msg":"FUSE request failed","level":"ERRO","ts":"2026-10-06T23:15:26.079697329Z","instance":"remote-b-r1","service_name":"afs-node","message":"No such file or directory (os error 2)","kind":"NotFound","code":67305473}
{"msg":"FUSE request failed","level":"ERRO","ts":"2026-10-06T23:15:26.079817996Z","instance":"remote-b-r1","service_name":"afs-node","message":"No such file or directory (os error 2)","kind":"NotFound","code":67305473}
{"msg":"FUSE request failed","level":"ERRO","ts":"2026-10-06T23:15:26.079938413Z","instance":"remote-b-r1","service_name":"afs-node","message":"No such file or directory (os error 2)","kind":"NotFound","code":67305473}
{"msg":"FUSE request failed","level":"ERRO","ts":"2026-10-06T23:15:26.080062247Z","instance":"remote-b-r1","service_name":"afs-node","message":"No such file or directory (os error 2)","kind":"NotFound","code":67305473}
{"msg":"FUSE request failed","level":"ERRO","ts":"2026-10-06T23:15:26.080183664Z","instance":"remote-b-r1","service_name":"afs-node","message":"No such file or directory (os error 2)","kind":"NotFound","code":67305473}
{"msg":"FUSE request failed","level":"ERRO","ts":"2026-10-06T23:15:26.080292039Z","instance":"remote-b-r1","service_name":"afs-node","message":"No such file or directory (os error 2)","kind":"NotFound","code":67305473}
{"msg":"FUSE request failed","level":"ERRO","ts":"2026-10-06T23:15:26.080400414Z","instance":"remote-b-r1","service_name":"afs-node","message":"No such file or directory (os error 2)","kind":"NotFound","code":67305473}
{"msg":"FUSE request failed","level":"ERRO","ts":"2026-10-06T23:15:26.080514748Z","instance":"remote-b-r1","service_name":"afs-node","message":"No such file or directory (os error 2)","kind":"NotFound","code":67305473}
{"msg":"FUSE request failed","level":"ERRO","ts":"2026-10-06T23:15:26.080638706Z","instance":"remote-b-r1","service_name":"afs-node","message":"No such file or directory (os error 2)","kind":"NotFound","code":67305473}
{"msg":"FUSE request failed","level":"ERRO","ts":"2026-10-06T23:15:26.080727582Z","instance":"remote-b-r1","service_name":"afs-node","message":"No such file or directory (os error 2)","kind":"NotFound","code":67305473}
{"msg":"FUSE request failed","level":"ERRO","ts":"2026-10-06T23:15:26.08083629Z","instance":"remote-b-r1","service_name":"afs-node","message":"No such file or directory (os error 2)","kind":"NotFound","code":67305473}
{"msg":"FUSE request failed","level":"ERRO","ts":"2026-10-06T23:15:26.08095354Z","instance":"remote-b-r1","service_name":"afs-node","message":"No such file or directory (os error 2)","kind":"NotFound","code":67305473}
{"msg":"FUSE request failed","level":"ERRO","ts":"2026-10-06T23:15:26.081086874Z","instance":"remote-b-r1","service_name":"afs-node","message":"No such file or directory (os error 2)","kind":"NotFound","code":67305473}
{"msg":"FUSE request failed","level":"ERRO","ts":"2026-10-06T23:15:26.081211624Z","instance":"remote-b-r1","service_name":"afs-node","message":"No such file or directory (os error 2)","kind":"NotFound","code":67305473}
{"msg":"FUSE request failed","level":"ERRO","ts":"2026-10-06T23:15:26.081317916Z","instance":"remote-b-r1","service_name":"afs-node","message":"No such file or directory (os error 2)","kind":"NotFound","code":67305473}
{"msg":"FUSE request failed","level":"ERRO","ts":"2026-10-06T23:15:26.081434833Z","instance":"remote-b-r1","service_name":"afs-node","message":"No such file or directory (os error 2)","kind":"NotFound","code":67305473}
{"msg":"FUSE request failed","level":"ERRO","ts":"2026-10-06T23:15:26.081553Z","instance":"remote-b-r1","service_name":"afs-node","message":"No such file or directory (os error 2)","kind":"NotFound","code":67305473}
{"msg":"FUSE request failed","level":"ERRO","ts":"2026-10-06T23:15:26.0816695Z","instance":"remote-b-r1","service_name":"afs-node","message":"No such file or directory (os error 2)","kind":"NotFound","code":67305473}
{"msg":"FUSE request failed","level":"ERRO","ts":"2026-10-06T23:15:26.081777959Z","instance":"remote-b-r1","service_name":"afs-node","message":"No such file or directory (os error 2)","kind":"NotFound","code":67305473}
{"msg":"FUSE request failed","level":"ERRO","ts":"2026-10-06T23:15:26.081890834Z","instance":"remote-b-r1","service_name":"afs-node","message":"No such file or directory (os error 2)","kind":"NotFound","code":67305473}
{"msg":"FUSE request failed","level":"ERRO","ts":"2026-10-06T23:15:26.082013001Z","instance":"remote-b-r1","service_name":"afs-node","message":"No such file or directory (os error 2)","kind":"NotFound","code":67305473}
{"msg":"FUSE request failed","level":"ERRO","ts":"2026-10-06T23:15:26.082132168Z","instance":"remote-b-r1","service_name":"afs-node","message":"No such file or directory (os error 2)","kind":"NotFound","code":67305473}
{"msg":"FUSE request failed","level":"ERRO","ts":"2026-10-06T23:15:26.082250877Z","instance":"remote-b-r1","service_name":"afs-node","message":"No such file or directory (os error 2)","kind":"NotFound","code":67305473}
{"msg":"FUSE request failed","level":"ERRO","ts":"2026-10-06T23:15:26.082352294Z","instance":"remote-b-r1","service_name":"afs-node","message":"No such file or directory (os error 2)","kind":"NotFound","code":67305473}
{"msg":"FUSE request failed","level":"ERRO","ts":"2026-10-06T23:15:26.082465211Z","instance":"remote-b-r1","service_name":"afs-node","message":"No such file or directory (os error 2)","kind":"NotFound","code":67305473}
{"msg":"FUSE request failed","level":"ERRO","ts":"2026-10-06T23:15:26.082582878Z","instance":"remote-b-r1","service_name":"afs-node","message":"No such file or directory (os error 2)","kind":"NotFound","code":67305473}
{"msg":"FUSE request failed","level":"ERRO","ts":"2026-10-06T23:15:26.082703503Z","instance":"remote-b-r1","service_name":"afs-node","message":"No such file or directory (os error 2)","kind":"NotFound","code":67305473}
{"msg":"FUSE request failed","level":"ERRO","ts":"2026-10-06T23:15:26.082812753Z","instance":"remote-b-r1","service_name":"afs-node","message":"No such file or directory (os error 2)","kind":"NotFound","code":67305473}
{"msg":"FUSE request failed","level":"ERRO","ts":"2026-10-06T23:15:26.08292617Z","instance":"remote-b-r1","service_name":"afs-node","message":"No such file or directory (os error 2)","kind":"NotFound","code":67305473}
{"msg":"FUSE request failed","level":"ERRO","ts":"2026-10-06T23:15:26.08304067Z","instance":"remote-b-r1","service_name":"afs-node","message":"No such file or directory (os error 2)","kind":"NotFound","code":67305473}
{"msg":"FUSE request failed","level":"ERRO","ts":"2026-10-06T23:15:26.083162296Z","instance":"remote-b-r1","service_name":"afs-node","message":"No such file or directory (os error 2)","kind":"NotFound","code":67305473}
{"msg":"FUSE request failed","level":"ERRO","ts":"2026-10-06T23:15:26.083275837Z","instance":"remote-b-r1","service_name":"afs-node","message":"No such file or directory (os error 2)","kind":"NotFound","code":67305473}
{"msg":"FUSE request failed","level":"ERRO","ts":"2026-10-06T23:15:26.083406879Z","instance":"remote-b-r1","service_name":"afs-node","message":"No such file or directory (os error 2)","kind":"NotFound","code":67305473}
{"msg":"FUSE request failed","level":"ERRO","ts":"2026-10-06T23:15:26.08352563Z","instance":"remote-b-r1","service_name":"afs-node","message":"No such file or directory (os error 2)","kind":"NotFound","code":67305473}
{"msg":"FUSE request failed","level":"ERRO","ts":"2026-10-06T23:15:26.08364713Z","instance":"remote-b-r1","service_name":"afs-node","message":"No such file or directory (os error 2)","kind":"NotFound","code":67305473}
{"msg":"FUSE request failed","level":"ERRO","ts":"2026-10-06T23:15:26.083762005Z","instance":"remote-b-r1","service_name":"afs-node","message":"No such file or directory (os error 2)","kind":"NotFound","code":67305473}
{"msg":"FUSE request failed","level":"ERRO","ts":"2026-10-06T23:15:26.083879589Z","instance":"remote-b-r1","service_name":"afs-node","message":"No such file or directory (os error 2)","kind":"NotFound","code":67305473}
{"msg":"FUSE request failed","level":"ERRO","ts":"2026-10-06T23:15:26.083984631Z","instance":"remote-b-r1","service_name":"afs-node","message":"No such file or directory (os error 2)","kind":"NotFound","code":67305473}
{"msg":"FUSE request failed","level":"ERRO","ts":"2026-10-06T23:15:26.084111839Z","instance":"remote-b-r1","service_name":"afs-node","message":"No such file or directory (os error 2)","kind":"NotFound","code":67305473}
{"msg":"FUSE request failed","level":"ERRO","ts":"2026-10-06T23:15:26.084235423Z","instance":"remote-b-r1","service_name":"afs-node","message":"No such file or directory (os error 2)","kind":"NotFound","code":67305473}
{"msg":"FUSE request failed","level":"ERRO","ts":"2026-10-06T23:15:26.084338173Z","instance":"remote-b-r1","service_name":"afs-node","message":"No such file or directory (os error 2)","kind":"NotFound","code":67305473}
{"msg":"FUSE request failed","level":"ERRO","ts":"2026-10-06T23:15:26.084461715Z","instance":"remote-b-r1","service_name":"afs-node","message":"No such file or directory (os error 2)","kind":"NotFound","code":67305473}
{"msg":"FUSE request failed","level":"ERRO","ts":"2026-10-06T23:15:26.084577549Z","instance":"remote-b-r1","service_name":"afs-node","message":"No such file or directory (os error 2)","kind":"NotFound","code":67305473}
{"msg":"FUSE request failed","level":"ERRO","ts":"2026-10-06T23:15:26.084690341Z","instance":"remote-b-r1","service_name":"afs-node","message":"No such file or directory (os error 2)","kind":"NotFound","code":67305473}
{"msg":"FUSE request failed","level":"ERRO","ts":"2026-10-06T23:15:26.084805716Z","instance":"remote-b-r1","service_name":"afs-node","message":"No such file or directory (os error 2)","kind":"NotFound","code":67305473}
{"msg":"FUSE request failed","level":"ERRO","ts":"2026-10-06T23:15:26.084926591Z","instance":"remote-b-r1","service_name":"afs-node","message":"No such file or directory (os error 2)","kind":"NotFound","code":67305473}
{"msg":"FUSE request failed","level":"ERRO","ts":"2026-10-06T23:15:26.0850368Z","instance":"remote-b-r1","service_name":"afs-node","message":"No such file or directory (os error 2)","kind":"NotFound","code":67305473}
{"msg":"FUSE request failed","level":"ERRO","ts":"2026-10-06T23:15:26.085156425Z","instance":"remote-b-r1","service_name":"afs-node","message":"No such file or directory (os error 2)","kind":"NotFound","code":67305473}
{"msg":"FUSE request failed","level":"ERRO","ts":"2026-10-06T23:15:26.085272425Z","instance":"remote-b-r1","service_name":"afs-node","message":"No such file or directory (os error 2)","kind":"NotFound","code":67305473}
{"msg":"FUSE request failed","level":"ERRO","ts":"2026-10-06T23:15:26.085394342Z","instance":"remote-b-r1","service_name":"afs-node","message":"No such file or directory (os error 2)","kind":"NotFound","code":67305473}
{"msg":"FUSE request failed","level":"ERRO","ts":"2026-10-06T23:15:26.085506509Z","instance":"remote-b-r1","service_name":"afs-node","message":"No such file or directory (os error 2)","kind":"NotFound","code":67305473}
{"msg":"FUSE request failed","level":"ERRO","ts":"2026-10-06T23:15:26.085619009Z","instance":"remote-b-r1","service_name":"afs-node","message":"No such file or directory (os error 2)","kind":"NotFound","code":67305473}
{"msg":"FUSE request failed","level":"ERRO","ts":"2026-10-06T23:15:26.085719926Z","instance":"remote-b-r1","service_name":"afs-node","message":"No such file or directory (os error 2)","kind":"NotFound","code":67305473}
{"msg":"FUSE request failed","level":"ERRO","ts":"2026-10-06T23:15:26.085823093Z","instance":"remote-b-r1","service_name":"afs-node","message":"No such file or directory (os error 2)","kind":"NotFound","code":67305473}
{"msg":"FUSE request failed","level":"ERRO","ts":"2026-10-06T23:15:26.08595126Z","instance":"remote-b-r1","service_name":"afs-node","message":"No such file or directory (os error 2)","kind":"NotFound","code":67305473}
{"msg":"FUSE request failed","level":"ERRO","ts":"2026-10-06T23:15:26.086074552Z","instance":"remote-b-r1","service_name":"afs-node","message":"No such file or directory (os error 2)","kind":"NotFound","code":67305473}
{"msg":"FUSE request failed","level":"ERRO","ts":"2026-10-06T23:15:26.086188886Z","instance":"remote-b-r1","service_name":"afs-node","message":"No such file or directory (os error 2)","kind":"NotFound","code":67305473}
{"msg":"FUSE request failed","level":"ERRO","ts":"2026-10-06T23:15:26.086297386Z","instance":"remote-b-r1","service_name":"afs-node","message":"No such file or directory (os error 2)","kind":"NotFound","code":67305473}
{"msg":"FUSE request failed","level":"ERRO","ts":"2026-10-06T23:15:26.08640197Z","instance":"remote-b-r1","service_name":"afs-node","message":"No such file or directory (os error 2)","kind":"NotFound","code":67305473}
{"msg":"FUSE request failed","level":"ERRO","ts":"2026-10-06T23:15:26.086491428Z","instance":"remote-b-r1","service_name":"afs-node","message":"No such file or directory (os error 2)","kind":"NotFound","code":67305473}
{"msg":"FUSE request failed","level":"ERRO","ts":"2026-10-06T23:15:26.086580053Z","instance":"remote-b-r1","service_name":"afs-node","message":"No such file or directory (os error 2)","kind":"NotFound","code":67305473}
{"msg":"FUSE request failed","level":"ERRO","ts":"2026-10-06T23:15:26.08667047Z","instance":"remote-b-r1","service_name":"afs-node","message":"No such file or directory (os error 2)","kind":"NotFound","code":67305473}
{"msg":"FUSE request failed","level":"ERRO","ts":"2026-10-06T23:15:26.086782554Z","instance":"remote-b-r1","service_name":"afs-node","message":"No such file or directory (os error 2)","kind":"NotFound","code":67305473}
{"msg":"FUSE request failed","level":"ERRO","ts":"2026-10-06T23:15:26.086905346Z","instance":"remote-b-r1","service_name":"afs-node","message":"No such file or directory (os error 2)","kind":"NotFound","code":67305473}
{"msg":"FUSE request failed","level":"ERRO","ts":"2026-10-06T23:15:26.087027721Z","instance":"remote-b-r1","service_name":"afs-node","message":"No such file or directory (os error 2)","kind":"NotFound","code":67305473}
{"msg":"FUSE request failed","level":"ERRO","ts":"2026-10-06T23:15:26.08718543Z","instance":"remote-b-r1","service_name":"afs-node","message":"No such file or directory (os error 2)","kind":"NotFound","code":67305473}
{"msg":"FUSE request failed","level":"ERRO","ts":"2026-10-06T23:15:26.08732093Z","instance":"remote-b-r1","service_name":"afs-node","message":"No such file or directory (os error 2)","kind":"NotFound","code":67305473}
{"msg":"FUSE request failed","level":"ERRO","ts":"2026-10-06T23:15:26.08742743Z","instance":"remote-b-r1","service_name":"afs-node","message":"No such file or directory (os error 2)","kind":"NotFound","code":67305473}
{"msg":"FUSE request failed","level":"ERRO","ts":"2026-10-06T23:15:26.087534347Z","instance":"remote-b-r1","service_name":"afs-node","message":"No such file or directory (os error 2)","kind":"NotFound","code":67305473}
{"msg":"FUSE request failed","level":"ERRO","ts":"2026-10-06T23:15:26.087629556Z","instance":"remote-b-r1","service_name":"afs-node","message":"No such file or directory (os error 2)","kind":"NotFound","code":67305473}
{"msg":"FUSE request failed","level":"ERRO","ts":"2026-10-06T23:15:26.087720348Z","instance":"remote-b-r1","service_name":"afs-node","message":"No such file or directory (os error 2)","kind":"NotFound","code":67305473}
{"msg":"FUSE request failed","level":"ERRO","ts":"2026-10-06T23:15:26.087808389Z","instance":"remote-b-r1","service_name":"afs-node","message":"No such file or directory (os error 2)","kind":"NotFound","code":67305473}
{"msg":"FUSE request failed","level":"ERRO","ts":"2026-10-06T23:15:26.087900973Z","instance":"remote-b-r1","service_name":"afs-node","message":"No such file or directory (os error 2)","kind":"NotFound","code":67305473}
{"msg":"FUSE request failed","level":"ERRO","ts":"2026-10-06T23:15:26.087988765Z","instance":"remote-b-r1","service_name":"afs-node","message":"No such file or directory (os error 2)","kind":"NotFound","code":67305473}
{"msg":"FUSE request failed","level":"ERRO","ts":"2026-10-06T23:15:26.088081015Z","instance":"remote-b-r1","service_name":"afs-node","message":"No such file or directory (os error 2)","kind":"NotFound","code":67305473}
{"msg":"FUSE request failed","level":"ERRO","ts":"2026-10-06T23:15:26.08816789Z","instance":"remote-b-r1","service_name":"afs-node","message":"No such file or directory (os error 2)","kind":"NotFound","code":67305473}
{"msg":"FUSE request failed","level":"ERRO","ts":"2026-10-06T23:15:26.088254057Z","instance":"remote-b-r1","service_name":"afs-node","message":"No such file or directory (os error 2)","kind":"NotFound","code":67305473}
{"msg":"FUSE request failed","level":"ERRO","ts":"2026-10-06T23:15:26.088339891Z","instance":"remote-b-r1","service_name":"afs-node","message":"No such file or directory (os error 2)","kind":"NotFound","code":67305473}
{"msg":"FUSE request failed","level":"ERRO","ts":"2026-10-06T23:15:26.088431683Z","instance":"remote-b-r1","service_name":"afs-node","message":"No such file or directory (os error 2)","kind":"NotFound","code":67305473}
{"msg":"FUSE request failed","level":"ERRO","ts":"2026-10-06T23:15:26.088547891Z","instance":"remote-b-r1","service_name":"afs-node","message":"No such file or directory (os error 2)","kind":"NotFound","code":67305473}
{"msg":"FUSE request failed","level":"ERRO","ts":"2026-10-06T23:15:26.088653683Z","instance":"remote-b-r1","service_name":"afs-node","message":"No such file or directory (os error 2)","kind":"NotFound","code":67305473}
{"msg":"FUSE request failed","level":"ERRO","ts":"2026-10-06T23:15:26.088749683Z","instance":"remote-b-r1","service_name":"afs-node","message":"No such file or directory (os error 2)","kind":"NotFound","code":67305473}
{"msg":"FUSE request failed","level":"ERRO","ts":"2026-10-06T23:15:26.088841142Z","instance":"remote-b-r1","service_name":"afs-node","message":"No such file or directory (os error 2)","kind":"NotFound","code":67305473}
{"msg":"FUSE request failed","level":"ERRO","ts":"2026-10-06T23:15:26.0889311Z","instance":"remote-b-r1","service_name":"afs-node","message":"No such file or directory (os error 2)","kind":"NotFound","code":67305473}
{"msg":"FUSE request failed","level":"ERRO","ts":"2026-10-06T23:15:26.089021642Z","instance":"remote-b-r1","service_name":"afs-node","message":"No such file or directory (os error 2)","kind":"NotFound","code":67305473}
{"msg":"FUSE request failed","level":"ERRO","ts":"2026-10-06T23:15:26.089111809Z","instance":"remote-b-r1","service_name":"afs-node","message":"No such file or directory (os error 2)","kind":"NotFound","code":67305473}
{"msg":"FUSE request failed","level":"ERRO","ts":"2026-10-06T23:15:26.089202976Z","instance":"remote-b-r1","service_name":"afs-node","message":"No such file or directory (os error 2)","kind":"NotFound","code":67305473}
{"msg":"FUSE request failed","level":"ERRO","ts":"2026-10-06T23:15:26.089292185Z","instance":"remote-b-r1","service_name":"afs-node","message":"No such file or directory (os error 2)","kind":"NotFound","code":67305473}
{"msg":"FUSE request failed","level":"ERRO","ts":"2026-10-06T23:15:26.089386768Z","instance":"remote-b-r1","service_name":"afs-node","message":"No such file or directory (os error 2)","kind":"NotFound","code":67305473}
{"msg":"FUSE request failed","level":"ERRO","ts":"2026-10-06T23:15:26.089491643Z","instance":"remote-b-r1","service_name":"afs-node","message":"No such file or directory (os error 2)","kind":"NotFound","code":67305473}
{"msg":"FUSE request failed","level":"ERRO","ts":"2026-10-06T23:15:26.089587727Z","instance":"remote-b-r1","service_name":"afs-node","message":"No such file or directory (os error 2)","kind":"NotFound","code":67305473}
{"msg":"FUSE request failed","level":"ERRO","ts":"2026-10-06T23:15:26.08968031Z","instance":"remote-b-r1","service_name":"afs-node","message":"No such file or directory (os error 2)","kind":"NotFound","code":67305473}
{"msg":"FUSE request failed","level":"ERRO","ts":"2026-10-06T23:15:26.089783644Z","instance":"remote-b-r1","service_name":"afs-node","message":"No such file or directory (os error 2)","kind":"NotFound","code":67305473}
{"msg":"FUSE request failed","level":"ERRO","ts":"2026-10-06T23:15:26.089873852Z","instance":"remote-b-r1","service_name":"afs-node","message":"No such file or directory (os error 2)","kind":"NotFound","code":67305473}
{"msg":"FUSE request failed","level":"ERRO","ts":"2026-10-06T23:15:26.089966103Z","instance":"remote-b-r1","service_name":"afs-node","message":"No such file or directory (os error 2)","kind":"NotFound","code":67305473}
{"msg":"FUSE request failed","level":"ERRO","ts":"2026-10-06T23:15:26.090072645Z","instance":"remote-b-r1","service_name":"afs-node","message":"No such file or directory (os error 2)","kind":"NotFound","code":67305473}
{"msg":"FUSE request failed","level":"ERRO","ts":"2026-10-06T23:15:26.090175895Z","instance":"remote-b-r1","service_name":"afs-node","message":"No such file or directory (os error 2)","kind":"NotFound","code":67305473}
{"msg":"FUSE request failed","level":"ERRO","ts":"2026-10-06T23:15:26.090255812Z","instance":"remote-b-r1","service_name":"afs-node","message":"No such file or directory (os error 2)","kind":"NotFound","code":67305473}
{"msg":"FUSE request failed","level":"ERRO","ts":"2026-10-06T23:15:26.09036027Z","instance":"remote-b-r1","service_name":"afs-node","message":"No such file or directory (os error 2)","kind":"NotFound","code":67305473}
{"msg":"FUSE request failed","level":"ERRO","ts":"2026-10-06T23:15:26.09045402Z","instance":"remote-b-r1","service_name":"afs-node","message":"No such file or directory (os error 2)","kind":"NotFound","code":67305473}
{"msg":"FUSE request failed","level":"ERRO","ts":"2026-10-06T23:15:26.090559146Z","instance":"remote-b-r1","service_name":"afs-node","message":"No such file or directory (os error 2)","kind":"NotFound","code":67305473}
{"msg":"FUSE request failed","level":"ERRO","ts":"2026-10-06T23:15:26.090665479Z","instance":"remote-b-r1","service_name":"afs-node","message":"No such file or directory (os error 2)","kind":"NotFound","code":67305473}
{"msg":"FUSE request failed","level":"ERRO","ts":"2026-10-06T23:15:26.09075423Z","instance":"remote-b-r1","service_name":"afs-node","message":"No such file or directory (os error 2)","kind":"NotFound","code":67305473}
{"msg":"FUSE request failed","level":"ERRO","ts":"2026-10-06T23:15:26.090849521Z","instance":"remote-b-r1","service_name":"afs-node","message":"No such file or directory (os error 2)","kind":"NotFound","code":67305473}
{"msg":"FUSE request failed","level":"ERRO","ts":"2026-10-06T23:15:26.090969438Z","instance":"remote-b-r1","service_name":"afs-node","message":"No such file or directory (os error 2)","kind":"NotFound","code":67305473}
{"msg":"FUSE request failed","level":"ERRO","ts":"2026-10-06T23:15:26.091061105Z","instance":"remote-b-r1","service_name":"afs-node","message":"No such file or directory (os error 2)","kind":"NotFound","code":67305473}
{"msg":"FUSE request failed","level":"ERRO","ts":"2026-10-06T23:15:26.091148605Z","instance":"remote-b-r1","service_name":"afs-node","message":"No such file or directory (os error 2)","kind":"NotFound","code":67305473}
{"msg":"FUSE request failed","level":"ERRO","ts":"2026-10-06T23:15:26.091233439Z","instance":"remote-b-r1","service_name":"afs-node","message":"No such file or directory (os error 2)","kind":"NotFound","code":67305473}
{"msg":"FUSE request failed","level":"ERRO","ts":"2026-10-06T23:15:26.091328272Z","instance":"remote-b-r1","service_name":"afs-node","message":"No such file or directory (os error 2)","kind":"NotFound","code":67305473}
{"msg":"FUSE request failed","level":"ERRO","ts":"2026-10-06T23:15:26.091421356Z","instance":"remote-b-r1","service_name":"afs-node","message":"No such file or directory (os error 2)","kind":"NotFound","code":67305473}
{"msg":"FUSE request failed","level":"ERRO","ts":"2026-10-06T23:15:26.09153119Z","instance":"remote-b-r1","service_name":"afs-node","message":"No such file or directory (os error 2)","kind":"NotFound","code":67305473}
{"msg":"FUSE request failed","level":"ERRO","ts":"2026-10-06T23:15:26.091623065Z","instance":"remote-b-r1","service_name":"afs-node","message":"No such file or directory (os error 2)","kind":"NotFound","code":67305473}
{"msg":"FUSE request failed","level":"ERRO","ts":"2026-10-06T23:15:26.091713398Z","instance":"remote-b-r1","service_name":"afs-node","message":"No such file or directory (os error 2)","kind":"NotFound","code":67305473}
{"msg":"FUSE request failed","level":"ERRO","ts":"2026-10-06T23:15:26.091805524Z","instance":"remote-b-r1","service_name":"afs-node","message":"No such file or directory (os error 2)","kind":"NotFound","code":67305473}
{"msg":"FUSE request failed","level":"ERRO","ts":"2026-10-06T23:15:26.091895982Z","instance":"remote-b-r1","service_name":"afs-node","message":"No such file or directory (os error 2)","kind":"NotFound","code":67305473}
{"msg":"FUSE request failed","level":"ERRO","ts":"2026-10-06T23:15:26.091997857Z","instance":"remote-b-r1","service_name":"afs-node","message":"No such file or directory (os error 2)","kind":"NotFound","code":67305473}
{"msg":"FUSE request failed","level":"ERRO","ts":"2026-10-06T23:15:26.092096691Z","instance":"remote-b-r1","service_name":"afs-node","message":"No such file or directory (os error 2)","kind":"NotFound","code":67305473}
{"msg":"FUSE request failed","level":"ERRO","ts":"2026-10-06T23:15:26.092192191Z","instance":"remote-b-r1","service_name":"afs-node","message":"No such file or directory (os error 2)","kind":"NotFound","code":67305473}
{"msg":"FUSE request failed","level":"ERRO","ts":"2026-10-06T23:15:26.092320816Z","instance":"remote-b-r1","service_name":"afs-node","message":"No such file or directory (os error 2)","kind":"NotFound","code":67305473}
{"msg":"FUSE request failed","level":"ERRO","ts":"2026-10-06T23:15:26.092426275Z","instance":"remote-b-r1","service_name":"afs-node","message":"No such file or directory (os error 2)","kind":"NotFound","code":67305473}
{"msg":"FUSE request failed","level":"ERRO","ts":"2026-10-06T23:15:26.092531317Z","instance":"remote-b-r1","service_name":"afs-node","message":"No such file or directory (os error 2)","kind":"NotFound","code":67305473}
{"msg":"FUSE request failed","level":"ERRO","ts":"2026-10-06T23:15:26.092622692Z","instance":"remote-b-r1","service_name":"afs-node","message":"No such file or directory (os error 2)","kind":"NotFound","code":67305473}
{"msg":"FUSE request failed","level":"ERRO","ts":"2026-10-06T23:15:26.092710317Z","instance":"remote-b-r1","service_name":"afs-node","message":"No such file or directory (os error 2)","kind":"NotFound","code":67305473}
{"msg":"FUSE request failed","level":"ERRO","ts":"2026-10-06T23:15:26.092805526Z","instance":"remote-b-r1","service_name":"afs-node","message":"No such file or directory (os error 2)","kind":"NotFound","code":67305473}
{"msg":"FUSE request failed","level":"ERRO","ts":"2026-10-06T23:15:26.092902151Z","instance":"remote-b-r1","service_name":"afs-node","message":"No such file or directory (os error 2)","kind":"NotFound","code":67305473}
{"msg":"FUSE request failed","level":"ERRO","ts":"2026-10-06T23:15:26.092991401Z","instance":"remote-b-r1","service_name":"afs-node","message":"No such file or directory (os error 2)","kind":"NotFound","code":67305473}
{"msg":"FUSE request failed","level":"ERRO","ts":"2026-10-06T23:15:26.093100485Z","instance":"remote-b-r1","service_name":"afs-node","message":"No such file or directory (os error 2)","kind":"NotFound","code":67305473}
{"msg":"FUSE request failed","level":"ERRO","ts":"2026-10-06T23:15:26.09319261Z","instance":"remote-b-r1","service_name":"afs-node","message":"No such file or directory (os error 2)","kind":"NotFound","code":67305473}
{"msg":"FUSE request failed","level":"ERRO","ts":"2026-10-06T23:15:26.093278985Z","instance":"remote-b-r1","service_name":"afs-node","message":"No such file or directory (os error 2)","kind":"NotFound","code":67305473}
{"msg":"FUSE request failed","level":"ERRO","ts":"2026-10-06T23:15:26.093385652Z","instance":"remote-b-r1","service_name":"afs-node","message":"No such file or directory (os error 2)","kind":"NotFound","code":67305473}
{"msg":"FUSE request failed","level":"ERRO","ts":"2026-10-06T23:15:26.093483819Z","instance":"remote-b-r1","service_name":"afs-node","message":"No such file or directory (os error 2)","kind":"NotFound","code":67305473}
{"msg":"FUSE request failed","level":"ERRO","ts":"2026-10-06T23:15:26.093608194Z","instance":"remote-b-r1","service_name":"afs-node","message":"No such file or directory (os error 2)","kind":"NotFound","code":67305473}
{"msg":"FUSE request failed","level":"ERRO","ts":"2026-10-06T23:15:26.093727445Z","instance":"remote-b-r1","service_name":"afs-node","message":"No such file or directory (os error 2)","kind":"NotFound","code":67305473}
{"msg":"FUSE request failed","level":"ERRO","ts":"2026-10-06T23:15:26.093851612Z","instance":"remote-b-r1","service_name":"afs-node","message":"No such file or directory (os error 2)","kind":"NotFound","code":67305473}
{"msg":"FUSE request failed","level":"ERRO","ts":"2026-10-06T23:15:26.093945778Z","instance":"remote-b-r1","service_name":"afs-node","message":"No such file or directory (os error 2)","kind":"NotFound","code":67305473}
{"msg":"FUSE request failed","level":"ERRO","ts":"2026-10-06T23:15:26.09402607Z","instance":"remote-b-r1","service_name":"afs-node","message":"No such file or directory (os error 2)","kind":"NotFound","code":67305473}
{"msg":"FUSE request failed","level":"ERRO","ts":"2026-10-06T23:15:26.094134904Z","instance":"remote-b-r1","service_name":"afs-node","message":"No such file or directory (os error 2)","kind":"NotFound","code":67305473}
{"msg":"FUSE request failed","level":"ERRO","ts":"2026-10-06T23:15:26.094225196Z","instance":"remote-b-r1","service_name":"afs-node","message":"No such file or directory (os error 2)","kind":"NotFound","code":67305473}
{"msg":"FUSE request failed","level":"ERRO","ts":"2026-10-06T23:15:26.094315154Z","instance":"remote-b-r1","service_name":"afs-node","message":"No such file or directory (os error 2)","kind":"NotFound","code":67305473}
{"msg":"FUSE request failed","level":"ERRO","ts":"2026-10-06T23:15:26.094413738Z","instance":"remote-b-r1","service_name":"afs-node","message":"No such file or directory (os error 2)","kind":"NotFound","code":67305473}
{"msg":"FUSE request failed","level":"ERRO","ts":"2026-10-06T23:15:26.094510863Z","instance":"remote-b-r1","service_name":"afs-node","message":"No such file or directory (os error 2)","kind":"NotFound","code":67305473}
{"msg":"FUSE request failed","level":"ERRO","ts":"2026-10-06T23:15:26.094621072Z","instance":"remote-b-r1","service_name":"afs-node","message":"No such file or directory (os error 2)","kind":"NotFound","code":67305473}
{"msg":"FUSE request failed","level":"ERRO","ts":"2026-10-06T23:15:26.094725197Z","instance":"remote-b-r1","service_name":"afs-node","message":"No such file or directory (os error 2)","kind":"NotFound","code":67305473}
{"msg":"FUSE request failed","level":"ERRO","ts":"2026-10-06T23:15:26.094831655Z","instance":"remote-b-r1","service_name":"afs-node","message":"No such file or directory (os error 2)","kind":"NotFound","code":67305473}
{"msg":"FUSE request failed","level":"ERRO","ts":"2026-10-06T23:15:26.094921281Z","instance":"remote-b-r1","service_name":"afs-node","message":"No such file or directory (os error 2)","kind":"NotFound","code":67305473}
{"msg":"FUSE request failed","level":"ERRO","ts":"2026-10-06T23:15:26.095008948Z","instance":"remote-b-r1","service_name":"afs-node","message":"No such file or directory (os error 2)","kind":"NotFound","code":67305473}
{"msg":"FUSE request failed","level":"ERRO","ts":"2026-10-06T23:15:26.095094989Z","instance":"remote-b-r1","service_name":"afs-node","message":"No such file or directory (os error 2)","kind":"NotFound","code":67305473}
{"msg":"FUSE request failed","level":"ERRO","ts":"2026-10-06T23:15:26.095194406Z","instance":"remote-b-r1","service_name":"afs-node","message":"No such file or directory (os error 2)","kind":"NotFound","code":67305473}
{"msg":"FUSE request failed","level":"ERRO","ts":"2026-10-06T23:15:26.095292698Z","instance":"remote-b-r1","service_name":"afs-node","message":"No such file or directory (os error 2)","kind":"NotFound","code":67305473}
{"msg":"FUSE request failed","level":"ERRO","ts":"2026-10-06T23:15:26.09540824Z","instance":"remote-b-r1","service_name":"afs-node","message":"No such file or directory (os error 2)","kind":"NotFound","code":67305473}
{"msg":"FUSE request failed","level":"ERRO","ts":"2026-10-06T23:15:26.095503157Z","instance":"remote-b-r1","service_name":"afs-node","message":"No such file or directory (os error 2)","kind":"NotFound","code":67305473}
{"msg":"FUSE request failed","level":"ERRO","ts":"2026-10-06T23:15:26.095607699Z","instance":"remote-b-r1","service_name":"afs-node","message":"No such file or directory (os error 2)","kind":"NotFound","code":67305473}
{"msg":"FUSE request failed","level":"ERRO","ts":"2026-10-06T23:15:26.095703699Z","instance":"remote-b-r1","service_name":"afs-node","message":"No such file or directory (os error 2)","kind":"NotFound","code":67305473}
{"msg":"FUSE request failed","level":"ERRO","ts":"2026-10-06T23:15:26.095795616Z","instance":"remote-b-r1","service_name":"afs-node","message":"No such file or directory (os error 2)","kind":"NotFound","code":67305473}
{"msg":"FUSE request failed","level":"ERRO","ts":"2026-10-06T23:15:26.0958872Z","instance":"remote-b-r1","service_name":"afs-node","message":"No such file or directory (os error 2)","kind":"NotFound","code":67305473}
{"msg":"FUSE request failed","level":"ERRO","ts":"2026-10-06T23:15:26.095980158Z","instance":"remote-b-r1","service_name":"afs-node","message":"No such file or directory (os error 2)","kind":"NotFound","code":67305473}
{"msg":"FUSE request failed","level":"ERRO","ts":"2026-10-06T23:15:26.096066825Z","instance":"remote-b-r1","service_name":"afs-node","message":"No such file or directory (os error 2)","kind":"NotFound","code":67305473}
{"msg":"FUSE request failed","level":"ERRO","ts":"2026-10-06T23:15:26.096152658Z","instance":"remote-b-r1","service_name":"afs-node","message":"No such file or directory (os error 2)","kind":"NotFound","code":67305473}
{"msg":"FUSE request failed","level":"ERRO","ts":"2026-10-06T23:15:26.096237117Z","instance":"remote-b-r1","service_name":"afs-node","message":"No such file or directory (os error 2)","kind":"NotFound","code":67305473}
{"msg":"FUSE request failed","level":"ERRO","ts":"2026-10-06T23:15:26.096336242Z","instance":"remote-b-r1","service_name":"afs-node","message":"No such file or directory (os error 2)","kind":"NotFound","code":67305473}
{"msg":"FUSE request failed","level":"ERRO","ts":"2026-10-06T23:15:26.096433034Z","instance":"remote-b-r1","service_name":"afs-node","message":"No such file or directory (os error 2)","kind":"NotFound","code":67305473}
{"msg":"FUSE request failed","level":"ERRO","ts":"2026-10-06T23:15:26.096523118Z","instance":"remote-b-r1","service_name":"afs-node","message":"No such file or directory (os error 2)","kind":"NotFound","code":67305473}
{"msg":"FUSE request failed","level":"ERRO","ts":"2026-10-06T23:15:26.096628701Z","instance":"remote-b-r1","service_name":"afs-node","message":"No such file or directory (os error 2)","kind":"NotFound","code":67305473}
{"msg":"FUSE request failed","level":"ERRO","ts":"2026-10-06T23:15:26.096723118Z","instance":"remote-b-r1","service_name":"afs-node","message":"No such file or directory (os error 2)","kind":"NotFound","code":67305473}
{"msg":"FUSE request failed","level":"ERRO","ts":"2026-10-06T23:15:26.096844077Z","instance":"remote-b-r1","service_name":"afs-node","message":"No such file or directory (os error 2)","kind":"NotFound","code":67305473}
{"msg":"FUSE request failed","level":"ERRO","ts":"2026-10-06T23:15:26.09695391Z","instance":"remote-b-r1","service_name":"afs-node","message":"No such file or directory (os error 2)","kind":"NotFound","code":67305473}
{"msg":"FUSE request failed","level":"ERRO","ts":"2026-10-06T23:15:26.097051869Z","instance":"remote-b-r1","service_name":"afs-node","message":"No such file or directory (os error 2)","kind":"NotFound","code":67305473}
{"msg":"FUSE request failed","level":"ERRO","ts":"2026-10-06T23:15:26.097155952Z","instance":"remote-b-r1","service_name":"afs-node","message":"No such file or directory (os error 2)","kind":"NotFound","code":67305473}
{"msg":"FUSE request failed","level":"ERRO","ts":"2026-10-06T23:15:26.097286828Z","instance":"remote-b-r1","service_name":"afs-node","message":"No such file or directory (os error 2)","kind":"NotFound","code":67305473}
{"msg":"FUSE request failed","level":"ERRO","ts":"2026-10-06T23:15:26.097403786Z","instance":"remote-b-r1","service_name":"afs-node","message":"No such file or directory (os error 2)","kind":"NotFound","code":67305473}
{"msg":"FUSE request failed","level":"ERRO","ts":"2026-10-06T23:15:26.097554495Z","instance":"remote-b-r1","service_name":"afs-node","message":"No such file or directory (os error 2)","kind":"NotFound","code":67305473}
{"msg":"FUSE request failed","level":"ERRO","ts":"2026-10-06T23:15:26.097721495Z","instance":"remote-b-r1","service_name":"afs-node","message":"No such file or directory (os error 2)","kind":"NotFound","code":67305473}
{"msg":"FUSE request failed","level":"ERRO","ts":"2026-10-06T23:15:26.097836329Z","instance":"remote-b-r1","service_name":"afs-node","message":"No such file or directory (os error 2)","kind":"NotFound","code":67305473}
{"msg":"FUSE request failed","level":"ERRO","ts":"2026-10-06T23:15:26.097926496Z","instance":"remote-b-r1","service_name":"afs-node","message":"No such file or directory (os error 2)","kind":"NotFound","code":67305473}
{"msg":"FUSE request failed","level":"ERRO","ts":"2026-10-06T23:15:26.098012329Z","instance":"remote-b-r1","service_name":"afs-node","message":"No such file or directory (os error 2)","kind":"NotFound","code":67305473}
{"msg":"FUSE request failed","level":"ERRO","ts":"2026-10-06T23:15:26.098113663Z","instance":"remote-b-r1","service_name":"afs-node","message":"No such file or directory (os error 2)","kind":"NotFound","code":67305473}
{"msg":"FUSE request failed","level":"ERRO","ts":"2026-10-06T23:15:26.098237163Z","instance":"remote-b-r1","service_name":"afs-node","message":"No such file or directory (os error 2)","kind":"NotFound","code":67305473}
{"msg":"FUSE request failed","level":"ERRO","ts":"2026-10-06T23:15:26.098318288Z","instance":"remote-b-r1","service_name":"afs-node","message":"No such file or directory (os error 2)","kind":"NotFound","code":67305473}
{"msg":"FUSE request failed","level":"ERRO","ts":"2026-10-06T23:15:26.098410539Z","instance":"remote-b-r1","service_name":"afs-node","message":"No such file or directory (os error 2)","kind":"NotFound","code":67305473}
{"msg":"FUSE request failed","level":"ERRO","ts":"2026-10-06T23:15:26.098505539Z","instance":"remote-b-r1","service_name":"afs-node","message":"No such file or directory (os error 2)","kind":"NotFound","code":67305473}
{"msg":"FUSE request failed","level":"ERRO","ts":"2026-10-06T23:15:26.098603831Z","instance":"remote-b-r1","service_name":"afs-node","message":"No such file or directory (os error 2)","kind":"NotFound","code":67305473}
{"msg":"FUSE request failed","level":"ERRO","ts":"2026-10-06T23:15:26.098701039Z","instance":"remote-b-r1","service_name":"afs-node","message":"No such file or directory (os error 2)","kind":"NotFound","code":67305473}
{"msg":"FUSE request failed","level":"ERRO","ts":"2026-10-06T23:15:26.098834331Z","instance":"remote-b-r1","service_name":"afs-node","message":"No such file or directory (os error 2)","kind":"NotFound","code":67305473}
{"msg":"FUSE request failed","level":"ERRO","ts":"2026-10-06T23:15:26.098935498Z","instance":"remote-b-r1","service_name":"afs-node","message":"No such file or directory (os error 2)","kind":"NotFound","code":67305473}
{"msg":"FUSE request failed","level":"ERRO","ts":"2026-10-06T23:15:26.09903354Z","instance":"remote-b-r1","service_name":"afs-node","message":"No such file or directory (os error 2)","kind":"NotFound","code":67305473}
{"msg":"FUSE request failed","level":"ERRO","ts":"2026-10-06T23:15:26.099119665Z","instance":"remote-b-r1","service_name":"afs-node","message":"No such file or directory (os error 2)","kind":"NotFound","code":67305473}
{"msg":"FUSE request failed","level":"ERRO","ts":"2026-10-06T23:15:26.099206624Z","instance":"remote-b-r1","service_name":"afs-node","message":"No such file or directory (os error 2)","kind":"NotFound","code":67305473}
{"msg":"FUSE request failed","level":"ERRO","ts":"2026-10-06T23:15:26.099302499Z","instance":"remote-b-r1","service_name":"afs-node","message":"No such file or directory (os error 2)","kind":"NotFound","code":67305473}
{"msg":"FUSE request failed","level":"ERRO","ts":"2026-10-06T23:15:26.099403708Z","instance":"remote-b-r1","service_name":"afs-node","message":"No such file or directory (os error 2)","kind":"NotFound","code":67305473}
{"msg":"FUSE request failed","level":"ERRO","ts":"2026-10-06T23:15:26.099516249Z","instance":"remote-b-r1","service_name":"afs-node","message":"No such file or directory (os error 2)","kind":"NotFound","code":67305473}
{"msg":"FUSE request failed","level":"ERRO","ts":"2026-10-06T23:15:26.099624Z","instance":"remote-b-r1","service_name":"afs-node","message":"No such file or directory (os error 2)","kind":"NotFound","code":67305473}
{"msg":"FUSE request failed","level":"ERRO","ts":"2026-10-06T23:15:26.099721917Z","instance":"remote-b-r1","service_name":"afs-node","message":"No such file or directory (os error 2)","kind":"NotFound","code":67305473}
{"msg":"FUSE request failed","level":"ERRO","ts":"2026-10-06T23:15:26.099812833Z","instance":"remote-b-r1","service_name":"afs-node","message":"No such file or directory (os error 2)","kind":"NotFound","code":67305473}
{"msg":"FUSE request failed","level":"ERRO","ts":"2026-10-06T23:15:26.099897542Z","instance":"remote-b-r1","service_name":"afs-node","message":"No such file or directory (os error 2)","kind":"NotFound","code":67305473}
{"msg":"FUSE request failed","level":"ERRO","ts":"2026-10-06T23:15:26.099990751Z","instance":"remote-b-r1","service_name":"afs-node","message":"No such file or directory (os error 2)","kind":"NotFound","code":67305473}
{"msg":"FUSE request failed","level":"ERRO","ts":"2026-10-06T23:15:26.100081042Z","instance":"remote-b-r1","service_name":"afs-node","message":"No such file or directory (os error 2)","kind":"NotFound","code":67305473}
{"msg":"FUSE request failed","level":"ERRO","ts":"2026-10-06T23:15:26.100167584Z","instance":"remote-b-r1","service_name":"afs-node","message":"No such file or directory (os error 2)","kind":"NotFound","code":67305473}
{"msg":"FUSE request failed","level":"ERRO","ts":"2026-10-06T23:15:26.100253543Z","instance":"remote-b-r1","service_name":"afs-node","message":"No such file or directory (os error 2)","kind":"NotFound","code":67305473}
{"msg":"FUSE request failed","level":"ERRO","ts":"2026-10-06T23:15:26.100340376Z","instance":"remote-b-r1","service_name":"afs-node","message":"No such file or directory (os error 2)","kind":"NotFound","code":67305473}
{"msg":"FUSE request failed","level":"ERRO","ts":"2026-10-06T23:15:26.100468335Z","instance":"remote-b-r1","service_name":"afs-node","message":"No such file or directory (os error 2)","kind":"NotFound","code":67305473}
{"msg":"FUSE request failed","level":"ERRO","ts":"2026-10-06T23:15:26.100573002Z","instance":"remote-b-r1","service_name":"afs-node","message":"No such file or directory (os error 2)","kind":"NotFound","code":67305473}
{"msg":"FUSE request failed","level":"ERRO","ts":"2026-10-06T23:15:26.100665044Z","instance":"remote-b-r1","service_name":"afs-node","message":"No such file or directory (os error 2)","kind":"NotFound","code":67305473}
{"msg":"FUSE request failed","level":"ERRO","ts":"2026-10-06T23:15:26.100762419Z","instance":"remote-b-r1","service_name":"afs-node","message":"No such file or directory (os error 2)","kind":"NotFound","code":67305473}
{"msg":"FUSE request failed","level":"ERRO","ts":"2026-10-06T23:15:26.100875503Z","instance":"remote-b-r1","service_name":"afs-node","message":"No such file or directory (os error 2)","kind":"NotFound","code":67305473}
{"msg":"services.stopped","level":"INFO","ts":"2026-10-06T23:15:44.381668854Z","instance":"remote-b-r1","service_name":"afs-node"}
