{
  "role": "ctl",
  "observed_utc": "2026-10-07T00:26:10.977937+00:00",
  "platform": "Linux-6.8.0-142-generic-aarch64-with-glibc2.39",
  "kernel": "6.8.0-142-generic",
  "architecture": "aarch64",
  "hostname": "lima-afs-accept-ctl",
  "uid": 0,
  "root": "/mnt/lima-afsctlstate/afs-delivery/threefs-delete-v84-20261007-r1",
  "root_absent": true,
  "prefix": "/opt/afs-3fs-round3-v84",
  "boot_id": "18c9c087-49d6-458f-817b-0f84c0effd7a",
  "protected_processes": [
    {
      "pid": 1136874,
      "exe": "/mnt/lima-afsctlstate/afs-delivery/p1b/bin/afs-meta",
      "exe_dev": 64785,
      "exe_ino": 131098,
      "start_ticks": "1233842",
      "state": "S",
      "utime_ticks": "2503",
      "stime_ticks": "142",
      "rss": "49384 kB",
      "threads": "4",
      "argv": "/mnt/lima-afsctlstate/afs-delivery/p1b/bin/afs-meta --config /mnt/lima-afsctlstate/afs-delivery/p1b/meta.toml "
    },
    {
      "pid": 1418880,
      "exe": "/mnt/lima-afsctlstate/afs-delivery/round1-mainline-v77-archive-async/prefix/bin/afs-meta",
      "exe_dev": 64785,
      "exe_ino": 262584,
      "start_ticks": "10164420",
      "state": "S",
      "utime_ticks": "26060",
      "stime_ticks": "732",
      "rss": "82304 kB",
      "threads": "4",
      "argv": "/mnt/lima-afsctlstate/afs-delivery/round1-mainline-v77-archive-async/prefix/bin/afs-meta --config /mnt/lima-afsctlstate/afs-delivery/round1-mainline-v77-archive-async/etc/meta.toml "
    }
  ],
  "dependencies": {
    "python3": "/usr/bin/python3",
    "findmnt": "/usr/bin/findmnt",
    "ldd": "/usr/bin/ldd",
    "sha256sum": "/usr/bin/sha256sum",
    "ip": "/usr/sbin/ip",
    "ss": "/usr/bin/ss",
    "fusermount3": "/usr/bin/fusermount3",
    "rdma": "/usr/bin/rdma"
  },
  "limits": {
    "memlock": [
      511946752,
      511946752
    ],
    "nofile": [
      1024,
      1048576
    ],
    "effective_caps_hex": "000001ffffffffff",
    "cap_ipc_lock": true,
    "cap_sys_resource": true,
    "rdma_pool_declared_bytes": 402653184,
    "memlock_basis": "soft unlimited/>=384MiB OR effective CAP_IPC_LOCK; hard nofile>=1048576 permits same old helper process-only setrlimit before child creation; no limit changed by probe"
  },
  "memory": {
    "MemTotal": 4095574016,
    "MemAvailable": 3566415872,
    "MemFree": 328716288,
    "SwapTotal": 0,
    "SwapFree": 0,
    "required_initial_MemAvailable_bytes": 2684354560
  },
  "cgroup_membership": "0::/user.slice/user-501.slice/session-4.scope",
  "cgroup_ancestors": [
    {
      "path": "/sys/fs/cgroup/user.slice/user-501.slice/session-4.scope",
      "memory.max": "max",
      "memory.current": "3142234112",
      "memory.high": "max",
      "pids.max": "max",
      "pids.current": "18"
    },
    {
      "path": "/sys/fs/cgroup/user.slice/user-501.slice",
      "memory.max": "max",
      "memory.current": "3150233600",
      "memory.high": "max",
      "pids.max": "10043",
      "pids.current": "20"
    },
    {
      "path": "/sys/fs/cgroup/user.slice",
      "memory.max": "max",
      "memory.current": "3150241792",
      "memory.high": "max",
      "pids.max": "max",
      "pids.current": "20"
    },
    {
      "path": "/sys/fs/cgroup",
      "memory.max": {
        "error": "FileNotFoundError(2, 'No such file or directory')"
      },
      "memory.current": {
        "error": "FileNotFoundError(2, 'No such file or directory')"
      },
      "memory.high": {
        "error": "FileNotFoundError(2, 'No such file or directory')"
      },
      "pids.max": {
        "error": "FileNotFoundError(2, 'No such file or directory')"
      },
      "pids.current": {
        "error": "FileNotFoundError(2, 'No such file or directory')"
      }
    }
  ],
  "coexistence_scope": "protected processes/mounts retained; no exclusive/fullVM fairness assumption; new serviceRSS will be observed separately",
  "mount_inventory": {
    "argv": [
      "/usr/bin/findmnt",
      "-J",
      "-o",
      "TARGET,SOURCE,FSTYPE,ID,OPTIONS"
    ],
    "exit": 0,
    "stdout": "{\n   \"filesystems\": [\n      {\n         \"target\": \"/\",\n         \"source\": \"/dev/vda1\",\n         \"fstype\": \"ext4\",\n         \"id\": 32,\n         \"options\": \"rw,relatime,discard,errors=remount-ro,commit=30\",\n         \"children\": [\n            {\n               \"target\": \"/sys\",\n               \"source\": \"sysfs\",\n               \"fstype\": \"sysfs\",\n               \"id\": 26,\n               \"options\": \"rw,nosuid,nodev,noexec,relatime\",\n               \"children\": [\n                  {\n                     \"target\": \"/sys/firmware/efi/efivars\",\n                     \"source\": \"efivarfs\",\n                     \"fstype\": \"efivarfs\",\n                     \"id\": 31,\n                     \"options\": \"rw,nosuid,nodev,noexec,relatime\"\n                  },{\n                     \"target\": \"/sys/kernel/security\",\n                     \"source\": \"securityfs\",\n                     \"fstype\": \"securityfs\",\n                     \"id\": 33,\n                     \"options\": \"rw,nosuid,nodev,noexec,relatime\"\n                  },{\n                     \"target\": \"/sys/fs/cgroup\",\n                     \"source\": \"cgroup2\",\n                     \"fstype\": \"cgroup2\",\n                     \"id\": 36,\n                     \"options\": \"rw,nosuid,nodev,noexec,relatime,nsdelegate,memory_recursiveprot\"\n                  },{\n                     \"target\": \"/sys/fs/pstore\",\n                     \"source\": \"pstore\",\n                     \"fstype\": \"pstore\",\n                     \"id\": 37,\n                     \"options\": \"rw,nosuid,nodev,noexec,relatime\"\n                  },{\n                     \"target\": \"/sys/fs/bpf\",\n                     \"source\": \"bpf\",\n                     \"fstype\": \"bpf\",\n                     \"id\": 38,\n                     \"options\": \"rw,nosuid,nodev,noexec,relatime,mode=700\"\n                  },{\n                     \"target\": \"/sys/kernel/debug\",\n                     \"source\": \"debugfs\",\n                     \"fstype\": \"debugfs\",\n                     \"id\": 42,\n                     \"options\": \"rw,nosuid,nodev,noexec,relatime\",\n                     \"children\": [\n                        {\n                           \"target\": \"/sys/kernel/debug/tracing\",\n                           \"source\": \"tracefs\",\n                           \"fstype\": \"tracefs\",\n                           \"id\": 53,\n                           \"options\": \"rw,nosuid,nodev,noexec,relatime\"\n                        }\n                     ]\n                  },{\n                     \"target\": \"/sys/kernel/tracing\",\n                     \"source\": \"tracefs\",\n                     \"fstype\": \"tracefs\",\n                     \"id\": 43,\n                     \"options\": \"rw,nosuid,nodev,noexec,relatime\"\n                  },{\n                     \"target\": \"/sys/fs/fuse/connections\",\n                     \"source\": \"fusectl\",\n                     \"fstype\": \"fusectl\",\n                     \"id\": 44,\n                     \"options\": \"rw,nosuid,nodev,noexec,relatime\"\n                  },{\n                     \"target\": \"/sys/kernel/config\",\n                     \"source\": \"configfs\",\n                     \"fstype\": \"configfs\",\n                     \"id\": 45,\n                     \"options\": \"rw,nosuid,nodev,noexec,relatime\"\n                  }\n               ]\n            },{\n               \"target\": \"/proc\",\n               \"source\": \"proc\",\n               \"fstype\": \"proc\",\n               \"id\": 27,\n               \"options\": \"rw,nosuid,nodev,noexec,relatime\",\n               \"children\": [\n                  {\n                     \"target\": \"/proc/sys/fs/binfmt_misc\",\n                     \"source\": \"systemd-1\",\n                     \"fstype\": \"autofs\",\n                     \"id\": 39,\n                     \"options\": \"rw,relatime,fd=32,pgrp=1,timeout=0,minproto=5,maxproto=5,direct,pipe_ino=5004\",\n                     \"children\": [\n                        {\n                           \"target\": \"/proc/sys/fs/binfmt_misc\",\n                           \"source\": \"binfmt_misc\",\n                           \"fstype\": \"binfmt_misc\",\n                           \"id\": 51,\n                           \"options\": \"rw,nosuid,nodev,noexec,relatime\"\n                        }\n                     ]\n                  },{\n                     \"target\": \"/proc/fs/nfsd\",\n                     \"source\": \"nfsd\",\n                     \"fstype\": \"nfsd\",\n                     \"id\": 350,\n                     \"options\": \"rw,relatime\"\n                  }\n               ]\n            },{\n               \"target\": \"/dev\",\n               \"source\": \"udev\",\n               \"fstype\": \"devtmpfs\",\n               \"id\": 28,\n               \"options\": \"rw,nosuid,relatime,size=1947808k,nr_inodes=486952,mode=755,inode64\",\n               \"children\": [\n                  {\n                     \"target\": \"/dev/pts\",\n                     \"source\": \"devpts\",\n                     \"fstype\": \"devpts\",\n                     \"id\": 29,\n                     \"options\": \"rw,nosuid,noexec,relatime,gid=5,mode=620,ptmxmode=000\"\n                  },{\n                     \"target\": \"/dev/shm\",\n                     \"source\": \"tmpfs\",\n                     \"fstype\": \"tmpfs\",\n                     \"id\": 34,\n                     \"options\": \"rw,nosuid,nodev,inode64\"\n                  },{\n                     \"target\": \"/dev/mqueue\",\n                     \"source\": \"mqueue\",\n                     \"fstype\": \"mqueue\",\n                     \"id\": 40,\n                     \"options\": \"rw,nosuid,nodev,noexec,relatime\"\n                  },{\n                     \"target\": \"/dev/hugepages\",\n                     \"source\": \"hugetlbfs\",\n                     \"fstype\": \"hugetlbfs\",\n                     \"id\": 41,\n                     \"options\": \"rw,nosuid,nodev,relatime,pagesize=2M\"\n                  }\n               ]\n            },{\n               \"target\": \"/run\",\n               \"source\": \"tmpfs\",\n               \"fstype\": \"tmpfs\",\n               \"id\": 30,\n               \"options\": \"rw,nosuid,nodev,noexec,relatime,size=399960k,mode=755,inode64\",\n               \"children\": [\n                  {\n                     \"target\": \"/run/lock\",\n                     \"source\": \"tmpfs\",\n                     \"fstype\": \"tmpfs\",\n                     \"id\": 35,\n                     \"options\": \"rw,nosuid,nodev,noexec,relatime,size=5120k,inode64\"\n                  },{\n                     \"target\": \"/run/user/501\",\n                     \"source\": \"tmpfs\",\n                     \"fstype\": \"tmpfs\",\n                     \"id\": 58,\n                     \"options\": \"rw,nosuid,nodev,relatime,size=399956k,nr_inodes=99989,mode=700,uid=501,gid=1000,inode64\"\n                  },{\n                     \"target\": \"/run/rpc_pipefs\",\n                     \"source\": \"sunrpc\",\n                     \"fstype\": \"rpc_pipefs\",\n                     \"id\": 75,\n                     \"options\": \"rw,relatime\"\n                  }\n               ]\n            },{\n               \"target\": \"/boot\",\n               \"source\": \"/dev/vda16\",\n               \"fstype\": \"ext4\",\n               \"id\": 47,\n               \"options\": \"rw,relatime\",\n               \"children\": [\n                  {\n                     \"target\": \"/boot/efi\",\n                     \"source\": \"/dev/vda15\",\n                     \"fstype\": \"vfat\",\n                     \"id\": 49,\n                     \"options\": \"rw,relatime,fmask=0077,dmask=0077,codepage=437,iocharset=iso8859-1,shortname=mixed,errors=remount-ro\"\n                  }\n               ]\n            },{\n               \"target\": \"/tmp/afs-ltp-ext4-full/base/.afs-std02-ltp-20260930T101932Z-00dcb4f9/commands/0632-writev03/tmp/LTP_wriNCIqOx/mntpoint\",\n               \"source\": \"/dev/loop0\",\n               \"fstype\": \"ext4\",\n               \"id\": 65,\n               \"options\": \"rw,relatime\"\n            },{\n               \"target\": \"/tmp/afs-ltp-ext4-full2/base/.afs-std02-ltp-20260930T102850Z-23c1867f/commands/0632-writev03/tmp/LTP_wriSTzuAd/mntpoint\",\n               \"source\": \"/dev/loop1\",\n               \"fstype\": \"btrfs\",\n               \"id\": 76,\n               \"options\": \"rw,relatime,discard=async,space_cache=v2,subvolid=5,subvol=/\"\n            },{\n               \"target\": \"/mnt/lima-cidata\",\n               \"source\": \"/dev/vdc\",\n               \"fstype\": \"iso9660\",\n               \"id\": 91,\n               \"options\": \"ro,relatime,nojoliet,overriderockperm,check=s,map=n,blocksize=2048,uid=0,dmode=700,fmode=700,iocharset=utf8\"\n            },{\n               \"target\": \"/mnt/lima-afsctlstate\",\n               \"source\": \"/dev/vdb1\",\n               \"fstype\": \"ext4\",\n               \"id\": 100,\n               \"options\": \"rw,relatime\",\n               \"children\": [\n                  {\n                     \"target\": \"/mnt/lima-afsctlstate/v102w/ltpfull/.l639898a1/0632/t/LTP_wriBX4FIF/mntpoint\",\n                     \"source\": \"/dev/loop2\",\n                     \"fstype\": \"ext4\",\n                     \"id\": 354,\n                     \"options\": \"rw,relatime\"\n                  }\n               ]\n            }\n         ]\n      }\n   ]\n}\n",
    "stderr": ""
  },
  "volume_mount": {
    "argv": [
      "/usr/bin/findmnt",
      "-J",
      "--mountpoint",
      "/mnt/lima-afsctlstate",
      "-o",
      "TARGET,SOURCE,FSTYPE,ID,OPTIONS"
    ],
    "exit": 0,
    "stdout": "{\n   \"filesystems\": [\n      {\n         \"target\": \"/mnt/lima-afsctlstate\",\n         \"source\": \"/dev/vdb1\",\n         \"fstype\": \"ext4\",\n         \"id\": 100,\n         \"options\": \"rw,relatime\"\n      }\n   ]\n}\n",
    "stderr": ""
  },
  "capacity": {
    "total": 8348200960,
    "used": 3611049984,
    "free": 4290981888,
    "budget": 1073741824,
    "floor": 536870912,
    "required": 1610612736
  },
  "ip_addresses": {
    "argv": [
      "/usr/sbin/ip",
      "-j",
      "-4",
      "addr",
      "show"
    ],
    "exit": 0,
    "stdout": "[{\"ifindex\":1,\"ifname\":\"lo\",\"flags\":[\"LOOPBACK\",\"UP\",\"LOWER_UP\"],\"mtu\":65536,\"qdisc\":\"noqueue\",\"operstate\":\"UNKNOWN\",\"group\":\"default\",\"txqlen\":1000,\"addr_info\":[{\"family\":\"inet\",\"local\":\"127.0.0.1\",\"prefixlen\":8,\"scope\":\"host\",\"label\":\"lo\",\"valid_life_time\":4294967295,\"preferred_life_time\":4294967295}]},{\"ifindex\":2,\"ifname\":\"eth0\",\"flags\":[\"BROADCAST\",\"MULTICAST\",\"UP\",\"LOWER_UP\"],\"mtu\":1500,\"qdisc\":\"fq_codel\",\"operstate\":\"UP\",\"group\":\"default\",\"txqlen\":1000,\"addr_info\":[{\"family\":\"inet\",\"local\":\"192.168.109.11\",\"prefixlen\":24,\"metric\":200,\"broadcast\":\"192.168.109.255\",\"scope\":\"global\",\"dynamic\":true,\"label\":\"eth0\",\"valid_life_time\":2130,\"preferred_life_time\":2130}]}]\n",
    "stderr": ""
  },
  "routes": {
    "argv": [
      "/usr/sbin/ip",
      "-j",
      "-4",
      "route",
      "show"
    ],
    "exit": 0,
    "stdout": "[{\"dst\":\"default\",\"gateway\":\"192.168.109.2\",\"dev\":\"eth0\",\"protocol\":\"dhcp\",\"prefsrc\":\"192.168.109.11\",\"metric\":200,\"flags\":[]},{\"dst\":\"192.168.109.0/24\",\"dev\":\"eth0\",\"protocol\":\"kernel\",\"scope\":\"link\",\"prefsrc\":\"192.168.109.11\",\"metric\":200,\"flags\":[]},{\"dst\":\"192.168.109.2\",\"dev\":\"eth0\",\"protocol\":\"dhcp\",\"scope\":\"link\",\"prefsrc\":\"192.168.109.11\",\"metric\":200,\"flags\":[]}]\n",
    "stderr": ""
  },
  "locked_peer_routes": {
    "a": {
      "argv": [
        "/usr/sbin/ip",
        "-j",
        "route",
        "get",
        "192.168.109.12"
      ],
      "exit": 0,
      "stdout": "[{\"dst\":\"192.168.109.12\",\"dev\":\"eth0\",\"prefsrc\":\"192.168.109.11\",\"flags\":[],\"uid\":0,\"cache\":[]}]\n",
      "stderr": ""
    },
    "b": {
      "argv": [
        "/usr/sbin/ip",
        "-j",
        "route",
        "get",
        "192.168.109.13"
      ],
      "exit": 0,
      "stdout": "[{\"dst\":\"192.168.109.13\",\"dev\":\"eth0\",\"prefsrc\":\"192.168.109.11\",\"flags\":[],\"uid\":0,\"cache\":[]}]\n",
      "stderr": ""
    },
    "c": {
      "argv": [
        "/usr/sbin/ip",
        "-j",
        "route",
        "get",
        "192.168.109.14"
      ],
      "exit": 0,
      "stdout": "[{\"dst\":\"192.168.109.14\",\"dev\":\"eth0\",\"prefsrc\":\"192.168.109.11\",\"flags\":[],\"uid\":0,\"cache\":[]}]\n",
      "stderr": ""
    }
  },
  "listener_inventory": {
    "argv": [
      "/usr/bin/ss",
      "-H",
      "-lntup"
    ],
    "exit": 0,
    "stdout": "udp UNCONN 0      0                  0.0.0.0:4791  0.0.0.0:*                                                              \nudp UNCONN 0      0                127.0.0.1:720   0.0.0.0:* users:((\"rpc.statd\",pid=1320456,fd=5))                       \nudp UNCONN 0      0                  0.0.0.0:5353  0.0.0.0:* users:((\"systemd-resolve\",pid=3556,fd=11))                   \nudp UNCONN 0      0                  0.0.0.0:60863 0.0.0.0:* users:((\"rpc.mountd\",pid=1320469,fd=12))                     \nudp UNCONN 0      0                  0.0.0.0:42555 0.0.0.0:* users:((\"rpc.mountd\",pid=1320469,fd=4))                      \nudp UNCONN 0      0                  0.0.0.0:38922 0.0.0.0:* users:((\"rpc.statd\",pid=1320456,fd=8))                       \nudp UNCONN 0      0               127.0.0.54:53    0.0.0.0:* users:((\"systemd-resolve\",pid=3556,fd=19))                   \nudp UNCONN 0      0            127.0.0.53%lo:53    0.0.0.0:* users:((\"systemd-resolve\",pid=3556,fd=17))                   \nudp UNCONN 0      0      192.168.109.11%eth0:68    0.0.0.0:* users:((\"systemd-network\",pid=3591,fd=22))                   \nudp UNCONN 0      0                  0.0.0.0:111   0.0.0.0:* users:((\"rpcbind\",pid=1319949,fd=5),(\"systemd\",pid=1,fd=114))\nudp UNCONN 0      0                  0.0.0.0:47240 0.0.0.0:* users:((\"rpc.mountd\",pid=1320469,fd=8))                      \nudp UNCONN 0      0                  0.0.0.0:53421 0.0.0.0:*                                                              \nudp UNCONN 0      0                     [::]:49764    [::]:* users:((\"rpc.mountd\",pid=1320469,fd=6))                      \nudp UNCONN 0      0                     [::]:55958    [::]:* users:((\"rpc.mountd\",pid=1320469,fd=10))                     \nudp UNCONN 0      0                     [::]:47792    [::]:* users:((\"rpc.statd\",pid=1320456,fd=10))                      \nudp UNCONN 0      0                     [::]:4791     [::]:*                                                              \nudp UNCONN 0      0                     [::]:56030    [::]:* users:((\"rpc.mountd\",pid=1320469,fd=14))                     \nudp UNCONN 0      0                     [::]:5353     [::]:* users:((\"systemd-resolve\",pid=3556,fd=12))                   \nudp UNCONN 0      0                     [::]:42536    [::]:*                                                              \nudp UNCONN 0      0                     [::]:111      [::]:* users:((\"rpcbind\",pid=1319949,fd=7),(\"systemd\",pid=1,fd=117))\ntcp LISTEN 0      511                0.0.0.0:17637 0.0.0.0:* users:((\"redis-server\",pid=472165,fd=6))                     \ntcp LISTEN 0      4096               0.0.0.0:58375 0.0.0.0:* users:((\"rpc.mountd\",pid=1320469,fd=5))                      \ntcp LISTEN 0      128                0.0.0.0:17501 0.0.0.0:* users:((\"afs-meta\",pid=1136874,fd=10))                       \ntcp LISTEN 0      128                0.0.0.0:17500 0.0.0.0:* users:((\"afs-meta\",pid=1136874,fd=9))                        \ntcp LISTEN 0      64                 0.0.0.0:40275 0.0.0.0:*                                                              \ntcp LISTEN 0      128                0.0.0.0:19980 0.0.0.0:* users:((\"afs-meta\",pid=1418880,fd=9))                        \ntcp LISTEN 0      128         192.168.109.11:19981 0.0.0.0:* users:((\"afs-meta\",pid=1418880,fd=10))                       \ntcp LISTEN 0      4096         127.0.0.53%lo:53    0.0.0.0:* users:((\"systemd-resolve\",pid=3556,fd=18))                   \ntcp LISTEN 0      4096               0.0.0.0:32975 0.0.0.0:* users:((\"rpc.statd\",pid=1320456,fd=9))                       \ntcp LISTEN 0      4096            127.0.0.54:53    0.0.0.0:* users:((\"systemd-resolve\",pid=3556,fd=20))                   \ntcp LISTEN 0      64                 0.0.0.0:2049  0.0.0.0:*                                                              \ntcp LISTEN 0      4096               0.0.0.0:22    0.0.0.0:* users:((\"sshd\",pid=3573,fd=3),(\"systemd\",pid=1,fd=92))       \ntcp LISTEN 0      4096               0.0.0.0:111   0.0.0.0:* users:((\"rpcbind\",pid=1319949,fd=4),(\"systemd\",pid=1,fd=113))\ntcp LISTEN 0      4096               0.0.0.0:35141 0.0.0.0:* users:((\"rpc.mountd\",pid=1320469,fd=9))                      \ntcp LISTEN 0      4096               0.0.0.0:47739 0.0.0.0:* users:((\"rpc.mountd\",pid=1320469,fd=13))                     \ntcp LISTEN 0      4096                  [::]:36615    [::]:* users:((\"rpc.statd\",pid=1320456,fd=11))                      \ntcp LISTEN 0      4096                  [::]:45227    [::]:* users:((\"rpc.mountd\",pid=1320469,fd=7))                      \ntcp LISTEN 0      4096                  [::]:37091    [::]:* users:((\"rpc.mountd\",pid=1320469,fd=15))                     \ntcp LISTEN 0      64                    [::]:38945    [::]:*                                                              \ntcp LISTEN 0      64                    [::]:2049     [::]:*                                                              \ntcp LISTEN 0      4096                  [::]:22       [::]:* users:((\"sshd\",pid=3573,fd=4),(\"systemd\",pid=1,fd=93))       \ntcp LISTEN 0      4096                  [::]:111      [::]:* users:((\"rpcbind\",pid=1319949,fd=6),(\"systemd\",pid=1,fd=116))\ntcp LISTEN 0      4096                  [::]:45787    [::]:* users:((\"rpc.mountd\",pid=1320469,fd=11))                     \n",
    "stderr": ""
  },
  "new_port_bind_readonly_checks": [
    {
      "port": 24100,
      "protocol": "TCP",
      "bind_available": true
    },
    {
      "port": 24100,
      "protocol": "UDP",
      "bind_available": true
    },
    {
      "port": 24101,
      "protocol": "TCP",
      "bind_available": true
    },
    {
      "port": 24101,
      "protocol": "UDP",
      "bind_available": true
    },
    {
      "port": 24102,
      "protocol": "TCP",
      "bind_available": true
    },
    {
      "port": 24102,
      "protocol": "UDP",
      "bind_available": true
    }
  ],
  "fuse_device": {
    "path": "/dev/fuse",
    "exists": true,
    "read_write_access": true
  },
  "fusermount3": {
    "path": "/usr/bin/fusermount3",
    "sha256": "f02a72a71fe768cfe48238e247470d6e42efe39d66b1be2509ce0a34ede978ad",
    "help": {
      "argv": [
        "/usr/bin/fusermount3",
        "-h"
      ],
      "exit": 1,
      "stdout": "/usr/bin/fusermount3: [options] mountpoint\nOptions:\n -h\t\t    print help\n -V\t\t    print version\n -o opt[,opt...]    mount options\n -u\t\t    unmount\n -q\t\t    quiet\n -z\t\t    lazy unmount\n",
      "stderr": ""
    },
    "version": {
      "argv": [
        "/usr/bin/fusermount3",
        "-V"
      ],
      "exit": 0,
      "stdout": "fusermount3 version: 3.14.0\n",
      "stderr": ""
    }
  },
  "manifest": {
    "path": "/opt/afs-3fs-round3-v84/manifest.json",
    "sha256": "1608f7ba7f3fa46e9aabfef0f9fe034db827e749e1c9a147a9f75d152f84a241",
    "checks": [
      {
        "path": "/opt/afs-3fs-round3-v84/bin/admin_cli",
        "expected_sha256": "f833c75c548ab19238be877df84357f596fc8dfe98de2010d7a85cb4c5dace73",
        "actual_sha256": "f833c75c548ab19238be877df84357f596fc8dfe98de2010d7a85cb4c5dace73",
        "ELF_class": 2,
        "e_machine": 183
      },
      {
        "path": "/opt/afs-3fs-round3-v84/bin/fdbcli",
        "expected_sha256": "52685cd06041737fda906f740e937a98bd1925ecb7d1981bc61b16f56a2d8aa6",
        "actual_sha256": "52685cd06041737fda906f740e937a98bd1925ecb7d1981bc61b16f56a2d8aa6",
        "ELF_class": 2,
        "e_machine": 183
      },
      {
        "path": "/opt/afs-3fs-round3-v84/bin/fdbserver",
        "expected_sha256": "cddf55256ba2ca1249f98481d6c9995fd7fda091d23bc0551b96c1ae9537128c",
        "actual_sha256": "cddf55256ba2ca1249f98481d6c9995fd7fda091d23bc0551b96c1ae9537128c",
        "ELF_class": 2,
        "e_machine": 183
      },
      {
        "path": "/opt/afs-3fs-round3-v84/bin/hf3fs_fuse_main",
        "expected_sha256": "45f09c3b808bfb8ab77d06c0fd0de12b9d7176e4db35d33b0b3783f86e5f3fbf",
        "actual_sha256": "45f09c3b808bfb8ab77d06c0fd0de12b9d7176e4db35d33b0b3783f86e5f3fbf",
        "ELF_class": 2,
        "e_machine": 183
      },
      {
        "path": "/opt/afs-3fs-round3-v84/bin/meta_main",
        "expected_sha256": "86b614a83b5f7e42bcc21c8c756eec19c65828728d33d3609cfc969003eba411",
        "actual_sha256": "86b614a83b5f7e42bcc21c8c756eec19c65828728d33d3609cfc969003eba411",
        "ELF_class": 2,
        "e_machine": 183
      },
      {
        "path": "/opt/afs-3fs-round3-v84/bin/mgmtd_main",
        "expected_sha256": "4289d2f14d53bc81410a9650695e64295642075a07d5f6183e182224d7880bb3",
        "actual_sha256": "4289d2f14d53bc81410a9650695e64295642075a07d5f6183e182224d7880bb3",
        "ELF_class": 2,
        "e_machine": 183
      },
      {
        "path": "/opt/afs-3fs-round3-v84/bin/storage_main",
        "expected_sha256": "bb8c2546f609059cf419a2e06ec0297d44084ca4570b313569a93d505e18ca85",
        "actual_sha256": "bb8c2546f609059cf419a2e06ec0297d44084ca4570b313569a93d505e18ca85",
        "ELF_class": 2,
        "e_machine": 183
      },
      {
        "path": "/opt/afs-3fs-round3-v84/lib/libaio.so.1t64",
        "expected_sha256": "34a7d0e9f59834c5d2dfe195e00fa2851f6a4d9873406e6427f85c7f70f60e6f",
        "actual_sha256": "34a7d0e9f59834c5d2dfe195e00fa2851f6a4d9873406e6427f85c7f70f60e6f",
        "ELF_class": 2,
        "e_machine": 183
      },
      {
        "path": "/opt/afs-3fs-round3-v84/lib/libatomic.so.1",
        "expected_sha256": "2896f2608b49113496e6872c77cb591f51f4e646fec01e59f517a971199979fe",
        "actual_sha256": "2896f2608b49113496e6872c77cb591f51f4e646fec01e59f517a971199979fe",
        "ELF_class": 2,
        "e_machine": 183
      },
      {
        "path": "/opt/afs-3fs-round3-v84/lib/libboost_atomic.so.1.83.0",
        "expected_sha256": "1a9d92196492e21283de0a1aba3bf7b1dd7cec7de5602ef9b446e12f4d756675",
        "actual_sha256": "1a9d92196492e21283de0a1aba3bf7b1dd7cec7de5602ef9b446e12f4d756675",
        "ELF_class": 2,
        "e_machine": 183
      },
      {
        "path": "/opt/afs-3fs-round3-v84/lib/libboost_context.so.1.83.0",
        "expected_sha256": "dbb26bfcca7941dcc7eab09dece217084265b6ae82523b9d3916e5d48876dbf1",
        "actual_sha256": "dbb26bfcca7941dcc7eab09dece217084265b6ae82523b9d3916e5d48876dbf1",
        "ELF_class": 2,
        "e_machine": 183
      },
      {
        "path": "/opt/afs-3fs-round3-v84/lib/libboost_filesystem.so.1.83.0",
        "expected_sha256": "8c90582a3f32cf5164da45951a83285db960da362cb4707f07215bc0dfb0d7f6",
        "actual_sha256": "8c90582a3f32cf5164da45951a83285db960da362cb4707f07215bc0dfb0d7f6",
        "ELF_class": 2,
        "e_machine": 183
      },
      {
        "path": "/opt/afs-3fs-round3-v84/lib/libboost_program_options.so.1.83.0",
        "expected_sha256": "1683ee66213dc2df1e2f595eafba2c41f89e19ad75b0ffd867171fc3b01d27c7",
        "actual_sha256": "1683ee66213dc2df1e2f595eafba2c41f89e19ad75b0ffd867171fc3b01d27c7",
        "ELF_class": 2,
        "e_machine": 183
      },
      {
        "path": "/opt/afs-3fs-round3-v84/lib/libboost_regex.so.1.83.0",
        "expected_sha256": "ab8827c753f22eff83bf0bab365a433d4f3dd6d27d38675e0495f5962043ac0e",
        "actual_sha256": "ab8827c753f22eff83bf0bab365a433d4f3dd6d27d38675e0495f5962043ac0e",
        "ELF_class": 2,
        "e_machine": 183
      },
      {
        "path": "/opt/afs-3fs-round3-v84/lib/libboost_system.so.1.83.0",
        "expected_sha256": "1f0372c5d62d2b35c55df9e4a66760ff6b30c0f54430bfef3d4f7854e4768964",
        "actual_sha256": "1f0372c5d62d2b35c55df9e4a66760ff6b30c0f54430bfef3d4f7854e4768964",
        "ELF_class": 2,
        "e_machine": 183
      },
      {
        "path": "/opt/afs-3fs-round3-v84/lib/libboost_thread.so.1.83.0",
        "expected_sha256": "3e96786c0958227791966d25f2a1289da77922172bf09c09a9f2b418abbe964c",
        "actual_sha256": "3e96786c0958227791966d25f2a1289da77922172bf09c09a9f2b418abbe964c",
        "ELF_class": 2,
        "e_machine": 183
      },
      {
        "path": "/opt/afs-3fs-round3-v84/lib/libcrypto.so.3",
        "expected_sha256": "b27a2396652ee28629c94d59d667c417dbffdf2dee84e5bf140bd17d3eedb7d9",
        "actual_sha256": "b27a2396652ee28629c94d59d667c417dbffdf2dee84e5bf140bd17d3eedb7d9",
        "ELF_class": 2,
        "e_machine": 183
      },
      {
        "path": "/opt/afs-3fs-round3-v84/lib/libdouble-conversion.so.3",
        "expected_sha256": "1f86e3feb9750c64af092b08d51ab55e9a6f5dfe70b69f73ec72fa84a6e8f9f7",
        "actual_sha256": "1f86e3feb9750c64af092b08d51ab55e9a6f5dfe70b69f73ec72fa84a6e8f9f7",
        "ELF_class": 2,
        "e_machine": 183
      },
      {
        "path": "/opt/afs-3fs-round3-v84/lib/libdwarf.so.1",
        "expected_sha256": "9b2ae0d524bd339fa451597c2ee7a8d91f9a306079e5bafda786e517693bb2c7",
        "actual_sha256": "9b2ae0d524bd339fa451597c2ee7a8d91f9a306079e5bafda786e517693bb2c7",
        "ELF_class": 2,
        "e_machine": 183
      },
      {
        "path": "/opt/afs-3fs-round3-v84/lib/libelf.so.1",
        "expected_sha256": "cb8f5d9cc966fcf008e443541eba7f493167bca2901172abd4b76660d62cdae4",
        "actual_sha256": "cb8f5d9cc966fcf008e443541eba7f493167bca2901172abd4b76660d62cdae4",
        "ELF_class": 2,
        "e_machine": 183
      },
      {
        "path": "/opt/afs-3fs-round3-v84/lib/libevent-2.1.so.7",
        "expected_sha256": "930690b0f2a219ccf09574c0edcc1c2dbfcfb2775f0fb3184d07331277891a1d",
        "actual_sha256": "930690b0f2a219ccf09574c0edcc1c2dbfcfb2775f0fb3184d07331277891a1d",
        "ELF_class": 2,
        "e_machine": 183
      },
      {
        "path": "/opt/afs-3fs-round3-v84/lib/libfdb_c.so",
        "expected_sha256": "962c16bcc96f6d9308c19733e1b6d2d9e8f5e4d7a9617d73f0884e639f366ab3",
        "actual_sha256": "962c16bcc96f6d9308c19733e1b6d2d9e8f5e4d7a9617d73f0884e639f366ab3",
        "ELF_class": 2,
        "e_machine": 183
      },
      {
        "path": "/opt/afs-3fs-round3-v84/lib/libfuse3.so.3",
        "expected_sha256": "da6a2acb7de4dfaf3cf09d4772311e5c9f4d3a76b7415d1a2346b0f3903086c6",
        "actual_sha256": "da6a2acb7de4dfaf3cf09d4772311e5c9f4d3a76b7415d1a2346b0f3903086c6",
        "ELF_class": 2,
        "e_machine": 183
      },
      {
        "path": "/opt/afs-3fs-round3-v84/lib/libgflags.so.2.2",
        "expected_sha256": "12c1a59becb95656a5de91fe6eee06f50e0eae4c217624399ee5c5c669a6ffbf",
        "actual_sha256": "12c1a59becb95656a5de91fe6eee06f50e0eae4c217624399ee5c5c669a6ffbf",
        "ELF_class": 2,
        "e_machine": 183
      },
      {
        "path": "/opt/afs-3fs-round3-v84/lib/libglog.so.1",
        "expected_sha256": "0564c8f486c7d507fb87efbc350a8094874c78a3d42139dec6c530cc565c1d09",
        "actual_sha256": "0564c8f486c7d507fb87efbc350a8094874c78a3d42139dec6c530cc565c1d09",
        "ELF_class": 2,
        "e_machine": 183
      },
      {
        "path": "/opt/afs-3fs-round3-v84/lib/libibverbs.so.1",
        "expected_sha256": "84e987a9131e90bf7933614bf2f415ea0e928d5614328685461cf646cdb384e4",
        "actual_sha256": "84e987a9131e90bf7933614bf2f415ea0e928d5614328685461cf646cdb384e4",
        "ELF_class": 2,
        "e_machine": 183
      },
      {
        "path": "/opt/afs-3fs-round3-v84/lib/libjemalloc.so.2",
        "expected_sha256": "39c59a40497eb25b3ec67c806caf5df784f5c40db4be0d70167333e1a3b263f1",
        "actual_sha256": "39c59a40497eb25b3ec67c806caf5df784f5c40db4be0d70167333e1a3b263f1",
        "ELF_class": 2,
        "e_machine": 183
      },
      {
        "path": "/opt/afs-3fs-round3-v84/lib/liblz4.so.1",
        "expected_sha256": "d1482a2f74152881d8b83708fedae7bca039f5608024f1178dc21a17df9887a7",
        "actual_sha256": "d1482a2f74152881d8b83708fedae7bca039f5608024f1178dc21a17df9887a7",
        "ELF_class": 2,
        "e_machine": 183
      },
      {
        "path": "/opt/afs-3fs-round3-v84/lib/liblzma.so.5",
        "expected_sha256": "47ea0f43683ef829cda43bfe1862c1b06f085fbd813bb58d2d142477f5380139",
        "actual_sha256": "47ea0f43683ef829cda43bfe1862c1b06f085fbd813bb58d2d142477f5380139",
        "ELF_class": 2,
        "e_machine": 183
      },
      {
        "path": "/opt/afs-3fs-round3-v84/lib/libnl-3.so.200",
        "expected_sha256": "a4e331c8189a300460ef3da8c3fc6e58e46787ce028775a93dd772514bfa1f89",
        "actual_sha256": "a4e331c8189a300460ef3da8c3fc6e58e46787ce028775a93dd772514bfa1f89",
        "ELF_class": 2,
        "e_machine": 183
      },
      {
        "path": "/opt/afs-3fs-round3-v84/lib/libnl-route-3.so.200",
        "expected_sha256": "25b0138e696273db55d4c0eec19335841311cbde995d50caeef9c853c835f5c8",
        "actual_sha256": "25b0138e696273db55d4c0eec19335841311cbde995d50caeef9c853c835f5c8",
        "ELF_class": 2,
        "e_machine": 183
      },
      {
        "path": "/opt/afs-3fs-round3-v84/lib/libnuma.so.1",
        "expected_sha256": "e9fd01b52d2f4ea331a562cf5f1ea40de57a2c968e7948bad5f349cc8a82a21c",
        "actual_sha256": "e9fd01b52d2f4ea331a562cf5f1ea40de57a2c968e7948bad5f349cc8a82a21c",
        "ELF_class": 2,
        "e_machine": 183
      },
      {
        "path": "/opt/afs-3fs-round3-v84/lib/libprofiler.so.0",
        "expected_sha256": "64b52c20bf1794570c9012a49a62f4b954b9d3559396f1cb363a433b1c9f0a9f",
        "actual_sha256": "64b52c20bf1794570c9012a49a62f4b954b9d3559396f1cb363a433b1c9f0a9f",
        "ELF_class": 2,
        "e_machine": 183
      },
      {
        "path": "/opt/afs-3fs-round3-v84/lib/libsnappy.so.1",
        "expected_sha256": "67c6ba9a23e9ba9f18dda64025a22606cbcba98c5f2aff5d690c713d36032b4c",
        "actual_sha256": "67c6ba9a23e9ba9f18dda64025a22606cbcba98c5f2aff5d690c713d36032b4c",
        "ELF_class": 2,
        "e_machine": 183
      },
      {
        "path": "/opt/afs-3fs-round3-v84/lib/libssl.so.3",
        "expected_sha256": "cd89f6e6eea72583e1f1f98f8ea6b0f5e9281d7a0e4262a2e36f648be789d565",
        "actual_sha256": "cd89f6e6eea72583e1f1f98f8ea6b0f5e9281d7a0e4262a2e36f648be789d565",
        "ELF_class": 2,
        "e_machine": 183
      },
      {
        "path": "/opt/afs-3fs-round3-v84/lib/libtcmalloc.so.4",
        "expected_sha256": "160eb851b5875152256a3f9b30d0452a63d20d09034a24a07333629213f35a06",
        "actual_sha256": "160eb851b5875152256a3f9b30d0452a63d20d09034a24a07333629213f35a06",
        "ELF_class": 2,
        "e_machine": 183
      },
      {
        "path": "/opt/afs-3fs-round3-v84/lib/libunwind.so.8",
        "expected_sha256": "0b507266c28b564c22334b089318888fe04fcdf8221085e7081374be1d704e09",
        "actual_sha256": "0b507266c28b564c22334b089318888fe04fcdf8221085e7081374be1d704e09",
        "ELF_class": 2,
        "e_machine": 183
      },
      {
        "path": "/opt/afs-3fs-round3-v84/lib/libz.so.1",
        "expected_sha256": "e3bc90ee8cce46778c2f46c2a3e580d3b930f7b455910f25ea400a0b797fb9dc",
        "actual_sha256": "e3bc90ee8cce46778c2f46c2a3e580d3b930f7b455910f25ea400a0b797fb9dc",
        "ELF_class": 2,
        "e_machine": 183
      },
      {
        "path": "/opt/afs-3fs-round3-v84/lib/libzstd.so.1",
        "expected_sha256": "fe726238b170b83aa83bf1f8a79109b8b61b9eb45234304511d093bbe5f5fb20",
        "actual_sha256": "fe726238b170b83aa83bf1f8a79109b8b61b9eb45234304511d093bbe5f5fb20",
        "ELF_class": 2,
        "e_machine": 183
      }
    ]
  },
  "artifact_ldd": [
    {
      "argv": [
        "/usr/bin/ldd",
        "/opt/afs-3fs-round3-v84/bin/admin_cli"
      ],
      "exit": 0,
      "stdout": "\tlinux-vdso.so.1 (0x0000e9026ca7d000)\n\tlibatomic.so.1 => /opt/afs-3fs-round3-v84/lib/libatomic.so.1 (0x0000e902699a0000)\n\tlibfdb_c.so => /opt/afs-3fs-round3-v84/lib/libfdb_c.so (0x0000e90268280000)\n\tlibboost_context.so.1.83.0 => /opt/afs-3fs-round3-v84/lib/libboost_context.so.1.83.0 (0x0000e90268250000)\n\tlibboost_filesystem.so.1.83.0 => /opt/afs-3fs-round3-v84/lib/libboost_filesystem.so.1.83.0 (0x0000e90268210000)\n\tlibboost_program_options.so.1.83.0 => /opt/afs-3fs-round3-v84/lib/libboost_program_options.so.1.83.0 (0x0000e902681b0000)\n\tlibboost_regex.so.1.83.0 => /opt/afs-3fs-round3-v84/lib/libboost_regex.so.1.83.0 (0x0000e90268150000)\n\tlibboost_system.so.1.83.0 => /opt/afs-3fs-round3-v84/lib/libboost_system.so.1.83.0 (0x0000e90268120000)\n\tlibboost_thread.so.1.83.0 => /opt/afs-3fs-round3-v84/lib/libboost_thread.so.1.83.0 (0x0000e902680e0000)\n\tlibboost_atomic.so.1.83.0 => /opt/afs-3fs-round3-v84/lib/libboost_atomic.so.1.83.0 (0x0000e902680b0000)\n\tlibdouble-conversion.so.3 => /opt/afs-3fs-round3-v84/lib/libdouble-conversion.so.3 (0x0000e90268070000)\n\tlibgflags.so.2.2 => /opt/afs-3fs-round3-v84/lib/libgflags.so.2.2 (0x0000e90268030000)\n\tlibglog.so.1 => /opt/afs-3fs-round3-v84/lib/libglog.so.1 (0x0000e90267fd0000)\n\tlibevent-2.1.so.7 => /opt/afs-3fs-round3-v84/lib/libevent-2.1.so.7 (0x0000e90267f50000)\n\tlibz.so.1 => /opt/afs-3fs-round3-v84/lib/libz.so.1 (0x0000e90267f10000)\n\tlibssl.so.3 => /opt/afs-3fs-round3-v84/lib/libssl.so.3 (0x0000e90267e40000)\n\tlibcrypto.so.3 => /opt/afs-3fs-round3-v84/lib/libcrypto.so.3 (0x0000e902679b0000)\n\tliblzma.so.5 => /opt/afs-3fs-round3-v84/lib/liblzma.so.5 (0x0000e90267960000)\n\tliblz4.so.1 => /opt/afs-3fs-round3-v84/lib/liblz4.so.1 (0x0000e90267920000)\n\tlibzstd.so.1 => /opt/afs-3fs-round3-v84/lib/libzstd.so.1 (0x0000e90267860000)\n\tlibsnappy.so.1 => /opt/afs-3fs-round3-v84/lib/libsnappy.so.1 (0x0000e90267830000)\n\tlibdwarf.so.1 => /opt/afs-3fs-round3-v84/lib/libdwarf.so.1 (0x0000e90267780000)\n\tlibaio.so.1t64 => /opt/afs-3fs-round3-v84/lib/libaio.so.1t64 (0x0000e90267750000)\n\tlibunwind.so.8 => /opt/afs-3fs-round3-v84/lib/libunwind.so.8 (0x0000e90267700000)\n\tlibibverbs.so.1 => /opt/afs-3fs-round3-v84/lib/libibverbs.so.1 (0x0000e902676c0000)\n\tlibgcc_s.so.1 => /lib/aarch64-linux-gnu/libgcc_s.so.1 (0x0000e90267680000)\n\tlibtcmalloc.so.4 => /opt/afs-3fs-round3-v84/lib/libtcmalloc.so.4 (0x0000e90267460000)\n\tlibstdc++.so.6 => /lib/aarch64-linux-gnu/libstdc++.so.6 (0x0000e902671d0000)\n\tlibm.so.6 => /lib/aarch64-linux-gnu/libm.so.6 (0x0000e90267120000)\n\tlibc.so.6 => /lib/aarch64-linux-gnu/libc.so.6 (0x0000e90266f60000)\n\t/lib/ld-linux-aarch64.so.1 (0x0000e9026ca40000)\n\tlibelf.so.1 => /opt/afs-3fs-round3-v84/lib/libelf.so.1 (0x0000e90266f20000)\n\tlibnl-route-3.so.200 => /opt/afs-3fs-round3-v84/lib/libnl-route-3.so.200 (0x0000e90266e70000)\n\tlibnl-3.so.200 => /opt/afs-3fs-round3-v84/lib/libnl-3.so.200 (0x0000e90266e20000)\n",
      "stderr": ""
    },
    {
      "argv": [
        "/usr/bin/ldd",
        "/opt/afs-3fs-round3-v84/bin/fdbcli"
      ],
      "exit": 0,
      "stdout": "\tlinux-vdso.so.1 (0x0000f91c74af9000)\n\tliblzma.so.5 => /opt/afs-3fs-round3-v84/lib/liblzma.so.5 (0x0000f91c74a60000)\n\tlibz.so.1 => /opt/afs-3fs-round3-v84/lib/libz.so.1 (0x0000f91c74a20000)\n\tlibm.so.6 => /lib/aarch64-linux-gnu/libm.so.6 (0x0000f91c74970000)\n\tlibc.so.6 => /lib/aarch64-linux-gnu/libc.so.6 (0x0000f91c747b0000)\n\t/lib/ld-linux-aarch64.so.1 (0x0000f91c74ab0000)\n",
      "stderr": ""
    },
    {
      "argv": [
        "/usr/bin/ldd",
        "/opt/afs-3fs-round3-v84/bin/fdbserver"
      ],
      "exit": 0,
      "stdout": "\tlinux-vdso.so.1 (0x0000fa66fe6e8000)\n\tliblzma.so.5 => /opt/afs-3fs-round3-v84/lib/liblzma.so.5 (0x0000fa66fe650000)\n\tlibz.so.1 => /opt/afs-3fs-round3-v84/lib/libz.so.1 (0x0000fa66fe610000)\n\tlibm.so.6 => /lib/aarch64-linux-gnu/libm.so.6 (0x0000fa66fe560000)\n\tlibc.so.6 => /lib/aarch64-linux-gnu/libc.so.6 (0x0000fa66fe3a0000)\n\t/lib/ld-linux-aarch64.so.1 (0x0000fa66fe6a0000)\n",
      "stderr": ""
    },
    {
      "argv": [
        "/usr/bin/ldd",
        "/opt/afs-3fs-round3-v84/bin/hf3fs_fuse_main"
      ],
      "exit": 0,
      "stdout": "\tlinux-vdso.so.1 (0x0000e1afa195f000)\n\tlibatomic.so.1 => /opt/afs-3fs-round3-v84/lib/libatomic.so.1 (0x0000e1afa0c90000)\n\tlibfuse3.so.3 => /opt/afs-3fs-round3-v84/lib/libfuse3.so.3 (0x0000e1afa0c30000)\n\tlibboost_context.so.1.83.0 => /opt/afs-3fs-round3-v84/lib/libboost_context.so.1.83.0 (0x0000e1afa0c00000)\n\tlibboost_filesystem.so.1.83.0 => /opt/afs-3fs-round3-v84/lib/libboost_filesystem.so.1.83.0 (0x0000e1afa0bc0000)\n\tlibboost_program_options.so.1.83.0 => /opt/afs-3fs-round3-v84/lib/libboost_program_options.so.1.83.0 (0x0000e1afa0b60000)\n\tlibboost_regex.so.1.83.0 => /opt/afs-3fs-round3-v84/lib/libboost_regex.so.1.83.0 (0x0000e1afa0b00000)\n\tlibboost_system.so.1.83.0 => /opt/afs-3fs-round3-v84/lib/libboost_system.so.1.83.0 (0x0000e1afa0ad0000)\n\tlibboost_thread.so.1.83.0 => /opt/afs-3fs-round3-v84/lib/libboost_thread.so.1.83.0 (0x0000e1afa0a90000)\n\tlibboost_atomic.so.1.83.0 => /opt/afs-3fs-round3-v84/lib/libboost_atomic.so.1.83.0 (0x0000e1afa0a60000)\n\tlibdouble-conversion.so.3 => /opt/afs-3fs-round3-v84/lib/libdouble-conversion.so.3 (0x0000e1afa0a20000)\n\tlibgflags.so.2.2 => /opt/afs-3fs-round3-v84/lib/libgflags.so.2.2 (0x0000e1afa09e0000)\n\tlibglog.so.1 => /opt/afs-3fs-round3-v84/lib/libglog.so.1 (0x0000e1afa0980000)\n\tlibevent-2.1.so.7 => /opt/afs-3fs-round3-v84/lib/libevent-2.1.so.7 (0x0000e1afa0900000)\n\tlibz.so.1 => /opt/afs-3fs-round3-v84/lib/libz.so.1 (0x0000e1afa08c0000)\n\tlibssl.so.3 => /opt/afs-3fs-round3-v84/lib/libssl.so.3 (0x0000e1afa07f0000)\n\tlibcrypto.so.3 => /opt/afs-3fs-round3-v84/lib/libcrypto.so.3 (0x0000e1afa0360000)\n\tliblzma.so.5 => /opt/afs-3fs-round3-v84/lib/liblzma.so.5 (0x0000e1afa0310000)\n\tliblz4.so.1 => /opt/afs-3fs-round3-v84/lib/liblz4.so.1 (0x0000e1afa02d0000)\n\tlibzstd.so.1 => /opt/afs-3fs-round3-v84/lib/libzstd.so.1 (0x0000e1afa0210000)\n\tlibsnappy.so.1 => /opt/afs-3fs-round3-v84/lib/libsnappy.so.1 (0x0000e1afa01e0000)\n\tlibdwarf.so.1 => /opt/afs-3fs-round3-v84/lib/libdwarf.so.1 (0x0000e1afa0130000)\n\tlibaio.so.1t64 => /opt/afs-3fs-round3-v84/lib/libaio.so.1t64 (0x0000e1afa0100000)\n\tlibunwind.so.8 => /opt/afs-3fs-round3-v84/lib/libunwind.so.8 (0x0000e1afa00b0000)\n\tlibibverbs.so.1 => /opt/afs-3fs-round3-v84/lib/libibverbs.so.1 (0x0000e1afa0070000)\n\tlibgcc_s.so.1 => /lib/aarch64-linux-gnu/libgcc_s.so.1 (0x0000e1afa0030000)\n\tlibnuma.so.1 => /opt/afs-3fs-round3-v84/lib/libnuma.so.1 (0x0000e1afa0000000)\n\tlibstdc++.so.6 => /lib/aarch64-linux-gnu/libstdc++.so.6 (0x0000e1af9fd70000)\n\tlibm.so.6 => /lib/aarch64-linux-gnu/libm.so.6 (0x0000e1af9fcc0000)\n\tlibc.so.6 => /lib/aarch64-linux-gnu/libc.so.6 (0x0000e1af9fb00000)\n\t/lib/ld-linux-aarch64.so.1 (0x0000e1afa1910000)\n\tlibelf.so.1 => /opt/afs-3fs-round3-v84/lib/libelf.so.1 (0x0000e1af9fac0000)\n\tlibnl-route-3.so.200 => /opt/afs-3fs-round3-v84/lib/libnl-route-3.so.200 (0x0000e1af9fa10000)\n\tlibnl-3.so.200 => /opt/afs-3fs-round3-v84/lib/libnl-3.so.200 (0x0000e1af9f9c0000)\n",
      "stderr": ""
    },
    {
      "argv": [
        "/usr/bin/ldd",
        "/opt/afs-3fs-round3-v84/bin/meta_main"
      ],
      "exit": 0,
      "stdout": "\tlinux-vdso.so.1 (0x0000ed00a2e9f000)\n\tlibatomic.so.1 => /opt/afs-3fs-round3-v84/lib/libatomic.so.1 (0x0000ed00a1510000)\n\tlibfdb_c.so => /opt/afs-3fs-round3-v84/lib/libfdb_c.so (0x0000ed009fdf0000)\n\tlibboost_context.so.1.83.0 => /opt/afs-3fs-round3-v84/lib/libboost_context.so.1.83.0 (0x0000ed009fdc0000)\n\tlibboost_filesystem.so.1.83.0 => /opt/afs-3fs-round3-v84/lib/libboost_filesystem.so.1.83.0 (0x0000ed009fd80000)\n\tlibboost_program_options.so.1.83.0 => /opt/afs-3fs-round3-v84/lib/libboost_program_options.so.1.83.0 (0x0000ed009fd20000)\n\tlibboost_regex.so.1.83.0 => /opt/afs-3fs-round3-v84/lib/libboost_regex.so.1.83.0 (0x0000ed009fcc0000)\n\tlibboost_system.so.1.83.0 => /opt/afs-3fs-round3-v84/lib/libboost_system.so.1.83.0 (0x0000ed009fc90000)\n\tlibboost_thread.so.1.83.0 => /opt/afs-3fs-round3-v84/lib/libboost_thread.so.1.83.0 (0x0000ed009fc50000)\n\tlibboost_atomic.so.1.83.0 => /opt/afs-3fs-round3-v84/lib/libboost_atomic.so.1.83.0 (0x0000ed009fc20000)\n\tlibdouble-conversion.so.3 => /opt/afs-3fs-round3-v84/lib/libdouble-conversion.so.3 (0x0000ed009fbe0000)\n\tlibgflags.so.2.2 => /opt/afs-3fs-round3-v84/lib/libgflags.so.2.2 (0x0000ed009fba0000)\n\tlibglog.so.1 => /opt/afs-3fs-round3-v84/lib/libglog.so.1 (0x0000ed009fb40000)\n\tlibevent-2.1.so.7 => /opt/afs-3fs-round3-v84/lib/libevent-2.1.so.7 (0x0000ed009fac0000)\n\tlibz.so.1 => /opt/afs-3fs-round3-v84/lib/libz.so.1 (0x0000ed009fa80000)\n\tlibssl.so.3 => /opt/afs-3fs-round3-v84/lib/libssl.so.3 (0x0000ed009f9b0000)\n\tlibcrypto.so.3 => /opt/afs-3fs-round3-v84/lib/libcrypto.so.3 (0x0000ed009f520000)\n\tliblzma.so.5 => /opt/afs-3fs-round3-v84/lib/liblzma.so.5 (0x0000ed009f4d0000)\n\tliblz4.so.1 => /opt/afs-3fs-round3-v84/lib/liblz4.so.1 (0x0000ed009f490000)\n\tlibzstd.so.1 => /opt/afs-3fs-round3-v84/lib/libzstd.so.1 (0x0000ed009f3d0000)\n\tlibsnappy.so.1 => /opt/afs-3fs-round3-v84/lib/libsnappy.so.1 (0x0000ed009f3a0000)\n\tlibdwarf.so.1 => /opt/afs-3fs-round3-v84/lib/libdwarf.so.1 (0x0000ed009f2f0000)\n\tlibaio.so.1t64 => /opt/afs-3fs-round3-v84/lib/libaio.so.1t64 (0x0000ed009f2c0000)\n\tlibunwind.so.8 => /opt/afs-3fs-round3-v84/lib/libunwind.so.8 (0x0000ed009f270000)\n\tlibibverbs.so.1 => /opt/afs-3fs-round3-v84/lib/libibverbs.so.1 (0x0000ed009f230000)\n\tlibgcc_s.so.1 => /lib/aarch64-linux-gnu/libgcc_s.so.1 (0x0000ed009f1f0000)\n\tlibjemalloc.so.2 => /opt/afs-3fs-round3-v84/lib/libjemalloc.so.2 (0x0000ed009f0d0000)\n\tlibstdc++.so.6 => /lib/aarch64-linux-gnu/libstdc++.so.6 (0x0000ed009ee40000)\n\tlibm.so.6 => /lib/aarch64-linux-gnu/libm.so.6 (0x0000ed009ed90000)\n\tlibc.so.6 => /lib/aarch64-linux-gnu/libc.so.6 (0x0000ed009ebd0000)\n\t/lib/ld-linux-aarch64.so.1 (0x0000ed00a2e50000)\n\tlibelf.so.1 => /opt/afs-3fs-round3-v84/lib/libelf.so.1 (0x0000ed009eb90000)\n\tlibnl-route-3.so.200 => /opt/afs-3fs-round3-v84/lib/libnl-route-3.so.200 (0x0000ed009eae0000)\n\tlibnl-3.so.200 => /opt/afs-3fs-round3-v84/lib/libnl-3.so.200 (0x0000ed009ea90000)\n",
      "stderr": ""
    },
    {
      "argv": [
        "/usr/bin/ldd",
        "/opt/afs-3fs-round3-v84/bin/mgmtd_main"
      ],
      "exit": 0,
      "stdout": "\tlinux-vdso.so.1 (0x0000e983f451e000)\n\tlibatomic.so.1 => /opt/afs-3fs-round3-v84/lib/libatomic.so.1 (0x0000e983f39f0000)\n\tlibfdb_c.so => /opt/afs-3fs-round3-v84/lib/libfdb_c.so (0x0000e983f22d0000)\n\tlibboost_context.so.1.83.0 => /opt/afs-3fs-round3-v84/lib/libboost_context.so.1.83.0 (0x0000e983f22a0000)\n\tlibboost_filesystem.so.1.83.0 => /opt/afs-3fs-round3-v84/lib/libboost_filesystem.so.1.83.0 (0x0000e983f2260000)\n\tlibboost_program_options.so.1.83.0 => /opt/afs-3fs-round3-v84/lib/libboost_program_options.so.1.83.0 (0x0000e983f2200000)\n\tlibboost_regex.so.1.83.0 => /opt/afs-3fs-round3-v84/lib/libboost_regex.so.1.83.0 (0x0000e983f21a0000)\n\tlibboost_system.so.1.83.0 => /opt/afs-3fs-round3-v84/lib/libboost_system.so.1.83.0 (0x0000e983f2170000)\n\tlibboost_thread.so.1.83.0 => /opt/afs-3fs-round3-v84/lib/libboost_thread.so.1.83.0 (0x0000e983f2130000)\n\tlibboost_atomic.so.1.83.0 => /opt/afs-3fs-round3-v84/lib/libboost_atomic.so.1.83.0 (0x0000e983f2100000)\n\tlibdouble-conversion.so.3 => /opt/afs-3fs-round3-v84/lib/libdouble-conversion.so.3 (0x0000e983f20c0000)\n\tlibgflags.so.2.2 => /opt/afs-3fs-round3-v84/lib/libgflags.so.2.2 (0x0000e983f2080000)\n\tlibglog.so.1 => /opt/afs-3fs-round3-v84/lib/libglog.so.1 (0x0000e983f2020000)\n\tlibevent-2.1.so.7 => /opt/afs-3fs-round3-v84/lib/libevent-2.1.so.7 (0x0000e983f1fa0000)\n\tlibz.so.1 => /opt/afs-3fs-round3-v84/lib/libz.so.1 (0x0000e983f1f60000)\n\tlibssl.so.3 => /opt/afs-3fs-round3-v84/lib/libssl.so.3 (0x0000e983f1e90000)\n\tlibcrypto.so.3 => /opt/afs-3fs-round3-v84/lib/libcrypto.so.3 (0x0000e983f1a00000)\n\tliblzma.so.5 => /opt/afs-3fs-round3-v84/lib/liblzma.so.5 (0x0000e983f19b0000)\n\tliblz4.so.1 => /opt/afs-3fs-round3-v84/lib/liblz4.so.1 (0x0000e983f1970000)\n\tlibzstd.so.1 => /opt/afs-3fs-round3-v84/lib/libzstd.so.1 (0x0000e983f18b0000)\n\tlibsnappy.so.1 => /opt/afs-3fs-round3-v84/lib/libsnappy.so.1 (0x0000e983f1880000)\n\tlibdwarf.so.1 => /opt/afs-3fs-round3-v84/lib/libdwarf.so.1 (0x0000e983f17d0000)\n\tlibaio.so.1t64 => /opt/afs-3fs-round3-v84/lib/libaio.so.1t64 (0x0000e983f17a0000)\n\tlibunwind.so.8 => /opt/afs-3fs-round3-v84/lib/libunwind.so.8 (0x0000e983f1750000)\n\tlibibverbs.so.1 => /opt/afs-3fs-round3-v84/lib/libibverbs.so.1 (0x0000e983f1710000)\n\tlibgcc_s.so.1 => /lib/aarch64-linux-gnu/libgcc_s.so.1 (0x0000e983f16d0000)\n\tlibstdc++.so.6 => /lib/aarch64-linux-gnu/libstdc++.so.6 (0x0000e983f1440000)\n\tlibm.so.6 => /lib/aarch64-linux-gnu/libm.so.6 (0x0000e983f1390000)\n\tlibc.so.6 => /lib/aarch64-linux-gnu/libc.so.6 (0x0000e983f11d0000)\n\t/lib/ld-linux-aarch64.so.1 (0x0000e983f44d0000)\n\tlibelf.so.1 => /opt/afs-3fs-round3-v84/lib/libelf.so.1 (0x0000e983f1190000)\n\tlibnl-route-3.so.200 => /opt/afs-3fs-round3-v84/lib/libnl-route-3.so.200 (0x0000e983f10e0000)\n\tlibnl-3.so.200 => /opt/afs-3fs-round3-v84/lib/libnl-3.so.200 (0x0000e983f1090000)\n",
      "stderr": ""
    },
    {
      "argv": [
        "/usr/bin/ldd",
        "/opt/afs-3fs-round3-v84/bin/storage_main"
      ],
      "exit": 0,
      "stdout": "\tlinux-vdso.so.1 (0x0000f7d20362e000)\n\tlibatomic.so.1 => /opt/afs-3fs-round3-v84/lib/libatomic.so.1 (0x0000f7d1fd000000)\n\tlibsnappy.so.1 => /opt/afs-3fs-round3-v84/lib/libsnappy.so.1 (0x0000f7d1fcfd0000)\n\tlibtcmalloc.so.4 => /opt/afs-3fs-round3-v84/lib/libtcmalloc.so.4 (0x0000f7d1fcdb0000)\n\tlibgflags.so.2.2 => /opt/afs-3fs-round3-v84/lib/libgflags.so.2.2 (0x0000f7d1fcd70000)\n\tliblz4.so.1 => /opt/afs-3fs-round3-v84/lib/liblz4.so.1 (0x0000f7d1fcd30000)\n\tlibboost_context.so.1.83.0 => /opt/afs-3fs-round3-v84/lib/libboost_context.so.1.83.0 (0x0000f7d1fcd00000)\n\tlibboost_filesystem.so.1.83.0 => /opt/afs-3fs-round3-v84/lib/libboost_filesystem.so.1.83.0 (0x0000f7d1fccc0000)\n\tlibboost_program_options.so.1.83.0 => /opt/afs-3fs-round3-v84/lib/libboost_program_options.so.1.83.0 (0x0000f7d1fcc60000)\n\tlibboost_regex.so.1.83.0 => /opt/afs-3fs-round3-v84/lib/libboost_regex.so.1.83.0 (0x0000f7d1fcc00000)\n\tlibboost_system.so.1.83.0 => /opt/afs-3fs-round3-v84/lib/libboost_system.so.1.83.0 (0x0000f7d1fcbd0000)\n\tlibboost_thread.so.1.83.0 => /opt/afs-3fs-round3-v84/lib/libboost_thread.so.1.83.0 (0x0000f7d1fcb90000)\n\tlibboost_atomic.so.1.83.0 => /opt/afs-3fs-round3-v84/lib/libboost_atomic.so.1.83.0 (0x0000f7d1fcb60000)\n\tlibdouble-conversion.so.3 => /opt/afs-3fs-round3-v84/lib/libdouble-conversion.so.3 (0x0000f7d1fcb20000)\n\tlibglog.so.1 => /opt/afs-3fs-round3-v84/lib/libglog.so.1 (0x0000f7d1fcac0000)\n\tlibevent-2.1.so.7 => /opt/afs-3fs-round3-v84/lib/libevent-2.1.so.7 (0x0000f7d1fca40000)\n\tlibz.so.1 => /opt/afs-3fs-round3-v84/lib/libz.so.1 (0x0000f7d1fca00000)\n\tlibssl.so.3 => /opt/afs-3fs-round3-v84/lib/libssl.so.3 (0x0000f7d1fc930000)\n\tlibcrypto.so.3 => /opt/afs-3fs-round3-v84/lib/libcrypto.so.3 (0x0000f7d1fc4a0000)\n\tliblzma.so.5 => /opt/afs-3fs-round3-v84/lib/liblzma.so.5 (0x0000f7d1fc450000)\n\tlibzstd.so.1 => /opt/afs-3fs-round3-v84/lib/libzstd.so.1 (0x0000f7d1fc390000)\n\tlibdwarf.so.1 => /opt/afs-3fs-round3-v84/lib/libdwarf.so.1 (0x0000f7d1fc2e0000)\n\tlibaio.so.1t64 => /opt/afs-3fs-round3-v84/lib/libaio.so.1t64 (0x0000f7d1fc2b0000)\n\tlibunwind.so.8 => /opt/afs-3fs-round3-v84/lib/libunwind.so.8 (0x0000f7d1fc260000)\n\tlibibverbs.so.1 => /opt/afs-3fs-round3-v84/lib/libibverbs.so.1 (0x0000f7d1fc220000)\n\tlibgcc_s.so.1 => /lib/aarch64-linux-gnu/libgcc_s.so.1 (0x0000f7d1fc1e0000)\n\tlibprofiler.so.0 => /opt/afs-3fs-round3-v84/lib/libprofiler.so.0 (0x0000f7d1fc1b0000)\n\tlibjemalloc.so.2 => /opt/afs-3fs-round3-v84/lib/libjemalloc.so.2 (0x0000f7d1fc090000)\n\tlibstdc++.so.6 => /lib/aarch64-linux-gnu/libstdc++.so.6 (0x0000f7d1fbe00000)\n\tlibm.so.6 => /lib/aarch64-linux-gnu/libm.so.6 (0x0000f7d1fbd50000)\n\tlibc.so.6 => /lib/aarch64-linux-gnu/libc.so.6 (0x0000f7d1fbb90000)\n\t/lib/ld-linux-aarch64.so.1 (0x0000f7d2035e0000)\n\tlibelf.so.1 => /opt/afs-3fs-round3-v84/lib/libelf.so.1 (0x0000f7d1fbb50000)\n\tlibnl-route-3.so.200 => /opt/afs-3fs-round3-v84/lib/libnl-route-3.so.200 (0x0000f7d1fbaa0000)\n\tlibnl-3.so.200 => /opt/afs-3fs-round3-v84/lib/libnl-3.so.200 (0x0000f7d1fba50000)\n",
      "stderr": ""
    },
    {
      "argv": [
        "/usr/bin/ldd",
        "/opt/afs-3fs-round3-v84/lib/libaio.so.1t64"
      ],
      "exit": 0,
      "stdout": "\tlinux-vdso.so.1 (0x0000f1819a51b000)\n\tlibc.so.6 => /lib/aarch64-linux-gnu/libc.so.6 (0x0000f1819a2e0000)\n\t/lib/ld-linux-aarch64.so.1 (0x0000f1819a4d0000)\n",
      "stderr": ""
    },
    {
      "argv": [
        "/usr/bin/ldd",
        "/opt/afs-3fs-round3-v84/lib/libatomic.so.1"
      ],
      "exit": 0,
      "stdout": "\tlinux-vdso.so.1 (0x0000f74535f6d000)\n\tlibc.so.6 => /lib/aarch64-linux-gnu/libc.so.6 (0x0000f74535d40000)\n\t/lib/ld-linux-aarch64.so.1 (0x0000f74535f30000)\n",
      "stderr": ""
    },
    {
      "argv": [
        "/usr/bin/ldd",
        "/opt/afs-3fs-round3-v84/lib/libboost_atomic.so.1.83.0"
      ],
      "exit": 0,
      "stdout": "\tlinux-vdso.so.1 (0x0000f566bedcd000)\n\tlibstdc++.so.6 => /lib/aarch64-linux-gnu/libstdc++.so.6 (0x0000f566bead0000)\n\tlibc.so.6 => /lib/aarch64-linux-gnu/libc.so.6 (0x0000f566be910000)\n\t/lib/ld-linux-aarch64.so.1 (0x0000f566bed90000)\n\tlibm.so.6 => /lib/aarch64-linux-gnu/libm.so.6 (0x0000f566be860000)\n\tlibgcc_s.so.1 => /lib/aarch64-linux-gnu/libgcc_s.so.1 (0x0000f566be820000)\n",
      "stderr": ""
    },
    {
      "argv": [
        "/usr/bin/ldd",
        "/opt/afs-3fs-round3-v84/lib/libboost_context.so.1.83.0"
      ],
      "exit": 0,
      "stdout": "\tlinux-vdso.so.1 (0x0000f477dcacc000)\n\tlibstdc++.so.6 => /lib/aarch64-linux-gnu/libstdc++.so.6 (0x0000f477dc7c0000)\n\tlibc.so.6 => /lib/aarch64-linux-gnu/libc.so.6 (0x0000f477dc600000)\n\t/lib/ld-linux-aarch64.so.1 (0x0000f477dca80000)\n\tlibm.so.6 => /lib/aarch64-linux-gnu/libm.so.6 (0x0000f477dc550000)\n\tlibgcc_s.so.1 => /lib/aarch64-linux-gnu/libgcc_s.so.1 (0x0000f477dc510000)\n",
      "stderr": ""
    },
    {
      "argv": [
        "/usr/bin/ldd",
        "/opt/afs-3fs-round3-v84/lib/libboost_filesystem.so.1.83.0"
      ],
      "exit": 0,
      "stdout": "\tlinux-vdso.so.1 (0x0000f3ab6840b000)\n\tlibstdc++.so.6 => /lib/aarch64-linux-gnu/libstdc++.so.6 (0x0000f3ab680f0000)\n\tlibgcc_s.so.1 => /lib/aarch64-linux-gnu/libgcc_s.so.1 (0x0000f3ab680b0000)\n\tlibc.so.6 => /lib/aarch64-linux-gnu/libc.so.6 (0x0000f3ab67ef0000)\n\t/lib/ld-linux-aarch64.so.1 (0x0000f3ab683c0000)\n\tlibm.so.6 => /lib/aarch64-linux-gnu/libm.so.6 (0x0000f3ab67e40000)\n",
      "stderr": ""
    },
    {
      "argv": [
        "/usr/bin/ldd",
        "/opt/afs-3fs-round3-v84/lib/libboost_program_options.so.1.83.0"
      ],
      "exit": 0,
      "stdout": "\tlinux-vdso.so.1 (0x0000e27a49dce000)\n\tlibstdc++.so.6 => /lib/aarch64-linux-gnu/libstdc++.so.6 (0x0000e27a49a90000)\n\tlibgcc_s.so.1 => /lib/aarch64-linux-gnu/libgcc_s.so.1 (0x0000e27a49a50000)\n\tlibc.so.6 => /lib/aarch64-linux-gnu/libc.so.6 (0x0000e27a49890000)\n\t/lib/ld-linux-aarch64.so.1 (0x0000e27a49d80000)\n\tlibm.so.6 => /lib/aarch64-linux-gnu/libm.so.6 (0x0000e27a497e0000)\n",
      "stderr": ""
    },
    {
      "argv": [
        "/usr/bin/ldd",
        "/opt/afs-3fs-round3-v84/lib/libboost_regex.so.1.83.0"
      ],
      "exit": 0,
      "stdout": "\tlinux-vdso.so.1 (0x0000eb7512057000)\n\tlibstdc++.so.6 => /lib/aarch64-linux-gnu/libstdc++.so.6 (0x0000eb7511d20000)\n\tlibgcc_s.so.1 => /lib/aarch64-linux-gnu/libgcc_s.so.1 (0x0000eb7511ce0000)\n\tlibc.so.6 => /lib/aarch64-linux-gnu/libc.so.6 (0x0000eb7511b20000)\n\t/lib/ld-linux-aarch64.so.1 (0x0000eb7512010000)\n\tlibm.so.6 => /lib/aarch64-linux-gnu/libm.so.6 (0x0000eb7511a70000)\n",
      "stderr": ""
    },
    {
      "argv": [
        "/usr/bin/ldd",
        "/opt/afs-3fs-round3-v84/lib/libboost_system.so.1.83.0"
      ],
      "exit": 0,
      "stdout": "\tstatically linked\n",
      "stderr": ""
    },
    {
      "argv": [
        "/usr/bin/ldd",
        "/opt/afs-3fs-round3-v84/lib/libboost_thread.so.1.83.0"
      ],
      "exit": 0,
      "stdout": "\tlinux-vdso.so.1 (0x0000fb7d8caad000)\n\tlibstdc++.so.6 => /lib/aarch64-linux-gnu/libstdc++.so.6 (0x0000fb7d8c7a0000)\n\tlibgcc_s.so.1 => /lib/aarch64-linux-gnu/libgcc_s.so.1 (0x0000fb7d8c760000)\n\tlibc.so.6 => /lib/aarch64-linux-gnu/libc.so.6 (0x0000fb7d8c5a0000)\n\t/lib/ld-linux-aarch64.so.1 (0x0000fb7d8ca70000)\n\tlibm.so.6 => /lib/aarch64-linux-gnu/libm.so.6 (0x0000fb7d8c4f0000)\n",
      "stderr": ""
    },
    {
      "argv": [
        "/usr/bin/ldd",
        "/opt/afs-3fs-round3-v84/lib/libcrypto.so.3"
      ],
      "exit": 0,
      "stdout": "\tlinux-vdso.so.1 (0x0000f88c183cf000)\n\tlibc.so.6 => /lib/aarch64-linux-gnu/libc.so.6 (0x0000f88c17d30000)\n\t/lib/ld-linux-aarch64.so.1 (0x0000f88c18380000)\n",
      "stderr": ""
    },
    {
      "argv": [
        "/usr/bin/ldd",
        "/opt/afs-3fs-round3-v84/lib/libdouble-conversion.so.3"
      ],
      "exit": 0,
      "stdout": "\tlinux-vdso.so.1 (0x0000e2bfbe31d000)\n\tlibstdc++.so.6 => /lib/aarch64-linux-gnu/libstdc++.so.6 (0x0000e2bfbe010000)\n\tlibgcc_s.so.1 => /lib/aarch64-linux-gnu/libgcc_s.so.1 (0x0000e2bfbdfd0000)\n\tlibc.so.6 => /lib/aarch64-linux-gnu/libc.so.6 (0x0000e2bfbde10000)\n\t/lib/ld-linux-aarch64.so.1 (0x0000e2bfbe2e0000)\n\tlibm.so.6 => /lib/aarch64-linux-gnu/libm.so.6 (0x0000e2bfbdd60000)\n",
      "stderr": ""
    },
    {
      "argv": [
        "/usr/bin/ldd",
        "/opt/afs-3fs-round3-v84/lib/libdwarf.so.1"
      ],
      "exit": 0,
      "stdout": "\tlinux-vdso.so.1 (0x0000f5484dc38000)\n\tlibz.so.1 => /opt/afs-3fs-round3-v84/lib/libz.so.1 (0x0000f5484db00000)\n\tlibelf.so.1 => /opt/afs-3fs-round3-v84/lib/libelf.so.1 (0x0000f5484dac0000)\n\tlibc.so.6 => /lib/aarch64-linux-gnu/libc.so.6 (0x0000f5484d900000)\n\t/lib/ld-linux-aarch64.so.1 (0x0000f5484dbf0000)\n\tlibzstd.so.1 => /opt/afs-3fs-round3-v84/lib/libzstd.so.1 (0x0000f5484d840000)\n",
      "stderr": ""
    },
    {
      "argv": [
        "/usr/bin/ldd",
        "/opt/afs-3fs-round3-v84/lib/libelf.so.1"
      ],
      "exit": 0,
      "stdout": "\tlinux-vdso.so.1 (0x0000fc9810fb4000)\n\tlibz.so.1 => /opt/afs-3fs-round3-v84/lib/libz.so.1 (0x0000fc9810ef0000)\n\tlibzstd.so.1 => /opt/afs-3fs-round3-v84/lib/libzstd.so.1 (0x0000fc9810e30000)\n\tlibc.so.6 => /lib/aarch64-linux-gnu/libc.so.6 (0x0000fc9810c70000)\n\t/lib/ld-linux-aarch64.so.1 (0x0000fc9810f70000)\n",
      "stderr": ""
    },
    {
      "argv": [
        "/usr/bin/ldd",
        "/opt/afs-3fs-round3-v84/lib/libevent-2.1.so.7"
      ],
      "exit": 0,
      "stdout": "\tlinux-vdso.so.1 (0x0000ecc68c58b000)\n\tlibc.so.6 => /lib/aarch64-linux-gnu/libc.so.6 (0x0000ecc68c300000)\n\t/lib/ld-linux-aarch64.so.1 (0x0000ecc68c540000)\n",
      "stderr": ""
    },
    {
      "argv": [
        "/usr/bin/ldd",
        "/opt/afs-3fs-round3-v84/lib/libfdb_c.so"
      ],
      "exit": 0,
      "stdout": "\tlinux-vdso.so.1 (0x0000f2ec6dbab000)\n\tliblzma.so.5 => /opt/afs-3fs-round3-v84/lib/liblzma.so.5 (0x0000f2ec6c3f0000)\n\tlibz.so.1 => /opt/afs-3fs-round3-v84/lib/libz.so.1 (0x0000f2ec6c3b0000)\n\tlibm.so.6 => /lib/aarch64-linux-gnu/libm.so.6 (0x0000f2ec6c300000)\n\tlibc.so.6 => /lib/aarch64-linux-gnu/libc.so.6 (0x0000f2ec6c140000)\n\t/lib/ld-linux-aarch64.so.1 (0x0000f2ec6db60000)\n",
      "stderr": ""
    },
    {
      "argv": [
        "/usr/bin/ldd",
        "/opt/afs-3fs-round3-v84/lib/libfuse3.so.3"
      ],
      "exit": 0,
      "stdout": "\tlinux-vdso.so.1 (0x0000e5d161b24000)\n\tlibc.so.6 => /lib/aarch64-linux-gnu/libc.so.6 (0x0000e5d1618c0000)\n\t/lib/ld-linux-aarch64.so.1 (0x0000e5d161ae0000)\n",
      "stderr": ""
    },
    {
      "argv": [
        "/usr/bin/ldd",
        "/opt/afs-3fs-round3-v84/lib/libgflags.so.2.2"
      ],
      "exit": 0,
      "stdout": "\tlinux-vdso.so.1 (0x0000eb2397e35000)\n\tlibstdc++.so.6 => /lib/aarch64-linux-gnu/libstdc++.so.6 (0x0000eb2397b20000)\n\tlibgcc_s.so.1 => /lib/aarch64-linux-gnu/libgcc_s.so.1 (0x0000eb2397ae0000)\n\tlibc.so.6 => /lib/aarch64-linux-gnu/libc.so.6 (0x0000eb2397920000)\n\t/lib/ld-linux-aarch64.so.1 (0x0000eb2397df0000)\n\tlibm.so.6 => /lib/aarch64-linux-gnu/libm.so.6 (0x0000eb2397870000)\n",
      "stderr": ""
    },
    {
      "argv": [
        "/usr/bin/ldd",
        "/opt/afs-3fs-round3-v84/lib/libglog.so.1"
      ],
      "exit": 0,
      "stdout": "\tlinux-vdso.so.1 (0x0000f0f6d6549000)\n\tlibgflags.so.2.2 => /opt/afs-3fs-round3-v84/lib/libgflags.so.2.2 (0x0000f0f6d6460000)\n\tlibstdc++.so.6 => /lib/aarch64-linux-gnu/libstdc++.so.6 (0x0000f0f6d61d0000)\n\tlibgcc_s.so.1 => /lib/aarch64-linux-gnu/libgcc_s.so.1 (0x0000f0f6d6190000)\n\tlibc.so.6 => /lib/aarch64-linux-gnu/libc.so.6 (0x0000f0f6d5fd0000)\n\t/lib/ld-linux-aarch64.so.1 (0x0000f0f6d6500000)\n\tlibm.so.6 => /lib/aarch64-linux-gnu/libm.so.6 (0x0000f0f6d5f20000)\n",
      "stderr": ""
    },
    {
      "argv": [
        "/usr/bin/ldd",
        "/opt/afs-3fs-round3-v84/lib/libibverbs.so.1"
      ],
      "exit": 0,
      "stdout": "\tlinux-vdso.so.1 (0x0000f59b7497b000)\n\tlibnl-route-3.so.200 => /opt/afs-3fs-round3-v84/lib/libnl-route-3.so.200 (0x0000f59b74840000)\n\tlibnl-3.so.200 => /opt/afs-3fs-round3-v84/lib/libnl-3.so.200 (0x0000f59b747f0000)\n\tlibc.so.6 => /lib/aarch64-linux-gnu/libc.so.6 (0x0000f59b74630000)\n\t/lib/ld-linux-aarch64.so.1 (0x0000f59b74930000)\n",
      "stderr": ""
    },
    {
      "argv": [
        "/usr/bin/ldd",
        "/opt/afs-3fs-round3-v84/lib/libjemalloc.so.2"
      ],
      "exit": 0,
      "stdout": "\tlinux-vdso.so.1 (0x0000f83110367000)\n\tlibstdc++.so.6 => /lib/aarch64-linux-gnu/libstdc++.so.6 (0x0000f8310ff70000)\n\tlibgcc_s.so.1 => /lib/aarch64-linux-gnu/libgcc_s.so.1 (0x0000f8310ff30000)\n\tlibc.so.6 => /lib/aarch64-linux-gnu/libc.so.6 (0x0000f8310fd70000)\n\t/lib/ld-linux-aarch64.so.1 (0x0000f83110320000)\n\tlibm.so.6 => /lib/aarch64-linux-gnu/libm.so.6 (0x0000f8310fcc0000)\n",
      "stderr": ""
    },
    {
      "argv": [
        "/usr/bin/ldd",
        "/opt/afs-3fs-round3-v84/lib/liblz4.so.1"
      ],
      "exit": 0,
      "stdout": "\tlinux-vdso.so.1 (0x0000e5e005cad000)\n\tlibc.so.6 => /lib/aarch64-linux-gnu/libc.so.6 (0x0000e5e005a70000)\n\t/lib/ld-linux-aarch64.so.1 (0x0000e5e005c70000)\n",
      "stderr": ""
    },
    {
      "argv": [
        "/usr/bin/ldd",
        "/opt/afs-3fs-round3-v84/lib/liblzma.so.5"
      ],
      "exit": 0,
      "stdout": "\tlinux-vdso.so.1 (0x0000fa11a3b79000)\n\tlibc.so.6 => /lib/aarch64-linux-gnu/libc.so.6 (0x0000fa11a3920000)\n\t/lib/ld-linux-aarch64.so.1 (0x0000fa11a3b30000)\n",
      "stderr": ""
    },
    {
      "argv": [
        "/usr/bin/ldd",
        "/opt/afs-3fs-round3-v84/lib/libnl-3.so.200"
      ],
      "exit": 0,
      "stdout": "\tlinux-vdso.so.1 (0x0000f57ecaddd000)\n\tlibc.so.6 => /lib/aarch64-linux-gnu/libc.so.6 (0x0000f57ecab90000)\n\t/lib/ld-linux-aarch64.so.1 (0x0000f57ecada0000)\n",
      "stderr": ""
    },
    {
      "argv": [
        "/usr/bin/ldd",
        "/opt/afs-3fs-round3-v84/lib/libnl-route-3.so.200"
      ],
      "exit": 0,
      "stdout": "\tlinux-vdso.so.1 (0x0000e2e2f475d000)\n\tlibnl-3.so.200 => /opt/afs-3fs-round3-v84/lib/libnl-3.so.200 (0x0000e2e2f4620000)\n\tlibc.so.6 => /lib/aarch64-linux-gnu/libc.so.6 (0x0000e2e2f4460000)\n\t/lib/ld-linux-aarch64.so.1 (0x0000e2e2f4720000)\n",
      "stderr": ""
    },
    {
      "argv": [
        "/usr/bin/ldd",
        "/opt/afs-3fs-round3-v84/lib/libnuma.so.1"
      ],
      "exit": 0,
      "stdout": "\tlinux-vdso.so.1 (0x0000f23d1245f000)\n\tlibc.so.6 => /lib/aarch64-linux-gnu/libc.so.6 (0x0000f23d12220000)\n\t/lib/ld-linux-aarch64.so.1 (0x0000f23d12410000)\n",
      "stderr": ""
    },
    {
      "argv": [
        "/usr/bin/ldd",
        "/opt/afs-3fs-round3-v84/lib/libprofiler.so.0"
      ],
      "exit": 0,
      "stdout": "\tlinux-vdso.so.1 (0x0000f49242517000)\n\tlibstdc++.so.6 => /lib/aarch64-linux-gnu/libstdc++.so.6 (0x0000f49242210000)\n\tlibc.so.6 => /lib/aarch64-linux-gnu/libc.so.6 (0x0000f49242050000)\n\t/lib/ld-linux-aarch64.so.1 (0x0000f492424d0000)\n\tlibgcc_s.so.1 => /lib/aarch64-linux-gnu/libgcc_s.so.1 (0x0000f49242010000)\n\tlibm.so.6 => /lib/aarch64-linux-gnu/libm.so.6 (0x0000f49241f60000)\n",
      "stderr": ""
    },
    {
      "argv": [
        "/usr/bin/ldd",
        "/opt/afs-3fs-round3-v84/lib/libsnappy.so.1"
      ],
      "exit": 0,
      "stdout": "\tlinux-vdso.so.1 (0x0000eefab90ed000)\n\tlibstdc++.so.6 => /lib/aarch64-linux-gnu/libstdc++.so.6 (0x0000eefab8df0000)\n\tlibc.so.6 => /lib/aarch64-linux-gnu/libc.so.6 (0x0000eefab8c30000)\n\t/lib/ld-linux-aarch64.so.1 (0x0000eefab90b0000)\n\tlibm.so.6 => /lib/aarch64-linux-gnu/libm.so.6 (0x0000eefab8b80000)\n\tlibgcc_s.so.1 => /lib/aarch64-linux-gnu/libgcc_s.so.1 (0x0000eefab8b40000)\n",
      "stderr": ""
    },
    {
      "argv": [
        "/usr/bin/ldd",
        "/opt/afs-3fs-round3-v84/lib/libssl.so.3"
      ],
      "exit": 0,
      "stdout": "\tlinux-vdso.so.1 (0x0000e33a4663e000)\n\tlibcrypto.so.3 => /opt/afs-3fs-round3-v84/lib/libcrypto.so.3 (0x0000e33a46090000)\n\tlibc.so.6 => /lib/aarch64-linux-gnu/libc.so.6 (0x0000e33a45ed0000)\n\t/lib/ld-linux-aarch64.so.1 (0x0000e33a465f0000)\n",
      "stderr": ""
    },
    {
      "argv": [
        "/usr/bin/ldd",
        "/opt/afs-3fs-round3-v84/lib/libtcmalloc.so.4"
      ],
      "exit": 0,
      "stdout": "\tlinux-vdso.so.1 (0x0000e68500716000)\n\tlibstdc++.so.6 => /lib/aarch64-linux-gnu/libstdc++.so.6 (0x0000e68500220000)\n\tlibm.so.6 => /lib/aarch64-linux-gnu/libm.so.6 (0x0000e68500170000)\n\tlibc.so.6 => /lib/aarch64-linux-gnu/libc.so.6 (0x0000e684fffb0000)\n\t/lib/ld-linux-aarch64.so.1 (0x0000e685006d0000)\n\tlibgcc_s.so.1 => /lib/aarch64-linux-gnu/libgcc_s.so.1 (0x0000e684fff70000)\n",
      "stderr": ""
    },
    {
      "argv": [
        "/usr/bin/ldd",
        "/opt/afs-3fs-round3-v84/lib/libunwind.so.8"
      ],
      "exit": 0,
      "stdout": "\tlinux-vdso.so.1 (0x0000fcbcbf886000)\n\tlibc.so.6 => /lib/aarch64-linux-gnu/libc.so.6 (0x0000fcbcbf630000)\n\tliblzma.so.5 => /opt/afs-3fs-round3-v84/lib/liblzma.so.5 (0x0000fcbcbf5e0000)\n\t/lib/ld-linux-aarch64.so.1 (0x0000fcbcbf840000)\n",
      "stderr": ""
    },
    {
      "argv": [
        "/usr/bin/ldd",
        "/opt/afs-3fs-round3-v84/lib/libz.so.1"
      ],
      "exit": 0,
      "stdout": "\tlinux-vdso.so.1 (0x0000eefed89f6000)\n\tlibc.so.6 => /lib/aarch64-linux-gnu/libc.so.6 (0x0000eefed87b0000)\n\t/lib/ld-linux-aarch64.so.1 (0x0000eefed89b0000)\n",
      "stderr": ""
    },
    {
      "argv": [
        "/usr/bin/ldd",
        "/opt/afs-3fs-round3-v84/lib/libzstd.so.1"
      ],
      "exit": 0,
      "stdout": "\tlinux-vdso.so.1 (0x0000f1eddad67000)\n\tlibc.so.6 => /lib/aarch64-linux-gnu/libc.so.6 (0x0000f1eddaaa0000)\n\t/lib/ld-linux-aarch64.so.1 (0x0000f1eddad20000)\n",
      "stderr": ""
    }
  ],
  "fixed_FDB_dlopen_client": {
    "path": "/opt/afs-3fs-round3-v84/lib/libfdb_c.so",
    "sha256": "962c16bcc96f6d9308c19733e1b6d2d9e8f5e4d7a9617d73f0884e639f366ab3",
    "manifest_expected": "962c16bcc96f6d9308c19733e1b6d2d9e8f5e4d7a9617d73f0884e639f366ab3",
    "new_config_required": "externalClientPath must bind this exact fixedownedpath; retained /lib path not silentlytrusted"
  },
  "rdma_link": {
    "argv": [
      "/usr/bin/rdma",
      "-j",
      "link",
      "show"
    ],
    "exit": 0,
    "stdout": "[{\"ifindex\":0,\"ifname\":\"rxe0\",\"port\":1,\"state\":\"ACTIVE\",\"physical_state\":\"LINK_UP\",\"netdev\":\"eth0\",\"netdev_index\":2}]\n",
    "stderr": ""
  },
  "rxe_sysfs": [
    {
      "name": "rxe0",
      "device_path": "/sys/devices/virtual/infiniband/rxe0",
      "ports": [
        {
          "port": "1",
          "state": "4: ACTIVE",
          "phys_state": "5: LinkUp",
          "link_layer": "Ethernet",
          "gids": [
            {
              "index": "985",
              "value": "0000:0000:0000:0000:0000:0000:0000:0000",
              "ndev": {
                "error": "OSError(22, 'Invalid argument')"
              },
              "type": {
                "error": "OSError(22, 'Invalid argument')"
              }
            },
            {
              "index": "353",
              "value": "0000:0000:0000:0000:0000:0000:0000:0000",
              "ndev": {
                "error": "OSError(22, 'Invalid argument')"
              },
              "type": {
                "error": "OSError(22, 'Invalid argument')"
              }
            },
            {
              "index": "919",
              "value": "0000:0000:0000:0000:0000:0000:0000:0000",
              "ndev": {
                "error": "OSError(22, 'Invalid argument')"
              },
              "type": {
                "error": "OSError(22, 'Invalid argument')"
              }
            },
            {
              "index": "297",
              "value": "0000:0000:0000:0000:0000:0000:0000:0000",
              "ndev": {
                "error": "OSError(22, 'Invalid argument')"
              },
              "type": {
                "error": "OSError(22, 'Invalid argument')"
              }
            },
            {
              "index": "862",
              "value": "0000:0000:0000:0000:0000:0000:0000:0000",
              "ndev": {
                "error": "OSError(22, 'Invalid argument')"
              },
              "type": {
                "error": "OSError(22, 'Invalid argument')"
              }
            },
            {
              "index": "230",
              "value": "0000:0000:0000:0000:0000:0000:0000:0000",
              "ndev": {
                "error": "OSError(22, 'Invalid argument')"
              },
              "type": {
                "error": "OSError(22, 'Invalid argument')"
              }
            },
            {
              "index": "174",
              "value": "0000:0000:0000:0000:0000:0000:0000:0000",
              "ndev": {
                "error": "OSError(22, 'Invalid argument')"
              },
              "type": {
                "error": "OSError(22, 'Invalid argument')"
              }
            },
            {
              "index": "108",
              "value": "0000:0000:0000:0000:0000:0000:0000:0000",
              "ndev": {
                "error": "OSError(22, 'Invalid argument')"
              },
              "type": {
                "error": "OSError(22, 'Invalid argument')"
              }
            },
            {
              "index": "683",
              "value": "0000:0000:0000:0000:0000:0000:0000:0000",
              "ndev": {
                "error": "OSError(22, 'Invalid argument')"
              },
              "type": {
                "error": "OSError(22, 'Invalid argument')"
              }
            },
            {
              "index": "617",
              "value": "0000:0000:0000:0000:0000:0000:0000:0000",
              "ndev": {
                "error": "OSError(22, 'Invalid argument')"
              },
              "type": {
                "error": "OSError(22, 'Invalid argument')"
              }
            },
            {
              "index": "560",
              "value": "0000:0000:0000:0000:0000:0000:0000:0000",
              "ndev": {
                "error": "OSError(22, 'Invalid argument')"
              },
              "type": {
                "error": "OSError(22, 'Invalid argument')"
              }
            },
            {
              "index": "55",
              "value": "0000:0000:0000:0000:0000:0000:0000:0000",
              "ndev": {
                "error": "OSError(22, 'Invalid argument')"
              },
              "type": {
                "error": "OSError(22, 'Invalid argument')"
              }
            },
            {
              "index": "438",
              "value": "0000:0000:0000:0000:0000:0000:0000:0000",
              "ndev": {
                "error": "OSError(22, 'Invalid argument')"
              },
              "type": {
                "error": "OSError(22, 'Invalid argument')"
              }
            },
            {
              "index": "381",
              "value": "0000:0000:0000:0000:0000:0000:0000:0000",
              "ndev": {
                "error": "OSError(22, 'Invalid argument')"
              },
              "type": {
                "error": "OSError(22, 'Invalid argument')"
              }
            },
            {
              "index": "947",
              "value": "0000:0000:0000:0000:0000:0000:0000:0000",
              "ndev": {
                "error": "OSError(22, 'Invalid argument')"
              },
              "type": {
                "error": "OSError(22, 'Invalid argument')"
              }
            },
            {
              "index": "315",
              "value": "0000:0000:0000:0000:0000:0000:0000:0000",
              "ndev": {
                "error": "OSError(22, 'Invalid argument')"
              },
              "type": {
                "error": "OSError(22, 'Invalid argument')"
              }
            },
            {
              "index": "890",
              "value": "0000:0000:0000:0000:0000:0000:0000:0000",
              "ndev": {
                "error": "OSError(22, 'Invalid argument')"
              },
              "type": {
                "error": "OSError(22, 'Invalid argument')"
              }
            },
            {
              "index": "259",
              "value": "0000:0000:0000:0000:0000:0000:0000:0000",
              "ndev": {
                "error": "OSError(22, 'Invalid argument')"
              },
              "type": {
                "error": "OSError(22, 'Invalid argument')"
              }
            },
            {
              "index": "824",
              "value": "0000:0000:0000:0000:0000:0000:0000:0000",
              "ndev": {
                "error": "OSError(22, 'Invalid argument')"
              },
              "type": {
                "error": "OSError(22, 'Invalid argument')"
              }
            },
            {
              "index": "768",
              "value": "0000:0000:0000:0000:0000:0000:0000:0000",
              "ndev": {
                "error": "OSError(22, 'Invalid argument')"
              },
              "type": {
                "error": "OSError(22, 'Invalid argument')"
              }
            },
            {
              "index": "136",
              "value": "0000:0000:0000:0000:0000:0000:0000:0000",
              "ndev": {
                "error": "OSError(22, 'Invalid argument')"
              },
              "type": {
                "error": "OSError(22, 'Invalid argument')"
              }
            },
            {
              "index": "701",
              "value": "0000:0000:0000:0000:0000:0000:0000:0000",
              "ndev": {
                "error": "OSError(22, 'Invalid argument')"
              },
              "type": {
                "error": "OSError(22, 'Invalid argument')"
              }
            },
            {
              "index": "1004",
              "value": "0000:0000:0000:0000:0000:0000:0000:0000",
              "ndev": {
                "error": "OSError(22, 'Invalid argument')"
              },
              "type": {
                "error": "OSError(22, 'Invalid argument')"
              }
            },
            {
              "index": "645",
              "value": "0000:0000:0000:0000:0000:0000:0000:0000",
              "ndev": {
                "error": "OSError(22, 'Invalid argument')"
              },
              "type": {
                "error": "OSError(22, 'Invalid argument')"
              }
            },
            {
              "index": "589",
              "value": "0000:0000:0000:0000:0000:0000:0000:0000",
              "ndev": {
                "error": "OSError(22, 'Invalid argument')"
              },
              "type": {
                "error": "OSError(22, 'Invalid argument')"
              }
            },
            {
              "index": "83",
              "value": "0000:0000:0000:0000:0000:0000:0000:0000",
              "ndev": {
                "error": "OSError(22, 'Invalid argument')"
              },
              "type": {
                "error": "OSError(22, 'Invalid argument')"
              }
            },
            {
              "index": "522",
              "value": "0000:0000:0000:0000:0000:0000:0000:0000",
              "ndev": {
                "error": "OSError(22, 'Invalid argument')"
              },
              "type": {
                "error": "OSError(22, 'Invalid argument')"
              }
            },
            {
              "index": "17",
              "value": "0000:0000:0000:0000:0000:0000:0000:0000",
              "ndev": {
                "error": "OSError(22, 'Invalid argument')"
              },
              "type": {
                "error": "OSError(22, 'Invalid argument')"
              }
            },
            {
              "index": "466",
              "value": "0000:0000:0000:0000:0000:0000:0000:0000",
              "ndev": {
                "error": "OSError(22, 'Invalid argument')"
              },
              "type": {
                "error": "OSError(22, 'Invalid argument')"
              }
            },
            {
              "index": "975",
              "value": "0000:0000:0000:0000:0000:0000:0000:0000",
              "ndev": {
                "error": "OSError(22, 'Invalid argument')"
              },
              "type": {
                "error": "OSError(22, 'Invalid argument')"
              }
            },
            {
              "index": "343",
              "value": "0000:0000:0000:0000:0000:0000:0000:0000",
              "ndev": {
                "error": "OSError(22, 'Invalid argument')"
              },
              "type": {
                "error": "OSError(22, 'Invalid argument')"
              }
            },
            {
              "index": "909",
              "value": "0000:0000:0000:0000:0000:0000:0000:0000",
              "ndev": {
                "error": "OSError(22, 'Invalid argument')"
              },
              "type": {
                "error": "OSError(22, 'Invalid argument')"
              }
            },
            {
              "index": "287",
              "value": "0000:0000:0000:0000:0000:0000:0000:0000",
              "ndev": {
                "error": "OSError(22, 'Invalid argument')"
              },
              "type": {
                "error": "OSError(22, 'Invalid argument')"
              }
            },
            {
              "index": "852",
              "value": "0000:0000:0000:0000:0000:0000:0000:0000",
              "ndev": {
                "error": "OSError(22, 'Invalid argument')"
              },
              "type": {
                "error": "OSError(22, 'Invalid argument')"
              }
            },
            {
              "index": "220",
              "value": "0000:0000:0000:0000:0000:0000:0000:0000",
              "ndev": {
                "error": "OSError(22, 'Invalid argument')"
              },
              "type": {
                "error": "OSError(22, 'Invalid argument')"
              }
            },
            {
              "index": "796",
              "value": "0000:0000:0000:0000:0000:0000:0000:0000",
              "ndev": {
                "error": "OSError(22, 'Invalid argument')"
              },
              "type": {
                "error": "OSError(22, 'Invalid argument')"
              }
            },
            {
              "index": "164",
              "value": "0000:0000:0000:0000:0000:0000:0000:0000",
              "ndev": {
                "error": "OSError(22, 'Invalid argument')"
              },
              "type": {
                "error": "OSError(22, 'Invalid argument')"
              }
            },
            {
              "index": "673",
              "value": "0000:0000:0000:0000:0000:0000:0000:0000",
              "ndev": {
                "error": "OSError(22, 'Invalid argument')"
              },
              "type": {
                "error": "OSError(22, 'Invalid argument')"
              }
            },
            {
              "index": "607",
              "value": "0000:0000:0000:0000:0000:0000:0000:0000",
              "ndev": {
                "error": "OSError(22, 'Invalid argument')"
              },
              "type": {
                "error": "OSError(22, 'Invalid argument')"
              }
            },
            {
              "index": "550",
              "value": "0000:0000:0000:0000:0000:0000:0000:0000",
              "ndev": {
                "error": "OSError(22, 'Invalid argument')"
              },
              "type": {
                "error": "OSError(22, 'Invalid argument')"
              }
            },
            {
              "index": "45",
              "value": "0000:0000:0000:0000:0000:0000:0000:0000",
              "ndev": {
                "error": "OSError(22, 'Invalid argument')"
              },
              "type": {
                "error": "OSError(22, 'Invalid argument')"
              }
            },
            {
              "index": "494",
              "value": "0000:0000:0000:0000:0000:0000:0000:0000",
              "ndev": {
                "error": "OSError(22, 'Invalid argument')"
              },
              "type": {
                "error": "OSError(22, 'Invalid argument')"
              }
            },
            {
              "index": "428",
              "value": "0000:0000:0000:0000:0000:0000:0000:0000",
              "ndev": {
                "error": "OSError(22, 'Invalid argument')"
              },
              "type": {
                "error": "OSError(22, 'Invalid argument')"
              }
            },
            {
              "index": "371",
              "value": "0000:0000:0000:0000:0000:0000:0000:0000",
              "ndev": {
                "error": "OSError(22, 'Invalid argument')"
              },
              "type": {
                "error": "OSError(22, 'Invalid argument')"
              }
            },
            {
              "index": "937",
              "value": "0000:0000:0000:0000:0000:0000:0000:0000",
              "ndev": {
                "error": "OSError(22, 'Invalid argument')"
              },
              "type": {
                "error": "OSError(22, 'Invalid argument')"
              }
            },
            {
              "index": "305",
              "value": "0000:0000:0000:0000:0000:0000:0000:0000",
              "ndev": {
                "error": "OSError(22, 'Invalid argument')"
              },
              "type": {
                "error": "OSError(22, 'Invalid argument')"
              }
            },
            {
              "index": "880",
              "value": "0000:0000:0000:0000:0000:0000:0000:0000",
              "ndev": {
                "error": "OSError(22, 'Invalid argument')"
              },
              "type": {
                "error": "OSError(22, 'Invalid argument')"
              }
            },
            {
              "index": "249",
              "value": "0000:0000:0000:0000:0000:0000:0000:0000",
              "ndev": {
                "error": "OSError(22, 'Invalid argument')"
              },
              "type": {
                "error": "OSError(22, 'Invalid argument')"
              }
            },
            {
              "index": "814",
              "value": "0000:0000:0000:0000:0000:0000:0000:0000",
              "ndev": {
                "error": "OSError(22, 'Invalid argument')"
              },
              "type": {
                "error": "OSError(22, 'Invalid argument')"
              }
            },
            {
              "index": "192",
              "value": "0000:0000:0000:0000:0000:0000:0000:0000",
              "ndev": {
                "error": "OSError(22, 'Invalid argument')"
              },
              "type": {
                "error": "OSError(22, 'Invalid argument')"
              }
            },
            {
              "index": "758",
              "value": "0000:0000:0000:0000:0000:0000:0000:0000",
              "ndev": {
                "error": "OSError(22, 'Invalid argument')"
              },
              "type": {
                "error": "OSError(22, 'Invalid argument')"
              }
            },
            {
              "index": "126",
              "value": "0000:0000:0000:0000:0000:0000:0000:0000",
              "ndev": {
                "error": "OSError(22, 'Invalid argument')"
              },
              "type": {
                "error": "OSError(22, 'Invalid argument')"
              }
            },
            {
              "index": "635",
              "value": "0000:0000:0000:0000:0000:0000:0000:0000",
              "ndev": {
                "error": "OSError(22, 'Invalid argument')"
              },
              "type": {
                "error": "OSError(22, 'Invalid argument')"
              }
            },
            {
              "index": "579",
              "value": "0000:0000:0000:0000:0000:0000:0000:0000",
              "ndev": {
                "error": "OSError(22, 'Invalid argument')"
              },
              "type": {
                "error": "OSError(22, 'Invalid argument')"
              }
            },
            {
              "index": "73",
              "value": "0000:0000:0000:0000:0000:0000:0000:0000",
              "ndev": {
                "error": "OSError(22, 'Invalid argument')"
              },
              "type": {
                "error": "OSError(22, 'Invalid argument')"
              }
            },
            {
              "index": "512",
              "value": "0000:0000:0000:0000:0000:0000:0000:0000",
              "ndev": {
                "error": "OSError(22, 'Invalid argument')"
              },
              "type": {
                "error": "OSError(22, 'Invalid argument')"
              }
            },
            {
              "index": "456",
              "value": "0000:0000:0000:0000:0000:0000:0000:0000",
              "ndev": {
                "error": "OSError(22, 'Invalid argument')"
              },
              "type": {
                "error": "OSError(22, 'Invalid argument')"
              }
            },
            {
              "index": "965",
              "value": "0000:0000:0000:0000:0000:0000:0000:0000",
              "ndev": {
                "error": "OSError(22, 'Invalid argument')"
              },
              "type": {
                "error": "OSError(22, 'Invalid argument')"
              }
            },
            {
              "index": "333",
              "value": "0000:0000:0000:0000:0000:0000:0000:0000",
              "ndev": {
                "error": "OSError(22, 'Invalid argument')"
              },
              "type": {
                "error": "OSError(22, 'Invalid argument')"
              }
            },
            {
              "index": "277",
              "value": "0000:0000:0000:0000:0000:0000:0000:0000",
              "ndev": {
                "error": "OSError(22, 'Invalid argument')"
              },
              "type": {
                "error": "OSError(22, 'Invalid argument')"
              }
            },
            {
              "index": "842",
              "value": "0000:0000:0000:0000:0000:0000:0000:0000",
              "ndev": {
                "error": "OSError(22, 'Invalid argument')"
              },
              "type": {
                "error": "OSError(22, 'Invalid argument')"
              }
            },
            {
              "index": "210",
              "value": "0000:0000:0000:0000:0000:0000:0000:0000",
              "ndev": {
                "error": "OSError(22, 'Invalid argument')"
              },
              "type": {
                "error": "OSError(22, 'Invalid argument')"
              }
            },
            {
              "index": "786",
              "value": "0000:0000:0000:0000:0000:0000:0000:0000",
              "ndev": {
                "error": "OSError(22, 'Invalid argument')"
              },
              "type": {
                "error": "OSError(22, 'Invalid argument')"
              }
            },
            {
              "index": "154",
              "value": "0000:0000:0000:0000:0000:0000:0000:0000",
              "ndev": {
                "error": "OSError(22, 'Invalid argument')"
              },
              "type": {
                "error": "OSError(22, 'Invalid argument')"
              }
            },
            {
              "index": "1022",
              "value": "0000:0000:0000:0000:0000:0000:0000:0000",
              "ndev": {
                "error": "OSError(22, 'Invalid argument')"
              },
              "type": {
                "error": "OSError(22, 'Invalid argument')"
              }
            },
            {
              "index": "663",
              "value": "0000:0000:0000:0000:0000:0000:0000:0000",
              "ndev": {
                "error": "OSError(22, 'Invalid argument')"
              },
              "type": {
                "error": "OSError(22, 'Invalid argument')"
              }
            },
            {
              "index": "540",
              "value": "0000:0000:0000:0000:0000:0000:0000:0000",
              "ndev": {
                "error": "OSError(22, 'Invalid argument')"
              },
              "type": {
                "error": "OSError(22, 'Invalid argument')"
              }
            },
            {
              "index": "35",
              "value": "0000:0000:0000:0000:0000:0000:0000:0000",
              "ndev": {
                "error": "OSError(22, 'Invalid argument')"
              },
              "type": {
                "error": "OSError(22, 'Invalid argument')"
              }
            },
            {
              "index": "484",
              "value": "0000:0000:0000:0000:0000:0000:0000:0000",
              "ndev": {
                "error": "OSError(22, 'Invalid argument')"
              },
              "type": {
                "error": "OSError(22, 'Invalid argument')"
              }
            },
            {
              "index": "418",
              "value": "0000:0000:0000:0000:0000:0000:0000:0000",
              "ndev": {
                "error": "OSError(22, 'Invalid argument')"
              },
              "type": {
                "error": "OSError(22, 'Invalid argument')"
              }
            },
            {
              "index": "993",
              "value": "0000:0000:0000:0000:0000:0000:0000:0000",
              "ndev": {
                "error": "OSError(22, 'Invalid argument')"
              },
              "type": {
                "error": "OSError(22, 'Invalid argument')"
              }
            },
            {
              "index": "361",
              "value": "0000:0000:0000:0000:0000:0000:0000:0000",
              "ndev": {
                "error": "OSError(22, 'Invalid argument')"
              },
              "type": {
                "error": "OSError(22, 'Invalid argument')"
              }
            },
            {
              "index": "927",
              "value": "0000:0000:0000:0000:0000:0000:0000:0000",
              "ndev": {
                "error": "OSError(22, 'Invalid argument')"
              },
              "type": {
                "error": "OSError(22, 'Invalid argument')"
              }
            },
            {
              "index": "7",
              "value": "0000:0000:0000:0000:0000:0000:0000:0000",
              "ndev": {
                "error": "OSError(22, 'Invalid argument')"
              },
              "type": {
                "error": "OSError(22, 'Invalid argument')"
              }
            },
            {
              "index": "870",
              "value": "0000:0000:0000:0000:0000:0000:0000:0000",
              "ndev": {
                "error": "OSError(22, 'Invalid argument')"
              },
              "type": {
                "error": "OSError(22, 'Invalid argument')"
              }
            },
            {
              "index": "239",
              "value": "0000:0000:0000:0000:0000:0000:0000:0000",
              "ndev": {
                "error": "OSError(22, 'Invalid argument')"
              },
              "type": {
                "error": "OSError(22, 'Invalid argument')"
              }
            },
            {
              "index": "804",
              "value": "0000:0000:0000:0000:0000:0000:0000:0000",
              "ndev": {
                "error": "OSError(22, 'Invalid argument')"
              },
              "type": {
                "error": "OSError(22, 'Invalid argument')"
              }
            },
            {
              "index": "182",
              "value": "0000:0000:0000:0000:0000:0000:0000:0000",
              "ndev": {
                "error": "OSError(22, 'Invalid argument')"
              },
              "type": {
                "error": "OSError(22, 'Invalid argument')"
              }
            },
            {
              "index": "748",
              "value": "0000:0000:0000:0000:0000:0000:0000:0000",
              "ndev": {
                "error": "OSError(22, 'Invalid argument')"
              },
              "type": {
                "error": "OSError(22, 'Invalid argument')"
              }
            },
            {
              "index": "116",
              "value": "0000:0000:0000:0000:0000:0000:0000:0000",
              "ndev": {
                "error": "OSError(22, 'Invalid argument')"
              },
              "type": {
                "error": "OSError(22, 'Invalid argument')"
              }
            },
            {
              "index": "691",
              "value": "0000:0000:0000:0000:0000:0000:0000:0000",
              "ndev": {
                "error": "OSError(22, 'Invalid argument')"
              },
              "type": {
                "error": "OSError(22, 'Invalid argument')"
              }
            },
            {
              "index": "625",
              "value": "0000:0000:0000:0000:0000:0000:0000:0000",
              "ndev": {
                "error": "OSError(22, 'Invalid argument')"
              },
              "type": {
                "error": "OSError(22, 'Invalid argument')"
              }
            },
            {
              "index": "569",
              "value": "0000:0000:0000:0000:0000:0000:0000:0000",
              "ndev": {
                "error": "OSError(22, 'Invalid argument')"
              },
              "type": {
                "error": "OSError(22, 'Invalid argument')"
              }
            },
            {
              "index": "63",
              "value": "0000:0000:0000:0000:0000:0000:0000:0000",
              "ndev": {
                "error": "OSError(22, 'Invalid argument')"
              },
              "type": {
                "error": "OSError(22, 'Invalid argument')"
              }
            },
            {
              "index": "502",
              "value": "0000:0000:0000:0000:0000:0000:0000:0000",
              "ndev": {
                "error": "OSError(22, 'Invalid argument')"
              },
              "type": {
                "error": "OSError(22, 'Invalid argument')"
              }
            },
            {
              "index": "446",
              "value": "0000:0000:0000:0000:0000:0000:0000:0000",
              "ndev": {
                "error": "OSError(22, 'Invalid argument')"
              },
              "type": {
                "error": "OSError(22, 'Invalid argument')"
              }
            },
            {
              "index": "955",
              "value": "0000:0000:0000:0000:0000:0000:0000:0000",
              "ndev": {
                "error": "OSError(22, 'Invalid argument')"
              },
              "type": {
                "error": "OSError(22, 'Invalid argument')"
              }
            },
            {
              "index": "323",
              "value": "0000:0000:0000:0000:0000:0000:0000:0000",
              "ndev": {
                "error": "OSError(22, 'Invalid argument')"
              },
              "type": {
                "error": "OSError(22, 'Invalid argument')"
              }
            },
            {
              "index": "899",
              "value": "0000:0000:0000:0000:0000:0000:0000:0000",
              "ndev": {
                "error": "OSError(22, 'Invalid argument')"
              },
              "type": {
                "error": "OSError(22, 'Invalid argument')"
              }
            },
            {
              "index": "267",
              "value": "0000:0000:0000:0000:0000:0000:0000:0000",
              "ndev": {
                "error": "OSError(22, 'Invalid argument')"
              },
              "type": {
                "error": "OSError(22, 'Invalid argument')"
              }
            },
            {
              "index": "832",
              "value": "0000:0000:0000:0000:0000:0000:0000:0000",
              "ndev": {
                "error": "OSError(22, 'Invalid argument')"
              },
              "type": {
                "error": "OSError(22, 'Invalid argument')"
              }
            },
            {
              "index": "200",
              "value": "0000:0000:0000:0000:0000:0000:0000:0000",
              "ndev": {
                "error": "OSError(22, 'Invalid argument')"
              },
              "type": {
                "error": "OSError(22, 'Invalid argument')"
              }
            },
            {
              "index": "776",
              "value": "0000:0000:0000:0000:0000:0000:0000:0000",
              "ndev": {
                "error": "OSError(22, 'Invalid argument')"
              },
              "type": {
                "error": "OSError(22, 'Invalid argument')"
              }
            },
            {
              "index": "144",
              "value": "0000:0000:0000:0000:0000:0000:0000:0000",
              "ndev": {
                "error": "OSError(22, 'Invalid argument')"
              },
              "type": {
                "error": "OSError(22, 'Invalid argument')"
              }
            },
            {
              "index": "1012",
              "value": "0000:0000:0000:0000:0000:0000:0000:0000",
              "ndev": {
                "error": "OSError(22, 'Invalid argument')"
              },
              "type": {
                "error": "OSError(22, 'Invalid argument')"
              }
            },
            {
              "index": "653",
              "value": "0000:0000:0000:0000:0000:0000:0000:0000",
              "ndev": {
                "error": "OSError(22, 'Invalid argument')"
              },
              "type": {
                "error": "OSError(22, 'Invalid argument')"
              }
            },
            {
              "index": "597",
              "value": "0000:0000:0000:0000:0000:0000:0000:0000",
              "ndev": {
                "error": "OSError(22, 'Invalid argument')"
              },
              "type": {
                "error": "OSError(22, 'Invalid argument')"
              }
            },
            {
              "index": "91",
              "value": "0000:0000:0000:0000:0000:0000:0000:0000",
              "ndev": {
                "error": "OSError(22, 'Invalid argument')"
              },
              "type": {
                "error": "OSError(22, 'Invalid argument')"
              }
            },
            {
              "index": "530",
              "value": "0000:0000:0000:0000:0000:0000:0000:0000",
              "ndev": {
                "error": "OSError(22, 'Invalid argument')"
              },
              "type": {
                "error": "OSError(22, 'Invalid argument')"
              }
            },
            {
              "index": "25",
              "value": "0000:0000:0000:0000:0000:0000:0000:0000",
              "ndev": {
                "error": "OSError(22, 'Invalid argument')"
              },
              "type": {
                "error": "OSError(22, 'Invalid argument')"
              }
            },
            {
              "index": "474",
              "value": "0000:0000:0000:0000:0000:0000:0000:0000",
              "ndev": {
                "error": "OSError(22, 'Invalid argument')"
              },
              "type": {
                "error": "OSError(22, 'Invalid argument')"
              }
            },
            {
              "index": "408",
              "value": "0000:0000:0000:0000:0000:0000:0000:0000",
              "ndev": {
                "error": "OSError(22, 'Invalid argument')"
              },
              "type": {
                "error": "OSError(22, 'Invalid argument')"
              }
            },
            {
              "index": "983",
              "value": "0000:0000:0000:0000:0000:0000:0000:0000",
              "ndev": {
                "error": "OSError(22, 'Invalid argument')"
              },
              "type": {
                "error": "OSError(22, 'Invalid argument')"
              }
            },
            {
              "index": "351",
              "value": "0000:0000:0000:0000:0000:0000:0000:0000",
              "ndev": {
                "error": "OSError(22, 'Invalid argument')"
              },
              "type": {
                "error": "OSError(22, 'Invalid argument')"
              }
            },
            {
              "index": "917",
              "value": "0000:0000:0000:0000:0000:0000:0000:0000",
              "ndev": {
                "error": "OSError(22, 'Invalid argument')"
              },
              "type": {
                "error": "OSError(22, 'Invalid argument')"
              }
            },
            {
              "index": "295",
              "value": "0000:0000:0000:0000:0000:0000:0000:0000",
              "ndev": {
                "error": "OSError(22, 'Invalid argument')"
              },
              "type": {
                "error": "OSError(22, 'Invalid argument')"
              }
            },
            {
              "index": "860",
              "value": "0000:0000:0000:0000:0000:0000:0000:0000",
              "ndev": {
                "error": "OSError(22, 'Invalid argument')"
              },
              "type": {
                "error": "OSError(22, 'Invalid argument')"
              }
            },
            {
              "index": "229",
              "value": "0000:0000:0000:0000:0000:0000:0000:0000",
              "ndev": {
                "error": "OSError(22, 'Invalid argument')"
              },
              "type": {
                "error": "OSError(22, 'Invalid argument')"
              }
            },
            {
              "index": "172",
              "value": "0000:0000:0000:0000:0000:0000:0000:0000",
              "ndev": {
                "error": "OSError(22, 'Invalid argument')"
              },
              "type": {
                "error": "OSError(22, 'Invalid argument')"
              }
            },
            {
              "index": "738",
              "value": "0000:0000:0000:0000:0000:0000:0000:0000",
              "ndev": {
                "error": "OSError(22, 'Invalid argument')"
              },
              "type": {
                "error": "OSError(22, 'Invalid argument')"
              }
            },
            {
              "index": "106",
              "value": "0000:0000:0000:0000:0000:0000:0000:0000",
              "ndev": {
                "error": "OSError(22, 'Invalid argument')"
              },
              "type": {
                "error": "OSError(22, 'Invalid argument')"
              }
            },
            {
              "index": "681",
              "value": "0000:0000:0000:0000:0000:0000:0000:0000",
              "ndev": {
                "error": "OSError(22, 'Invalid argument')"
              },
              "type": {
                "error": "OSError(22, 'Invalid argument')"
              }
            },
            {
              "index": "615",
              "value": "0000:0000:0000:0000:0000:0000:0000:0000",
              "ndev": {
                "error": "OSError(22, 'Invalid argument')"
              },
              "type": {
                "error": "OSError(22, 'Invalid argument')"
              }
            },
            {
              "index": "559",
              "value": "0000:0000:0000:0000:0000:0000:0000:0000",
              "ndev": {
                "error": "OSError(22, 'Invalid argument')"
              },
              "type": {
                "error": "OSError(22, 'Invalid argument')"
              }
            },
            {
              "index": "53",
              "value": "0000:0000:0000:0000:0000:0000:0000:0000",
              "ndev": {
                "error": "OSError(22, 'Invalid argument')"
              },
              "type": {
                "error": "OSError(22, 'Invalid argument')"
              }
            },
            {
              "index": "436",
              "value": "0000:0000:0000:0000:0000:0000:0000:0000",
              "ndev": {
                "error": "OSError(22, 'Invalid argument')"
              },
              "type": {
                "error": "OSError(22, 'Invalid argument')"
              }
            },
            {
              "index": "945",
              "value": "0000:0000:0000:0000:0000:0000:0000:0000",
              "ndev": {
                "error": "OSError(22, 'Invalid argument')"
              },
              "type": {
                "error": "OSError(22, 'Invalid argument')"
              }
            },
            {
              "index": "313",
              "value": "0000:0000:0000:0000:0000:0000:0000:0000",
              "ndev": {
                "error": "OSError(22, 'Invalid argument')"
              },
              "type": {
                "error": "OSError(22, 'Invalid argument')"
              }
            },
            {
              "index": "889",
              "value": "0000:0000:0000:0000:0000:0000:0000:0000",
              "ndev": {
                "error": "OSError(22, 'Invalid argument')"
              },
              "type": {
                "error": "OSError(22, 'Invalid argument')"
              }
            },
            {
              "index": "257",
              "value": "0000:0000:0000:0000:0000:0000:0000:0000",
              "ndev": {
                "error": "OSError(22, 'Invalid argument')"
              },
              "type": {
                "error": "OSError(22, 'Invalid argument')"
              }
            },
            {
              "index": "822",
              "value": "0000:0000:0000:0000:0000:0000:0000:0000",
              "ndev": {
                "error": "OSError(22, 'Invalid argument')"
              },
              "type": {
                "error": "OSError(22, 'Invalid argument')"
              }
            },
            {
              "index": "766",
              "value": "0000:0000:0000:0000:0000:0000:0000:0000",
              "ndev": {
                "error": "OSError(22, 'Invalid argument')"
              },
              "type": {
                "error": "OSError(22, 'Invalid argument')"
              }
            },
            {
              "index": "134",
              "value": "0000:0000:0000:0000:0000:0000:0000:0000",
              "ndev": {
                "error": "OSError(22, 'Invalid argument')"
              },
              "type": {
                "error": "OSError(22, 'Invalid argument')"
              }
            },
            {
              "index": "1002",
              "value": "0000:0000:0000:0000:0000:0000:0000:0000",
              "ndev": {
                "error": "OSError(22, 'Invalid argument')"
              },
              "type": {
                "error": "OSError(22, 'Invalid argument')"
              }
            },
            {
              "index": "643",
              "value": "0000:0000:0000:0000:0000:0000:0000:0000",
              "ndev": {
                "error": "OSError(22, 'Invalid argument')"
              },
              "type": {
                "error": "OSError(22, 'Invalid argument')"
              }
            },
            {
              "index": "587",
              "value": "0000:0000:0000:0000:0000:0000:0000:0000",
              "ndev": {
                "error": "OSError(22, 'Invalid argument')"
              },
              "type": {
                "error": "OSError(22, 'Invalid argument')"
              }
            },
            {
              "index": "81",
              "value": "0000:0000:0000:0000:0000:0000:0000:0000",
              "ndev": {
                "error": "OSError(22, 'Invalid argument')"
              },
              "type": {
                "error": "OSError(22, 'Invalid argument')"
              }
            },
            {
              "index": "520",
              "value": "0000:0000:0000:0000:0000:0000:0000:0000",
              "ndev": {
                "error": "OSError(22, 'Invalid argument')"
              },
              "type": {
                "error": "OSError(22, 'Invalid argument')"
              }
            },
            {
              "index": "15",
              "value": "0000:0000:0000:0000:0000:0000:0000:0000",
              "ndev": {
                "error": "OSError(22, 'Invalid argument')"
              },
              "type": {
                "error": "OSError(22, 'Invalid argument')"
              }
            },
            {
              "index": "464",
              "value": "0000:0000:0000:0000:0000:0000:0000:0000",
              "ndev": {
                "error": "OSError(22, 'Invalid argument')"
              },
              "type": {
                "error": "OSError(22, 'Invalid argument')"
              }
            },
            {
              "index": "973",
              "value": "0000:0000:0000:0000:0000:0000:0000:0000",
              "ndev": {
                "error": "OSError(22, 'Invalid argument')"
              },
              "type": {
                "error": "OSError(22, 'Invalid argument')"
              }
            },
            {
              "index": "341",
              "value": "0000:0000:0000:0000:0000:0000:0000:0000",
              "ndev": {
                "error": "OSError(22, 'Invalid argument')"
              },
              "type": {
                "error": "OSError(22, 'Invalid argument')"
              }
            },
            {
              "index": "907",
              "value": "0000:0000:0000:0000:0000:0000:0000:0000",
              "ndev": {
                "error": "OSError(22, 'Invalid argument')"
              },
              "type": {
                "error": "OSError(22, 'Invalid argument')"
              }
            },
            {
              "index": "285",
              "value": "0000:0000:0000:0000:0000:0000:0000:0000",
              "ndev": {
                "error": "OSError(22, 'Invalid argument')"
              },
              "type": {
                "error": "OSError(22, 'Invalid argument')"
              }
            },
            {
              "index": "850",
              "value": "0000:0000:0000:0000:0000:0000:0000:0000",
              "ndev": {
                "error": "OSError(22, 'Invalid argument')"
              },
              "type": {
                "error": "OSError(22, 'Invalid argument')"
              }
            },
            {
              "index": "219",
              "value": "0000:0000:0000:0000:0000:0000:0000:0000",
              "ndev": {
                "error": "OSError(22, 'Invalid argument')"
              },
              "type": {
                "error": "OSError(22, 'Invalid argument')"
              }
            },
            {
              "index": "794",
              "value": "0000:0000:0000:0000:0000:0000:0000:0000",
              "ndev": {
                "error": "OSError(22, 'Invalid argument')"
              },
              "type": {
                "error": "OSError(22, 'Invalid argument')"
              }
            },
            {
              "index": "162",
              "value": "0000:0000:0000:0000:0000:0000:0000:0000",
              "ndev": {
                "error": "OSError(22, 'Invalid argument')"
              },
              "type": {
                "error": "OSError(22, 'Invalid argument')"
              }
            },
            {
              "index": "728",
              "value": "0000:0000:0000:0000:0000:0000:0000:0000",
              "ndev": {
                "error": "OSError(22, 'Invalid argument')"
              },
              "type": {
                "error": "OSError(22, 'Invalid argument')"
              }
            },
            {
              "index": "671",
              "value": "0000:0000:0000:0000:0000:0000:0000:0000",
              "ndev": {
                "error": "OSError(22, 'Invalid argument')"
              },
              "type": {
                "error": "OSError(22, 'Invalid argument')"
              }
            },
            {
              "index": "605",
              "value": "0000:0000:0000:0000:0000:0000:0000:0000",
              "ndev": {
                "error": "OSError(22, 'Invalid argument')"
              },
              "type": {
                "error": "OSError(22, 'Invalid argument')"
              }
            },
            {
              "index": "549",
              "value": "0000:0000:0000:0000:0000:0000:0000:0000",
              "ndev": {
                "error": "OSError(22, 'Invalid argument')"
              },
              "type": {
                "error": "OSError(22, 'Invalid argument')"
              }
            },
            {
              "index": "43",
              "value": "0000:0000:0000:0000:0000:0000:0000:0000",
              "ndev": {
                "error": "OSError(22, 'Invalid argument')"
              },
              "type": {
                "error": "OSError(22, 'Invalid argument')"
              }
            },
            {
              "index": "492",
              "value": "0000:0000:0000:0000:0000:0000:0000:0000",
              "ndev": {
                "error": "OSError(22, 'Invalid argument')"
              },
              "type": {
                "error": "OSError(22, 'Invalid argument')"
              }
            },
            {
              "index": "426",
              "value": "0000:0000:0000:0000:0000:0000:0000:0000",
              "ndev": {
                "error": "OSError(22, 'Invalid argument')"
              },
              "type": {
                "error": "OSError(22, 'Invalid argument')"
              }
            },
            {
              "index": "935",
              "value": "0000:0000:0000:0000:0000:0000:0000:0000",
              "ndev": {
                "error": "OSError(22, 'Invalid argument')"
              },
              "type": {
                "error": "OSError(22, 'Invalid argument')"
              }
            },
            {
              "index": "303",
              "value": "0000:0000:0000:0000:0000:0000:0000:0000",
              "ndev": {
                "error": "OSError(22, 'Invalid argument')"
              },
              "type": {
                "error": "OSError(22, 'Invalid argument')"
              }
            },
            {
              "index": "879",
              "value": "0000:0000:0000:0000:0000:0000:0000:0000",
              "ndev": {
                "error": "OSError(22, 'Invalid argument')"
              },
              "type": {
                "error": "OSError(22, 'Invalid argument')"
              }
            },
            {
              "index": "247",
              "value": "0000:0000:0000:0000:0000:0000:0000:0000",
              "ndev": {
                "error": "OSError(22, 'Invalid argument')"
              },
              "type": {
                "error": "OSError(22, 'Invalid argument')"
              }
            },
            {
              "index": "812",
              "value": "0000:0000:0000:0000:0000:0000:0000:0000",
              "ndev": {
                "error": "OSError(22, 'Invalid argument')"
              },
              "type": {
                "error": "OSError(22, 'Invalid argument')"
              }
            },
            {
              "index": "190",
              "value": "0000:0000:0000:0000:0000:0000:0000:0000",
              "ndev": {
                "error": "OSError(22, 'Invalid argument')"
              },
              "type": {
                "error": "OSError(22, 'Invalid argument')"
              }
            },
            {
              "index": "756",
              "value": "0000:0000:0000:0000:0000:0000:0000:0000",
              "ndev": {
                "error": "OSError(22, 'Invalid argument')"
              },
              "type": {
                "error": "OSError(22, 'Invalid argument')"
              }
            },
            {
              "index": "124",
              "value": "0000:0000:0000:0000:0000:0000:0000:0000",
              "ndev": {
                "error": "OSError(22, 'Invalid argument')"
              },
              "type": {
                "error": "OSError(22, 'Invalid argument')"
              }
            },
            {
              "index": "633",
              "value": "0000:0000:0000:0000:0000:0000:0000:0000",
              "ndev": {
                "error": "OSError(22, 'Invalid argument')"
              },
              "type": {
                "error": "OSError(22, 'Invalid argument')"
              }
            },
            {
              "index": "577",
              "value": "0000:0000:0000:0000:0000:0000:0000:0000",
              "ndev": {
                "error": "OSError(22, 'Invalid argument')"
              },
              "type": {
                "error": "OSError(22, 'Invalid argument')"
              }
            },
            {
              "index": "71",
              "value": "0000:0000:0000:0000:0000:0000:0000:0000",
              "ndev": {
                "error": "OSError(22, 'Invalid argument')"
              },
              "type": {
                "error": "OSError(22, 'Invalid argument')"
              }
            },
            {
              "index": "510",
              "value": "0000:0000:0000:0000:0000:0000:0000:0000",
              "ndev": {
                "error": "OSError(22, 'Invalid argument')"
              },
              "type": {
                "error": "OSError(22, 'Invalid argument')"
              }
            },
            {
              "index": "454",
              "value": "0000:0000:0000:0000:0000:0000:0000:0000",
              "ndev": {
                "error": "OSError(22, 'Invalid argument')"
              },
              "type": {
                "error": "OSError(22, 'Invalid argument')"
              }
            },
            {
              "index": "398",
              "value": "0000:0000:0000:0000:0000:0000:0000:0000",
              "ndev": {
                "error": "OSError(22, 'Invalid argument')"
              },
              "type": {
                "error": "OSError(22, 'Invalid argument')"
              }
            },
            {
              "index": "963",
              "value": "0000:0000:0000:0000:0000:0000:0000:0000",
              "ndev": {
                "error": "OSError(22, 'Invalid argument')"
              },
              "type": {
                "error": "OSError(22, 'Invalid argument')"
              }
            },
            {
              "index": "331",
              "value": "0000:0000:0000:0000:0000:0000:0000:0000",
              "ndev": {
                "error": "OSError(22, 'Invalid argument')"
              },
              "type": {
                "error": "OSError(22, 'Invalid argument')"
              }
            },
            {
              "index": "275",
              "value": "0000:0000:0000:0000:0000:0000:0000:0000",
              "ndev": {
                "error": "OSError(22, 'Invalid argument')"
              },
              "type": {
                "error": "OSError(22, 'Invalid argument')"
              }
            },
            {
              "index": "840",
              "value": "0000:0000:0000:0000:0000:0000:0000:0000",
              "ndev": {
                "error": "OSError(22, 'Invalid argument')"
              },
              "type": {
                "error": "OSError(22, 'Invalid argument')"
              }
            },
            {
              "index": "209",
              "value": "0000:0000:0000:0000:0000:0000:0000:0000",
              "ndev": {
                "error": "OSError(22, 'Invalid argument')"
              },
              "type": {
                "error": "OSError(22, 'Invalid argument')"
              }
            },
            {
              "index": "784",
              "value": "0000:0000:0000:0000:0000:0000:0000:0000",
              "ndev": {
                "error": "OSError(22, 'Invalid argument')"
              },
              "type": {
                "error": "OSError(22, 'Invalid argument')"
              }
            },
            {
              "index": "152",
              "value": "0000:0000:0000:0000:0000:0000:0000:0000",
              "ndev": {
                "error": "OSError(22, 'Invalid argument')"
              },
              "type": {
                "error": "OSError(22, 'Invalid argument')"
              }
            },
            {
              "index": "718",
              "value": "0000:0000:0000:0000:0000:0000:0000:0000",
              "ndev": {
                "error": "OSError(22, 'Invalid argument')"
              },
              "type": {
                "error": "OSError(22, 'Invalid argument')"
              }
            },
            {
              "index": "1020",
              "value": "0000:0000:0000:0000:0000:0000:0000:0000",
              "ndev": {
                "error": "OSError(22, 'Invalid argument')"
              },
              "type": {
                "error": "OSError(22, 'Invalid argument')"
              }
            },
            {
              "index": "661",
              "value": "0000:0000:0000:0000:0000:0000:0000:0000",
              "ndev": {
                "error": "OSError(22, 'Invalid argument')"
              },
              "type": {
                "error": "OSError(22, 'Invalid argument')"
              }
            },
            {
              "index": "539",
              "value": "0000:0000:0000:0000:0000:0000:0000:0000",
              "ndev": {
                "error": "OSError(22, 'Invalid argument')"
              },
              "type": {
                "error": "OSError(22, 'Invalid argument')"
              }
            },
            {
              "index": "33",
              "value": "0000:0000:0000:0000:0000:0000:0000:0000",
              "ndev": {
                "error": "OSError(22, 'Invalid argument')"
              },
              "type": {
                "error": "OSError(22, 'Invalid argument')"
              }
            },
            {
              "index": "482",
              "value": "0000:0000:0000:0000:0000:0000:0000:0000",
              "ndev": {
                "error": "OSError(22, 'Invalid argument')"
              },
              "type": {
                "error": "OSError(22, 'Invalid argument')"
              }
            },
            {
              "index": "416",
              "value": "0000:0000:0000:0000:0000:0000:0000:0000",
              "ndev": {
                "error": "OSError(22, 'Invalid argument')"
              },
              "type": {
                "error": "OSError(22, 'Invalid argument')"
              }
            },
            {
              "index": "991",
              "value": "0000:0000:0000:0000:0000:0000:0000:0000",
              "ndev": {
                "error": "OSError(22, 'Invalid argument')"
              },
              "type": {
                "error": "OSError(22, 'Invalid argument')"
              }
            },
            {
              "index": "925",
              "value": "0000:0000:0000:0000:0000:0000:0000:0000",
              "ndev": {
                "error": "OSError(22, 'Invalid argument')"
              },
              "type": {
                "error": "OSError(22, 'Invalid argument')"
              }
            },
            {
              "index": "5",
              "value": "0000:0000:0000:0000:0000:0000:0000:0000",
              "ndev": {
                "error": "OSError(22, 'Invalid argument')"
              },
              "type": {
                "error": "OSError(22, 'Invalid argument')"
              }
            },
            {
              "index": "869",
              "value": "0000:0000:0000:0000:0000:0000:0000:0000",
              "ndev": {
                "error": "OSError(22, 'Invalid argument')"
              },
              "type": {
                "error": "OSError(22, 'Invalid argument')"
              }
            },
            {
              "index": "237",
              "value": "0000:0000:0000:0000:0000:0000:0000:0000",
              "ndev": {
                "error": "OSError(22, 'Invalid argument')"
              },
              "type": {
                "error": "OSError(22, 'Invalid argument')"
              }
            },
            {
              "index": "802",
              "value": "0000:0000:0000:0000:0000:0000:0000:0000",
              "ndev": {
                "error": "OSError(22, 'Invalid argument')"
              },
              "type": {
                "error": "OSError(22, 'Invalid argument')"
              }
            },
            {
              "index": "180",
              "value": "0000:0000:0000:0000:0000:0000:0000:0000",
              "ndev": {
                "error": "OSError(22, 'Invalid argument')"
              },
              "type": {
                "error": "OSError(22, 'Invalid argument')"
              }
            },
            {
              "index": "746",
              "value": "0000:0000:0000:0000:0000:0000:0000:0000",
              "ndev": {
                "error": "OSError(22, 'Invalid argument')"
              },
              "type": {
                "error": "OSError(22, 'Invalid argument')"
              }
            },
            {
              "index": "114",
              "value": "0000:0000:0000:0000:0000:0000:0000:0000",
              "ndev": {
                "error": "OSError(22, 'Invalid argument')"
              },
              "type": {
                "error": "OSError(22, 'Invalid argument')"
              }
            },
            {
              "index": "623",
              "value": "0000:0000:0000:0000:0000:0000:0000:0000",
              "ndev": {
                "error": "OSError(22, 'Invalid argument')"
              },
              "type": {
                "error": "OSError(22, 'Invalid argument')"
              }
            },
            {
              "index": "567",
              "value": "0000:0000:0000:0000:0000:0000:0000:0000",
              "ndev": {
                "error": "OSError(22, 'Invalid argument')"
              },
              "type": {
                "error": "OSError(22, 'Invalid argument')"
              }
            },
            {
              "index": "61",
              "value": "0000:0000:0000:0000:0000:0000:0000:0000",
              "ndev": {
                "error": "OSError(22, 'Invalid argument')"
              },
              "type": {
                "error": "OSError(22, 'Invalid argument')"
              }
            },
            {
              "index": "500",
              "value": "0000:0000:0000:0000:0000:0000:0000:0000",
              "ndev": {
                "error": "OSError(22, 'Invalid argument')"
              },
              "type": {
                "error": "OSError(22, 'Invalid argument')"
              }
            },
            {
              "index": "444",
              "value": "0000:0000:0000:0000:0000:0000:0000:0000",
              "ndev": {
                "error": "OSError(22, 'Invalid argument')"
              },
              "type": {
                "error": "OSError(22, 'Invalid argument')"
              }
            },
            {
              "index": "388",
              "value": "0000:0000:0000:0000:0000:0000:0000:0000",
              "ndev": {
                "error": "OSError(22, 'Invalid argument')"
              },
              "type": {
                "error": "OSError(22, 'Invalid argument')"
              }
            },
            {
              "index": "953",
              "value": "0000:0000:0000:0000:0000:0000:0000:0000",
              "ndev": {
                "error": "OSError(22, 'Invalid argument')"
              },
              "type": {
                "error": "OSError(22, 'Invalid argument')"
              }
            },
            {
              "index": "321",
              "value": "0000:0000:0000:0000:0000:0000:0000:0000",
              "ndev": {
                "error": "OSError(22, 'Invalid argument')"
              },
              "type": {
                "error": "OSError(22, 'Invalid argument')"
              }
            },
            {
              "index": "897",
              "value": "0000:0000:0000:0000:0000:0000:0000:0000",
              "ndev": {
                "error": "OSError(22, 'Invalid argument')"
              },
              "type": {
                "error": "OSError(22, 'Invalid argument')"
              }
            },
            {
              "index": "265",
              "value": "0000:0000:0000:0000:0000:0000:0000:0000",
              "ndev": {
                "error": "OSError(22, 'Invalid argument')"
              },
              "type": {
                "error": "OSError(22, 'Invalid argument')"
              }
            },
            {
              "index": "830",
              "value": "0000:0000:0000:0000:0000:0000:0000:0000",
              "ndev": {
                "error": "OSError(22, 'Invalid argument')"
              },
              "type": {
                "error": "OSError(22, 'Invalid argument')"
              }
            },
            {
              "index": "774",
              "value": "0000:0000:0000:0000:0000:0000:0000:0000",
              "ndev": {
                "error": "OSError(22, 'Invalid argument')"
              },
              "type": {
                "error": "OSError(22, 'Invalid argument')"
              }
            },
            {
              "index": "142",
              "value": "0000:0000:0000:0000:0000:0000:0000:0000",
              "ndev": {
                "error": "OSError(22, 'Invalid argument')"
              },
              "type": {
                "error": "OSError(22, 'Invalid argument')"
              }
            },
            {
              "index": "708",
              "value": "0000:0000:0000:0000:0000:0000:0000:0000",
              "ndev": {
                "error": "OSError(22, 'Invalid argument')"
              },
              "type": {
                "error": "OSError(22, 'Invalid argument')"
              }
            },
            {
              "index": "1010",
              "value": "0000:0000:0000:0000:0000:0000:0000:0000",
              "ndev": {
                "error": "OSError(22, 'Invalid argument')"
              },
              "type": {
                "error": "OSError(22, 'Invalid argument')"
              }
            },
            {
              "index": "651",
              "value": "0000:0000:0000:0000:0000:0000:0000:0000",
              "ndev": {
                "error": "OSError(22, 'Invalid argument')"
              },
              "type": {
                "error": "OSError(22, 'Invalid argument')"
              }
            },
            {
              "index": "595",
              "value": "0000:0000:0000:0000:0000:0000:0000:0000",
              "ndev": {
                "error": "OSError(22, 'Invalid argument')"
              },
              "type": {
                "error": "OSError(22, 'Invalid argument')"
              }
            },
            {
              "index": "529",
              "value": "0000:0000:0000:0000:0000:0000:0000:0000",
              "ndev": {
                "error": "OSError(22, 'Invalid argument')"
              },
              "type": {
                "error": "OSError(22, 'Invalid argument')"
              }
            },
            {
              "index": "23",
              "value": "0000:0000:0000:0000:0000:0000:0000:0000",
              "ndev": {
                "error": "OSError(22, 'Invalid argument')"
              },
              "type": {
                "error": "OSError(22, 'Invalid argument')"
              }
            },
            {
              "index": "472",
              "value": "0000:0000:0000:0000:0000:0000:0000:0000",
              "ndev": {
                "error": "OSError(22, 'Invalid argument')"
              },
              "type": {
                "error": "OSError(22, 'Invalid argument')"
              }
            },
            {
              "index": "406",
              "value": "0000:0000:0000:0000:0000:0000:0000:0000",
              "ndev": {
                "error": "OSError(22, 'Invalid argument')"
              },
              "type": {
                "error": "OSError(22, 'Invalid argument')"
              }
            },
            {
              "index": "981",
              "value": "0000:0000:0000:0000:0000:0000:0000:0000",
              "ndev": {
                "error": "OSError(22, 'Invalid argument')"
              },
              "type": {
                "error": "OSError(22, 'Invalid argument')"
              }
            },
            {
              "index": "915",
              "value": "0000:0000:0000:0000:0000:0000:0000:0000",
              "ndev": {
                "error": "OSError(22, 'Invalid argument')"
              },
              "type": {
                "error": "OSError(22, 'Invalid argument')"
              }
            },
            {
              "index": "293",
              "value": "0000:0000:0000:0000:0000:0000:0000:0000",
              "ndev": {
                "error": "OSError(22, 'Invalid argument')"
              },
              "type": {
                "error": "OSError(22, 'Invalid argument')"
              }
            },
            {
              "index": "859",
              "value": "0000:0000:0000:0000:0000:0000:0000:0000",
              "ndev": {
                "error": "OSError(22, 'Invalid argument')"
              },
              "type": {
                "error": "OSError(22, 'Invalid argument')"
              }
            },
            {
              "index": "227",
              "value": "0000:0000:0000:0000:0000:0000:0000:0000",
              "ndev": {
                "error": "OSError(22, 'Invalid argument')"
              },
              "type": {
                "error": "OSError(22, 'Invalid argument')"
              }
            },
            {
              "index": "170",
              "value": "0000:0000:0000:0000:0000:0000:0000:0000",
              "ndev": {
                "error": "OSError(22, 'Invalid argument')"
              },
              "type": {
                "error": "OSError(22, 'Invalid argument')"
              }
            },
            {
              "index": "736",
              "value": "0000:0000:0000:0000:0000:0000:0000:0000",
              "ndev": {
                "error": "OSError(22, 'Invalid argument')"
              },
              "type": {
                "error": "OSError(22, 'Invalid argument')"
              }
            },
            {
              "index": "104",
              "value": "0000:0000:0000:0000:0000:0000:0000:0000",
              "ndev": {
                "error": "OSError(22, 'Invalid argument')"
              },
              "type": {
                "error": "OSError(22, 'Invalid argument')"
              }
            },
            {
              "index": "613",
              "value": "0000:0000:0000:0000:0000:0000:0000:0000",
              "ndev": {
                "error": "OSError(22, 'Invalid argument')"
              },
              "type": {
                "error": "OSError(22, 'Invalid argument')"
              }
            },
            {
              "index": "557",
              "value": "0000:0000:0000:0000:0000:0000:0000:0000",
              "ndev": {
                "error": "OSError(22, 'Invalid argument')"
              },
              "type": {
                "error": "OSError(22, 'Invalid argument')"
              }
            },
            {
              "index": "51",
              "value": "0000:0000:0000:0000:0000:0000:0000:0000",
              "ndev": {
                "error": "OSError(22, 'Invalid argument')"
              },
              "type": {
                "error": "OSError(22, 'Invalid argument')"
              }
            },
            {
              "index": "434",
              "value": "0000:0000:0000:0000:0000:0000:0000:0000",
              "ndev": {
                "error": "OSError(22, 'Invalid argument')"
              },
              "type": {
                "error": "OSError(22, 'Invalid argument')"
              }
            },
            {
              "index": "378",
              "value": "0000:0000:0000:0000:0000:0000:0000:0000",
              "ndev": {
                "error": "OSError(22, 'Invalid argument')"
              },
              "type": {
                "error": "OSError(22, 'Invalid argument')"
              }
            },
            {
              "index": "943",
              "value": "0000:0000:0000:0000:0000:0000:0000:0000",
              "ndev": {
                "error": "OSError(22, 'Invalid argument')"
              },
              "type": {
                "error": "OSError(22, 'Invalid argument')"
              }
            },
            {
              "index": "311",
              "value": "0000:0000:0000:0000:0000:0000:0000:0000",
              "ndev": {
                "error": "OSError(22, 'Invalid argument')"
              },
              "type": {
                "error": "OSError(22, 'Invalid argument')"
              }
            },
            {
              "index": "887",
              "value": "0000:0000:0000:0000:0000:0000:0000:0000",
              "ndev": {
                "error": "OSError(22, 'Invalid argument')"
              },
              "type": {
                "error": "OSError(22, 'Invalid argument')"
              }
            },
            {
              "index": "255",
              "value": "0000:0000:0000:0000:0000:0000:0000:0000",
              "ndev": {
                "error": "OSError(22, 'Invalid argument')"
              },
              "type": {
                "error": "OSError(22, 'Invalid argument')"
              }
            },
            {
              "index": "820",
              "value": "0000:0000:0000:0000:0000:0000:0000:0000",
              "ndev": {
                "error": "OSError(22, 'Invalid argument')"
              },
              "type": {
                "error": "OSError(22, 'Invalid argument')"
              }
            },
            {
              "index": "199",
              "value": "0000:0000:0000:0000:0000:0000:0000:0000",
              "ndev": {
                "error": "OSError(22, 'Invalid argument')"
              },
              "type": {
                "error": "OSError(22, 'Invalid argument')"
              }
            },
            {
              "index": "764",
              "value": "0000:0000:0000:0000:0000:0000:0000:0000",
              "ndev": {
                "error": "OSError(22, 'Invalid argument')"
              },
              "type": {
                "error": "OSError(22, 'Invalid argument')"
              }
            },
            {
              "index": "132",
              "value": "0000:0000:0000:0000:0000:0000:0000:0000",
              "ndev": {
                "error": "OSError(22, 'Invalid argument')"
              },
              "type": {
                "error": "OSError(22, 'Invalid argument')"
              }
            },
            {
              "index": "1000",
              "value": "0000:0000:0000:0000:0000:0000:0000:0000",
              "ndev": {
                "error": "OSError(22, 'Invalid argument')"
              },
              "type": {
                "error": "OSError(22, 'Invalid argument')"
              }
            },
            {
              "index": "641",
              "value": "0000:0000:0000:0000:0000:0000:0000:0000",
              "ndev": {
                "error": "OSError(22, 'Invalid argument')"
              },
              "type": {
                "error": "OSError(22, 'Invalid argument')"
              }
            },
            {
              "index": "585",
              "value": "0000:0000:0000:0000:0000:0000:0000:0000",
              "ndev": {
                "error": "OSError(22, 'Invalid argument')"
              },
              "type": {
                "error": "OSError(22, 'Invalid argument')"
              }
            },
            {
              "index": "519",
              "value": "0000:0000:0000:0000:0000:0000:0000:0000",
              "ndev": {
                "error": "OSError(22, 'Invalid argument')"
              },
              "type": {
                "error": "OSError(22, 'Invalid argument')"
              }
            },
            {
              "index": "13",
              "value": "0000:0000:0000:0000:0000:0000:0000:0000",
              "ndev": {
                "error": "OSError(22, 'Invalid argument')"
              },
              "type": {
                "error": "OSError(22, 'Invalid argument')"
              }
            },
            {
              "index": "462",
              "value": "0000:0000:0000:0000:0000:0000:0000:0000",
              "ndev": {
                "error": "OSError(22, 'Invalid argument')"
              },
              "type": {
                "error": "OSError(22, 'Invalid argument')"
              }
            },
            {
              "index": "971",
              "value": "0000:0000:0000:0000:0000:0000:0000:0000",
              "ndev": {
                "error": "OSError(22, 'Invalid argument')"
              },
              "type": {
                "error": "OSError(22, 'Invalid argument')"
              }
            },
            {
              "index": "905",
              "value": "0000:0000:0000:0000:0000:0000:0000:0000",
              "ndev": {
                "error": "OSError(22, 'Invalid argument')"
              },
              "type": {
                "error": "OSError(22, 'Invalid argument')"
              }
            },
            {
              "index": "283",
              "value": "0000:0000:0000:0000:0000:0000:0000:0000",
              "ndev": {
                "error": "OSError(22, 'Invalid argument')"
              },
              "type": {
                "error": "OSError(22, 'Invalid argument')"
              }
            },
            {
              "index": "849",
              "value": "0000:0000:0000:0000:0000:0000:0000:0000",
              "ndev": {
                "error": "OSError(22, 'Invalid argument')"
              },
              "type": {
                "error": "OSError(22, 'Invalid argument')"
              }
            },
            {
              "index": "217",
              "value": "0000:0000:0000:0000:0000:0000:0000:0000",
              "ndev": {
                "error": "OSError(22, 'Invalid argument')"
              },
              "type": {
                "error": "OSError(22, 'Invalid argument')"
              }
            },
            {
              "index": "792",
              "value": "0000:0000:0000:0000:0000:0000:0000:0000",
              "ndev": {
                "error": "OSError(22, 'Invalid argument')"
              },
              "type": {
                "error": "OSError(22, 'Invalid argument')"
              }
            },
            {
              "index": "160",
              "value": "0000:0000:0000:0000:0000:0000:0000:0000",
              "ndev": {
                "error": "OSError(22, 'Invalid argument')"
              },
              "type": {
                "error": "OSError(22, 'Invalid argument')"
              }
            },
            {
              "index": "726",
              "value": "0000:0000:0000:0000:0000:0000:0000:0000",
              "ndev": {
                "error": "OSError(22, 'Invalid argument')"
              },
              "type": {
                "error": "OSError(22, 'Invalid argument')"
              }
            },
            {
              "index": "603",
              "value": "0000:0000:0000:0000:0000:0000:0000:0000",
              "ndev": {
                "error": "OSError(22, 'Invalid argument')"
              },
              "type": {
                "error": "OSError(22, 'Invalid argument')"
              }
            },
            {
              "index": "547",
              "value": "0000:0000:0000:0000:0000:0000:0000:0000",
              "ndev": {
                "error": "OSError(22, 'Invalid argument')"
              },
              "type": {
                "error": "OSError(22, 'Invalid argument')"
              }
            },
            {
              "index": "41",
              "value": "0000:0000:0000:0000:0000:0000:0000:0000",
              "ndev": {
                "error": "OSError(22, 'Invalid argument')"
              },
              "type": {
                "error": "OSError(22, 'Invalid argument')"
              }
            },
            {
              "index": "490",
              "value": "0000:0000:0000:0000:0000:0000:0000:0000",
              "ndev": {
                "error": "OSError(22, 'Invalid argument')"
              },
              "type": {
                "error": "OSError(22, 'Invalid argument')"
              }
            },
            {
              "index": "424",
              "value": "0000:0000:0000:0000:0000:0000:0000:0000",
              "ndev": {
                "error": "OSError(22, 'Invalid argument')"
              },
              "type": {
                "error": "OSError(22, 'Invalid argument')"
              }
            },
            {
              "index": "368",
              "value": "0000:0000:0000:0000:0000:0000:0000:0000",
              "ndev": {
                "error": "OSError(22, 'Invalid argument')"
              },
              "type": {
                "error": "OSError(22, 'Invalid argument')"
              }
            },
            {
              "index": "933",
              "value": "0000:0000:0000:0000:0000:0000:0000:0000",
              "ndev": {
                "error": "OSError(22, 'Invalid argument')"
              },
              "type": {
                "error": "OSError(22, 'Invalid argument')"
              }
            },
            {
              "index": "301",
              "value": "0000:0000:0000:0000:0000:0000:0000:0000",
              "ndev": {
                "error": "OSError(22, 'Invalid argument')"
              },
              "type": {
                "error": "OSError(22, 'Invalid argument')"
              }
            },
            {
              "index": "877",
              "value": "0000:0000:0000:0000:0000:0000:0000:0000",
              "ndev": {
                "error": "OSError(22, 'Invalid argument')"
              },
              "type": {
                "error": "OSError(22, 'Invalid argument')"
              }
            },
            {
              "index": "245",
              "value": "0000:0000:0000:0000:0000:0000:0000:0000",
              "ndev": {
                "error": "OSError(22, 'Invalid argument')"
              },
              "type": {
                "error": "OSError(22, 'Invalid argument')"
              }
            },
            {
              "index": "810",
              "value": "0000:0000:0000:0000:0000:0000:0000:0000",
              "ndev": {
                "error": "OSError(22, 'Invalid argument')"
              },
              "type": {
                "error": "OSError(22, 'Invalid argument')"
              }
            },
            {
              "index": "189",
              "value": "0000:0000:0000:0000:0000:0000:0000:0000",
              "ndev": {
                "error": "OSError(22, 'Invalid argument')"
              },
              "type": {
                "error": "OSError(22, 'Invalid argument')"
              }
            },
            {
              "index": "754",
              "value": "0000:0000:0000:0000:0000:0000:0000:0000",
              "ndev": {
                "error": "OSError(22, 'Invalid argument')"
              },
              "type": {
                "error": "OSError(22, 'Invalid argument')"
              }
            },
            {
              "index": "122",
              "value": "0000:0000:0000:0000:0000:0000:0000:0000",
              "ndev": {
                "error": "OSError(22, 'Invalid argument')"
              },
              "type": {
                "error": "OSError(22, 'Invalid argument')"
              }
            },
            {
              "index": "698",
              "value": "0000:0000:0000:0000:0000:0000:0000:0000",
              "ndev": {
                "error": "OSError(22, 'Invalid argument')"
              },
              "type": {
                "error": "OSError(22, 'Invalid argument')"
              }
            },
            {
              "index": "631",
              "value": "0000:0000:0000:0000:0000:0000:0000:0000",
              "ndev": {
                "error": "OSError(22, 'Invalid argument')"
              },
              "type": {
                "error": "OSError(22, 'Invalid argument')"
              }
            },
            {
              "index": "575",
              "value": "0000:0000:0000:0000:0000:0000:0000:0000",
              "ndev": {
                "error": "OSError(22, 'Invalid argument')"
              },
              "type": {
                "error": "OSError(22, 'Invalid argument')"
              }
            },
            {
              "index": "509",
              "value": "0000:0000:0000:0000:0000:0000:0000:0000",
              "ndev": {
                "error": "OSError(22, 'Invalid argument')"
              },
              "type": {
                "error": "OSError(22, 'Invalid argument')"
              }
            },
            {
              "index": "452",
              "value": "0000:0000:0000:0000:0000:0000:0000:0000",
              "ndev": {
                "error": "OSError(22, 'Invalid argument')"
              },
              "type": {
                "error": "OSError(22, 'Invalid argument')"
              }
            },
            {
              "index": "396",
              "value": "0000:0000:0000:0000:0000:0000:0000:0000",
              "ndev": {
                "error": "OSError(22, 'Invalid argument')"
              },
              "type": {
                "error": "OSError(22, 'Invalid argument')"
              }
            },
            {
              "index": "961",
              "value": "0000:0000:0000:0000:0000:0000:0000:0000",
              "ndev": {
                "error": "OSError(22, 'Invalid argument')"
              },
              "type": {
                "error": "OSError(22, 'Invalid argument')"
              }
            },
            {
              "index": "273",
              "value": "0000:0000:0000:0000:0000:0000:0000:0000",
              "ndev": {
                "error": "OSError(22, 'Invalid argument')"
              },
              "type": {
                "error": "OSError(22, 'Invalid argument')"
              }
            },
            {
              "index": "839",
              "value": "0000:0000:0000:0000:0000:0000:0000:0000",
              "ndev": {
                "error": "OSError(22, 'Invalid argument')"
              },
              "type": {
                "error": "OSError(22, 'Invalid argument')"
              }
            },
            {
              "index": "207",
              "value": "0000:0000:0000:0000:0000:0000:0000:0000",
              "ndev": {
                "error": "OSError(22, 'Invalid argument')"
              },
              "type": {
                "error": "OSError(22, 'Invalid argument')"
              }
            },
            {
              "index": "782",
              "value": "0000:0000:0000:0000:0000:0000:0000:0000",
              "ndev": {
                "error": "OSError(22, 'Invalid argument')"
              },
              "type": {
                "error": "OSError(22, 'Invalid argument')"
              }
            },
            {
              "index": "150",
              "value": "0000:0000:0000:0000:0000:0000:0000:0000",
              "ndev": {
                "error": "OSError(22, 'Invalid argument')"
              },
              "type": {
                "error": "OSError(22, 'Invalid argument')"
              }
            },
            {
              "index": "716",
              "value": "0000:0000:0000:0000:0000:0000:0000:0000",
              "ndev": {
                "error": "OSError(22, 'Invalid argument')"
              },
              "type": {
                "error": "OSError(22, 'Invalid argument')"
              }
            },
            {
              "index": "1019",
              "value": "0000:0000:0000:0000:0000:0000:0000:0000",
              "ndev": {
                "error": "OSError(22, 'Invalid argument')"
              },
              "type": {
                "error": "OSError(22, 'Invalid argument')"
              }
            },
            {
              "index": "98",
              "value": "0000:0000:0000:0000:0000:0000:0000:0000",
              "ndev": {
                "error": "OSError(22, 'Invalid argument')"
              },
              "type": {
                "error": "OSError(22, 'Invalid argument')"
              }
            },
            {
              "index": "537",
              "value": "0000:0000:0000:0000:0000:0000:0000:0000",
              "ndev": {
                "error": "OSError(22, 'Invalid argument')"
              },
              "type": {
                "error": "OSError(22, 'Invalid argument')"
              }
            },
            {
              "index": "31",
              "value": "0000:0000:0000:0000:0000:0000:0000:0000",
              "ndev": {
                "error": "OSError(22, 'Invalid argument')"
              },
              "type": {
                "error": "OSError(22, 'Invalid argument')"
              }
            },
            {
              "index": "480",
              "value": "0000:0000:0000:0000:0000:0000:0000:0000",
              "ndev": {
                "error": "OSError(22, 'Invalid argument')"
              },
              "type": {
                "error": "OSError(22, 'Invalid argument')"
              }
            },
            {
              "index": "414",
              "value": "0000:0000:0000:0000:0000:0000:0000:0000",
              "ndev": {
                "error": "OSError(22, 'Invalid argument')"
              },
              "type": {
                "error": "OSError(22, 'Invalid argument')"
              }
            },
            {
              "index": "358",
              "value": "0000:0000:0000:0000:0000:0000:0000:0000",
              "ndev": {
                "error": "OSError(22, 'Invalid argument')"
              },
              "type": {
                "error": "OSError(22, 'Invalid argument')"
              }
            },
            {
              "index": "923",
              "value": "0000:0000:0000:0000:0000:0000:0000:0000",
              "ndev": {
                "error": "OSError(22, 'Invalid argument')"
              },
              "type": {
                "error": "OSError(22, 'Invalid argument')"
              }
            },
            {
              "index": "3",
              "value": "0000:0000:0000:0000:0000:0000:0000:0000",
              "ndev": {
                "error": "OSError(22, 'Invalid argument')"
              },
              "type": {
                "error": "OSError(22, 'Invalid argument')"
              }
            },
            {
              "index": "867",
              "value": "0000:0000:0000:0000:0000:0000:0000:0000",
              "ndev": {
                "error": "OSError(22, 'Invalid argument')"
              },
              "type": {
                "error": "OSError(22, 'Invalid argument')"
              }
            },
            {
              "index": "235",
              "value": "0000:0000:0000:0000:0000:0000:0000:0000",
              "ndev": {
                "error": "OSError(22, 'Invalid argument')"
              },
              "type": {
                "error": "OSError(22, 'Invalid argument')"
              }
            },
            {
              "index": "800",
              "value": "0000:0000:0000:0000:0000:0000:0000:0000",
              "ndev": {
                "error": "OSError(22, 'Invalid argument')"
              },
              "type": {
                "error": "OSError(22, 'Invalid argument')"
              }
            },
            {
              "index": "179",
              "value": "0000:0000:0000:0000:0000:0000:0000:0000",
              "ndev": {
                "error": "OSError(22, 'Invalid argument')"
              },
              "type": {
                "error": "OSError(22, 'Invalid argument')"
              }
            },
            {
              "index": "744",
              "value": "0000:0000:0000:0000:0000:0000:0000:0000",
              "ndev": {
                "error": "OSError(22, 'Invalid argument')"
              },
              "type": {
                "error": "OSError(22, 'Invalid argument')"
              }
            },
            {
              "index": "112",
              "value": "0000:0000:0000:0000:0000:0000:0000:0000",
              "ndev": {
                "error": "OSError(22, 'Invalid argument')"
              },
              "type": {
                "error": "OSError(22, 'Invalid argument')"
              }
            },
            {
              "index": "688",
              "value": "0000:0000:0000:0000:0000:0000:0000:0000",
              "ndev": {
                "error": "OSError(22, 'Invalid argument')"
              },
              "type": {
                "error": "OSError(22, 'Invalid argument')"
              }
            },
            {
              "index": "621",
              "value": "0000:0000:0000:0000:0000:0000:0000:0000",
              "ndev": {
                "error": "OSError(22, 'Invalid argument')"
              },
              "type": {
                "error": "OSError(22, 'Invalid argument')"
              }
            },
            {
              "index": "565",
              "value": "0000:0000:0000:0000:0000:0000:0000:0000",
              "ndev": {
                "error": "OSError(22, 'Invalid argument')"
              },
              "type": {
                "error": "OSError(22, 'Invalid argument')"
              }
            },
            {
              "index": "442",
              "value": "0000:0000:0000:0000:0000:0000:0000:0000",
              "ndev": {
                "error": "OSError(22, 'Invalid argument')"
              },
              "type": {
                "error": "OSError(22, 'Invalid argument')"
              }
            },
            {
              "index": "386",
              "value": "0000:0000:0000:0000:0000:0000:0000:0000",
              "ndev": {
                "error": "OSError(22, 'Invalid argument')"
              },
              "type": {
                "error": "OSError(22, 'Invalid argument')"
              }
            },
            {
              "index": "951",
              "value": "0000:0000:0000:0000:0000:0000:0000:0000",
              "ndev": {
                "error": "OSError(22, 'Invalid argument')"
              },
              "type": {
                "error": "OSError(22, 'Invalid argument')"
              }
            },
            {
              "index": "895",
              "value": "0000:0000:0000:0000:0000:0000:0000:0000",
              "ndev": {
                "error": "OSError(22, 'Invalid argument')"
              },
              "type": {
                "error": "OSError(22, 'Invalid argument')"
              }
            },
            {
              "index": "263",
              "value": "0000:0000:0000:0000:0000:0000:0000:0000",
              "ndev": {
                "error": "OSError(22, 'Invalid argument')"
              },
              "type": {
                "error": "OSError(22, 'Invalid argument')"
              }
            },
            {
              "index": "829",
              "value": "0000:0000:0000:0000:0000:0000:0000:0000",
              "ndev": {
                "error": "OSError(22, 'Invalid argument')"
              },
              "type": {
                "error": "OSError(22, 'Invalid argument')"
              }
            },
            {
              "index": "772",
              "value": "0000:0000:0000:0000:0000:0000:0000:0000",
              "ndev": {
                "error": "OSError(22, 'Invalid argument')"
              },
              "type": {
                "error": "OSError(22, 'Invalid argument')"
              }
            },
            {
              "index": "140",
              "value": "0000:0000:0000:0000:0000:0000:0000:0000",
              "ndev": {
                "error": "OSError(22, 'Invalid argument')"
              },
              "type": {
                "error": "OSError(22, 'Invalid argument')"
              }
            },
            {
              "index": "706",
              "value": "0000:0000:0000:0000:0000:0000:0000:0000",
              "ndev": {
                "error": "OSError(22, 'Invalid argument')"
              },
              "type": {
                "error": "OSError(22, 'Invalid argument')"
              }
            },
            {
              "index": "1009",
              "value": "0000:0000:0000:0000:0000:0000:0000:0000",
              "ndev": {
                "error": "OSError(22, 'Invalid argument')"
              },
              "type": {
                "error": "OSError(22, 'Invalid argument')"
              }
            },
            {
              "index": "593",
              "value": "0000:0000:0000:0000:0000:0000:0000:0000",
              "ndev": {
                "error": "OSError(22, 'Invalid argument')"
              },
              "type": {
                "error": "OSError(22, 'Invalid argument')"
              }
            },
            {
              "index": "88",
              "value": "0000:0000:0000:0000:0000:0000:0000:0000",
              "ndev": {
                "error": "OSError(22, 'Invalid argument')"
              },
              "type": {
                "error": "OSError(22, 'Invalid argument')"
              }
            },
            {
              "index": "527",
              "value": "0000:0000:0000:0000:0000:0000:0000:0000",
              "ndev": {
                "error": "OSError(22, 'Invalid argument')"
              },
              "type": {
                "error": "OSError(22, 'Invalid argument')"
              }
            },
            {
              "index": "21",
              "value": "0000:0000:0000:0000:0000:0000:0000:0000",
              "ndev": {
                "error": "OSError(22, 'Invalid argument')"
              },
              "type": {
                "error": "OSError(22, 'Invalid argument')"
              }
            },
            {
              "index": "470",
              "value": "0000:0000:0000:0000:0000:0000:0000:0000",
              "ndev": {
                "error": "OSError(22, 'Invalid argument')"
              },
              "type": {
                "error": "OSError(22, 'Invalid argument')"
              }
            },
            {
              "index": "404",
              "value": "0000:0000:0000:0000:0000:0000:0000:0000",
              "ndev": {
                "error": "OSError(22, 'Invalid argument')"
              },
              "type": {
                "error": "OSError(22, 'Invalid argument')"
              }
            },
            {
              "index": "348",
              "value": "0000:0000:0000:0000:0000:0000:0000:0000",
              "ndev": {
                "error": "OSError(22, 'Invalid argument')"
              },
              "type": {
                "error": "OSError(22, 'Invalid argument')"
              }
            },
            {
              "index": "913",
              "value": "0000:0000:0000:0000:0000:0000:0000:0000",
              "ndev": {
                "error": "OSError(22, 'Invalid argument')"
              },
              "type": {
                "error": "OSError(22, 'Invalid argument')"
              }
            },
            {
              "index": "291",
              "value": "0000:0000:0000:0000:0000:0000:0000:0000",
              "ndev": {
                "error": "OSError(22, 'Invalid argument')"
              },
              "type": {
                "error": "OSError(22, 'Invalid argument')"
              }
            },
            {
              "index": "857",
              "value": "0000:0000:0000:0000:0000:0000:0000:0000",
              "ndev": {
                "error": "OSError(22, 'Invalid argument')"
              },
              "type": {
                "error": "OSError(22, 'Invalid argument')"
              }
            },
            {
              "index": "225",
              "value": "0000:0000:0000:0000:0000:0000:0000:0000",
              "ndev": {
                "error": "OSError(22, 'Invalid argument')"
              },
              "type": {
                "error": "OSError(22, 'Invalid argument')"
              }
            },
            {
              "index": "169",
              "value": "0000:0000:0000:0000:0000:0000:0000:0000",
              "ndev": {
                "error": "OSError(22, 'Invalid argument')"
              },
              "type": {
                "error": "OSError(22, 'Invalid argument')"
              }
            },
            {
              "index": "734",
              "value": "0000:0000:0000:0000:0000:0000:0000:0000",
              "ndev": {
                "error": "OSError(22, 'Invalid argument')"
              },
              "type": {
                "error": "OSError(22, 'Invalid argument')"
              }
            },
            {
              "index": "102",
              "value": "0000:0000:0000:0000:0000:0000:0000:0000",
              "ndev": {
                "error": "OSError(22, 'Invalid argument')"
              },
              "type": {
                "error": "OSError(22, 'Invalid argument')"
              }
            },
            {
              "index": "678",
              "value": "0000:0000:0000:0000:0000:0000:0000:0000",
              "ndev": {
                "error": "OSError(22, 'Invalid argument')"
              },
              "type": {
                "error": "OSError(22, 'Invalid argument')"
              }
            },
            {
              "index": "611",
              "value": "0000:0000:0000:0000:0000:0000:0000:0000",
              "ndev": {
                "error": "OSError(22, 'Invalid argument')"
              },
              "type": {
                "error": "OSError(22, 'Invalid argument')"
              }
            },
            {
              "index": "555",
              "value": "0000:0000:0000:0000:0000:0000:0000:0000",
              "ndev": {
                "error": "OSError(22, 'Invalid argument')"
              },
              "type": {
                "error": "OSError(22, 'Invalid argument')"
              }
            },
            {
              "index": "499",
              "value": "0000:0000:0000:0000:0000:0000:0000:0000",
              "ndev": {
                "error": "OSError(22, 'Invalid argument')"
              },
              "type": {
                "error": "OSError(22, 'Invalid argument')"
              }
            },
            {
              "index": "432",
              "value": "0000:0000:0000:0000:0000:0000:0000:0000",
              "ndev": {
                "error": "OSError(22, 'Invalid argument')"
              },
              "type": {
                "error": "OSError(22, 'Invalid argument')"
              }
            },
            {
              "index": "376",
              "value": "0000:0000:0000:0000:0000:0000:0000:0000",
              "ndev": {
                "error": "OSError(22, 'Invalid argument')"
              },
              "type": {
                "error": "OSError(22, 'Invalid argument')"
              }
            },
            {
              "index": "941",
              "value": "0000:0000:0000:0000:0000:0000:0000:0000",
              "ndev": {
                "error": "OSError(22, 'Invalid argument')"
              },
              "type": {
                "error": "OSError(22, 'Invalid argument')"
              }
            },
            {
              "index": "885",
              "value": "0000:0000:0000:0000:0000:0000:0000:0000",
              "ndev": {
                "error": "OSError(22, 'Invalid argument')"
              },
              "type": {
                "error": "OSError(22, 'Invalid argument')"
              }
            },
            {
              "index": "253",
              "value": "0000:0000:0000:0000:0000:0000:0000:0000",
              "ndev": {
                "error": "OSError(22, 'Invalid argument')"
              },
              "type": {
                "error": "OSError(22, 'Invalid argument')"
              }
            },
            {
              "index": "819",
              "value": "0000:0000:0000:0000:0000:0000:0000:0000",
              "ndev": {
                "error": "OSError(22, 'Invalid argument')"
              },
              "type": {
                "error": "OSError(22, 'Invalid argument')"
              }
            },
            {
              "index": "197",
              "value": "0000:0000:0000:0000:0000:0000:0000:0000",
              "ndev": {
                "error": "OSError(22, 'Invalid argument')"
              },
              "type": {
                "error": "OSError(22, 'Invalid argument')"
              }
            },
            {
              "index": "762",
              "value": "0000:0000:0000:0000:0000:0000:0000:0000",
              "ndev": {
                "error": "OSError(22, 'Invalid argument')"
              },
              "type": {
                "error": "OSError(22, 'Invalid argument')"
              }
            },
            {
              "index": "130",
              "value": "0000:0000:0000:0000:0000:0000:0000:0000",
              "ndev": {
                "error": "OSError(22, 'Invalid argument')"
              },
              "type": {
                "error": "OSError(22, 'Invalid argument')"
              }
            },
            {
              "index": "583",
              "value": "0000:0000:0000:0000:0000:0000:0000:0000",
              "ndev": {
                "error": "OSError(22, 'Invalid argument')"
              },
              "type": {
                "error": "OSError(22, 'Invalid argument')"
              }
            },
            {
              "index": "78",
              "value": "0000:0000:0000:0000:0000:0000:0000:0000",
              "ndev": {
                "error": "OSError(22, 'Invalid argument')"
              },
              "type": {
                "error": "OSError(22, 'Invalid argument')"
              }
            },
            {
              "index": "517",
              "value": "0000:0000:0000:0000:0000:0000:0000:0000",
              "ndev": {
                "error": "OSError(22, 'Invalid argument')"
              },
              "type": {
                "error": "OSError(22, 'Invalid argument')"
              }
            },
            {
              "index": "11",
              "value": "0000:0000:0000:0000:0000:0000:0000:0000",
              "ndev": {
                "error": "OSError(22, 'Invalid argument')"
              },
              "type": {
                "error": "OSError(22, 'Invalid argument')"
              }
            },
            {
              "index": "460",
              "value": "0000:0000:0000:0000:0000:0000:0000:0000",
              "ndev": {
                "error": "OSError(22, 'Invalid argument')"
              },
              "type": {
                "error": "OSError(22, 'Invalid argument')"
              }
            },
            {
              "index": "338",
              "value": "0000:0000:0000:0000:0000:0000:0000:0000",
              "ndev": {
                "error": "OSError(22, 'Invalid argument')"
              },
              "type": {
                "error": "OSError(22, 'Invalid argument')"
              }
            },
            {
              "index": "903",
              "value": "0000:0000:0000:0000:0000:0000:0000:0000",
              "ndev": {
                "error": "OSError(22, 'Invalid argument')"
              },
              "type": {
                "error": "OSError(22, 'Invalid argument')"
              }
            },
            {
              "index": "281",
              "value": "0000:0000:0000:0000:0000:0000:0000:0000",
              "ndev": {
                "error": "OSError(22, 'Invalid argument')"
              },
              "type": {
                "error": "OSError(22, 'Invalid argument')"
              }
            },
            {
              "index": "847",
              "value": "0000:0000:0000:0000:0000:0000:0000:0000",
              "ndev": {
                "error": "OSError(22, 'Invalid argument')"
              },
              "type": {
                "error": "OSError(22, 'Invalid argument')"
              }
            },
            {
              "index": "215",
              "value": "0000:0000:0000:0000:0000:0000:0000:0000",
              "ndev": {
                "error": "OSError(22, 'Invalid argument')"
              },
              "type": {
                "error": "OSError(22, 'Invalid argument')"
              }
            },
            {
              "index": "790",
              "value": "0000:0000:0000:0000:0000:0000:0000:0000",
              "ndev": {
                "error": "OSError(22, 'Invalid argument')"
              },
              "type": {
                "error": "OSError(22, 'Invalid argument')"
              }
            },
            {
              "index": "159",
              "value": "0000:0000:0000:0000:0000:0000:0000:0000",
              "ndev": {
                "error": "OSError(22, 'Invalid argument')"
              },
              "type": {
                "error": "OSError(22, 'Invalid argument')"
              }
            },
            {
              "index": "724",
              "value": "0000:0000:0000:0000:0000:0000:0000:0000",
              "ndev": {
                "error": "OSError(22, 'Invalid argument')"
              },
              "type": {
                "error": "OSError(22, 'Invalid argument')"
              }
            },
            {
              "index": "668",
              "value": "0000:0000:0000:0000:0000:0000:0000:0000",
              "ndev": {
                "error": "OSError(22, 'Invalid argument')"
              },
              "type": {
                "error": "OSError(22, 'Invalid argument')"
              }
            },
            {
              "index": "601",
              "value": "0000:0000:0000:0000:0000:0000:0000:0000",
              "ndev": {
                "error": "OSError(22, 'Invalid argument')"
              },
              "type": {
                "error": "OSError(22, 'Invalid argument')"
              }
            },
            {
              "index": "545",
              "value": "0000:0000:0000:0000:0000:0000:0000:0000",
              "ndev": {
                "error": "OSError(22, 'Invalid argument')"
              },
              "type": {
                "error": "OSError(22, 'Invalid argument')"
              }
            },
            {
              "index": "489",
              "value": "0000:0000:0000:0000:0000:0000:0000:0000",
              "ndev": {
                "error": "OSError(22, 'Invalid argument')"
              },
              "type": {
                "error": "OSError(22, 'Invalid argument')"
              }
            },
            {
              "index": "422",
              "value": "0000:0000:0000:0000:0000:0000:0000:0000",
              "ndev": {
                "error": "OSError(22, 'Invalid argument')"
              },
              "type": {
                "error": "OSError(22, 'Invalid argument')"
              }
            },
            {
              "index": "998",
              "value": "0000:0000:0000:0000:0000:0000:0000:0000",
              "ndev": {
                "error": "OSError(22, 'Invalid argument')"
              },
              "type": {
                "error": "OSError(22, 'Invalid argument')"
              }
            },
            {
              "index": "366",
              "value": "0000:0000:0000:0000:0000:0000:0000:0000",
              "ndev": {
                "error": "OSError(22, 'Invalid argument')"
              },
              "type": {
                "error": "OSError(22, 'Invalid argument')"
              }
            },
            {
              "index": "931",
              "value": "0000:0000:0000:0000:0000:0000:0000:0000",
              "ndev": {
                "error": "OSError(22, 'Invalid argument')"
              },
              "type": {
                "error": "OSError(22, 'Invalid argument')"
              }
            },
            {
              "index": "875",
              "value": "0000:0000:0000:0000:0000:0000:0000:0000",
              "ndev": {
                "error": "OSError(22, 'Invalid argument')"
              },
              "type": {
                "error": "OSError(22, 'Invalid argument')"
              }
            },
            {
              "index": "243",
              "value": "0000:0000:0000:0000:0000:0000:0000:0000",
              "ndev": {
                "error": "OSError(22, 'Invalid argument')"
              },
              "type": {
                "error": "OSError(22, 'Invalid argument')"
              }
            },
            {
              "index": "809",
              "value": "0000:0000:0000:0000:0000:0000:0000:0000",
              "ndev": {
                "error": "OSError(22, 'Invalid argument')"
              },
              "type": {
                "error": "OSError(22, 'Invalid argument')"
              }
            },
            {
              "index": "187",
              "value": "0000:0000:0000:0000:0000:0000:0000:0000",
              "ndev": {
                "error": "OSError(22, 'Invalid argument')"
              },
              "type": {
                "error": "OSError(22, 'Invalid argument')"
              }
            },
            {
              "index": "752",
              "value": "0000:0000:0000:0000:0000:0000:0000:0000",
              "ndev": {
                "error": "OSError(22, 'Invalid argument')"
              },
              "type": {
                "error": "OSError(22, 'Invalid argument')"
              }
            },
            {
              "index": "120",
              "value": "0000:0000:0000:0000:0000:0000:0000:0000",
              "ndev": {
                "error": "OSError(22, 'Invalid argument')"
              },
              "type": {
                "error": "OSError(22, 'Invalid argument')"
              }
            },
            {
              "index": "696",
              "value": "0000:0000:0000:0000:0000:0000:0000:0000",
              "ndev": {
                "error": "OSError(22, 'Invalid argument')"
              },
              "type": {
                "error": "OSError(22, 'Invalid argument')"
              }
            },
            {
              "index": "573",
              "value": "0000:0000:0000:0000:0000:0000:0000:0000",
              "ndev": {
                "error": "OSError(22, 'Invalid argument')"
              },
              "type": {
                "error": "OSError(22, 'Invalid argument')"
              }
            },
            {
              "index": "68",
              "value": "0000:0000:0000:0000:0000:0000:0000:0000",
              "ndev": {
                "error": "OSError(22, 'Invalid argument')"
              },
              "type": {
                "error": "OSError(22, 'Invalid argument')"
              }
            },
            {
              "index": "507",
              "value": "0000:0000:0000:0000:0000:0000:0000:0000",
              "ndev": {
                "error": "OSError(22, 'Invalid argument')"
              },
              "type": {
                "error": "OSError(22, 'Invalid argument')"
              }
            },
            {
              "index": "450",
              "value": "0000:0000:0000:0000:0000:0000:0000:0000",
              "ndev": {
                "error": "OSError(22, 'Invalid argument')"
              },
              "type": {
                "error": "OSError(22, 'Invalid argument')"
              }
            },
            {
              "index": "394",
              "value": "0000:0000:0000:0000:0000:0000:0000:0000",
              "ndev": {
                "error": "OSError(22, 'Invalid argument')"
              },
              "type": {
                "error": "OSError(22, 'Invalid argument')"
              }
            },
            {
              "index": "328",
              "value": "0000:0000:0000:0000:0000:0000:0000:0000",
              "ndev": {
                "error": "OSError(22, 'Invalid argument')"
              },
              "type": {
                "error": "OSError(22, 'Invalid argument')"
              }
            },
            {
              "index": "271",
              "value": "0000:0000:0000:0000:0000:0000:0000:0000",
              "ndev": {
                "error": "OSError(22, 'Invalid argument')"
              },
              "type": {
                "error": "OSError(22, 'Invalid argument')"
              }
            },
            {
              "index": "837",
              "value": "0000:0000:0000:0000:0000:0000:0000:0000",
              "ndev": {
                "error": "OSError(22, 'Invalid argument')"
              },
              "type": {
                "error": "OSError(22, 'Invalid argument')"
              }
            },
            {
              "index": "205",
              "value": "0000:0000:0000:0000:0000:0000:0000:0000",
              "ndev": {
                "error": "OSError(22, 'Invalid argument')"
              },
              "type": {
                "error": "OSError(22, 'Invalid argument')"
              }
            },
            {
              "index": "780",
              "value": "0000:0000:0000:0000:0000:0000:0000:0000",
              "ndev": {
                "error": "OSError(22, 'Invalid argument')"
              },
              "type": {
                "error": "OSError(22, 'Invalid argument')"
              }
            },
            {
              "index": "149",
              "value": "0000:0000:0000:0000:0000:0000:0000:0000",
              "ndev": {
                "error": "OSError(22, 'Invalid argument')"
              },
              "type": {
                "error": "OSError(22, 'Invalid argument')"
              }
            },
            {
              "index": "714",
              "value": "0000:0000:0000:0000:0000:0000:0000:0000",
              "ndev": {
                "error": "OSError(22, 'Invalid argument')"
              },
              "type": {
                "error": "OSError(22, 'Invalid argument')"
              }
            },
            {
              "index": "1017",
              "value": "0000:0000:0000:0000:0000:0000:0000:0000",
              "ndev": {
                "error": "OSError(22, 'Invalid argument')"
              },
              "type": {
                "error": "OSError(22, 'Invalid argument')"
              }
            },
            {
              "index": "658",
              "value": "0000:0000:0000:0000:0000:0000:0000:0000",
              "ndev": {
                "error": "OSError(22, 'Invalid argument')"
              },
              "type": {
                "error": "OSError(22, 'Invalid argument')"
              }
            },
            {
              "index": "96",
              "value": "0000:0000:0000:0000:0000:0000:0000:0000",
              "ndev": {
                "error": "OSError(22, 'Invalid argument')"
              },
              "type": {
                "error": "OSError(22, 'Invalid argument')"
              }
            },
            {
              "index": "535",
              "value": "0000:0000:0000:0000:0000:0000:0000:0000",
              "ndev": {
                "error": "OSError(22, 'Invalid argument')"
              },
              "type": {
                "error": "OSError(22, 'Invalid argument')"
              }
            },
            {
              "index": "479",
              "value": "0000:0000:0000:0000:0000:0000:0000:0000",
              "ndev": {
                "error": "OSError(22, 'Invalid argument')"
              },
              "type": {
                "error": "OSError(22, 'Invalid argument')"
              }
            },
            {
              "index": "412",
              "value": "0000:0000:0000:0000:0000:0000:0000:0000",
              "ndev": {
                "error": "OSError(22, 'Invalid argument')"
              },
              "type": {
                "error": "OSError(22, 'Invalid argument')"
              }
            },
            {
              "index": "988",
              "value": "0000:0000:0000:0000:0000:0000:0000:0000",
              "ndev": {
                "error": "OSError(22, 'Invalid argument')"
              },
              "type": {
                "error": "OSError(22, 'Invalid argument')"
              }
            },
            {
              "index": "356",
              "value": "0000:0000:0000:0000:0000:0000:0000:0000",
              "ndev": {
                "error": "OSError(22, 'Invalid argument')"
              },
              "type": {
                "error": "OSError(22, 'Invalid argument')"
              }
            },
            {
              "index": "921",
              "value": "0000:0000:0000:0000:0000:0000:0000:0000",
              "ndev": {
                "error": "OSError(22, 'Invalid argument')"
              },
              "type": {
                "error": "OSError(22, 'Invalid argument')"
              }
            },
            {
              "index": "1",
              "value": "0000:0000:0000:0000:0000:ffff:c0a8:6d0b",
              "ndev": "eth0",
              "type": "RoCE v2"
            },
            {
              "index": "865",
              "value": "0000:0000:0000:0000:0000:0000:0000:0000",
              "ndev": {
                "error": "OSError(22, 'Invalid argument')"
              },
              "type": {
                "error": "OSError(22, 'Invalid argument')"
              }
            },
            {
              "index": "233",
              "value": "0000:0000:0000:0000:0000:0000:0000:0000",
              "ndev": {
                "error": "OSError(22, 'Invalid argument')"
              },
              "type": {
                "error": "OSError(22, 'Invalid argument')"
              }
            },
            {
              "index": "177",
              "value": "0000:0000:0000:0000:0000:0000:0000:0000",
              "ndev": {
                "error": "OSError(22, 'Invalid argument')"
              },
              "type": {
                "error": "OSError(22, 'Invalid argument')"
              }
            },
            {
              "index": "742",
              "value": "0000:0000:0000:0000:0000:0000:0000:0000",
              "ndev": {
                "error": "OSError(22, 'Invalid argument')"
              },
              "type": {
                "error": "OSError(22, 'Invalid argument')"
              }
            },
            {
              "index": "110",
              "value": "0000:0000:0000:0000:0000:0000:0000:0000",
              "ndev": {
                "error": "OSError(22, 'Invalid argument')"
              },
              "type": {
                "error": "OSError(22, 'Invalid argument')"
              }
            },
            {
              "index": "686",
              "value": "0000:0000:0000:0000:0000:0000:0000:0000",
              "ndev": {
                "error": "OSError(22, 'Invalid argument')"
              },
              "type": {
                "error": "OSError(22, 'Invalid argument')"
              }
            },
            {
              "index": "563",
              "value": "0000:0000:0000:0000:0000:0000:0000:0000",
              "ndev": {
                "error": "OSError(22, 'Invalid argument')"
              },
              "type": {
                "error": "OSError(22, 'Invalid argument')"
              }
            },
            {
              "index": "58",
              "value": "0000:0000:0000:0000:0000:0000:0000:0000",
              "ndev": {
                "error": "OSError(22, 'Invalid argument')"
              },
              "type": {
                "error": "OSError(22, 'Invalid argument')"
              }
            },
            {
              "index": "440",
              "value": "0000:0000:0000:0000:0000:0000:0000:0000",
              "ndev": {
                "error": "OSError(22, 'Invalid argument')"
              },
              "type": {
                "error": "OSError(22, 'Invalid argument')"
              }
            },
            {
              "index": "384",
              "value": "0000:0000:0000:0000:0000:0000:0000:0000",
              "ndev": {
                "error": "OSError(22, 'Invalid argument')"
              },
              "type": {
                "error": "OSError(22, 'Invalid argument')"
              }
            },
            {
              "index": "318",
              "value": "0000:0000:0000:0000:0000:0000:0000:0000",
              "ndev": {
                "error": "OSError(22, 'Invalid argument')"
              },
              "type": {
                "error": "OSError(22, 'Invalid argument')"
              }
            },
            {
              "index": "893",
              "value": "0000:0000:0000:0000:0000:0000:0000:0000",
              "ndev": {
                "error": "OSError(22, 'Invalid argument')"
              },
              "type": {
                "error": "OSError(22, 'Invalid argument')"
              }
            },
            {
              "index": "261",
              "value": "0000:0000:0000:0000:0000:0000:0000:0000",
              "ndev": {
                "error": "OSError(22, 'Invalid argument')"
              },
              "type": {
                "error": "OSError(22, 'Invalid argument')"
              }
            },
            {
              "index": "827",
              "value": "0000:0000:0000:0000:0000:0000:0000:0000",
              "ndev": {
                "error": "OSError(22, 'Invalid argument')"
              },
              "type": {
                "error": "OSError(22, 'Invalid argument')"
              }
            },
            {
              "index": "770",
              "value": "0000:0000:0000:0000:0000:0000:0000:0000",
              "ndev": {
                "error": "OSError(22, 'Invalid argument')"
              },
              "type": {
                "error": "OSError(22, 'Invalid argument')"
              }
            },
            {
              "index": "139",
              "value": "0000:0000:0000:0000:0000:0000:0000:0000",
              "ndev": {
                "error": "OSError(22, 'Invalid argument')"
              },
              "type": {
                "error": "OSError(22, 'Invalid argument')"
              }
            },
            {
              "index": "704",
              "value": "0000:0000:0000:0000:0000:0000:0000:0000",
              "ndev": {
                "error": "OSError(22, 'Invalid argument')"
              },
              "type": {
                "error": "OSError(22, 'Invalid argument')"
              }
            },
            {
              "index": "1007",
              "value": "0000:0000:0000:0000:0000:0000:0000:0000",
              "ndev": {
                "error": "OSError(22, 'Invalid argument')"
              },
              "type": {
                "error": "OSError(22, 'Invalid argument')"
              }
            },
            {
              "index": "648",
              "value": "0000:0000:0000:0000:0000:0000:0000:0000",
              "ndev": {
                "error": "OSError(22, 'Invalid argument')"
              },
              "type": {
                "error": "OSError(22, 'Invalid argument')"
              }
            },
            {
              "index": "591",
              "value": "0000:0000:0000:0000:0000:0000:0000:0000",
              "ndev": {
                "error": "OSError(22, 'Invalid argument')"
              },
              "type": {
                "error": "OSError(22, 'Invalid argument')"
              }
            },
            {
              "index": "86",
              "value": "0000:0000:0000:0000:0000:0000:0000:0000",
              "ndev": {
                "error": "OSError(22, 'Invalid argument')"
              },
              "type": {
                "error": "OSError(22, 'Invalid argument')"
              }
            },
            {
              "index": "525",
              "value": "0000:0000:0000:0000:0000:0000:0000:0000",
              "ndev": {
                "error": "OSError(22, 'Invalid argument')"
              },
              "type": {
                "error": "OSError(22, 'Invalid argument')"
              }
            },
            {
              "index": "469",
              "value": "0000:0000:0000:0000:0000:0000:0000:0000",
              "ndev": {
                "error": "OSError(22, 'Invalid argument')"
              },
              "type": {
                "error": "OSError(22, 'Invalid argument')"
              }
            },
            {
              "index": "402",
              "value": "0000:0000:0000:0000:0000:0000:0000:0000",
              "ndev": {
                "error": "OSError(22, 'Invalid argument')"
              },
              "type": {
                "error": "OSError(22, 'Invalid argument')"
              }
            },
            {
              "index": "978",
              "value": "0000:0000:0000:0000:0000:0000:0000:0000",
              "ndev": {
                "error": "OSError(22, 'Invalid argument')"
              },
              "type": {
                "error": "OSError(22, 'Invalid argument')"
              }
            },
            {
              "index": "346",
              "value": "0000:0000:0000:0000:0000:0000:0000:0000",
              "ndev": {
                "error": "OSError(22, 'Invalid argument')"
              },
              "type": {
                "error": "OSError(22, 'Invalid argument')"
              }
            },
            {
              "index": "911",
              "value": "0000:0000:0000:0000:0000:0000:0000:0000",
              "ndev": {
                "error": "OSError(22, 'Invalid argument')"
              },
              "type": {
                "error": "OSError(22, 'Invalid argument')"
              }
            },
            {
              "index": "855",
              "value": "0000:0000:0000:0000:0000:0000:0000:0000",
              "ndev": {
                "error": "OSError(22, 'Invalid argument')"
              },
              "type": {
                "error": "OSError(22, 'Invalid argument')"
              }
            },
            {
              "index": "223",
              "value": "0000:0000:0000:0000:0000:0000:0000:0000",
              "ndev": {
                "error": "OSError(22, 'Invalid argument')"
              },
              "type": {
                "error": "OSError(22, 'Invalid argument')"
              }
            },
            {
              "index": "799",
              "value": "0000:0000:0000:0000:0000:0000:0000:0000",
              "ndev": {
                "error": "OSError(22, 'Invalid argument')"
              },
              "type": {
                "error": "OSError(22, 'Invalid argument')"
              }
            },
            {
              "index": "167",
              "value": "0000:0000:0000:0000:0000:0000:0000:0000",
              "ndev": {
                "error": "OSError(22, 'Invalid argument')"
              },
              "type": {
                "error": "OSError(22, 'Invalid argument')"
              }
            },
            {
              "index": "732",
              "value": "0000:0000:0000:0000:0000:0000:0000:0000",
              "ndev": {
                "error": "OSError(22, 'Invalid argument')"
              },
              "type": {
                "error": "OSError(22, 'Invalid argument')"
              }
            },
            {
              "index": "100",
              "value": "0000:0000:0000:0000:0000:0000:0000:0000",
              "ndev": {
                "error": "OSError(22, 'Invalid argument')"
              },
              "type": {
                "error": "OSError(22, 'Invalid argument')"
              }
            },
            {
              "index": "676",
              "value": "0000:0000:0000:0000:0000:0000:0000:0000",
              "ndev": {
                "error": "OSError(22, 'Invalid argument')"
              },
              "type": {
                "error": "OSError(22, 'Invalid argument')"
              }
            },
            {
              "index": "553",
              "value": "0000:0000:0000:0000:0000:0000:0000:0000",
              "ndev": {
                "error": "OSError(22, 'Invalid argument')"
              },
              "type": {
                "error": "OSError(22, 'Invalid argument')"
              }
            },
            {
              "index": "48",
              "value": "0000:0000:0000:0000:0000:0000:0000:0000",
              "ndev": {
                "error": "OSError(22, 'Invalid argument')"
              },
              "type": {
                "error": "OSError(22, 'Invalid argument')"
              }
            },
            {
              "index": "497",
              "value": "0000:0000:0000:0000:0000:0000:0000:0000",
              "ndev": {
                "error": "OSError(22, 'Invalid argument')"
              },
              "type": {
                "error": "OSError(22, 'Invalid argument')"
              }
            },
            {
              "index": "430",
              "value": "0000:0000:0000:0000:0000:0000:0000:0000",
              "ndev": {
                "error": "OSError(22, 'Invalid argument')"
              },
              "type": {
                "error": "OSError(22, 'Invalid argument')"
              }
            },
            {
              "index": "374",
              "value": "0000:0000:0000:0000:0000:0000:0000:0000",
              "ndev": {
                "error": "OSError(22, 'Invalid argument')"
              },
              "type": {
                "error": "OSError(22, 'Invalid argument')"
              }
            },
            {
              "index": "308",
              "value": "0000:0000:0000:0000:0000:0000:0000:0000",
              "ndev": {
                "error": "OSError(22, 'Invalid argument')"
              },
              "type": {
                "error": "OSError(22, 'Invalid argument')"
              }
            },
            {
              "index": "883",
              "value": "0000:0000:0000:0000:0000:0000:0000:0000",
              "ndev": {
                "error": "OSError(22, 'Invalid argument')"
              },
              "type": {
                "error": "OSError(22, 'Invalid argument')"
              }
            },
            {
              "index": "251",
              "value": "0000:0000:0000:0000:0000:0000:0000:0000",
              "ndev": {
                "error": "OSError(22, 'Invalid argument')"
              },
              "type": {
                "error": "OSError(22, 'Invalid argument')"
              }
            },
            {
              "index": "817",
              "value": "0000:0000:0000:0000:0000:0000:0000:0000",
              "ndev": {
                "error": "OSError(22, 'Invalid argument')"
              },
              "type": {
                "error": "OSError(22, 'Invalid argument')"
              }
            },
            {
              "index": "195",
              "value": "0000:0000:0000:0000:0000:0000:0000:0000",
              "ndev": {
                "error": "OSError(22, 'Invalid argument')"
              },
              "type": {
                "error": "OSError(22, 'Invalid argument')"
              }
            },
            {
              "index": "760",
              "value": "0000:0000:0000:0000:0000:0000:0000:0000",
              "ndev": {
                "error": "OSError(22, 'Invalid argument')"
              },
              "type": {
                "error": "OSError(22, 'Invalid argument')"
              }
            },
            {
              "index": "129",
              "value": "0000:0000:0000:0000:0000:0000:0000:0000",
              "ndev": {
                "error": "OSError(22, 'Invalid argument')"
              },
              "type": {
                "error": "OSError(22, 'Invalid argument')"
              }
            },
            {
              "index": "638",
              "value": "0000:0000:0000:0000:0000:0000:0000:0000",
              "ndev": {
                "error": "OSError(22, 'Invalid argument')"
              },
              "type": {
                "error": "OSError(22, 'Invalid argument')"
              }
            },
            {
              "index": "581",
              "value": "0000:0000:0000:0000:0000:0000:0000:0000",
              "ndev": {
                "error": "OSError(22, 'Invalid argument')"
              },
              "type": {
                "error": "OSError(22, 'Invalid argument')"
              }
            },
            {
              "index": "76",
              "value": "0000:0000:0000:0000:0000:0000:0000:0000",
              "ndev": {
                "error": "OSError(22, 'Invalid argument')"
              },
              "type": {
                "error": "OSError(22, 'Invalid argument')"
              }
            },
            {
              "index": "515",
              "value": "0000:0000:0000:0000:0000:0000:0000:0000",
              "ndev": {
                "error": "OSError(22, 'Invalid argument')"
              },
              "type": {
                "error": "OSError(22, 'Invalid argument')"
              }
            },
            {
              "index": "459",
              "value": "0000:0000:0000:0000:0000:0000:0000:0000",
              "ndev": {
                "error": "OSError(22, 'Invalid argument')"
              },
              "type": {
                "error": "OSError(22, 'Invalid argument')"
              }
            },
            {
              "index": "968",
              "value": "0000:0000:0000:0000:0000:0000:0000:0000",
              "ndev": {
                "error": "OSError(22, 'Invalid argument')"
              },
              "type": {
                "error": "OSError(22, 'Invalid argument')"
              }
            },
            {
              "index": "336",
              "value": "0000:0000:0000:0000:0000:0000:0000:0000",
              "ndev": {
                "error": "OSError(22, 'Invalid argument')"
              },
              "type": {
                "error": "OSError(22, 'Invalid argument')"
              }
            },
            {
              "index": "901",
              "value": "0000:0000:0000:0000:0000:0000:0000:0000",
              "ndev": {
                "error": "OSError(22, 'Invalid argument')"
              },
              "type": {
                "error": "OSError(22, 'Invalid argument')"
              }
            },
            {
              "index": "845",
              "value": "0000:0000:0000:0000:0000:0000:0000:0000",
              "ndev": {
                "error": "OSError(22, 'Invalid argument')"
              },
              "type": {
                "error": "OSError(22, 'Invalid argument')"
              }
            },
            {
              "index": "213",
              "value": "0000:0000:0000:0000:0000:0000:0000:0000",
              "ndev": {
                "error": "OSError(22, 'Invalid argument')"
              },
              "type": {
                "error": "OSError(22, 'Invalid argument')"
              }
            },
            {
              "index": "789",
              "value": "0000:0000:0000:0000:0000:0000:0000:0000",
              "ndev": {
                "error": "OSError(22, 'Invalid argument')"
              },
              "type": {
                "error": "OSError(22, 'Invalid argument')"
              }
            },
            {
              "index": "157",
              "value": "0000:0000:0000:0000:0000:0000:0000:0000",
              "ndev": {
                "error": "OSError(22, 'Invalid argument')"
              },
              "type": {
                "error": "OSError(22, 'Invalid argument')"
              }
            },
            {
              "index": "722",
              "value": "0000:0000:0000:0000:0000:0000:0000:0000",
              "ndev": {
                "error": "OSError(22, 'Invalid argument')"
              },
              "type": {
                "error": "OSError(22, 'Invalid argument')"
              }
            },
            {
              "index": "666",
              "value": "0000:0000:0000:0000:0000:0000:0000:0000",
              "ndev": {
                "error": "OSError(22, 'Invalid argument')"
              },
              "type": {
                "error": "OSError(22, 'Invalid argument')"
              }
            },
            {
              "index": "543",
              "value": "0000:0000:0000:0000:0000:0000:0000:0000",
              "ndev": {
                "error": "OSError(22, 'Invalid argument')"
              },
              "type": {
                "error": "OSError(22, 'Invalid argument')"
              }
            },
            {
              "index": "38",
              "value": "0000:0000:0000:0000:0000:0000:0000:0000",
              "ndev": {
                "error": "OSError(22, 'Invalid argument')"
              },
              "type": {
                "error": "OSError(22, 'Invalid argument')"
              }
            },
            {
              "index": "487",
              "value": "0000:0000:0000:0000:0000:0000:0000:0000",
              "ndev": {
                "error": "OSError(22, 'Invalid argument')"
              },
              "type": {
                "error": "OSError(22, 'Invalid argument')"
              }
            },
            {
              "index": "420",
              "value": "0000:0000:0000:0000:0000:0000:0000:0000",
              "ndev": {
                "error": "OSError(22, 'Invalid argument')"
              },
              "type": {
                "error": "OSError(22, 'Invalid argument')"
              }
            },
            {
              "index": "996",
              "value": "0000:0000:0000:0000:0000:0000:0000:0000",
              "ndev": {
                "error": "OSError(22, 'Invalid argument')"
              },
              "type": {
                "error": "OSError(22, 'Invalid argument')"
              }
            },
            {
              "index": "364",
              "value": "0000:0000:0000:0000:0000:0000:0000:0000",
              "ndev": {
                "error": "OSError(22, 'Invalid argument')"
              },
              "type": {
                "error": "OSError(22, 'Invalid argument')"
              }
            },
            {
              "index": "873",
              "value": "0000:0000:0000:0000:0000:0000:0000:0000",
              "ndev": {
                "error": "OSError(22, 'Invalid argument')"
              },
              "type": {
                "error": "OSError(22, 'Invalid argument')"
              }
            },
            {
              "index": "241",
              "value": "0000:0000:0000:0000:0000:0000:0000:0000",
              "ndev": {
                "error": "OSError(22, 'Invalid argument')"
              },
              "type": {
                "error": "OSError(22, 'Invalid argument')"
              }
            },
            {
              "index": "807",
              "value": "0000:0000:0000:0000:0000:0000:0000:0000",
              "ndev": {
                "error": "OSError(22, 'Invalid argument')"
              },
              "type": {
                "error": "OSError(22, 'Invalid argument')"
              }
            },
            {
              "index": "185",
              "value": "0000:0000:0000:0000:0000:0000:0000:0000",
              "ndev": {
                "error": "OSError(22, 'Invalid argument')"
              },
              "type": {
                "error": "OSError(22, 'Invalid argument')"
              }
            },
            {
              "index": "750",
              "value": "0000:0000:0000:0000:0000:0000:0000:0000",
              "ndev": {
                "error": "OSError(22, 'Invalid argument')"
              },
              "type": {
                "error": "OSError(22, 'Invalid argument')"
              }
            },
            {
              "index": "119",
              "value": "0000:0000:0000:0000:0000:0000:0000:0000",
              "ndev": {
                "error": "OSError(22, 'Invalid argument')"
              },
              "type": {
                "error": "OSError(22, 'Invalid argument')"
              }
            },
            {
              "index": "694",
              "value": "0000:0000:0000:0000:0000:0000:0000:0000",
              "ndev": {
                "error": "OSError(22, 'Invalid argument')"
              },
              "type": {
                "error": "OSError(22, 'Invalid argument')"
              }
            },
            {
              "index": "628",
              "value": "0000:0000:0000:0000:0000:0000:0000:0000",
              "ndev": {
                "error": "OSError(22, 'Invalid argument')"
              },
              "type": {
                "error": "OSError(22, 'Invalid argument')"
              }
            },
            {
              "index": "571",
              "value": "0000:0000:0000:0000:0000:0000:0000:0000",
              "ndev": {
                "error": "OSError(22, 'Invalid argument')"
              },
              "type": {
                "error": "OSError(22, 'Invalid argument')"
              }
            },
            {
              "index": "66",
              "value": "0000:0000:0000:0000:0000:0000:0000:0000",
              "ndev": {
                "error": "OSError(22, 'Invalid argument')"
              },
              "type": {
                "error": "OSError(22, 'Invalid argument')"
              }
            },
            {
              "index": "505",
              "value": "0000:0000:0000:0000:0000:0000:0000:0000",
              "ndev": {
                "error": "OSError(22, 'Invalid argument')"
              },
              "type": {
                "error": "OSError(22, 'Invalid argument')"
              }
            },
            {
              "index": "449",
              "value": "0000:0000:0000:0000:0000:0000:0000:0000",
              "ndev": {
                "error": "OSError(22, 'Invalid argument')"
              },
              "type": {
                "error": "OSError(22, 'Invalid argument')"
              }
            },
            {
              "index": "392",
              "value": "0000:0000:0000:0000:0000:0000:0000:0000",
              "ndev": {
                "error": "OSError(22, 'Invalid argument')"
              },
              "type": {
                "error": "OSError(22, 'Invalid argument')"
              }
            },
            {
              "index": "958",
              "value": "0000:0000:0000:0000:0000:0000:0000:0000",
              "ndev": {
                "error": "OSError(22, 'Invalid argument')"
              },
              "type": {
                "error": "OSError(22, 'Invalid argument')"
              }
            },
            {
              "index": "326",
              "value": "0000:0000:0000:0000:0000:0000:0000:0000",
              "ndev": {
                "error": "OSError(22, 'Invalid argument')"
              },
              "type": {
                "error": "OSError(22, 'Invalid argument')"
              }
            },
            {
              "index": "835",
              "value": "0000:0000:0000:0000:0000:0000:0000:0000",
              "ndev": {
                "error": "OSError(22, 'Invalid argument')"
              },
              "type": {
                "error": "OSError(22, 'Invalid argument')"
              }
            },
            {
              "index": "203",
              "value": "0000:0000:0000:0000:0000:0000:0000:0000",
              "ndev": {
                "error": "OSError(22, 'Invalid argument')"
              },
              "type": {
                "error": "OSError(22, 'Invalid argument')"
              }
            },
            {
              "index": "779",
              "value": "0000:0000:0000:0000:0000:0000:0000:0000",
              "ndev": {
                "error": "OSError(22, 'Invalid argument')"
              },
              "type": {
                "error": "OSError(22, 'Invalid argument')"
              }
            },
            {
              "index": "147",
              "value": "0000:0000:0000:0000:0000:0000:0000:0000",
              "ndev": {
                "error": "OSError(22, 'Invalid argument')"
              },
              "type": {
                "error": "OSError(22, 'Invalid argument')"
              }
            },
            {
              "index": "712",
              "value": "0000:0000:0000:0000:0000:0000:0000:0000",
              "ndev": {
                "error": "OSError(22, 'Invalid argument')"
              },
              "type": {
                "error": "OSError(22, 'Invalid argument')"
              }
            },
            {
              "index": "1015",
              "value": "0000:0000:0000:0000:0000:0000:0000:0000",
              "ndev": {
                "error": "OSError(22, 'Invalid argument')"
              },
              "type": {
                "error": "OSError(22, 'Invalid argument')"
              }
            },
            {
              "index": "656",
              "value": "0000:0000:0000:0000:0000:0000:0000:0000",
              "ndev": {
                "error": "OSError(22, 'Invalid argument')"
              },
              "type": {
                "error": "OSError(22, 'Invalid argument')"
              }
            },
            {
              "index": "94",
              "value": "0000:0000:0000:0000:0000:0000:0000:0000",
              "ndev": {
                "error": "OSError(22, 'Invalid argument')"
              },
              "type": {
                "error": "OSError(22, 'Invalid argument')"
              }
            },
            {
              "index": "533",
              "value": "0000:0000:0000:0000:0000:0000:0000:0000",
              "ndev": {
                "error": "OSError(22, 'Invalid argument')"
              },
              "type": {
                "error": "OSError(22, 'Invalid argument')"
              }
            },
            {
              "index": "28",
              "value": "0000:0000:0000:0000:0000:0000:0000:0000",
              "ndev": {
                "error": "OSError(22, 'Invalid argument')"
              },
              "type": {
                "error": "OSError(22, 'Invalid argument')"
              }
            },
            {
              "index": "477",
              "value": "0000:0000:0000:0000:0000:0000:0000:0000",
              "ndev": {
                "error": "OSError(22, 'Invalid argument')"
              },
              "type": {
                "error": "OSError(22, 'Invalid argument')"
              }
            },
            {
              "index": "410",
              "value": "0000:0000:0000:0000:0000:0000:0000:0000",
              "ndev": {
                "error": "OSError(22, 'Invalid argument')"
              },
              "type": {
                "error": "OSError(22, 'Invalid argument')"
              }
            },
            {
              "index": "986",
              "value": "0000:0000:0000:0000:0000:0000:0000:0000",
              "ndev": {
                "error": "OSError(22, 'Invalid argument')"
              },
              "type": {
                "error": "OSError(22, 'Invalid argument')"
              }
            },
            {
              "index": "354",
              "value": "0000:0000:0000:0000:0000:0000:0000:0000",
              "ndev": {
                "error": "OSError(22, 'Invalid argument')"
              },
              "type": {
                "error": "OSError(22, 'Invalid argument')"
              }
            },
            {
              "index": "298",
              "value": "0000:0000:0000:0000:0000:0000:0000:0000",
              "ndev": {
                "error": "OSError(22, 'Invalid argument')"
              },
              "type": {
                "error": "OSError(22, 'Invalid argument')"
              }
            },
            {
              "index": "863",
              "value": "0000:0000:0000:0000:0000:0000:0000:0000",
              "ndev": {
                "error": "OSError(22, 'Invalid argument')"
              },
              "type": {
                "error": "OSError(22, 'Invalid argument')"
              }
            },
            {
              "index": "231",
              "value": "0000:0000:0000:0000:0000:0000:0000:0000",
              "ndev": {
                "error": "OSError(22, 'Invalid argument')"
              },
              "type": {
                "error": "OSError(22, 'Invalid argument')"
              }
            },
            {
              "index": "175",
              "value": "0000:0000:0000:0000:0000:0000:0000:0000",
              "ndev": {
                "error": "OSError(22, 'Invalid argument')"
              },
              "type": {
                "error": "OSError(22, 'Invalid argument')"
              }
            },
            {
              "index": "740",
              "value": "0000:0000:0000:0000:0000:0000:0000:0000",
              "ndev": {
                "error": "OSError(22, 'Invalid argument')"
              },
              "type": {
                "error": "OSError(22, 'Invalid argument')"
              }
            },
            {
              "index": "109",
              "value": "0000:0000:0000:0000:0000:0000:0000:0000",
              "ndev": {
                "error": "OSError(22, 'Invalid argument')"
              },
              "type": {
                "error": "OSError(22, 'Invalid argument')"
              }
            },
            {
              "index": "684",
              "value": "0000:0000:0000:0000:0000:0000:0000:0000",
              "ndev": {
                "error": "OSError(22, 'Invalid argument')"
              },
              "type": {
                "error": "OSError(22, 'Invalid argument')"
              }
            },
            {
              "index": "618",
              "value": "0000:0000:0000:0000:0000:0000:0000:0000",
              "ndev": {
                "error": "OSError(22, 'Invalid argument')"
              },
              "type": {
                "error": "OSError(22, 'Invalid argument')"
              }
            },
            {
              "index": "561",
              "value": "0000:0000:0000:0000:0000:0000:0000:0000",
              "ndev": {
                "error": "OSError(22, 'Invalid argument')"
              },
              "type": {
                "error": "OSError(22, 'Invalid argument')"
              }
            },
            {
              "index": "56",
              "value": "0000:0000:0000:0000:0000:0000:0000:0000",
              "ndev": {
                "error": "OSError(22, 'Invalid argument')"
              },
              "type": {
                "error": "OSError(22, 'Invalid argument')"
              }
            },
            {
              "index": "439",
              "value": "0000:0000:0000:0000:0000:0000:0000:0000",
              "ndev": {
                "error": "OSError(22, 'Invalid argument')"
              },
              "type": {
                "error": "OSError(22, 'Invalid argument')"
              }
            },
            {
              "index": "382",
              "value": "0000:0000:0000:0000:0000:0000:0000:0000",
              "ndev": {
                "error": "OSError(22, 'Invalid argument')"
              },
              "type": {
                "error": "OSError(22, 'Invalid argument')"
              }
            },
            {
              "index": "948",
              "value": "0000:0000:0000:0000:0000:0000:0000:0000",
              "ndev": {
                "error": "OSError(22, 'Invalid argument')"
              },
              "type": {
                "error": "OSError(22, 'Invalid argument')"
              }
            },
            {
              "index": "316",
              "value": "0000:0000:0000:0000:0000:0000:0000:0000",
              "ndev": {
                "error": "OSError(22, 'Invalid argument')"
              },
              "type": {
                "error": "OSError(22, 'Invalid argument')"
              }
            },
            {
              "index": "891",
              "value": "0000:0000:0000:0000:0000:0000:0000:0000",
              "ndev": {
                "error": "OSError(22, 'Invalid argument')"
              },
              "type": {
                "error": "OSError(22, 'Invalid argument')"
              }
            },
            {
              "index": "825",
              "value": "0000:0000:0000:0000:0000:0000:0000:0000",
              "ndev": {
                "error": "OSError(22, 'Invalid argument')"
              },
              "type": {
                "error": "OSError(22, 'Invalid argument')"
              }
            },
            {
              "index": "769",
              "value": "0000:0000:0000:0000:0000:0000:0000:0000",
              "ndev": {
                "error": "OSError(22, 'Invalid argument')"
              },
              "type": {
                "error": "OSError(22, 'Invalid argument')"
              }
            },
            {
              "index": "137",
              "value": "0000:0000:0000:0000:0000:0000:0000:0000",
              "ndev": {
                "error": "OSError(22, 'Invalid argument')"
              },
              "type": {
                "error": "OSError(22, 'Invalid argument')"
              }
            },
            {
              "index": "702",
              "value": "0000:0000:0000:0000:0000:0000:0000:0000",
              "ndev": {
                "error": "OSError(22, 'Invalid argument')"
              },
              "type": {
                "error": "OSError(22, 'Invalid argument')"
              }
            },
            {
              "index": "1005",
              "value": "0000:0000:0000:0000:0000:0000:0000:0000",
              "ndev": {
                "error": "OSError(22, 'Invalid argument')"
              },
              "type": {
                "error": "OSError(22, 'Invalid argument')"
              }
            },
            {
              "index": "646",
              "value": "0000:0000:0000:0000:0000:0000:0000:0000",
              "ndev": {
                "error": "OSError(22, 'Invalid argument')"
              },
              "type": {
                "error": "OSError(22, 'Invalid argument')"
              }
            },
            {
              "index": "84",
              "value": "0000:0000:0000:0000:0000:0000:0000:0000",
              "ndev": {
                "error": "OSError(22, 'Invalid argument')"
              },
              "type": {
                "error": "OSError(22, 'Invalid argument')"
              }
            },
            {
              "index": "523",
              "value": "0000:0000:0000:0000:0000:0000:0000:0000",
              "ndev": {
                "error": "OSError(22, 'Invalid argument')"
              },
              "type": {
                "error": "OSError(22, 'Invalid argument')"
              }
            },
            {
              "index": "18",
              "value": "0000:0000:0000:0000:0000:0000:0000:0000",
              "ndev": {
                "error": "OSError(22, 'Invalid argument')"
              },
              "type": {
                "error": "OSError(22, 'Invalid argument')"
              }
            },
            {
              "index": "467",
              "value": "0000:0000:0000:0000:0000:0000:0000:0000",
              "ndev": {
                "error": "OSError(22, 'Invalid argument')"
              },
              "type": {
                "error": "OSError(22, 'Invalid argument')"
              }
            },
            {
              "index": "400",
              "value": "0000:0000:0000:0000:0000:0000:0000:0000",
              "ndev": {
                "error": "OSError(22, 'Invalid argument')"
              },
              "type": {
                "error": "OSError(22, 'Invalid argument')"
              }
            },
            {
              "index": "976",
              "value": "0000:0000:0000:0000:0000:0000:0000:0000",
              "ndev": {
                "error": "OSError(22, 'Invalid argument')"
              },
              "type": {
                "error": "OSError(22, 'Invalid argument')"
              }
            },
            {
              "index": "344",
              "value": "0000:0000:0000:0000:0000:0000:0000:0000",
              "ndev": {
                "error": "OSError(22, 'Invalid argument')"
              },
              "type": {
                "error": "OSError(22, 'Invalid argument')"
              }
            },
            {
              "index": "288",
              "value": "0000:0000:0000:0000:0000:0000:0000:0000",
              "ndev": {
                "error": "OSError(22, 'Invalid argument')"
              },
              "type": {
                "error": "OSError(22, 'Invalid argument')"
              }
            },
            {
              "index": "853",
              "value": "0000:0000:0000:0000:0000:0000:0000:0000",
              "ndev": {
                "error": "OSError(22, 'Invalid argument')"
              },
              "type": {
                "error": "OSError(22, 'Invalid argument')"
              }
            },
            {
              "index": "221",
              "value": "0000:0000:0000:0000:0000:0000:0000:0000",
              "ndev": {
                "error": "OSError(22, 'Invalid argument')"
              },
              "type": {
                "error": "OSError(22, 'Invalid argument')"
              }
            },
            {
              "index": "797",
              "value": "0000:0000:0000:0000:0000:0000:0000:0000",
              "ndev": {
                "error": "OSError(22, 'Invalid argument')"
              },
              "type": {
                "error": "OSError(22, 'Invalid argument')"
              }
            },
            {
              "index": "165",
              "value": "0000:0000:0000:0000:0000:0000:0000:0000",
              "ndev": {
                "error": "OSError(22, 'Invalid argument')"
              },
              "type": {
                "error": "OSError(22, 'Invalid argument')"
              }
            },
            {
              "index": "730",
              "value": "0000:0000:0000:0000:0000:0000:0000:0000",
              "ndev": {
                "error": "OSError(22, 'Invalid argument')"
              },
              "type": {
                "error": "OSError(22, 'Invalid argument')"
              }
            },
            {
              "index": "674",
              "value": "0000:0000:0000:0000:0000:0000:0000:0000",
              "ndev": {
                "error": "OSError(22, 'Invalid argument')"
              },
              "type": {
                "error": "OSError(22, 'Invalid argument')"
              }
            },
            {
              "index": "608",
              "value": "0000:0000:0000:0000:0000:0000:0000:0000",
              "ndev": {
                "error": "OSError(22, 'Invalid argument')"
              },
              "type": {
                "error": "OSError(22, 'Invalid argument')"
              }
            },
            {
              "index": "551",
              "value": "0000:0000:0000:0000:0000:0000:0000:0000",
              "ndev": {
                "error": "OSError(22, 'Invalid argument')"
              },
              "type": {
                "error": "OSError(22, 'Invalid argument')"
              }
            },
            {
              "index": "46",
              "value": "0000:0000:0000:0000:0000:0000:0000:0000",
              "ndev": {
                "error": "OSError(22, 'Invalid argument')"
              },
              "type": {
                "error": "OSError(22, 'Invalid argument')"
              }
            },
            {
              "index": "495",
              "value": "0000:0000:0000:0000:0000:0000:0000:0000",
              "ndev": {
                "error": "OSError(22, 'Invalid argument')"
              },
              "type": {
                "error": "OSError(22, 'Invalid argument')"
              }
            },
            {
              "index": "429",
              "value": "0000:0000:0000:0000:0000:0000:0000:0000",
              "ndev": {
                "error": "OSError(22, 'Invalid argument')"
              },
              "type": {
                "error": "OSError(22, 'Invalid argument')"
              }
            },
            {
              "index": "372",
              "value": "0000:0000:0000:0000:0000:0000:0000:0000",
              "ndev": {
                "error": "OSError(22, 'Invalid argument')"
              },
              "type": {
                "error": "OSError(22, 'Invalid argument')"
              }
            },
            {
              "index": "938",
              "value": "0000:0000:0000:0000:0000:0000:0000:0000",
              "ndev": {
                "error": "OSError(22, 'Invalid argument')"
              },
              "type": {
                "error": "OSError(22, 'Invalid argument')"
              }
            },
            {
              "index": "306",
              "value": "0000:0000:0000:0000:0000:0000:0000:0000",
              "ndev": {
                "error": "OSError(22, 'Invalid argument')"
              },
              "type": {
                "error": "OSError(22, 'Invalid argument')"
              }
            },
            {
              "index": "881",
              "value": "0000:0000:0000:0000:0000:0000:0000:0000",
              "ndev": {
                "error": "OSError(22, 'Invalid argument')"
              },
              "type": {
                "error": "OSError(22, 'Invalid argument')"
              }
            },
            {
              "index": "815",
              "value": "0000:0000:0000:0000:0000:0000:0000:0000",
              "ndev": {
                "error": "OSError(22, 'Invalid argument')"
              },
              "type": {
                "error": "OSError(22, 'Invalid argument')"
              }
            },
            {
              "index": "193",
              "value": "0000:0000:0000:0000:0000:0000:0000:0000",
              "ndev": {
                "error": "OSError(22, 'Invalid argument')"
              },
              "type": {
                "error": "OSError(22, 'Invalid argument')"
              }
            },
            {
              "index": "759",
              "value": "0000:0000:0000:0000:0000:0000:0000:0000",
              "ndev": {
                "error": "OSError(22, 'Invalid argument')"
              },
              "type": {
                "error": "OSError(22, 'Invalid argument')"
              }
            },
            {
              "index": "127",
              "value": "0000:0000:0000:0000:0000:0000:0000:0000",
              "ndev": {
                "error": "OSError(22, 'Invalid argument')"
              },
              "type": {
                "error": "OSError(22, 'Invalid argument')"
              }
            },
            {
              "index": "636",
              "value": "0000:0000:0000:0000:0000:0000:0000:0000",
              "ndev": {
                "error": "OSError(22, 'Invalid argument')"
              },
              "type": {
                "error": "OSError(22, 'Invalid argument')"
              }
            },
            {
              "index": "74",
              "value": "0000:0000:0000:0000:0000:0000:0000:0000",
              "ndev": {
                "error": "OSError(22, 'Invalid argument')"
              },
              "type": {
                "error": "OSError(22, 'Invalid argument')"
              }
            },
            {
              "index": "513",
              "value": "0000:0000:0000:0000:0000:0000:0000:0000",
              "ndev": {
                "error": "OSError(22, 'Invalid argument')"
              },
              "type": {
                "error": "OSError(22, 'Invalid argument')"
              }
            },
            {
              "index": "457",
              "value": "0000:0000:0000:0000:0000:0000:0000:0000",
              "ndev": {
                "error": "OSError(22, 'Invalid argument')"
              },
              "type": {
                "error": "OSError(22, 'Invalid argument')"
              }
            },
            {
              "index": "966",
              "value": "0000:0000:0000:0000:0000:0000:0000:0000",
              "ndev": {
                "error": "OSError(22, 'Invalid argument')"
              },
              "type": {
                "error": "OSError(22, 'Invalid argument')"
              }
            },
            {
              "index": "334",
              "value": "0000:0000:0000:0000:0000:0000:0000:0000",
              "ndev": {
                "error": "OSError(22, 'Invalid argument')"
              },
              "type": {
                "error": "OSError(22, 'Invalid argument')"
              }
            },
            {
              "index": "278",
              "value": "0000:0000:0000:0000:0000:0000:0000:0000",
              "ndev": {
                "error": "OSError(22, 'Invalid argument')"
              },
              "type": {
                "error": "OSError(22, 'Invalid argument')"
              }
            },
            {
              "index": "843",
              "value": "0000:0000:0000:0000:0000:0000:0000:0000",
              "ndev": {
                "error": "OSError(22, 'Invalid argument')"
              },
              "type": {
                "error": "OSError(22, 'Invalid argument')"
              }
            },
            {
              "index": "211",
              "value": "0000:0000:0000:0000:0000:0000:0000:0000",
              "ndev": {
                "error": "OSError(22, 'Invalid argument')"
              },
              "type": {
                "error": "OSError(22, 'Invalid argument')"
              }
            },
            {
              "index": "787",
              "value": "0000:0000:0000:0000:0000:0000:0000:0000",
              "ndev": {
                "error": "OSError(22, 'Invalid argument')"
              },
              "type": {
                "error": "OSError(22, 'Invalid argument')"
              }
            },
            {
              "index": "155",
              "value": "0000:0000:0000:0000:0000:0000:0000:0000",
              "ndev": {
                "error": "OSError(22, 'Invalid argument')"
              },
              "type": {
                "error": "OSError(22, 'Invalid argument')"
              }
            },
            {
              "index": "720",
              "value": "0000:0000:0000:0000:0000:0000:0000:0000",
              "ndev": {
                "error": "OSError(22, 'Invalid argument')"
              },
              "type": {
                "error": "OSError(22, 'Invalid argument')"
              }
            },
            {
              "index": "1023",
              "value": "0000:0000:0000:0000:0000:0000:0000:0000",
              "ndev": {
                "error": "OSError(22, 'Invalid argument')"
              },
              "type": {
                "error": "OSError(22, 'Invalid argument')"
              }
            },
            {
              "index": "664",
              "value": "0000:0000:0000:0000:0000:0000:0000:0000",
              "ndev": {
                "error": "OSError(22, 'Invalid argument')"
              },
              "type": {
                "error": "OSError(22, 'Invalid argument')"
              }
            },
            {
              "index": "541",
              "value": "0000:0000:0000:0000:0000:0000:0000:0000",
              "ndev": {
                "error": "OSError(22, 'Invalid argument')"
              },
              "type": {
                "error": "OSError(22, 'Invalid argument')"
              }
            },
            {
              "index": "36",
              "value": "0000:0000:0000:0000:0000:0000:0000:0000",
              "ndev": {
                "error": "OSError(22, 'Invalid argument')"
              },
              "type": {
                "error": "OSError(22, 'Invalid argument')"
              }
            },
            {
              "index": "485",
              "value": "0000:0000:0000:0000:0000:0000:0000:0000",
              "ndev": {
                "error": "OSError(22, 'Invalid argument')"
              },
              "type": {
                "error": "OSError(22, 'Invalid argument')"
              }
            },
            {
              "index": "419",
              "value": "0000:0000:0000:0000:0000:0000:0000:0000",
              "ndev": {
                "error": "OSError(22, 'Invalid argument')"
              },
              "type": {
                "error": "OSError(22, 'Invalid argument')"
              }
            },
            {
              "index": "994",
              "value": "0000:0000:0000:0000:0000:0000:0000:0000",
              "ndev": {
                "error": "OSError(22, 'Invalid argument')"
              },
              "type": {
                "error": "OSError(22, 'Invalid argument')"
              }
            },
            {
              "index": "362",
              "value": "0000:0000:0000:0000:0000:0000:0000:0000",
              "ndev": {
                "error": "OSError(22, 'Invalid argument')"
              },
              "type": {
                "error": "OSError(22, 'Invalid argument')"
              }
            },
            {
              "index": "928",
              "value": "0000:0000:0000:0000:0000:0000:0000:0000",
              "ndev": {
                "error": "OSError(22, 'Invalid argument')"
              },
              "type": {
                "error": "OSError(22, 'Invalid argument')"
              }
            },
            {
              "index": "8",
              "value": "0000:0000:0000:0000:0000:0000:0000:0000",
              "ndev": {
                "error": "OSError(22, 'Invalid argument')"
              },
              "type": {
                "error": "OSError(22, 'Invalid argument')"
              }
            },
            {
              "index": "871",
              "value": "0000:0000:0000:0000:0000:0000:0000:0000",
              "ndev": {
                "error": "OSError(22, 'Invalid argument')"
              },
              "type": {
                "error": "OSError(22, 'Invalid argument')"
              }
            },
            {
              "index": "805",
              "value": "0000:0000:0000:0000:0000:0000:0000:0000",
              "ndev": {
                "error": "OSError(22, 'Invalid argument')"
              },
              "type": {
                "error": "OSError(22, 'Invalid argument')"
              }
            },
            {
              "index": "183",
              "value": "0000:0000:0000:0000:0000:0000:0000:0000",
              "ndev": {
                "error": "OSError(22, 'Invalid argument')"
              },
              "type": {
                "error": "OSError(22, 'Invalid argument')"
              }
            },
            {
              "index": "749",
              "value": "0000:0000:0000:0000:0000:0000:0000:0000",
              "ndev": {
                "error": "OSError(22, 'Invalid argument')"
              },
              "type": {
                "error": "OSError(22, 'Invalid argument')"
              }
            },
            {
              "index": "117",
              "value": "0000:0000:0000:0000:0000:0000:0000:0000",
              "ndev": {
                "error": "OSError(22, 'Invalid argument')"
              },
              "type": {
                "error": "OSError(22, 'Invalid argument')"
              }
            },
            {
              "index": "692",
              "value": "0000:0000:0000:0000:0000:0000:0000:0000",
              "ndev": {
                "error": "OSError(22, 'Invalid argument')"
              },
              "type": {
                "error": "OSError(22, 'Invalid argument')"
              }
            },
            {
              "index": "626",
              "value": "0000:0000:0000:0000:0000:0000:0000:0000",
              "ndev": {
                "error": "OSError(22, 'Invalid argument')"
              },
              "type": {
                "error": "OSError(22, 'Invalid argument')"
              }
            },
            {
              "index": "64",
              "value": "0000:0000:0000:0000:0000:0000:0000:0000",
              "ndev": {
                "error": "OSError(22, 'Invalid argument')"
              },
              "type": {
                "error": "OSError(22, 'Invalid argument')"
              }
            },
            {
              "index": "503",
              "value": "0000:0000:0000:0000:0000:0000:0000:0000",
              "ndev": {
                "error": "OSError(22, 'Invalid argument')"
              },
              "type": {
                "error": "OSError(22, 'Invalid argument')"
              }
            },
            {
              "index": "447",
              "value": "0000:0000:0000:0000:0000:0000:0000:0000",
              "ndev": {
                "error": "OSError(22, 'Invalid argument')"
              },
              "type": {
                "error": "OSError(22, 'Invalid argument')"
              }
            },
            {
              "index": "390",
              "value": "0000:0000:0000:0000:0000:0000:0000:0000",
              "ndev": {
                "error": "OSError(22, 'Invalid argument')"
              },
              "type": {
                "error": "OSError(22, 'Invalid argument')"
              }
            },
            {
              "index": "956",
              "value": "0000:0000:0000:0000:0000:0000:0000:0000",
              "ndev": {
                "error": "OSError(22, 'Invalid argument')"
              },
              "type": {
                "error": "OSError(22, 'Invalid argument')"
              }
            },
            {
              "index": "324",
              "value": "0000:0000:0000:0000:0000:0000:0000:0000",
              "ndev": {
                "error": "OSError(22, 'Invalid argument')"
              },
              "type": {
                "error": "OSError(22, 'Invalid argument')"
              }
            },
            {
              "index": "268",
              "value": "0000:0000:0000:0000:0000:0000:0000:0000",
              "ndev": {
                "error": "OSError(22, 'Invalid argument')"
              },
              "type": {
                "error": "OSError(22, 'Invalid argument')"
              }
            },
            {
              "index": "833",
              "value": "0000:0000:0000:0000:0000:0000:0000:0000",
              "ndev": {
                "error": "OSError(22, 'Invalid argument')"
              },
              "type": {
                "error": "OSError(22, 'Invalid argument')"
              }
            },
            {
              "index": "201",
              "value": "0000:0000:0000:0000:0000:0000:0000:0000",
              "ndev": {
                "error": "OSError(22, 'Invalid argument')"
              },
              "type": {
                "error": "OSError(22, 'Invalid argument')"
              }
            },
            {
              "index": "777",
              "value": "0000:0000:0000:0000:0000:0000:0000:0000",
              "ndev": {
                "error": "OSError(22, 'Invalid argument')"
              },
              "type": {
                "error": "OSError(22, 'Invalid argument')"
              }
            },
            {
              "index": "145",
              "value": "0000:0000:0000:0000:0000:0000:0000:0000",
              "ndev": {
                "error": "OSError(22, 'Invalid argument')"
              },
              "type": {
                "error": "OSError(22, 'Invalid argument')"
              }
            },
            {
              "index": "710",
              "value": "0000:0000:0000:0000:0000:0000:0000:0000",
              "ndev": {
                "error": "OSError(22, 'Invalid argument')"
              },
              "type": {
                "error": "OSError(22, 'Invalid argument')"
              }
            },
            {
              "index": "1013",
              "value": "0000:0000:0000:0000:0000:0000:0000:0000",
              "ndev": {
                "error": "OSError(22, 'Invalid argument')"
              },
              "type": {
                "error": "OSError(22, 'Invalid argument')"
              }
            },
            {
              "index": "654",
              "value": "0000:0000:0000:0000:0000:0000:0000:0000",
              "ndev": {
                "error": "OSError(22, 'Invalid argument')"
              },
              "type": {
                "error": "OSError(22, 'Invalid argument')"
              }
            },
            {
              "index": "598",
              "value": "0000:0000:0000:0000:0000:0000:0000:0000",
              "ndev": {
                "error": "OSError(22, 'Invalid argument')"
              },
              "type": {
                "error": "OSError(22, 'Invalid argument')"
              }
            },
            {
              "index": "92",
              "value": "0000:0000:0000:0000:0000:0000:0000:0000",
              "ndev": {
                "error": "OSError(22, 'Invalid argument')"
              },
              "type": {
                "error": "OSError(22, 'Invalid argument')"
              }
            },
            {
              "index": "531",
              "value": "0000:0000:0000:0000:0000:0000:0000:0000",
              "ndev": {
                "error": "OSError(22, 'Invalid argument')"
              },
              "type": {
                "error": "OSError(22, 'Invalid argument')"
              }
            },
            {
              "index": "26",
              "value": "0000:0000:0000:0000:0000:0000:0000:0000",
              "ndev": {
                "error": "OSError(22, 'Invalid argument')"
              },
              "type": {
                "error": "OSError(22, 'Invalid argument')"
              }
            },
            {
              "index": "475",
              "value": "0000:0000:0000:0000:0000:0000:0000:0000",
              "ndev": {
                "error": "OSError(22, 'Invalid argument')"
              },
              "type": {
                "error": "OSError(22, 'Invalid argument')"
              }
            },
            {
              "index": "409",
              "value": "0000:0000:0000:0000:0000:0000:0000:0000",
              "ndev": {
                "error": "OSError(22, 'Invalid argument')"
              },
              "type": {
                "error": "OSError(22, 'Invalid argument')"
              }
            },
            {
              "index": "984",
              "value": "0000:0000:0000:0000:0000:0000:0000:0000",
              "ndev": {
                "error": "OSError(22, 'Invalid argument')"
              },
              "type": {
                "error": "OSError(22, 'Invalid argument')"
              }
            },
            {
              "index": "352",
              "value": "0000:0000:0000:0000:0000:0000:0000:0000",
              "ndev": {
                "error": "OSError(22, 'Invalid argument')"
              },
              "type": {
                "error": "OSError(22, 'Invalid argument')"
              }
            },
            {
              "index": "918",
              "value": "0000:0000:0000:0000:0000:0000:0000:0000",
              "ndev": {
                "error": "OSError(22, 'Invalid argument')"
              },
              "type": {
                "error": "OSError(22, 'Invalid argument')"
              }
            },
            {
              "index": "296",
              "value": "0000:0000:0000:0000:0000:0000:0000:0000",
              "ndev": {
                "error": "OSError(22, 'Invalid argument')"
              },
              "type": {
                "error": "OSError(22, 'Invalid argument')"
              }
            },
            {
              "index": "861",
              "value": "0000:0000:0000:0000:0000:0000:0000:0000",
              "ndev": {
                "error": "OSError(22, 'Invalid argument')"
              },
              "type": {
                "error": "OSError(22, 'Invalid argument')"
              }
            },
            {
              "index": "173",
              "value": "0000:0000:0000:0000:0000:0000:0000:0000",
              "ndev": {
                "error": "OSError(22, 'Invalid argument')"
              },
              "type": {
                "error": "OSError(22, 'Invalid argument')"
              }
            },
            {
              "index": "739",
              "value": "0000:0000:0000:0000:0000:0000:0000:0000",
              "ndev": {
                "error": "OSError(22, 'Invalid argument')"
              },
              "type": {
                "error": "OSError(22, 'Invalid argument')"
              }
            },
            {
              "index": "107",
              "value": "0000:0000:0000:0000:0000:0000:0000:0000",
              "ndev": {
                "error": "OSError(22, 'Invalid argument')"
              },
              "type": {
                "error": "OSError(22, 'Invalid argument')"
              }
            },
            {
              "index": "682",
              "value": "0000:0000:0000:0000:0000:0000:0000:0000",
              "ndev": {
                "error": "OSError(22, 'Invalid argument')"
              },
              "type": {
                "error": "OSError(22, 'Invalid argument')"
              }
            },
            {
              "index": "616",
              "value": "0000:0000:0000:0000:0000:0000:0000:0000",
              "ndev": {
                "error": "OSError(22, 'Invalid argument')"
              },
              "type": {
                "error": "OSError(22, 'Invalid argument')"
              }
            },
            {
              "index": "54",
              "value": "0000:0000:0000:0000:0000:0000:0000:0000",
              "ndev": {
                "error": "OSError(22, 'Invalid argument')"
              },
              "type": {
                "error": "OSError(22, 'Invalid argument')"
              }
            },
            {
              "index": "437",
              "value": "0000:0000:0000:0000:0000:0000:0000:0000",
              "ndev": {
                "error": "OSError(22, 'Invalid argument')"
              },
              "type": {
                "error": "OSError(22, 'Invalid argument')"
              }
            },
            {
              "index": "380",
              "value": "0000:0000:0000:0000:0000:0000:0000:0000",
              "ndev": {
                "error": "OSError(22, 'Invalid argument')"
              },
              "type": {
                "error": "OSError(22, 'Invalid argument')"
              }
            },
            {
              "index": "946",
              "value": "0000:0000:0000:0000:0000:0000:0000:0000",
              "ndev": {
                "error": "OSError(22, 'Invalid argument')"
              },
              "type": {
                "error": "OSError(22, 'Invalid argument')"
              }
            },
            {
              "index": "314",
              "value": "0000:0000:0000:0000:0000:0000:0000:0000",
              "ndev": {
                "error": "OSError(22, 'Invalid argument')"
              },
              "type": {
                "error": "OSError(22, 'Invalid argument')"
              }
            },
            {
              "index": "258",
              "value": "0000:0000:0000:0000:0000:0000:0000:0000",
              "ndev": {
                "error": "OSError(22, 'Invalid argument')"
              },
              "type": {
                "error": "OSError(22, 'Invalid argument')"
              }
            },
            {
              "index": "823",
              "value": "0000:0000:0000:0000:0000:0000:0000:0000",
              "ndev": {
                "error": "OSError(22, 'Invalid argument')"
              },
              "type": {
                "error": "OSError(22, 'Invalid argument')"
              }
            },
            {
              "index": "767",
              "value": "0000:0000:0000:0000:0000:0000:0000:0000",
              "ndev": {
                "error": "OSError(22, 'Invalid argument')"
              },
              "type": {
                "error": "OSError(22, 'Invalid argument')"
              }
            },
            {
              "index": "135",
              "value": "0000:0000:0000:0000:0000:0000:0000:0000",
              "ndev": {
                "error": "OSError(22, 'Invalid argument')"
              },
              "type": {
                "error": "OSError(22, 'Invalid argument')"
              }
            },
            {
              "index": "700",
              "value": "0000:0000:0000:0000:0000:0000:0000:0000",
              "ndev": {
                "error": "OSError(22, 'Invalid argument')"
              },
              "type": {
                "error": "OSError(22, 'Invalid argument')"
              }
            },
            {
              "index": "1003",
              "value": "0000:0000:0000:0000:0000:0000:0000:0000",
              "ndev": {
                "error": "OSError(22, 'Invalid argument')"
              },
              "type": {
                "error": "OSError(22, 'Invalid argument')"
              }
            },
            {
              "index": "644",
              "value": "0000:0000:0000:0000:0000:0000:0000:0000",
              "ndev": {
                "error": "OSError(22, 'Invalid argument')"
              },
              "type": {
                "error": "OSError(22, 'Invalid argument')"
              }
            },
            {
              "index": "588",
              "value": "0000:0000:0000:0000:0000:0000:0000:0000",
              "ndev": {
                "error": "OSError(22, 'Invalid argument')"
              },
              "type": {
                "error": "OSError(22, 'Invalid argument')"
              }
            },
            {
              "index": "82",
              "value": "0000:0000:0000:0000:0000:0000:0000:0000",
              "ndev": {
                "error": "OSError(22, 'Invalid argument')"
              },
              "type": {
                "error": "OSError(22, 'Invalid argument')"
              }
            },
            {
              "index": "521",
              "value": "0000:0000:0000:0000:0000:0000:0000:0000",
              "ndev": {
                "error": "OSError(22, 'Invalid argument')"
              },
              "type": {
                "error": "OSError(22, 'Invalid argument')"
              }
            },
            {
              "index": "16",
              "value": "0000:0000:0000:0000:0000:0000:0000:0000",
              "ndev": {
                "error": "OSError(22, 'Invalid argument')"
              },
              "type": {
                "error": "OSError(22, 'Invalid argument')"
              }
            },
            {
              "index": "465",
              "value": "0000:0000:0000:0000:0000:0000:0000:0000",
              "ndev": {
                "error": "OSError(22, 'Invalid argument')"
              },
              "type": {
                "error": "OSError(22, 'Invalid argument')"
              }
            },
            {
              "index": "974",
              "value": "0000:0000:0000:0000:0000:0000:0000:0000",
              "ndev": {
                "error": "OSError(22, 'Invalid argument')"
              },
              "type": {
                "error": "OSError(22, 'Invalid argument')"
              }
            },
            {
              "index": "342",
              "value": "0000:0000:0000:0000:0000:0000:0000:0000",
              "ndev": {
                "error": "OSError(22, 'Invalid argument')"
              },
              "type": {
                "error": "OSError(22, 'Invalid argument')"
              }
            },
            {
              "index": "908",
              "value": "0000:0000:0000:0000:0000:0000:0000:0000",
              "ndev": {
                "error": "OSError(22, 'Invalid argument')"
              },
              "type": {
                "error": "OSError(22, 'Invalid argument')"
              }
            },
            {
              "index": "286",
              "value": "0000:0000:0000:0000:0000:0000:0000:0000",
              "ndev": {
                "error": "OSError(22, 'Invalid argument')"
              },
              "type": {
                "error": "OSError(22, 'Invalid argument')"
              }
            },
            {
              "index": "851",
              "value": "0000:0000:0000:0000:0000:0000:0000:0000",
              "ndev": {
                "error": "OSError(22, 'Invalid argument')"
              },
              "type": {
                "error": "OSError(22, 'Invalid argument')"
              }
            },
            {
              "index": "795",
              "value": "0000:0000:0000:0000:0000:0000:0000:0000",
              "ndev": {
                "error": "OSError(22, 'Invalid argument')"
              },
              "type": {
                "error": "OSError(22, 'Invalid argument')"
              }
            },
            {
              "index": "163",
              "value": "0000:0000:0000:0000:0000:0000:0000:0000",
              "ndev": {
                "error": "OSError(22, 'Invalid argument')"
              },
              "type": {
                "error": "OSError(22, 'Invalid argument')"
              }
            },
            {
              "index": "729",
              "value": "0000:0000:0000:0000:0000:0000:0000:0000",
              "ndev": {
                "error": "OSError(22, 'Invalid argument')"
              },
              "type": {
                "error": "OSError(22, 'Invalid argument')"
              }
            },
            {
              "index": "672",
              "value": "0000:0000:0000:0000:0000:0000:0000:0000",
              "ndev": {
                "error": "OSError(22, 'Invalid argument')"
              },
              "type": {
                "error": "OSError(22, 'Invalid argument')"
              }
            },
            {
              "index": "606",
              "value": "0000:0000:0000:0000:0000:0000:0000:0000",
              "ndev": {
                "error": "OSError(22, 'Invalid argument')"
              },
              "type": {
                "error": "OSError(22, 'Invalid argument')"
              }
            },
            {
              "index": "44",
              "value": "0000:0000:0000:0000:0000:0000:0000:0000",
              "ndev": {
                "error": "OSError(22, 'Invalid argument')"
              },
              "type": {
                "error": "OSError(22, 'Invalid argument')"
              }
            },
            {
              "index": "493",
              "value": "0000:0000:0000:0000:0000:0000:0000:0000",
              "ndev": {
                "error": "OSError(22, 'Invalid argument')"
              },
              "type": {
                "error": "OSError(22, 'Invalid argument')"
              }
            },
            {
              "index": "427",
              "value": "0000:0000:0000:0000:0000:0000:0000:0000",
              "ndev": {
                "error": "OSError(22, 'Invalid argument')"
              },
              "type": {
                "error": "OSError(22, 'Invalid argument')"
              }
            },
            {
              "index": "370",
              "value": "0000:0000:0000:0000:0000:0000:0000:0000",
              "ndev": {
                "error": "OSError(22, 'Invalid argument')"
              },
              "type": {
                "error": "OSError(22, 'Invalid argument')"
              }
            },
            {
              "index": "936",
              "value": "0000:0000:0000:0000:0000:0000:0000:0000",
              "ndev": {
                "error": "OSError(22, 'Invalid argument')"
              },
              "type": {
                "error": "OSError(22, 'Invalid argument')"
              }
            },
            {
              "index": "304",
              "value": "0000:0000:0000:0000:0000:0000:0000:0000",
              "ndev": {
                "error": "OSError(22, 'Invalid argument')"
              },
              "type": {
                "error": "OSError(22, 'Invalid argument')"
              }
            },
            {
              "index": "248",
              "value": "0000:0000:0000:0000:0000:0000:0000:0000",
              "ndev": {
                "error": "OSError(22, 'Invalid argument')"
              },
              "type": {
                "error": "OSError(22, 'Invalid argument')"
              }
            },
            {
              "index": "813",
              "value": "0000:0000:0000:0000:0000:0000:0000:0000",
              "ndev": {
                "error": "OSError(22, 'Invalid argument')"
              },
              "type": {
                "error": "OSError(22, 'Invalid argument')"
              }
            },
            {
              "index": "191",
              "value": "0000:0000:0000:0000:0000:0000:0000:0000",
              "ndev": {
                "error": "OSError(22, 'Invalid argument')"
              },
              "type": {
                "error": "OSError(22, 'Invalid argument')"
              }
            },
            {
              "index": "757",
              "value": "0000:0000:0000:0000:0000:0000:0000:0000",
              "ndev": {
                "error": "OSError(22, 'Invalid argument')"
              },
              "type": {
                "error": "OSError(22, 'Invalid argument')"
              }
            },
            {
              "index": "125",
              "value": "0000:0000:0000:0000:0000:0000:0000:0000",
              "ndev": {
                "error": "OSError(22, 'Invalid argument')"
              },
              "type": {
                "error": "OSError(22, 'Invalid argument')"
              }
            },
            {
              "index": "634",
              "value": "0000:0000:0000:0000:0000:0000:0000:0000",
              "ndev": {
                "error": "OSError(22, 'Invalid argument')"
              },
              "type": {
                "error": "OSError(22, 'Invalid argument')"
              }
            },
            {
              "index": "578",
              "value": "0000:0000:0000:0000:0000:0000:0000:0000",
              "ndev": {
                "error": "OSError(22, 'Invalid argument')"
              },
              "type": {
                "error": "OSError(22, 'Invalid argument')"
              }
            },
            {
              "index": "72",
              "value": "0000:0000:0000:0000:0000:0000:0000:0000",
              "ndev": {
                "error": "OSError(22, 'Invalid argument')"
              },
              "type": {
                "error": "OSError(22, 'Invalid argument')"
              }
            },
            {
              "index": "511",
              "value": "0000:0000:0000:0000:0000:0000:0000:0000",
              "ndev": {
                "error": "OSError(22, 'Invalid argument')"
              },
              "type": {
                "error": "OSError(22, 'Invalid argument')"
              }
            },
            {
              "index": "455",
              "value": "0000:0000:0000:0000:0000:0000:0000:0000",
              "ndev": {
                "error": "OSError(22, 'Invalid argument')"
              },
              "type": {
                "error": "OSError(22, 'Invalid argument')"
              }
            },
            {
              "index": "399",
              "value": "0000:0000:0000:0000:0000:0000:0000:0000",
              "ndev": {
                "error": "OSError(22, 'Invalid argument')"
              },
              "type": {
                "error": "OSError(22, 'Invalid argument')"
              }
            },
            {
              "index": "964",
              "value": "0000:0000:0000:0000:0000:0000:0000:0000",
              "ndev": {
                "error": "OSError(22, 'Invalid argument')"
              },
              "type": {
                "error": "OSError(22, 'Invalid argument')"
              }
            },
            {
              "index": "332",
              "value": "0000:0000:0000:0000:0000:0000:0000:0000",
              "ndev": {
                "error": "OSError(22, 'Invalid argument')"
              },
              "type": {
                "error": "OSError(22, 'Invalid argument')"
              }
            },
            {
              "index": "276",
              "value": "0000:0000:0000:0000:0000:0000:0000:0000",
              "ndev": {
                "error": "OSError(22, 'Invalid argument')"
              },
              "type": {
                "error": "OSError(22, 'Invalid argument')"
              }
            },
            {
              "index": "841",
              "value": "0000:0000:0000:0000:0000:0000:0000:0000",
              "ndev": {
                "error": "OSError(22, 'Invalid argument')"
              },
              "type": {
                "error": "OSError(22, 'Invalid argument')"
              }
            },
            {
              "index": "785",
              "value": "0000:0000:0000:0000:0000:0000:0000:0000",
              "ndev": {
                "error": "OSError(22, 'Invalid argument')"
              },
              "type": {
                "error": "OSError(22, 'Invalid argument')"
              }
            },
            {
              "index": "153",
              "value": "0000:0000:0000:0000:0000:0000:0000:0000",
              "ndev": {
                "error": "OSError(22, 'Invalid argument')"
              },
              "type": {
                "error": "OSError(22, 'Invalid argument')"
              }
            },
            {
              "index": "719",
              "value": "0000:0000:0000:0000:0000:0000:0000:0000",
              "ndev": {
                "error": "OSError(22, 'Invalid argument')"
              },
              "type": {
                "error": "OSError(22, 'Invalid argument')"
              }
            },
            {
              "index": "1021",
              "value": "0000:0000:0000:0000:0000:0000:0000:0000",
              "ndev": {
                "error": "OSError(22, 'Invalid argument')"
              },
              "type": {
                "error": "OSError(22, 'Invalid argument')"
              }
            },
            {
              "index": "662",
              "value": "0000:0000:0000:0000:0000:0000:0000:0000",
              "ndev": {
                "error": "OSError(22, 'Invalid argument')"
              },
              "type": {
                "error": "OSError(22, 'Invalid argument')"
              }
            },
            {
              "index": "34",
              "value": "0000:0000:0000:0000:0000:0000:0000:0000",
              "ndev": {
                "error": "OSError(22, 'Invalid argument')"
              },
              "type": {
                "error": "OSError(22, 'Invalid argument')"
              }
            },
            {
              "index": "483",
              "value": "0000:0000:0000:0000:0000:0000:0000:0000",
              "ndev": {
                "error": "OSError(22, 'Invalid argument')"
              },
              "type": {
                "error": "OSError(22, 'Invalid argument')"
              }
            },
            {
              "index": "417",
              "value": "0000:0000:0000:0000:0000:0000:0000:0000",
              "ndev": {
                "error": "OSError(22, 'Invalid argument')"
              },
              "type": {
                "error": "OSError(22, 'Invalid argument')"
              }
            },
            {
              "index": "992",
              "value": "0000:0000:0000:0000:0000:0000:0000:0000",
              "ndev": {
                "error": "OSError(22, 'Invalid argument')"
              },
              "type": {
                "error": "OSError(22, 'Invalid argument')"
              }
            },
            {
              "index": "360",
              "value": "0000:0000:0000:0000:0000:0000:0000:0000",
              "ndev": {
                "error": "OSError(22, 'Invalid argument')"
              },
              "type": {
                "error": "OSError(22, 'Invalid argument')"
              }
            },
            {
              "index": "926",
              "value": "0000:0000:0000:0000:0000:0000:0000:0000",
              "ndev": {
                "error": "OSError(22, 'Invalid argument')"
              },
              "type": {
                "error": "OSError(22, 'Invalid argument')"
              }
            },
            {
              "index": "6",
              "value": "0000:0000:0000:0000:0000:0000:0000:0000",
              "ndev": {
                "error": "OSError(22, 'Invalid argument')"
              },
              "type": {
                "error": "OSError(22, 'Invalid argument')"
              }
            },
            {
              "index": "238",
              "value": "0000:0000:0000:0000:0000:0000:0000:0000",
              "ndev": {
                "error": "OSError(22, 'Invalid argument')"
              },
              "type": {
                "error": "OSError(22, 'Invalid argument')"
              }
            },
            {
              "index": "803",
              "value": "0000:0000:0000:0000:0000:0000:0000:0000",
              "ndev": {
                "error": "OSError(22, 'Invalid argument')"
              },
              "type": {
                "error": "OSError(22, 'Invalid argument')"
              }
            },
            {
              "index": "181",
              "value": "0000:0000:0000:0000:0000:0000:0000:0000",
              "ndev": {
                "error": "OSError(22, 'Invalid argument')"
              },
              "type": {
                "error": "OSError(22, 'Invalid argument')"
              }
            },
            {
              "index": "747",
              "value": "0000:0000:0000:0000:0000:0000:0000:0000",
              "ndev": {
                "error": "OSError(22, 'Invalid argument')"
              },
              "type": {
                "error": "OSError(22, 'Invalid argument')"
              }
            },
            {
              "index": "115",
              "value": "0000:0000:0000:0000:0000:0000:0000:0000",
              "ndev": {
                "error": "OSError(22, 'Invalid argument')"
              },
              "type": {
                "error": "OSError(22, 'Invalid argument')"
              }
            },
            {
              "index": "690",
              "value": "0000:0000:0000:0000:0000:0000:0000:0000",
              "ndev": {
                "error": "OSError(22, 'Invalid argument')"
              },
              "type": {
                "error": "OSError(22, 'Invalid argument')"
              }
            },
            {
              "index": "624",
              "value": "0000:0000:0000:0000:0000:0000:0000:0000",
              "ndev": {
                "error": "OSError(22, 'Invalid argument')"
              },
              "type": {
                "error": "OSError(22, 'Invalid argument')"
              }
            },
            {
              "index": "568",
              "value": "0000:0000:0000:0000:0000:0000:0000:0000",
              "ndev": {
                "error": "OSError(22, 'Invalid argument')"
              },
              "type": {
                "error": "OSError(22, 'Invalid argument')"
              }
            },
            {
              "index": "62",
              "value": "0000:0000:0000:0000:0000:0000:0000:0000",
              "ndev": {
                "error": "OSError(22, 'Invalid argument')"
              },
              "type": {
                "error": "OSError(22, 'Invalid argument')"
              }
            },
            {
              "index": "501",
              "value": "0000:0000:0000:0000:0000:0000:0000:0000",
              "ndev": {
                "error": "OSError(22, 'Invalid argument')"
              },
              "type": {
                "error": "OSError(22, 'Invalid argument')"
              }
            },
            {
              "index": "445",
              "value": "0000:0000:0000:0000:0000:0000:0000:0000",
              "ndev": {
                "error": "OSError(22, 'Invalid argument')"
              },
              "type": {
                "error": "OSError(22, 'Invalid argument')"
              }
            },
            {
              "index": "389",
              "value": "0000:0000:0000:0000:0000:0000:0000:0000",
              "ndev": {
                "error": "OSError(22, 'Invalid argument')"
              },
              "type": {
                "error": "OSError(22, 'Invalid argument')"
              }
            },
            {
              "index": "954",
              "value": "0000:0000:0000:0000:0000:0000:0000:0000",
              "ndev": {
                "error": "OSError(22, 'Invalid argument')"
              },
              "type": {
                "error": "OSError(22, 'Invalid argument')"
              }
            },
            {
              "index": "322",
              "value": "0000:0000:0000:0000:0000:0000:0000:0000",
              "ndev": {
                "error": "OSError(22, 'Invalid argument')"
              },
              "type": {
                "error": "OSError(22, 'Invalid argument')"
              }
            },
            {
              "index": "898",
              "value": "0000:0000:0000:0000:0000:0000:0000:0000",
              "ndev": {
                "error": "OSError(22, 'Invalid argument')"
              },
              "type": {
                "error": "OSError(22, 'Invalid argument')"
              }
            },
            {
              "index": "266",
              "value": "0000:0000:0000:0000:0000:0000:0000:0000",
              "ndev": {
                "error": "OSError(22, 'Invalid argument')"
              },
              "type": {
                "error": "OSError(22, 'Invalid argument')"
              }
            },
            {
              "index": "831",
              "value": "0000:0000:0000:0000:0000:0000:0000:0000",
              "ndev": {
                "error": "OSError(22, 'Invalid argument')"
              },
              "type": {
                "error": "OSError(22, 'Invalid argument')"
              }
            },
            {
              "index": "775",
              "value": "0000:0000:0000:0000:0000:0000:0000:0000",
              "ndev": {
                "error": "OSError(22, 'Invalid argument')"
              },
              "type": {
                "error": "OSError(22, 'Invalid argument')"
              }
            },
            {
              "index": "143",
              "value": "0000:0000:0000:0000:0000:0000:0000:0000",
              "ndev": {
                "error": "OSError(22, 'Invalid argument')"
              },
              "type": {
                "error": "OSError(22, 'Invalid argument')"
              }
            },
            {
              "index": "709",
              "value": "0000:0000:0000:0000:0000:0000:0000:0000",
              "ndev": {
                "error": "OSError(22, 'Invalid argument')"
              },
              "type": {
                "error": "OSError(22, 'Invalid argument')"
              }
            },
            {
              "index": "1011",
              "value": "0000:0000:0000:0000:0000:0000:0000:0000",
              "ndev": {
                "error": "OSError(22, 'Invalid argument')"
              },
              "type": {
                "error": "OSError(22, 'Invalid argument')"
              }
            },
            {
              "index": "652",
              "value": "0000:0000:0000:0000:0000:0000:0000:0000",
              "ndev": {
                "error": "OSError(22, 'Invalid argument')"
              },
              "type": {
                "error": "OSError(22, 'Invalid argument')"
              }
            },
            {
              "index": "596",
              "value": "0000:0000:0000:0000:0000:0000:0000:0000",
              "ndev": {
                "error": "OSError(22, 'Invalid argument')"
              },
              "type": {
                "error": "OSError(22, 'Invalid argument')"
              }
            },
            {
              "index": "90",
              "value": "0000:0000:0000:0000:0000:0000:0000:0000",
              "ndev": {
                "error": "OSError(22, 'Invalid argument')"
              },
              "type": {
                "error": "OSError(22, 'Invalid argument')"
              }
            },
            {
              "index": "24",
              "value": "0000:0000:0000:0000:0000:0000:0000:0000",
              "ndev": {
                "error": "OSError(22, 'Invalid argument')"
              },
              "type": {
                "error": "OSError(22, 'Invalid argument')"
              }
            },
            {
              "index": "473",
              "value": "0000:0000:0000:0000:0000:0000:0000:0000",
              "ndev": {
                "error": "OSError(22, 'Invalid argument')"
              },
              "type": {
                "error": "OSError(22, 'Invalid argument')"
              }
            },
            {
              "index": "407",
              "value": "0000:0000:0000:0000:0000:0000:0000:0000",
              "ndev": {
                "error": "OSError(22, 'Invalid argument')"
              },
              "type": {
                "error": "OSError(22, 'Invalid argument')"
              }
            },
            {
              "index": "982",
              "value": "0000:0000:0000:0000:0000:0000:0000:0000",
              "ndev": {
                "error": "OSError(22, 'Invalid argument')"
              },
              "type": {
                "error": "OSError(22, 'Invalid argument')"
              }
            },
            {
              "index": "350",
              "value": "0000:0000:0000:0000:0000:0000:0000:0000",
              "ndev": {
                "error": "OSError(22, 'Invalid argument')"
              },
              "type": {
                "error": "OSError(22, 'Invalid argument')"
              }
            },
            {
              "index": "916",
              "value": "0000:0000:0000:0000:0000:0000:0000:0000",
              "ndev": {
                "error": "OSError(22, 'Invalid argument')"
              },
              "type": {
                "error": "OSError(22, 'Invalid argument')"
              }
            },
            {
              "index": "294",
              "value": "0000:0000:0000:0000:0000:0000:0000:0000",
              "ndev": {
                "error": "OSError(22, 'Invalid argument')"
              },
              "type": {
                "error": "OSError(22, 'Invalid argument')"
              }
            },
            {
              "index": "228",
              "value": "0000:0000:0000:0000:0000:0000:0000:0000",
              "ndev": {
                "error": "OSError(22, 'Invalid argument')"
              },
              "type": {
                "error": "OSError(22, 'Invalid argument')"
              }
            },
            {
              "index": "171",
              "value": "0000:0000:0000:0000:0000:0000:0000:0000",
              "ndev": {
                "error": "OSError(22, 'Invalid argument')"
              },
              "type": {
                "error": "OSError(22, 'Invalid argument')"
              }
            },
            {
              "index": "737",
              "value": "0000:0000:0000:0000:0000:0000:0000:0000",
              "ndev": {
                "error": "OSError(22, 'Invalid argument')"
              },
              "type": {
                "error": "OSError(22, 'Invalid argument')"
              }
            },
            {
              "index": "105",
              "value": "0000:0000:0000:0000:0000:0000:0000:0000",
              "ndev": {
                "error": "OSError(22, 'Invalid argument')"
              },
              "type": {
                "error": "OSError(22, 'Invalid argument')"
              }
            },
            {
              "index": "680",
              "value": "0000:0000:0000:0000:0000:0000:0000:0000",
              "ndev": {
                "error": "OSError(22, 'Invalid argument')"
              },
              "type": {
                "error": "OSError(22, 'Invalid argument')"
              }
            },
            {
              "index": "614",
              "value": "0000:0000:0000:0000:0000:0000:0000:0000",
              "ndev": {
                "error": "OSError(22, 'Invalid argument')"
              },
              "type": {
                "error": "OSError(22, 'Invalid argument')"
              }
            },
            {
              "index": "558",
              "value": "0000:0000:0000:0000:0000:0000:0000:0000",
              "ndev": {
                "error": "OSError(22, 'Invalid argument')"
              },
              "type": {
                "error": "OSError(22, 'Invalid argument')"
              }
            },
            {
              "index": "52",
              "value": "0000:0000:0000:0000:0000:0000:0000:0000",
              "ndev": {
                "error": "OSError(22, 'Invalid argument')"
              },
              "type": {
                "error": "OSError(22, 'Invalid argument')"
              }
            },
            {
              "index": "435",
              "value": "0000:0000:0000:0000:0000:0000:0000:0000",
              "ndev": {
                "error": "OSError(22, 'Invalid argument')"
              },
              "type": {
                "error": "OSError(22, 'Invalid argument')"
              }
            },
            {
              "index": "379",
              "value": "0000:0000:0000:0000:0000:0000:0000:0000",
              "ndev": {
                "error": "OSError(22, 'Invalid argument')"
              },
              "type": {
                "error": "OSError(22, 'Invalid argument')"
              }
            },
            {
              "index": "944",
              "value": "0000:0000:0000:0000:0000:0000:0000:0000",
              "ndev": {
                "error": "OSError(22, 'Invalid argument')"
              },
              "type": {
                "error": "OSError(22, 'Invalid argument')"
              }
            },
            {
              "index": "312",
              "value": "0000:0000:0000:0000:0000:0000:0000:0000",
              "ndev": {
                "error": "OSError(22, 'Invalid argument')"
              },
              "type": {
                "error": "OSError(22, 'Invalid argument')"
              }
            },
            {
              "index": "888",
              "value": "0000:0000:0000:0000:0000:0000:0000:0000",
              "ndev": {
                "error": "OSError(22, 'Invalid argument')"
              },
              "type": {
                "error": "OSError(22, 'Invalid argument')"
              }
            },
            {
              "index": "256",
              "value": "0000:0000:0000:0000:0000:0000:0000:0000",
              "ndev": {
                "error": "OSError(22, 'Invalid argument')"
              },
              "type": {
                "error": "OSError(22, 'Invalid argument')"
              }
            },
            {
              "index": "821",
              "value": "0000:0000:0000:0000:0000:0000:0000:0000",
              "ndev": {
                "error": "OSError(22, 'Invalid argument')"
              },
              "type": {
                "error": "OSError(22, 'Invalid argument')"
              }
            },
            {
              "index": "765",
              "value": "0000:0000:0000:0000:0000:0000:0000:0000",
              "ndev": {
                "error": "OSError(22, 'Invalid argument')"
              },
              "type": {
                "error": "OSError(22, 'Invalid argument')"
              }
            },
            {
              "index": "133",
              "value": "0000:0000:0000:0000:0000:0000:0000:0000",
              "ndev": {
                "error": "OSError(22, 'Invalid argument')"
              },
              "type": {
                "error": "OSError(22, 'Invalid argument')"
              }
            },
            {
              "index": "1001",
              "value": "0000:0000:0000:0000:0000:0000:0000:0000",
              "ndev": {
                "error": "OSError(22, 'Invalid argument')"
              },
              "type": {
                "error": "OSError(22, 'Invalid argument')"
              }
            },
            {
              "index": "642",
              "value": "0000:0000:0000:0000:0000:0000:0000:0000",
              "ndev": {
                "error": "OSError(22, 'Invalid argument')"
              },
              "type": {
                "error": "OSError(22, 'Invalid argument')"
              }
            },
            {
              "index": "586",
              "value": "0000:0000:0000:0000:0000:0000:0000:0000",
              "ndev": {
                "error": "OSError(22, 'Invalid argument')"
              },
              "type": {
                "error": "OSError(22, 'Invalid argument')"
              }
            },
            {
              "index": "80",
              "value": "0000:0000:0000:0000:0000:0000:0000:0000",
              "ndev": {
                "error": "OSError(22, 'Invalid argument')"
              },
              "type": {
                "error": "OSError(22, 'Invalid argument')"
              }
            },
            {
              "index": "14",
              "value": "0000:0000:0000:0000:0000:0000:0000:0000",
              "ndev": {
                "error": "OSError(22, 'Invalid argument')"
              },
              "type": {
                "error": "OSError(22, 'Invalid argument')"
              }
            },
            {
              "index": "463",
              "value": "0000:0000:0000:0000:0000:0000:0000:0000",
              "ndev": {
                "error": "OSError(22, 'Invalid argument')"
              },
              "type": {
                "error": "OSError(22, 'Invalid argument')"
              }
            },
            {
              "index": "972",
              "value": "0000:0000:0000:0000:0000:0000:0000:0000",
              "ndev": {
                "error": "OSError(22, 'Invalid argument')"
              },
              "type": {
                "error": "OSError(22, 'Invalid argument')"
              }
            },
            {
              "index": "340",
              "value": "0000:0000:0000:0000:0000:0000:0000:0000",
              "ndev": {
                "error": "OSError(22, 'Invalid argument')"
              },
              "type": {
                "error": "OSError(22, 'Invalid argument')"
              }
            },
            {
              "index": "906",
              "value": "0000:0000:0000:0000:0000:0000:0000:0000",
              "ndev": {
                "error": "OSError(22, 'Invalid argument')"
              },
              "type": {
                "error": "OSError(22, 'Invalid argument')"
              }
            },
            {
              "index": "284",
              "value": "0000:0000:0000:0000:0000:0000:0000:0000",
              "ndev": {
                "error": "OSError(22, 'Invalid argument')"
              },
              "type": {
                "error": "OSError(22, 'Invalid argument')"
              }
            },
            {
              "index": "218",
              "value": "0000:0000:0000:0000:0000:0000:0000:0000",
              "ndev": {
                "error": "OSError(22, 'Invalid argument')"
              },
              "type": {
                "error": "OSError(22, 'Invalid argument')"
              }
            },
            {
              "index": "793",
              "value": "0000:0000:0000:0000:0000:0000:0000:0000",
              "ndev": {
                "error": "OSError(22, 'Invalid argument')"
              },
              "type": {
                "error": "OSError(22, 'Invalid argument')"
              }
            },
            {
              "index": "161",
              "value": "0000:0000:0000:0000:0000:0000:0000:0000",
              "ndev": {
                "error": "OSError(22, 'Invalid argument')"
              },
              "type": {
                "error": "OSError(22, 'Invalid argument')"
              }
            },
            {
              "index": "727",
              "value": "0000:0000:0000:0000:0000:0000:0000:0000",
              "ndev": {
                "error": "OSError(22, 'Invalid argument')"
              },
              "type": {
                "error": "OSError(22, 'Invalid argument')"
              }
            },
            {
              "index": "670",
              "value": "0000:0000:0000:0000:0000:0000:0000:0000",
              "ndev": {
                "error": "OSError(22, 'Invalid argument')"
              },
              "type": {
                "error": "OSError(22, 'Invalid argument')"
              }
            },
            {
              "index": "604",
              "value": "0000:0000:0000:0000:0000:0000:0000:0000",
              "ndev": {
                "error": "OSError(22, 'Invalid argument')"
              },
              "type": {
                "error": "OSError(22, 'Invalid argument')"
              }
            },
            {
              "index": "548",
              "value": "0000:0000:0000:0000:0000:0000:0000:0000",
              "ndev": {
                "error": "OSError(22, 'Invalid argument')"
              },
              "type": {
                "error": "OSError(22, 'Invalid argument')"
              }
            },
            {
              "index": "42",
              "value": "0000:0000:0000:0000:0000:0000:0000:0000",
              "ndev": {
                "error": "OSError(22, 'Invalid argument')"
              },
              "type": {
                "error": "OSError(22, 'Invalid argument')"
              }
            },
            {
              "index": "491",
              "value": "0000:0000:0000:0000:0000:0000:0000:0000",
              "ndev": {
                "error": "OSError(22, 'Invalid argument')"
              },
              "type": {
                "error": "OSError(22, 'Invalid argument')"
              }
            },
            {
              "index": "425",
              "value": "0000:0000:0000:0000:0000:0000:0000:0000",
              "ndev": {
                "error": "OSError(22, 'Invalid argument')"
              },
              "type": {
                "error": "OSError(22, 'Invalid argument')"
              }
            },
            {
              "index": "369",
              "value": "0000:0000:0000:0000:0000:0000:0000:0000",
              "ndev": {
                "error": "OSError(22, 'Invalid argument')"
              },
              "type": {
                "error": "OSError(22, 'Invalid argument')"
              }
            },
            {
              "index": "934",
              "value": "0000:0000:0000:0000:0000:0000:0000:0000",
              "ndev": {
                "error": "OSError(22, 'Invalid argument')"
              },
              "type": {
                "error": "OSError(22, 'Invalid argument')"
              }
            },
            {
              "index": "302",
              "value": "0000:0000:0000:0000:0000:0000:0000:0000",
              "ndev": {
                "error": "OSError(22, 'Invalid argument')"
              },
              "type": {
                "error": "OSError(22, 'Invalid argument')"
              }
            },
            {
              "index": "878",
              "value": "0000:0000:0000:0000:0000:0000:0000:0000",
              "ndev": {
                "error": "OSError(22, 'Invalid argument')"
              },
              "type": {
                "error": "OSError(22, 'Invalid argument')"
              }
            },
            {
              "index": "246",
              "value": "0000:0000:0000:0000:0000:0000:0000:0000",
              "ndev": {
                "error": "OSError(22, 'Invalid argument')"
              },
              "type": {
                "error": "OSError(22, 'Invalid argument')"
              }
            },
            {
              "index": "811",
              "value": "0000:0000:0000:0000:0000:0000:0000:0000",
              "ndev": {
                "error": "OSError(22, 'Invalid argument')"
              },
              "type": {
                "error": "OSError(22, 'Invalid argument')"
              }
            },
            {
              "index": "755",
              "value": "0000:0000:0000:0000:0000:0000:0000:0000",
              "ndev": {
                "error": "OSError(22, 'Invalid argument')"
              },
              "type": {
                "error": "OSError(22, 'Invalid argument')"
              }
            },
            {
              "index": "123",
              "value": "0000:0000:0000:0000:0000:0000:0000:0000",
              "ndev": {
                "error": "OSError(22, 'Invalid argument')"
              },
              "type": {
                "error": "OSError(22, 'Invalid argument')"
              }
            },
            {
              "index": "699",
              "value": "0000:0000:0000:0000:0000:0000:0000:0000",
              "ndev": {
                "error": "OSError(22, 'Invalid argument')"
              },
              "type": {
                "error": "OSError(22, 'Invalid argument')"
              }
            },
            {
              "index": "632",
              "value": "0000:0000:0000:0000:0000:0000:0000:0000",
              "ndev": {
                "error": "OSError(22, 'Invalid argument')"
              },
              "type": {
                "error": "OSError(22, 'Invalid argument')"
              }
            },
            {
              "index": "576",
              "value": "0000:0000:0000:0000:0000:0000:0000:0000",
              "ndev": {
                "error": "OSError(22, 'Invalid argument')"
              },
              "type": {
                "error": "OSError(22, 'Invalid argument')"
              }
            },
            {
              "index": "70",
              "value": "0000:0000:0000:0000:0000:0000:0000:0000",
              "ndev": {
                "error": "OSError(22, 'Invalid argument')"
              },
              "type": {
                "error": "OSError(22, 'Invalid argument')"
              }
            },
            {
              "index": "453",
              "value": "0000:0000:0000:0000:0000:0000:0000:0000",
              "ndev": {
                "error": "OSError(22, 'Invalid argument')"
              },
              "type": {
                "error": "OSError(22, 'Invalid argument')"
              }
            },
            {
              "index": "397",
              "value": "0000:0000:0000:0000:0000:0000:0000:0000",
              "ndev": {
                "error": "OSError(22, 'Invalid argument')"
              },
              "type": {
                "error": "OSError(22, 'Invalid argument')"
              }
            },
            {
              "index": "962",
              "value": "0000:0000:0000:0000:0000:0000:0000:0000",
              "ndev": {
                "error": "OSError(22, 'Invalid argument')"
              },
              "type": {
                "error": "OSError(22, 'Invalid argument')"
              }
            },
            {
              "index": "330",
              "value": "0000:0000:0000:0000:0000:0000:0000:0000",
              "ndev": {
                "error": "OSError(22, 'Invalid argument')"
              },
              "type": {
                "error": "OSError(22, 'Invalid argument')"
              }
            },
            {
              "index": "274",
              "value": "0000:0000:0000:0000:0000:0000:0000:0000",
              "ndev": {
                "error": "OSError(22, 'Invalid argument')"
              },
              "type": {
                "error": "OSError(22, 'Invalid argument')"
              }
            },
            {
              "index": "208",
              "value": "0000:0000:0000:0000:0000:0000:0000:0000",
              "ndev": {
                "error": "OSError(22, 'Invalid argument')"
              },
              "type": {
                "error": "OSError(22, 'Invalid argument')"
              }
            },
            {
              "index": "783",
              "value": "0000:0000:0000:0000:0000:0000:0000:0000",
              "ndev": {
                "error": "OSError(22, 'Invalid argument')"
              },
              "type": {
                "error": "OSError(22, 'Invalid argument')"
              }
            },
            {
              "index": "151",
              "value": "0000:0000:0000:0000:0000:0000:0000:0000",
              "ndev": {
                "error": "OSError(22, 'Invalid argument')"
              },
              "type": {
                "error": "OSError(22, 'Invalid argument')"
              }
            },
            {
              "index": "717",
              "value": "0000:0000:0000:0000:0000:0000:0000:0000",
              "ndev": {
                "error": "OSError(22, 'Invalid argument')"
              },
              "type": {
                "error": "OSError(22, 'Invalid argument')"
              }
            },
            {
              "index": "660",
              "value": "0000:0000:0000:0000:0000:0000:0000:0000",
              "ndev": {
                "error": "OSError(22, 'Invalid argument')"
              },
              "type": {
                "error": "OSError(22, 'Invalid argument')"
              }
            },
            {
              "index": "99",
              "value": "0000:0000:0000:0000:0000:0000:0000:0000",
              "ndev": {
                "error": "OSError(22, 'Invalid argument')"
              },
              "type": {
                "error": "OSError(22, 'Invalid argument')"
              }
            },
            {
              "index": "538",
              "value": "0000:0000:0000:0000:0000:0000:0000:0000",
              "ndev": {
                "error": "OSError(22, 'Invalid argument')"
              },
              "type": {
                "error": "OSError(22, 'Invalid argument')"
              }
            },
            {
              "index": "32",
              "value": "0000:0000:0000:0000:0000:0000:0000:0000",
              "ndev": {
                "error": "OSError(22, 'Invalid argument')"
              },
              "type": {
                "error": "OSError(22, 'Invalid argument')"
              }
            },
            {
              "index": "481",
              "value": "0000:0000:0000:0000:0000:0000:0000:0000",
              "ndev": {
                "error": "OSError(22, 'Invalid argument')"
              },
              "type": {
                "error": "OSError(22, 'Invalid argument')"
              }
            },
            {
              "index": "415",
              "value": "0000:0000:0000:0000:0000:0000:0000:0000",
              "ndev": {
                "error": "OSError(22, 'Invalid argument')"
              },
              "type": {
                "error": "OSError(22, 'Invalid argument')"
              }
            },
            {
              "index": "990",
              "value": "0000:0000:0000:0000:0000:0000:0000:0000",
              "ndev": {
                "error": "OSError(22, 'Invalid argument')"
              },
              "type": {
                "error": "OSError(22, 'Invalid argument')"
              }
            },
            {
              "index": "359",
              "value": "0000:0000:0000:0000:0000:0000:0000:0000",
              "ndev": {
                "error": "OSError(22, 'Invalid argument')"
              },
              "type": {
                "error": "OSError(22, 'Invalid argument')"
              }
            },
            {
              "index": "924",
              "value": "0000:0000:0000:0000:0000:0000:0000:0000",
              "ndev": {
                "error": "OSError(22, 'Invalid argument')"
              },
              "type": {
                "error": "OSError(22, 'Invalid argument')"
              }
            },
            {
              "index": "4",
              "value": "0000:0000:0000:0000:0000:0000:0000:0000",
              "ndev": {
                "error": "OSError(22, 'Invalid argument')"
              },
              "type": {
                "error": "OSError(22, 'Invalid argument')"
              }
            },
            {
              "index": "868",
              "value": "0000:0000:0000:0000:0000:0000:0000:0000",
              "ndev": {
                "error": "OSError(22, 'Invalid argument')"
              },
              "type": {
                "error": "OSError(22, 'Invalid argument')"
              }
            },
            {
              "index": "236",
              "value": "0000:0000:0000:0000:0000:0000:0000:0000",
              "ndev": {
                "error": "OSError(22, 'Invalid argument')"
              },
              "type": {
                "error": "OSError(22, 'Invalid argument')"
              }
            },
            {
              "index": "801",
              "value": "0000:0000:0000:0000:0000:0000:0000:0000",
              "ndev": {
                "error": "OSError(22, 'Invalid argument')"
              },
              "type": {
                "error": "OSError(22, 'Invalid argument')"
              }
            },
            {
              "index": "745",
              "value": "0000:0000:0000:0000:0000:0000:0000:0000",
              "ndev": {
                "error": "OSError(22, 'Invalid argument')"
              },
              "type": {
                "error": "OSError(22, 'Invalid argument')"
              }
            },
            {
              "index": "113",
              "value": "0000:0000:0000:0000:0000:0000:0000:0000",
              "ndev": {
                "error": "OSError(22, 'Invalid argument')"
              },
              "type": {
                "error": "OSError(22, 'Invalid argument')"
              }
            },
            {
              "index": "689",
              "value": "0000:0000:0000:0000:0000:0000:0000:0000",
              "ndev": {
                "error": "OSError(22, 'Invalid argument')"
              },
              "type": {
                "error": "OSError(22, 'Invalid argument')"
              }
            },
            {
              "index": "622",
              "value": "0000:0000:0000:0000:0000:0000:0000:0000",
              "ndev": {
                "error": "OSError(22, 'Invalid argument')"
              },
              "type": {
                "error": "OSError(22, 'Invalid argument')"
              }
            },
            {
              "index": "566",
              "value": "0000:0000:0000:0000:0000:0000:0000:0000",
              "ndev": {
                "error": "OSError(22, 'Invalid argument')"
              },
              "type": {
                "error": "OSError(22, 'Invalid argument')"
              }
            },
            {
              "index": "60",
              "value": "0000:0000:0000:0000:0000:0000:0000:0000",
              "ndev": {
                "error": "OSError(22, 'Invalid argument')"
              },
              "type": {
                "error": "OSError(22, 'Invalid argument')"
              }
            },
            {
              "index": "443",
              "value": "0000:0000:0000:0000:0000:0000:0000:0000",
              "ndev": {
                "error": "OSError(22, 'Invalid argument')"
              },
              "type": {
                "error": "OSError(22, 'Invalid argument')"
              }
            },
            {
              "index": "387",
              "value": "0000:0000:0000:0000:0000:0000:0000:0000",
              "ndev": {
                "error": "OSError(22, 'Invalid argument')"
              },
              "type": {
                "error": "OSError(22, 'Invalid argument')"
              }
            },
            {
              "index": "952",
              "value": "0000:0000:0000:0000:0000:0000:0000:0000",
              "ndev": {
                "error": "OSError(22, 'Invalid argument')"
              },
              "type": {
                "error": "OSError(22, 'Invalid argument')"
              }
            },
            {
              "index": "320",
              "value": "0000:0000:0000:0000:0000:0000:0000:0000",
              "ndev": {
                "error": "OSError(22, 'Invalid argument')"
              },
              "type": {
                "error": "OSError(22, 'Invalid argument')"
              }
            },
            {
              "index": "896",
              "value": "0000:0000:0000:0000:0000:0000:0000:0000",
              "ndev": {
                "error": "OSError(22, 'Invalid argument')"
              },
              "type": {
                "error": "OSError(22, 'Invalid argument')"
              }
            },
            {
              "index": "264",
              "value": "0000:0000:0000:0000:0000:0000:0000:0000",
              "ndev": {
                "error": "OSError(22, 'Invalid argument')"
              },
              "type": {
                "error": "OSError(22, 'Invalid argument')"
              }
            },
            {
              "index": "773",
              "value": "0000:0000:0000:0000:0000:0000:0000:0000",
              "ndev": {
                "error": "OSError(22, 'Invalid argument')"
              },
              "type": {
                "error": "OSError(22, 'Invalid argument')"
              }
            },
            {
              "index": "141",
              "value": "0000:0000:0000:0000:0000:0000:0000:0000",
              "ndev": {
                "error": "OSError(22, 'Invalid argument')"
              },
              "type": {
                "error": "OSError(22, 'Invalid argument')"
              }
            },
            {
              "index": "707",
              "value": "0000:0000:0000:0000:0000:0000:0000:0000",
              "ndev": {
                "error": "OSError(22, 'Invalid argument')"
              },
              "type": {
                "error": "OSError(22, 'Invalid argument')"
              }
            },
            {
              "index": "650",
              "value": "0000:0000:0000:0000:0000:0000:0000:0000",
              "ndev": {
                "error": "OSError(22, 'Invalid argument')"
              },
              "type": {
                "error": "OSError(22, 'Invalid argument')"
              }
            },
            {
              "index": "594",
              "value": "0000:0000:0000:0000:0000:0000:0000:0000",
              "ndev": {
                "error": "OSError(22, 'Invalid argument')"
              },
              "type": {
                "error": "OSError(22, 'Invalid argument')"
              }
            },
            {
              "index": "89",
              "value": "0000:0000:0000:0000:0000:0000:0000:0000",
              "ndev": {
                "error": "OSError(22, 'Invalid argument')"
              },
              "type": {
                "error": "OSError(22, 'Invalid argument')"
              }
            },
            {
              "index": "528",
              "value": "0000:0000:0000:0000:0000:0000:0000:0000",
              "ndev": {
                "error": "OSError(22, 'Invalid argument')"
              },
              "type": {
                "error": "OSError(22, 'Invalid argument')"
              }
            },
            {
              "index": "22",
              "value": "0000:0000:0000:0000:0000:0000:0000:0000",
              "ndev": {
                "error": "OSError(22, 'Invalid argument')"
              },
              "type": {
                "error": "OSError(22, 'Invalid argument')"
              }
            },
            {
              "index": "471",
              "value": "0000:0000:0000:0000:0000:0000:0000:0000",
              "ndev": {
                "error": "OSError(22, 'Invalid argument')"
              },
              "type": {
                "error": "OSError(22, 'Invalid argument')"
              }
            },
            {
              "index": "405",
              "value": "0000:0000:0000:0000:0000:0000:0000:0000",
              "ndev": {
                "error": "OSError(22, 'Invalid argument')"
              },
              "type": {
                "error": "OSError(22, 'Invalid argument')"
              }
            },
            {
              "index": "980",
              "value": "0000:0000:0000:0000:0000:0000:0000:0000",
              "ndev": {
                "error": "OSError(22, 'Invalid argument')"
              },
              "type": {
                "error": "OSError(22, 'Invalid argument')"
              }
            },
            {
              "index": "349",
              "value": "0000:0000:0000:0000:0000:0000:0000:0000",
              "ndev": {
                "error": "OSError(22, 'Invalid argument')"
              },
              "type": {
                "error": "OSError(22, 'Invalid argument')"
              }
            },
            {
              "index": "914",
              "value": "0000:0000:0000:0000:0000:0000:0000:0000",
              "ndev": {
                "error": "OSError(22, 'Invalid argument')"
              },
              "type": {
                "error": "OSError(22, 'Invalid argument')"
              }
            },
            {
              "index": "292",
              "value": "0000:0000:0000:0000:0000:0000:0000:0000",
              "ndev": {
                "error": "OSError(22, 'Invalid argument')"
              },
              "type": {
                "error": "OSError(22, 'Invalid argument')"
              }
            },
            {
              "index": "858",
              "value": "0000:0000:0000:0000:0000:0000:0000:0000",
              "ndev": {
                "error": "OSError(22, 'Invalid argument')"
              },
              "type": {
                "error": "OSError(22, 'Invalid argument')"
              }
            },
            {
              "index": "226",
              "value": "0000:0000:0000:0000:0000:0000:0000:0000",
              "ndev": {
                "error": "OSError(22, 'Invalid argument')"
              },
              "type": {
                "error": "OSError(22, 'Invalid argument')"
              }
            },
            {
              "index": "735",
              "value": "0000:0000:0000:0000:0000:0000:0000:0000",
              "ndev": {
                "error": "OSError(22, 'Invalid argument')"
              },
              "type": {
                "error": "OSError(22, 'Invalid argument')"
              }
            },
            {
              "index": "103",
              "value": "0000:0000:0000:0000:0000:0000:0000:0000",
              "ndev": {
                "error": "OSError(22, 'Invalid argument')"
              },
              "type": {
                "error": "OSError(22, 'Invalid argument')"
              }
            },
            {
              "index": "679",
              "value": "0000:0000:0000:0000:0000:0000:0000:0000",
              "ndev": {
                "error": "OSError(22, 'Invalid argument')"
              },
              "type": {
                "error": "OSError(22, 'Invalid argument')"
              }
            },
            {
              "index": "612",
              "value": "0000:0000:0000:0000:0000:0000:0000:0000",
              "ndev": {
                "error": "OSError(22, 'Invalid argument')"
              },
              "type": {
                "error": "OSError(22, 'Invalid argument')"
              }
            },
            {
              "index": "556",
              "value": "0000:0000:0000:0000:0000:0000:0000:0000",
              "ndev": {
                "error": "OSError(22, 'Invalid argument')"
              },
              "type": {
                "error": "OSError(22, 'Invalid argument')"
              }
            },
            {
              "index": "50",
              "value": "0000:0000:0000:0000:0000:0000:0000:0000",
              "ndev": {
                "error": "OSError(22, 'Invalid argument')"
              },
              "type": {
                "error": "OSError(22, 'Invalid argument')"
              }
            },
            {
              "index": "433",
              "value": "0000:0000:0000:0000:0000:0000:0000:0000",
              "ndev": {
                "error": "OSError(22, 'Invalid argument')"
              },
              "type": {
                "error": "OSError(22, 'Invalid argument')"
              }
            },
            {
              "index": "377",
              "value": "0000:0000:0000:0000:0000:0000:0000:0000",
              "ndev": {
                "error": "OSError(22, 'Invalid argument')"
              },
              "type": {
                "error": "OSError(22, 'Invalid argument')"
              }
            },
            {
              "index": "942",
              "value": "0000:0000:0000:0000:0000:0000:0000:0000",
              "ndev": {
                "error": "OSError(22, 'Invalid argument')"
              },
              "type": {
                "error": "OSError(22, 'Invalid argument')"
              }
            },
            {
              "index": "310",
              "value": "0000:0000:0000:0000:0000:0000:0000:0000",
              "ndev": {
                "error": "OSError(22, 'Invalid argument')"
              },
              "type": {
                "error": "OSError(22, 'Invalid argument')"
              }
            },
            {
              "index": "886",
              "value": "0000:0000:0000:0000:0000:0000:0000:0000",
              "ndev": {
                "error": "OSError(22, 'Invalid argument')"
              },
              "type": {
                "error": "OSError(22, 'Invalid argument')"
              }
            },
            {
              "index": "254",
              "value": "0000:0000:0000:0000:0000:0000:0000:0000",
              "ndev": {
                "error": "OSError(22, 'Invalid argument')"
              },
              "type": {
                "error": "OSError(22, 'Invalid argument')"
              }
            },
            {
              "index": "198",
              "value": "0000:0000:0000:0000:0000:0000:0000:0000",
              "ndev": {
                "error": "OSError(22, 'Invalid argument')"
              },
              "type": {
                "error": "OSError(22, 'Invalid argument')"
              }
            },
            {
              "index": "763",
              "value": "0000:0000:0000:0000:0000:0000:0000:0000",
              "ndev": {
                "error": "OSError(22, 'Invalid argument')"
              },
              "type": {
                "error": "OSError(22, 'Invalid argument')"
              }
            },
            {
              "index": "131",
              "value": "0000:0000:0000:0000:0000:0000:0000:0000",
              "ndev": {
                "error": "OSError(22, 'Invalid argument')"
              },
              "type": {
                "error": "OSError(22, 'Invalid argument')"
              }
            },
            {
              "index": "640",
              "value": "0000:0000:0000:0000:0000:0000:0000:0000",
              "ndev": {
                "error": "OSError(22, 'Invalid argument')"
              },
              "type": {
                "error": "OSError(22, 'Invalid argument')"
              }
            },
            {
              "index": "584",
              "value": "0000:0000:0000:0000:0000:0000:0000:0000",
              "ndev": {
                "error": "OSError(22, 'Invalid argument')"
              },
              "type": {
                "error": "OSError(22, 'Invalid argument')"
              }
            },
            {
              "index": "79",
              "value": "0000:0000:0000:0000:0000:0000:0000:0000",
              "ndev": {
                "error": "OSError(22, 'Invalid argument')"
              },
              "type": {
                "error": "OSError(22, 'Invalid argument')"
              }
            },
            {
              "index": "518",
              "value": "0000:0000:0000:0000:0000:0000:0000:0000",
              "ndev": {
                "error": "OSError(22, 'Invalid argument')"
              },
              "type": {
                "error": "OSError(22, 'Invalid argument')"
              }
            },
            {
              "index": "12",
              "value": "0000:0000:0000:0000:0000:0000:0000:0000",
              "ndev": {
                "error": "OSError(22, 'Invalid argument')"
              },
              "type": {
                "error": "OSError(22, 'Invalid argument')"
              }
            },
            {
              "index": "461",
              "value": "0000:0000:0000:0000:0000:0000:0000:0000",
              "ndev": {
                "error": "OSError(22, 'Invalid argument')"
              },
              "type": {
                "error": "OSError(22, 'Invalid argument')"
              }
            },
            {
              "index": "970",
              "value": "0000:0000:0000:0000:0000:0000:0000:0000",
              "ndev": {
                "error": "OSError(22, 'Invalid argument')"
              },
              "type": {
                "error": "OSError(22, 'Invalid argument')"
              }
            },
            {
              "index": "339",
              "value": "0000:0000:0000:0000:0000:0000:0000:0000",
              "ndev": {
                "error": "OSError(22, 'Invalid argument')"
              },
              "type": {
                "error": "OSError(22, 'Invalid argument')"
              }
            },
            {
              "index": "904",
              "value": "0000:0000:0000:0000:0000:0000:0000:0000",
              "ndev": {
                "error": "OSError(22, 'Invalid argument')"
              },
              "type": {
                "error": "OSError(22, 'Invalid argument')"
              }
            },
            {
              "index": "282",
              "value": "0000:0000:0000:0000:0000:0000:0000:0000",
              "ndev": {
                "error": "OSError(22, 'Invalid argument')"
              },
              "type": {
                "error": "OSError(22, 'Invalid argument')"
              }
            },
            {
              "index": "848",
              "value": "0000:0000:0000:0000:0000:0000:0000:0000",
              "ndev": {
                "error": "OSError(22, 'Invalid argument')"
              },
              "type": {
                "error": "OSError(22, 'Invalid argument')"
              }
            },
            {
              "index": "216",
              "value": "0000:0000:0000:0000:0000:0000:0000:0000",
              "ndev": {
                "error": "OSError(22, 'Invalid argument')"
              },
              "type": {
                "error": "OSError(22, 'Invalid argument')"
              }
            },
            {
              "index": "791",
              "value": "0000:0000:0000:0000:0000:0000:0000:0000",
              "ndev": {
                "error": "OSError(22, 'Invalid argument')"
              },
              "type": {
                "error": "OSError(22, 'Invalid argument')"
              }
            },
            {
              "index": "725",
              "value": "0000:0000:0000:0000:0000:0000:0000:0000",
              "ndev": {
                "error": "OSError(22, 'Invalid argument')"
              },
              "type": {
                "error": "OSError(22, 'Invalid argument')"
              }
            },
            {
              "index": "669",
              "value": "0000:0000:0000:0000:0000:0000:0000:0000",
              "ndev": {
                "error": "OSError(22, 'Invalid argument')"
              },
              "type": {
                "error": "OSError(22, 'Invalid argument')"
              }
            },
            {
              "index": "602",
              "value": "0000:0000:0000:0000:0000:0000:0000:0000",
              "ndev": {
                "error": "OSError(22, 'Invalid argument')"
              },
              "type": {
                "error": "OSError(22, 'Invalid argument')"
              }
            },
            {
              "index": "546",
              "value": "0000:0000:0000:0000:0000:0000:0000:0000",
              "ndev": {
                "error": "OSError(22, 'Invalid argument')"
              },
              "type": {
                "error": "OSError(22, 'Invalid argument')"
              }
            },
            {
              "index": "40",
              "value": "0000:0000:0000:0000:0000:0000:0000:0000",
              "ndev": {
                "error": "OSError(22, 'Invalid argument')"
              },
              "type": {
                "error": "OSError(22, 'Invalid argument')"
              }
            },
            {
              "index": "423",
              "value": "0000:0000:0000:0000:0000:0000:0000:0000",
              "ndev": {
                "error": "OSError(22, 'Invalid argument')"
              },
              "type": {
                "error": "OSError(22, 'Invalid argument')"
              }
            },
            {
              "index": "999",
              "value": "0000:0000:0000:0000:0000:0000:0000:0000",
              "ndev": {
                "error": "OSError(22, 'Invalid argument')"
              },
              "type": {
                "error": "OSError(22, 'Invalid argument')"
              }
            },
            {
              "index": "367",
              "value": "0000:0000:0000:0000:0000:0000:0000:0000",
              "ndev": {
                "error": "OSError(22, 'Invalid argument')"
              },
              "type": {
                "error": "OSError(22, 'Invalid argument')"
              }
            },
            {
              "index": "932",
              "value": "0000:0000:0000:0000:0000:0000:0000:0000",
              "ndev": {
                "error": "OSError(22, 'Invalid argument')"
              },
              "type": {
                "error": "OSError(22, 'Invalid argument')"
              }
            },
            {
              "index": "300",
              "value": "0000:0000:0000:0000:0000:0000:0000:0000",
              "ndev": {
                "error": "OSError(22, 'Invalid argument')"
              },
              "type": {
                "error": "OSError(22, 'Invalid argument')"
              }
            },
            {
              "index": "876",
              "value": "0000:0000:0000:0000:0000:0000:0000:0000",
              "ndev": {
                "error": "OSError(22, 'Invalid argument')"
              },
              "type": {
                "error": "OSError(22, 'Invalid argument')"
              }
            },
            {
              "index": "244",
              "value": "0000:0000:0000:0000:0000:0000:0000:0000",
              "ndev": {
                "error": "OSError(22, 'Invalid argument')"
              },
              "type": {
                "error": "OSError(22, 'Invalid argument')"
              }
            },
            {
              "index": "188",
              "value": "0000:0000:0000:0000:0000:0000:0000:0000",
              "ndev": {
                "error": "OSError(22, 'Invalid argument')"
              },
              "type": {
                "error": "OSError(22, 'Invalid argument')"
              }
            },
            {
              "index": "753",
              "value": "0000:0000:0000:0000:0000:0000:0000:0000",
              "ndev": {
                "error": "OSError(22, 'Invalid argument')"
              },
              "type": {
                "error": "OSError(22, 'Invalid argument')"
              }
            },
            {
              "index": "121",
              "value": "0000:0000:0000:0000:0000:0000:0000:0000",
              "ndev": {
                "error": "OSError(22, 'Invalid argument')"
              },
              "type": {
                "error": "OSError(22, 'Invalid argument')"
              }
            },
            {
              "index": "697",
              "value": "0000:0000:0000:0000:0000:0000:0000:0000",
              "ndev": {
                "error": "OSError(22, 'Invalid argument')"
              },
              "type": {
                "error": "OSError(22, 'Invalid argument')"
              }
            },
            {
              "index": "630",
              "value": "0000:0000:0000:0000:0000:0000:0000:0000",
              "ndev": {
                "error": "OSError(22, 'Invalid argument')"
              },
              "type": {
                "error": "OSError(22, 'Invalid argument')"
              }
            },
            {
              "index": "574",
              "value": "0000:0000:0000:0000:0000:0000:0000:0000",
              "ndev": {
                "error": "OSError(22, 'Invalid argument')"
              },
              "type": {
                "error": "OSError(22, 'Invalid argument')"
              }
            },
            {
              "index": "69",
              "value": "0000:0000:0000:0000:0000:0000:0000:0000",
              "ndev": {
                "error": "OSError(22, 'Invalid argument')"
              },
              "type": {
                "error": "OSError(22, 'Invalid argument')"
              }
            },
            {
              "index": "508",
              "value": "0000:0000:0000:0000:0000:0000:0000:0000",
              "ndev": {
                "error": "OSError(22, 'Invalid argument')"
              },
              "type": {
                "error": "OSError(22, 'Invalid argument')"
              }
            },
            {
              "index": "451",
              "value": "0000:0000:0000:0000:0000:0000:0000:0000",
              "ndev": {
                "error": "OSError(22, 'Invalid argument')"
              },
              "type": {
                "error": "OSError(22, 'Invalid argument')"
              }
            },
            {
              "index": "395",
              "value": "0000:0000:0000:0000:0000:0000:0000:0000",
              "ndev": {
                "error": "OSError(22, 'Invalid argument')"
              },
              "type": {
                "error": "OSError(22, 'Invalid argument')"
              }
            },
            {
              "index": "960",
              "value": "0000:0000:0000:0000:0000:0000:0000:0000",
              "ndev": {
                "error": "OSError(22, 'Invalid argument')"
              },
              "type": {
                "error": "OSError(22, 'Invalid argument')"
              }
            },
            {
              "index": "329",
              "value": "0000:0000:0000:0000:0000:0000:0000:0000",
              "ndev": {
                "error": "OSError(22, 'Invalid argument')"
              },
              "type": {
                "error": "OSError(22, 'Invalid argument')"
              }
            },
            {
              "index": "272",
              "value": "0000:0000:0000:0000:0000:0000:0000:0000",
              "ndev": {
                "error": "OSError(22, 'Invalid argument')"
              },
              "type": {
                "error": "OSError(22, 'Invalid argument')"
              }
            },
            {
              "index": "838",
              "value": "0000:0000:0000:0000:0000:0000:0000:0000",
              "ndev": {
                "error": "OSError(22, 'Invalid argument')"
              },
              "type": {
                "error": "OSError(22, 'Invalid argument')"
              }
            },
            {
              "index": "206",
              "value": "0000:0000:0000:0000:0000:0000:0000:0000",
              "ndev": {
                "error": "OSError(22, 'Invalid argument')"
              },
              "type": {
                "error": "OSError(22, 'Invalid argument')"
              }
            },
            {
              "index": "781",
              "value": "0000:0000:0000:0000:0000:0000:0000:0000",
              "ndev": {
                "error": "OSError(22, 'Invalid argument')"
              },
              "type": {
                "error": "OSError(22, 'Invalid argument')"
              }
            },
            {
              "index": "715",
              "value": "0000:0000:0000:0000:0000:0000:0000:0000",
              "ndev": {
                "error": "OSError(22, 'Invalid argument')"
              },
              "type": {
                "error": "OSError(22, 'Invalid argument')"
              }
            },
            {
              "index": "1018",
              "value": "0000:0000:0000:0000:0000:0000:0000:0000",
              "ndev": {
                "error": "OSError(22, 'Invalid argument')"
              },
              "type": {
                "error": "OSError(22, 'Invalid argument')"
              }
            },
            {
              "index": "659",
              "value": "0000:0000:0000:0000:0000:0000:0000:0000",
              "ndev": {
                "error": "OSError(22, 'Invalid argument')"
              },
              "type": {
                "error": "OSError(22, 'Invalid argument')"
              }
            },
            {
              "index": "97",
              "value": "0000:0000:0000:0000:0000:0000:0000:0000",
              "ndev": {
                "error": "OSError(22, 'Invalid argument')"
              },
              "type": {
                "error": "OSError(22, 'Invalid argument')"
              }
            },
            {
              "index": "536",
              "value": "0000:0000:0000:0000:0000:0000:0000:0000",
              "ndev": {
                "error": "OSError(22, 'Invalid argument')"
              },
              "type": {
                "error": "OSError(22, 'Invalid argument')"
              }
            },
            {
              "index": "30",
              "value": "0000:0000:0000:0000:0000:0000:0000:0000",
              "ndev": {
                "error": "OSError(22, 'Invalid argument')"
              },
              "type": {
                "error": "OSError(22, 'Invalid argument')"
              }
            },
            {
              "index": "413",
              "value": "0000:0000:0000:0000:0000:0000:0000:0000",
              "ndev": {
                "error": "OSError(22, 'Invalid argument')"
              },
              "type": {
                "error": "OSError(22, 'Invalid argument')"
              }
            },
            {
              "index": "989",
              "value": "0000:0000:0000:0000:0000:0000:0000:0000",
              "ndev": {
                "error": "OSError(22, 'Invalid argument')"
              },
              "type": {
                "error": "OSError(22, 'Invalid argument')"
              }
            },
            {
              "index": "357",
              "value": "0000:0000:0000:0000:0000:0000:0000:0000",
              "ndev": {
                "error": "OSError(22, 'Invalid argument')"
              },
              "type": {
                "error": "OSError(22, 'Invalid argument')"
              }
            },
            {
              "index": "922",
              "value": "0000:0000:0000:0000:0000:0000:0000:0000",
              "ndev": {
                "error": "OSError(22, 'Invalid argument')"
              },
              "type": {
                "error": "OSError(22, 'Invalid argument')"
              }
            },
            {
              "index": "2",
              "value": "0000:0000:0000:0000:0000:0000:0000:0000",
              "ndev": {
                "error": "OSError(22, 'Invalid argument')"
              },
              "type": {
                "error": "OSError(22, 'Invalid argument')"
              }
            },
            {
              "index": "866",
              "value": "0000:0000:0000:0000:0000:0000:0000:0000",
              "ndev": {
                "error": "OSError(22, 'Invalid argument')"
              },
              "type": {
                "error": "OSError(22, 'Invalid argument')"
              }
            },
            {
              "index": "234",
              "value": "0000:0000:0000:0000:0000:0000:0000:0000",
              "ndev": {
                "error": "OSError(22, 'Invalid argument')"
              },
              "type": {
                "error": "OSError(22, 'Invalid argument')"
              }
            },
            {
              "index": "178",
              "value": "0000:0000:0000:0000:0000:0000:0000:0000",
              "ndev": {
                "error": "OSError(22, 'Invalid argument')"
              },
              "type": {
                "error": "OSError(22, 'Invalid argument')"
              }
            },
            {
              "index": "743",
              "value": "0000:0000:0000:0000:0000:0000:0000:0000",
              "ndev": {
                "error": "OSError(22, 'Invalid argument')"
              },
              "type": {
                "error": "OSError(22, 'Invalid argument')"
              }
            },
            {
              "index": "111",
              "value": "0000:0000:0000:0000:0000:0000:0000:0000",
              "ndev": {
                "error": "OSError(22, 'Invalid argument')"
              },
              "type": {
                "error": "OSError(22, 'Invalid argument')"
              }
            },
            {
              "index": "687",
              "value": "0000:0000:0000:0000:0000:0000:0000:0000",
              "ndev": {
                "error": "OSError(22, 'Invalid argument')"
              },
              "type": {
                "error": "OSError(22, 'Invalid argument')"
              }
            },
            {
              "index": "620",
              "value": "0000:0000:0000:0000:0000:0000:0000:0000",
              "ndev": {
                "error": "OSError(22, 'Invalid argument')"
              },
              "type": {
                "error": "OSError(22, 'Invalid argument')"
              }
            },
            {
              "index": "564",
              "value": "0000:0000:0000:0000:0000:0000:0000:0000",
              "ndev": {
                "error": "OSError(22, 'Invalid argument')"
              },
              "type": {
                "error": "OSError(22, 'Invalid argument')"
              }
            },
            {
              "index": "59",
              "value": "0000:0000:0000:0000:0000:0000:0000:0000",
              "ndev": {
                "error": "OSError(22, 'Invalid argument')"
              },
              "type": {
                "error": "OSError(22, 'Invalid argument')"
              }
            },
            {
              "index": "441",
              "value": "0000:0000:0000:0000:0000:0000:0000:0000",
              "ndev": {
                "error": "OSError(22, 'Invalid argument')"
              },
              "type": {
                "error": "OSError(22, 'Invalid argument')"
              }
            },
            {
              "index": "385",
              "value": "0000:0000:0000:0000:0000:0000:0000:0000",
              "ndev": {
                "error": "OSError(22, 'Invalid argument')"
              },
              "type": {
                "error": "OSError(22, 'Invalid argument')"
              }
            },
            {
              "index": "950",
              "value": "0000:0000:0000:0000:0000:0000:0000:0000",
              "ndev": {
                "error": "OSError(22, 'Invalid argument')"
              },
              "type": {
                "error": "OSError(22, 'Invalid argument')"
              }
            },
            {
              "index": "319",
              "value": "0000:0000:0000:0000:0000:0000:0000:0000",
              "ndev": {
                "error": "OSError(22, 'Invalid argument')"
              },
              "type": {
                "error": "OSError(22, 'Invalid argument')"
              }
            },
            {
              "index": "894",
              "value": "0000:0000:0000:0000:0000:0000:0000:0000",
              "ndev": {
                "error": "OSError(22, 'Invalid argument')"
              },
              "type": {
                "error": "OSError(22, 'Invalid argument')"
              }
            },
            {
              "index": "262",
              "value": "0000:0000:0000:0000:0000:0000:0000:0000",
              "ndev": {
                "error": "OSError(22, 'Invalid argument')"
              },
              "type": {
                "error": "OSError(22, 'Invalid argument')"
              }
            },
            {
              "index": "828",
              "value": "0000:0000:0000:0000:0000:0000:0000:0000",
              "ndev": {
                "error": "OSError(22, 'Invalid argument')"
              },
              "type": {
                "error": "OSError(22, 'Invalid argument')"
              }
            },
            {
              "index": "771",
              "value": "0000:0000:0000:0000:0000:0000:0000:0000",
              "ndev": {
                "error": "OSError(22, 'Invalid argument')"
              },
              "type": {
                "error": "OSError(22, 'Invalid argument')"
              }
            },
            {
              "index": "705",
              "value": "0000:0000:0000:0000:0000:0000:0000:0000",
              "ndev": {
                "error": "OSError(22, 'Invalid argument')"
              },
              "type": {
                "error": "OSError(22, 'Invalid argument')"
              }
            },
            {
              "index": "1008",
              "value": "0000:0000:0000:0000:0000:0000:0000:0000",
              "ndev": {
                "error": "OSError(22, 'Invalid argument')"
              },
              "type": {
                "error": "OSError(22, 'Invalid argument')"
              }
            },
            {
              "index": "649",
              "value": "0000:0000:0000:0000:0000:0000:0000:0000",
              "ndev": {
                "error": "OSError(22, 'Invalid argument')"
              },
              "type": {
                "error": "OSError(22, 'Invalid argument')"
              }
            },
            {
              "index": "592",
              "value": "0000:0000:0000:0000:0000:0000:0000:0000",
              "ndev": {
                "error": "OSError(22, 'Invalid argument')"
              },
              "type": {
                "error": "OSError(22, 'Invalid argument')"
              }
            },
            {
              "index": "87",
              "value": "0000:0000:0000:0000:0000:0000:0000:0000",
              "ndev": {
                "error": "OSError(22, 'Invalid argument')"
              },
              "type": {
                "error": "OSError(22, 'Invalid argument')"
              }
            },
            {
              "index": "526",
              "value": "0000:0000:0000:0000:0000:0000:0000:0000",
              "ndev": {
                "error": "OSError(22, 'Invalid argument')"
              },
              "type": {
                "error": "OSError(22, 'Invalid argument')"
              }
            },
            {
              "index": "20",
              "value": "0000:0000:0000:0000:0000:0000:0000:0000",
              "ndev": {
                "error": "OSError(22, 'Invalid argument')"
              },
              "type": {
                "error": "OSError(22, 'Invalid argument')"
              }
            },
            {
              "index": "403",
              "value": "0000:0000:0000:0000:0000:0000:0000:0000",
              "ndev": {
                "error": "OSError(22, 'Invalid argument')"
              },
              "type": {
                "error": "OSError(22, 'Invalid argument')"
              }
            },
            {
              "index": "979",
              "value": "0000:0000:0000:0000:0000:0000:0000:0000",
              "ndev": {
                "error": "OSError(22, 'Invalid argument')"
              },
              "type": {
                "error": "OSError(22, 'Invalid argument')"
              }
            },
            {
              "index": "347",
              "value": "0000:0000:0000:0000:0000:0000:0000:0000",
              "ndev": {
                "error": "OSError(22, 'Invalid argument')"
              },
              "type": {
                "error": "OSError(22, 'Invalid argument')"
              }
            },
            {
              "index": "912",
              "value": "0000:0000:0000:0000:0000:0000:0000:0000",
              "ndev": {
                "error": "OSError(22, 'Invalid argument')"
              },
              "type": {
                "error": "OSError(22, 'Invalid argument')"
              }
            },
            {
              "index": "290",
              "value": "0000:0000:0000:0000:0000:0000:0000:0000",
              "ndev": {
                "error": "OSError(22, 'Invalid argument')"
              },
              "type": {
                "error": "OSError(22, 'Invalid argument')"
              }
            },
            {
              "index": "856",
              "value": "0000:0000:0000:0000:0000:0000:0000:0000",
              "ndev": {
                "error": "OSError(22, 'Invalid argument')"
              },
              "type": {
                "error": "OSError(22, 'Invalid argument')"
              }
            },
            {
              "index": "224",
              "value": "0000:0000:0000:0000:0000:0000:0000:0000",
              "ndev": {
                "error": "OSError(22, 'Invalid argument')"
              },
              "type": {
                "error": "OSError(22, 'Invalid argument')"
              }
            },
            {
              "index": "168",
              "value": "0000:0000:0000:0000:0000:0000:0000:0000",
              "ndev": {
                "error": "OSError(22, 'Invalid argument')"
              },
              "type": {
                "error": "OSError(22, 'Invalid argument')"
              }
            },
            {
              "index": "733",
              "value": "0000:0000:0000:0000:0000:0000:0000:0000",
              "ndev": {
                "error": "OSError(22, 'Invalid argument')"
              },
              "type": {
                "error": "OSError(22, 'Invalid argument')"
              }
            },
            {
              "index": "101",
              "value": "0000:0000:0000:0000:0000:0000:0000:0000",
              "ndev": {
                "error": "OSError(22, 'Invalid argument')"
              },
              "type": {
                "error": "OSError(22, 'Invalid argument')"
              }
            },
            {
              "index": "677",
              "value": "0000:0000:0000:0000:0000:0000:0000:0000",
              "ndev": {
                "error": "OSError(22, 'Invalid argument')"
              },
              "type": {
                "error": "OSError(22, 'Invalid argument')"
              }
            },
            {
              "index": "610",
              "value": "0000:0000:0000:0000:0000:0000:0000:0000",
              "ndev": {
                "error": "OSError(22, 'Invalid argument')"
              },
              "type": {
                "error": "OSError(22, 'Invalid argument')"
              }
            },
            {
              "index": "554",
              "value": "0000:0000:0000:0000:0000:0000:0000:0000",
              "ndev": {
                "error": "OSError(22, 'Invalid argument')"
              },
              "type": {
                "error": "OSError(22, 'Invalid argument')"
              }
            },
            {
              "index": "49",
              "value": "0000:0000:0000:0000:0000:0000:0000:0000",
              "ndev": {
                "error": "OSError(22, 'Invalid argument')"
              },
              "type": {
                "error": "OSError(22, 'Invalid argument')"
              }
            },
            {
              "index": "498",
              "value": "0000:0000:0000:0000:0000:0000:0000:0000",
              "ndev": {
                "error": "OSError(22, 'Invalid argument')"
              },
              "type": {
                "error": "OSError(22, 'Invalid argument')"
              }
            },
            {
              "index": "431",
              "value": "0000:0000:0000:0000:0000:0000:0000:0000",
              "ndev": {
                "error": "OSError(22, 'Invalid argument')"
              },
              "type": {
                "error": "OSError(22, 'Invalid argument')"
              }
            },
            {
              "index": "375",
              "value": "0000:0000:0000:0000:0000:0000:0000:0000",
              "ndev": {
                "error": "OSError(22, 'Invalid argument')"
              },
              "type": {
                "error": "OSError(22, 'Invalid argument')"
              }
            },
            {
              "index": "940",
              "value": "0000:0000:0000:0000:0000:0000:0000:0000",
              "ndev": {
                "error": "OSError(22, 'Invalid argument')"
              },
              "type": {
                "error": "OSError(22, 'Invalid argument')"
              }
            },
            {
              "index": "309",
              "value": "0000:0000:0000:0000:0000:0000:0000:0000",
              "ndev": {
                "error": "OSError(22, 'Invalid argument')"
              },
              "type": {
                "error": "OSError(22, 'Invalid argument')"
              }
            },
            {
              "index": "884",
              "value": "0000:0000:0000:0000:0000:0000:0000:0000",
              "ndev": {
                "error": "OSError(22, 'Invalid argument')"
              },
              "type": {
                "error": "OSError(22, 'Invalid argument')"
              }
            },
            {
              "index": "252",
              "value": "0000:0000:0000:0000:0000:0000:0000:0000",
              "ndev": {
                "error": "OSError(22, 'Invalid argument')"
              },
              "type": {
                "error": "OSError(22, 'Invalid argument')"
              }
            },
            {
              "index": "818",
              "value": "0000:0000:0000:0000:0000:0000:0000:0000",
              "ndev": {
                "error": "OSError(22, 'Invalid argument')"
              },
              "type": {
                "error": "OSError(22, 'Invalid argument')"
              }
            },
            {
              "index": "196",
              "value": "0000:0000:0000:0000:0000:0000:0000:0000",
              "ndev": {
                "error": "OSError(22, 'Invalid argument')"
              },
              "type": {
                "error": "OSError(22, 'Invalid argument')"
              }
            },
            {
              "index": "761",
              "value": "0000:0000:0000:0000:0000:0000:0000:0000",
              "ndev": {
                "error": "OSError(22, 'Invalid argument')"
              },
              "type": {
                "error": "OSError(22, 'Invalid argument')"
              }
            },
            {
              "index": "639",
              "value": "0000:0000:0000:0000:0000:0000:0000:0000",
              "ndev": {
                "error": "OSError(22, 'Invalid argument')"
              },
              "type": {
                "error": "OSError(22, 'Invalid argument')"
              }
            },
            {
              "index": "582",
              "value": "0000:0000:0000:0000:0000:0000:0000:0000",
              "ndev": {
                "error": "OSError(22, 'Invalid argument')"
              },
              "type": {
                "error": "OSError(22, 'Invalid argument')"
              }
            },
            {
              "index": "77",
              "value": "0000:0000:0000:0000:0000:0000:0000:0000",
              "ndev": {
                "error": "OSError(22, 'Invalid argument')"
              },
              "type": {
                "error": "OSError(22, 'Invalid argument')"
              }
            },
            {
              "index": "516",
              "value": "0000:0000:0000:0000:0000:0000:0000:0000",
              "ndev": {
                "error": "OSError(22, 'Invalid argument')"
              },
              "type": {
                "error": "OSError(22, 'Invalid argument')"
              }
            },
            {
              "index": "10",
              "value": "0000:0000:0000:0000:0000:0000:0000:0000",
              "ndev": {
                "error": "OSError(22, 'Invalid argument')"
              },
              "type": {
                "error": "OSError(22, 'Invalid argument')"
              }
            },
            {
              "index": "969",
              "value": "0000:0000:0000:0000:0000:0000:0000:0000",
              "ndev": {
                "error": "OSError(22, 'Invalid argument')"
              },
              "type": {
                "error": "OSError(22, 'Invalid argument')"
              }
            },
            {
              "index": "337",
              "value": "0000:0000:0000:0000:0000:0000:0000:0000",
              "ndev": {
                "error": "OSError(22, 'Invalid argument')"
              },
              "type": {
                "error": "OSError(22, 'Invalid argument')"
              }
            },
            {
              "index": "902",
              "value": "0000:0000:0000:0000:0000:0000:0000:0000",
              "ndev": {
                "error": "OSError(22, 'Invalid argument')"
              },
              "type": {
                "error": "OSError(22, 'Invalid argument')"
              }
            },
            {
              "index": "280",
              "value": "0000:0000:0000:0000:0000:0000:0000:0000",
              "ndev": {
                "error": "OSError(22, 'Invalid argument')"
              },
              "type": {
                "error": "OSError(22, 'Invalid argument')"
              }
            },
            {
              "index": "846",
              "value": "0000:0000:0000:0000:0000:0000:0000:0000",
              "ndev": {
                "error": "OSError(22, 'Invalid argument')"
              },
              "type": {
                "error": "OSError(22, 'Invalid argument')"
              }
            },
            {
              "index": "214",
              "value": "0000:0000:0000:0000:0000:0000:0000:0000",
              "ndev": {
                "error": "OSError(22, 'Invalid argument')"
              },
              "type": {
                "error": "OSError(22, 'Invalid argument')"
              }
            },
            {
              "index": "158",
              "value": "0000:0000:0000:0000:0000:0000:0000:0000",
              "ndev": {
                "error": "OSError(22, 'Invalid argument')"
              },
              "type": {
                "error": "OSError(22, 'Invalid argument')"
              }
            },
            {
              "index": "723",
              "value": "0000:0000:0000:0000:0000:0000:0000:0000",
              "ndev": {
                "error": "OSError(22, 'Invalid argument')"
              },
              "type": {
                "error": "OSError(22, 'Invalid argument')"
              }
            },
            {
              "index": "667",
              "value": "0000:0000:0000:0000:0000:0000:0000:0000",
              "ndev": {
                "error": "OSError(22, 'Invalid argument')"
              },
              "type": {
                "error": "OSError(22, 'Invalid argument')"
              }
            },
            {
              "index": "600",
              "value": "0000:0000:0000:0000:0000:0000:0000:0000",
              "ndev": {
                "error": "OSError(22, 'Invalid argument')"
              },
              "type": {
                "error": "OSError(22, 'Invalid argument')"
              }
            },
            {
              "index": "544",
              "value": "0000:0000:0000:0000:0000:0000:0000:0000",
              "ndev": {
                "error": "OSError(22, 'Invalid argument')"
              },
              "type": {
                "error": "OSError(22, 'Invalid argument')"
              }
            },
            {
              "index": "39",
              "value": "0000:0000:0000:0000:0000:0000:0000:0000",
              "ndev": {
                "error": "OSError(22, 'Invalid argument')"
              },
              "type": {
                "error": "OSError(22, 'Invalid argument')"
              }
            },
            {
              "index": "488",
              "value": "0000:0000:0000:0000:0000:0000:0000:0000",
              "ndev": {
                "error": "OSError(22, 'Invalid argument')"
              },
              "type": {
                "error": "OSError(22, 'Invalid argument')"
              }
            },
            {
              "index": "421",
              "value": "0000:0000:0000:0000:0000:0000:0000:0000",
              "ndev": {
                "error": "OSError(22, 'Invalid argument')"
              },
              "type": {
                "error": "OSError(22, 'Invalid argument')"
              }
            },
            {
              "index": "997",
              "value": "0000:0000:0000:0000:0000:0000:0000:0000",
              "ndev": {
                "error": "OSError(22, 'Invalid argument')"
              },
              "type": {
                "error": "OSError(22, 'Invalid argument')"
              }
            },
            {
              "index": "365",
              "value": "0000:0000:0000:0000:0000:0000:0000:0000",
              "ndev": {
                "error": "OSError(22, 'Invalid argument')"
              },
              "type": {
                "error": "OSError(22, 'Invalid argument')"
              }
            },
            {
              "index": "930",
              "value": "0000:0000:0000:0000:0000:0000:0000:0000",
              "ndev": {
                "error": "OSError(22, 'Invalid argument')"
              },
              "type": {
                "error": "OSError(22, 'Invalid argument')"
              }
            },
            {
              "index": "874",
              "value": "0000:0000:0000:0000:0000:0000:0000:0000",
              "ndev": {
                "error": "OSError(22, 'Invalid argument')"
              },
              "type": {
                "error": "OSError(22, 'Invalid argument')"
              }
            },
            {
              "index": "242",
              "value": "0000:0000:0000:0000:0000:0000:0000:0000",
              "ndev": {
                "error": "OSError(22, 'Invalid argument')"
              },
              "type": {
                "error": "OSError(22, 'Invalid argument')"
              }
            },
            {
              "index": "808",
              "value": "0000:0000:0000:0000:0000:0000:0000:0000",
              "ndev": {
                "error": "OSError(22, 'Invalid argument')"
              },
              "type": {
                "error": "OSError(22, 'Invalid argument')"
              }
            },
            {
              "index": "186",
              "value": "0000:0000:0000:0000:0000:0000:0000:0000",
              "ndev": {
                "error": "OSError(22, 'Invalid argument')"
              },
              "type": {
                "error": "OSError(22, 'Invalid argument')"
              }
            },
            {
              "index": "751",
              "value": "0000:0000:0000:0000:0000:0000:0000:0000",
              "ndev": {
                "error": "OSError(22, 'Invalid argument')"
              },
              "type": {
                "error": "OSError(22, 'Invalid argument')"
              }
            },
            {
              "index": "695",
              "value": "0000:0000:0000:0000:0000:0000:0000:0000",
              "ndev": {
                "error": "OSError(22, 'Invalid argument')"
              },
              "type": {
                "error": "OSError(22, 'Invalid argument')"
              }
            },
            {
              "index": "629",
              "value": "0000:0000:0000:0000:0000:0000:0000:0000",
              "ndev": {
                "error": "OSError(22, 'Invalid argument')"
              },
              "type": {
                "error": "OSError(22, 'Invalid argument')"
              }
            },
            {
              "index": "572",
              "value": "0000:0000:0000:0000:0000:0000:0000:0000",
              "ndev": {
                "error": "OSError(22, 'Invalid argument')"
              },
              "type": {
                "error": "OSError(22, 'Invalid argument')"
              }
            },
            {
              "index": "67",
              "value": "0000:0000:0000:0000:0000:0000:0000:0000",
              "ndev": {
                "error": "OSError(22, 'Invalid argument')"
              },
              "type": {
                "error": "OSError(22, 'Invalid argument')"
              }
            },
            {
              "index": "506",
              "value": "0000:0000:0000:0000:0000:0000:0000:0000",
              "ndev": {
                "error": "OSError(22, 'Invalid argument')"
              },
              "type": {
                "error": "OSError(22, 'Invalid argument')"
              }
            },
            {
              "index": "393",
              "value": "0000:0000:0000:0000:0000:0000:0000:0000",
              "ndev": {
                "error": "OSError(22, 'Invalid argument')"
              },
              "type": {
                "error": "OSError(22, 'Invalid argument')"
              }
            },
            {
              "index": "959",
              "value": "0000:0000:0000:0000:0000:0000:0000:0000",
              "ndev": {
                "error": "OSError(22, 'Invalid argument')"
              },
              "type": {
                "error": "OSError(22, 'Invalid argument')"
              }
            },
            {
              "index": "327",
              "value": "0000:0000:0000:0000:0000:0000:0000:0000",
              "ndev": {
                "error": "OSError(22, 'Invalid argument')"
              },
              "type": {
                "error": "OSError(22, 'Invalid argument')"
              }
            },
            {
              "index": "270",
              "value": "0000:0000:0000:0000:0000:0000:0000:0000",
              "ndev": {
                "error": "OSError(22, 'Invalid argument')"
              },
              "type": {
                "error": "OSError(22, 'Invalid argument')"
              }
            },
            {
              "index": "836",
              "value": "0000:0000:0000:0000:0000:0000:0000:0000",
              "ndev": {
                "error": "OSError(22, 'Invalid argument')"
              },
              "type": {
                "error": "OSError(22, 'Invalid argument')"
              }
            },
            {
              "index": "204",
              "value": "0000:0000:0000:0000:0000:0000:0000:0000",
              "ndev": {
                "error": "OSError(22, 'Invalid argument')"
              },
              "type": {
                "error": "OSError(22, 'Invalid argument')"
              }
            },
            {
              "index": "148",
              "value": "0000:0000:0000:0000:0000:0000:0000:0000",
              "ndev": {
                "error": "OSError(22, 'Invalid argument')"
              },
              "type": {
                "error": "OSError(22, 'Invalid argument')"
              }
            },
            {
              "index": "713",
              "value": "0000:0000:0000:0000:0000:0000:0000:0000",
              "ndev": {
                "error": "OSError(22, 'Invalid argument')"
              },
              "type": {
                "error": "OSError(22, 'Invalid argument')"
              }
            },
            {
              "index": "1016",
              "value": "0000:0000:0000:0000:0000:0000:0000:0000",
              "ndev": {
                "error": "OSError(22, 'Invalid argument')"
              },
              "type": {
                "error": "OSError(22, 'Invalid argument')"
              }
            },
            {
              "index": "657",
              "value": "0000:0000:0000:0000:0000:0000:0000:0000",
              "ndev": {
                "error": "OSError(22, 'Invalid argument')"
              },
              "type": {
                "error": "OSError(22, 'Invalid argument')"
              }
            },
            {
              "index": "95",
              "value": "0000:0000:0000:0000:0000:0000:0000:0000",
              "ndev": {
                "error": "OSError(22, 'Invalid argument')"
              },
              "type": {
                "error": "OSError(22, 'Invalid argument')"
              }
            },
            {
              "index": "534",
              "value": "0000:0000:0000:0000:0000:0000:0000:0000",
              "ndev": {
                "error": "OSError(22, 'Invalid argument')"
              },
              "type": {
                "error": "OSError(22, 'Invalid argument')"
              }
            },
            {
              "index": "29",
              "value": "0000:0000:0000:0000:0000:0000:0000:0000",
              "ndev": {
                "error": "OSError(22, 'Invalid argument')"
              },
              "type": {
                "error": "OSError(22, 'Invalid argument')"
              }
            },
            {
              "index": "478",
              "value": "0000:0000:0000:0000:0000:0000:0000:0000",
              "ndev": {
                "error": "OSError(22, 'Invalid argument')"
              },
              "type": {
                "error": "OSError(22, 'Invalid argument')"
              }
            },
            {
              "index": "411",
              "value": "0000:0000:0000:0000:0000:0000:0000:0000",
              "ndev": {
                "error": "OSError(22, 'Invalid argument')"
              },
              "type": {
                "error": "OSError(22, 'Invalid argument')"
              }
            },
            {
              "index": "987",
              "value": "0000:0000:0000:0000:0000:0000:0000:0000",
              "ndev": {
                "error": "OSError(22, 'Invalid argument')"
              },
              "type": {
                "error": "OSError(22, 'Invalid argument')"
              }
            },
            {
              "index": "355",
              "value": "0000:0000:0000:0000:0000:0000:0000:0000",
              "ndev": {
                "error": "OSError(22, 'Invalid argument')"
              },
              "type": {
                "error": "OSError(22, 'Invalid argument')"
              }
            },
            {
              "index": "920",
              "value": "0000:0000:0000:0000:0000:0000:0000:0000",
              "ndev": {
                "error": "OSError(22, 'Invalid argument')"
              },
              "type": {
                "error": "OSError(22, 'Invalid argument')"
              }
            },
            {
              "index": "0",
              "value": "fe80:0000:0000:0000:5055:55ff:fead:f081",
              "ndev": "eth0",
              "type": "RoCE v2"
            },
            {
              "index": "299",
              "value": "0000:0000:0000:0000:0000:0000:0000:0000",
              "ndev": {
                "error": "OSError(22, 'Invalid argument')"
              },
              "type": {
                "error": "OSError(22, 'Invalid argument')"
              }
            },
            {
              "index": "864",
              "value": "0000:0000:0000:0000:0000:0000:0000:0000",
              "ndev": {
                "error": "OSError(22, 'Invalid argument')"
              },
              "type": {
                "error": "OSError(22, 'Invalid argument')"
              }
            },
            {
              "index": "232",
              "value": "0000:0000:0000:0000:0000:0000:0000:0000",
              "ndev": {
                "error": "OSError(22, 'Invalid argument')"
              },
              "type": {
                "error": "OSError(22, 'Invalid argument')"
              }
            },
            {
              "index": "176",
              "value": "0000:0000:0000:0000:0000:0000:0000:0000",
              "ndev": {
                "error": "OSError(22, 'Invalid argument')"
              },
              "type": {
                "error": "OSError(22, 'Invalid argument')"
              }
            },
            {
              "index": "741",
              "value": "0000:0000:0000:0000:0000:0000:0000:0000",
              "ndev": {
                "error": "OSError(22, 'Invalid argument')"
              },
              "type": {
                "error": "OSError(22, 'Invalid argument')"
              }
            },
            {
              "index": "685",
              "value": "0000:0000:0000:0000:0000:0000:0000:0000",
              "ndev": {
                "error": "OSError(22, 'Invalid argument')"
              },
              "type": {
                "error": "OSError(22, 'Invalid argument')"
              }
            },
            {
              "index": "619",
              "value": "0000:0000:0000:0000:0000:0000:0000:0000",
              "ndev": {
                "error": "OSError(22, 'Invalid argument')"
              },
              "type": {
                "error": "OSError(22, 'Invalid argument')"
              }
            },
            {
              "index": "562",
              "value": "0000:0000:0000:0000:0000:0000:0000:0000",
              "ndev": {
                "error": "OSError(22, 'Invalid argument')"
              },
              "type": {
                "error": "OSError(22, 'Invalid argument')"
              }
            },
            {
              "index": "57",
              "value": "0000:0000:0000:0000:0000:0000:0000:0000",
              "ndev": {
                "error": "OSError(22, 'Invalid argument')"
              },
              "type": {
                "error": "OSError(22, 'Invalid argument')"
              }
            },
            {
              "index": "383",
              "value": "0000:0000:0000:0000:0000:0000:0000:0000",
              "ndev": {
                "error": "OSError(22, 'Invalid argument')"
              },
              "type": {
                "error": "OSError(22, 'Invalid argument')"
              }
            },
            {
              "index": "949",
              "value": "0000:0000:0000:0000:0000:0000:0000:0000",
              "ndev": {
                "error": "OSError(22, 'Invalid argument')"
              },
              "type": {
                "error": "OSError(22, 'Invalid argument')"
              }
            },
            {
              "index": "317",
              "value": "0000:0000:0000:0000:0000:0000:0000:0000",
              "ndev": {
                "error": "OSError(22, 'Invalid argument')"
              },
              "type": {
                "error": "OSError(22, 'Invalid argument')"
              }
            },
            {
              "index": "892",
              "value": "0000:0000:0000:0000:0000:0000:0000:0000",
              "ndev": {
                "error": "OSError(22, 'Invalid argument')"
              },
              "type": {
                "error": "OSError(22, 'Invalid argument')"
              }
            },
            {
              "index": "260",
              "value": "0000:0000:0000:0000:0000:0000:0000:0000",
              "ndev": {
                "error": "OSError(22, 'Invalid argument')"
              },
              "type": {
                "error": "OSError(22, 'Invalid argument')"
              }
            },
            {
              "index": "826",
              "value": "0000:0000:0000:0000:0000:0000:0000:0000",
              "ndev": {
                "error": "OSError(22, 'Invalid argument')"
              },
              "type": {
                "error": "OSError(22, 'Invalid argument')"
              }
            },
            {
              "index": "138",
              "value": "0000:0000:0000:0000:0000:0000:0000:0000",
              "ndev": {
                "error": "OSError(22, 'Invalid argument')"
              },
              "type": {
                "error": "OSError(22, 'Invalid argument')"
              }
            },
            {
              "index": "703",
              "value": "0000:0000:0000:0000:0000:0000:0000:0000",
              "ndev": {
                "error": "OSError(22, 'Invalid argument')"
              },
              "type": {
                "error": "OSError(22, 'Invalid argument')"
              }
            },
            {
              "index": "1006",
              "value": "0000:0000:0000:0000:0000:0000:0000:0000",
              "ndev": {
                "error": "OSError(22, 'Invalid argument')"
              },
              "type": {
                "error": "OSError(22, 'Invalid argument')"
              }
            },
            {
              "index": "647",
              "value": "0000:0000:0000:0000:0000:0000:0000:0000",
              "ndev": {
                "error": "OSError(22, 'Invalid argument')"
              },
              "type": {
                "error": "OSError(22, 'Invalid argument')"
              }
            },
            {
              "index": "590",
              "value": "0000:0000:0000:0000:0000:0000:0000:0000",
              "ndev": {
                "error": "OSError(22, 'Invalid argument')"
              },
              "type": {
                "error": "OSError(22, 'Invalid argument')"
              }
            },
            {
              "index": "85",
              "value": "0000:0000:0000:0000:0000:0000:0000:0000",
              "ndev": {
                "error": "OSError(22, 'Invalid argument')"
              },
              "type": {
                "error": "OSError(22, 'Invalid argument')"
              }
            },
            {
              "index": "524",
              "value": "0000:0000:0000:0000:0000:0000:0000:0000",
              "ndev": {
                "error": "OSError(22, 'Invalid argument')"
              },
              "type": {
                "error": "OSError(22, 'Invalid argument')"
              }
            },
            {
              "index": "19",
              "value": "0000:0000:0000:0000:0000:0000:0000:0000",
              "ndev": {
                "error": "OSError(22, 'Invalid argument')"
              },
              "type": {
                "error": "OSError(22, 'Invalid argument')"
              }
            },
            {
              "index": "468",
              "value": "0000:0000:0000:0000:0000:0000:0000:0000",
              "ndev": {
                "error": "OSError(22, 'Invalid argument')"
              },
              "type": {
                "error": "OSError(22, 'Invalid argument')"
              }
            },
            {
              "index": "401",
              "value": "0000:0000:0000:0000:0000:0000:0000:0000",
              "ndev": {
                "error": "OSError(22, 'Invalid argument')"
              },
              "type": {
                "error": "OSError(22, 'Invalid argument')"
              }
            },
            {
              "index": "977",
              "value": "0000:0000:0000:0000:0000:0000:0000:0000",
              "ndev": {
                "error": "OSError(22, 'Invalid argument')"
              },
              "type": {
                "error": "OSError(22, 'Invalid argument')"
              }
            },
            {
              "index": "345",
              "value": "0000:0000:0000:0000:0000:0000:0000:0000",
              "ndev": {
                "error": "OSError(22, 'Invalid argument')"
              },
              "type": {
                "error": "OSError(22, 'Invalid argument')"
              }
            },
            {
              "index": "910",
              "value": "0000:0000:0000:0000:0000:0000:0000:0000",
              "ndev": {
                "error": "OSError(22, 'Invalid argument')"
              },
              "type": {
                "error": "OSError(22, 'Invalid argument')"
              }
            },
            {
              "index": "289",
              "value": "0000:0000:0000:0000:0000:0000:0000:0000",
              "ndev": {
                "error": "OSError(22, 'Invalid argument')"
              },
              "type": {
                "error": "OSError(22, 'Invalid argument')"
              }
            },
            {
              "index": "854",
              "value": "0000:0000:0000:0000:0000:0000:0000:0000",
              "ndev": {
                "error": "OSError(22, 'Invalid argument')"
              },
              "type": {
                "error": "OSError(22, 'Invalid argument')"
              }
            },
            {
              "index": "222",
              "value": "0000:0000:0000:0000:0000:0000:0000:0000",
              "ndev": {
                "error": "OSError(22, 'Invalid argument')"
              },
              "type": {
                "error": "OSError(22, 'Invalid argument')"
              }
            },
            {
              "index": "798",
              "value": "0000:0000:0000:0000:0000:0000:0000:0000",
              "ndev": {
                "error": "OSError(22, 'Invalid argument')"
              },
              "type": {
                "error": "OSError(22, 'Invalid argument')"
              }
            },
            {
              "index": "166",
              "value": "0000:0000:0000:0000:0000:0000:0000:0000",
              "ndev": {
                "error": "OSError(22, 'Invalid argument')"
              },
              "type": {
                "error": "OSError(22, 'Invalid argument')"
              }
            },
            {
              "index": "731",
              "value": "0000:0000:0000:0000:0000:0000:0000:0000",
              "ndev": {
                "error": "OSError(22, 'Invalid argument')"
              },
              "type": {
                "error": "OSError(22, 'Invalid argument')"
              }
            },
            {
              "index": "675",
              "value": "0000:0000:0000:0000:0000:0000:0000:0000",
              "ndev": {
                "error": "OSError(22, 'Invalid argument')"
              },
              "type": {
                "error": "OSError(22, 'Invalid argument')"
              }
            },
            {
              "index": "609",
              "value": "0000:0000:0000:0000:0000:0000:0000:0000",
              "ndev": {
                "error": "OSError(22, 'Invalid argument')"
              },
              "type": {
                "error": "OSError(22, 'Invalid argument')"
              }
            },
            {
              "index": "552",
              "value": "0000:0000:0000:0000:0000:0000:0000:0000",
              "ndev": {
                "error": "OSError(22, 'Invalid argument')"
              },
              "type": {
                "error": "OSError(22, 'Invalid argument')"
              }
            },
            {
              "index": "47",
              "value": "0000:0000:0000:0000:0000:0000:0000:0000",
              "ndev": {
                "error": "OSError(22, 'Invalid argument')"
              },
              "type": {
                "error": "OSError(22, 'Invalid argument')"
              }
            },
            {
              "index": "496",
              "value": "0000:0000:0000:0000:0000:0000:0000:0000",
              "ndev": {
                "error": "OSError(22, 'Invalid argument')"
              },
              "type": {
                "error": "OSError(22, 'Invalid argument')"
              }
            },
            {
              "index": "373",
              "value": "0000:0000:0000:0000:0000:0000:0000:0000",
              "ndev": {
                "error": "OSError(22, 'Invalid argument')"
              },
              "type": {
                "error": "OSError(22, 'Invalid argument')"
              }
            },
            {
              "index": "939",
              "value": "0000:0000:0000:0000:0000:0000:0000:0000",
              "ndev": {
                "error": "OSError(22, 'Invalid argument')"
              },
              "type": {
                "error": "OSError(22, 'Invalid argument')"
              }
            },
            {
              "index": "307",
              "value": "0000:0000:0000:0000:0000:0000:0000:0000",
              "ndev": {
                "error": "OSError(22, 'Invalid argument')"
              },
              "type": {
                "error": "OSError(22, 'Invalid argument')"
              }
            },
            {
              "index": "882",
              "value": "0000:0000:0000:0000:0000:0000:0000:0000",
              "ndev": {
                "error": "OSError(22, 'Invalid argument')"
              },
              "type": {
                "error": "OSError(22, 'Invalid argument')"
              }
            },
            {
              "index": "250",
              "value": "0000:0000:0000:0000:0000:0000:0000:0000",
              "ndev": {
                "error": "OSError(22, 'Invalid argument')"
              },
              "type": {
                "error": "OSError(22, 'Invalid argument')"
              }
            },
            {
              "index": "816",
              "value": "0000:0000:0000:0000:0000:0000:0000:0000",
              "ndev": {
                "error": "OSError(22, 'Invalid argument')"
              },
              "type": {
                "error": "OSError(22, 'Invalid argument')"
              }
            },
            {
              "index": "194",
              "value": "0000:0000:0000:0000:0000:0000:0000:0000",
              "ndev": {
                "error": "OSError(22, 'Invalid argument')"
              },
              "type": {
                "error": "OSError(22, 'Invalid argument')"
              }
            },
            {
              "index": "128",
              "value": "0000:0000:0000:0000:0000:0000:0000:0000",
              "ndev": {
                "error": "OSError(22, 'Invalid argument')"
              },
              "type": {
                "error": "OSError(22, 'Invalid argument')"
              }
            },
            {
              "index": "637",
              "value": "0000:0000:0000:0000:0000:0000:0000:0000",
              "ndev": {
                "error": "OSError(22, 'Invalid argument')"
              },
              "type": {
                "error": "OSError(22, 'Invalid argument')"
              }
            },
            {
              "index": "580",
              "value": "0000:0000:0000:0000:0000:0000:0000:0000",
              "ndev": {
                "error": "OSError(22, 'Invalid argument')"
              },
              "type": {
                "error": "OSError(22, 'Invalid argument')"
              }
            },
            {
              "index": "75",
              "value": "0000:0000:0000:0000:0000:0000:0000:0000",
              "ndev": {
                "error": "OSError(22, 'Invalid argument')"
              },
              "type": {
                "error": "OSError(22, 'Invalid argument')"
              }
            },
            {
              "index": "514",
              "value": "0000:0000:0000:0000:0000:0000:0000:0000",
              "ndev": {
                "error": "OSError(22, 'Invalid argument')"
              },
              "type": {
                "error": "OSError(22, 'Invalid argument')"
              }
            },
            {
              "index": "458",
              "value": "0000:0000:0000:0000:0000:0000:0000:0000",
              "ndev": {
                "error": "OSError(22, 'Invalid argument')"
              },
              "type": {
                "error": "OSError(22, 'Invalid argument')"
              }
            },
            {
              "index": "967",
              "value": "0000:0000:0000:0000:0000:0000:0000:0000",
              "ndev": {
                "error": "OSError(22, 'Invalid argument')"
              },
              "type": {
                "error": "OSError(22, 'Invalid argument')"
              }
            },
            {
              "index": "335",
              "value": "0000:0000:0000:0000:0000:0000:0000:0000",
              "ndev": {
                "error": "OSError(22, 'Invalid argument')"
              },
              "type": {
                "error": "OSError(22, 'Invalid argument')"
              }
            },
            {
              "index": "900",
              "value": "0000:0000:0000:0000:0000:0000:0000:0000",
              "ndev": {
                "error": "OSError(22, 'Invalid argument')"
              },
              "type": {
                "error": "OSError(22, 'Invalid argument')"
              }
            },
            {
              "index": "279",
              "value": "0000:0000:0000:0000:0000:0000:0000:0000",
              "ndev": {
                "error": "OSError(22, 'Invalid argument')"
              },
              "type": {
                "error": "OSError(22, 'Invalid argument')"
              }
            },
            {
              "index": "844",
              "value": "0000:0000:0000:0000:0000:0000:0000:0000",
              "ndev": {
                "error": "OSError(22, 'Invalid argument')"
              },
              "type": {
                "error": "OSError(22, 'Invalid argument')"
              }
            },
            {
              "index": "212",
              "value": "0000:0000:0000:0000:0000:0000:0000:0000",
              "ndev": {
                "error": "OSError(22, 'Invalid argument')"
              },
              "type": {
                "error": "OSError(22, 'Invalid argument')"
              }
            },
            {
              "index": "788",
              "value": "0000:0000:0000:0000:0000:0000:0000:0000",
              "ndev": {
                "error": "OSError(22, 'Invalid argument')"
              },
              "type": {
                "error": "OSError(22, 'Invalid argument')"
              }
            },
            {
              "index": "156",
              "value": "0000:0000:0000:0000:0000:0000:0000:0000",
              "ndev": {
                "error": "OSError(22, 'Invalid argument')"
              },
              "type": {
                "error": "OSError(22, 'Invalid argument')"
              }
            },
            {
              "index": "721",
              "value": "0000:0000:0000:0000:0000:0000:0000:0000",
              "ndev": {
                "error": "OSError(22, 'Invalid argument')"
              },
              "type": {
                "error": "OSError(22, 'Invalid argument')"
              }
            },
            {
              "index": "665",
              "value": "0000:0000:0000:0000:0000:0000:0000:0000",
              "ndev": {
                "error": "OSError(22, 'Invalid argument')"
              },
              "type": {
                "error": "OSError(22, 'Invalid argument')"
              }
            },
            {
              "index": "542",
              "value": "0000:0000:0000:0000:0000:0000:0000:0000",
              "ndev": {
                "error": "OSError(22, 'Invalid argument')"
              },
              "type": {
                "error": "OSError(22, 'Invalid argument')"
              }
            },
            {
              "index": "37",
              "value": "0000:0000:0000:0000:0000:0000:0000:0000",
              "ndev": {
                "error": "OSError(22, 'Invalid argument')"
              },
              "type": {
                "error": "OSError(22, 'Invalid argument')"
              }
            },
            {
              "index": "486",
              "value": "0000:0000:0000:0000:0000:0000:0000:0000",
              "ndev": {
                "error": "OSError(22, 'Invalid argument')"
              },
              "type": {
                "error": "OSError(22, 'Invalid argument')"
              }
            },
            {
              "index": "995",
              "value": "0000:0000:0000:0000:0000:0000:0000:0000",
              "ndev": {
                "error": "OSError(22, 'Invalid argument')"
              },
              "type": {
                "error": "OSError(22, 'Invalid argument')"
              }
            },
            {
              "index": "363",
              "value": "0000:0000:0000:0000:0000:0000:0000:0000",
              "ndev": {
                "error": "OSError(22, 'Invalid argument')"
              },
              "type": {
                "error": "OSError(22, 'Invalid argument')"
              }
            },
            {
              "index": "929",
              "value": "0000:0000:0000:0000:0000:0000:0000:0000",
              "ndev": {
                "error": "OSError(22, 'Invalid argument')"
              },
              "type": {
                "error": "OSError(22, 'Invalid argument')"
              }
            },
            {
              "index": "9",
              "value": "0000:0000:0000:0000:0000:0000:0000:0000",
              "ndev": {
                "error": "OSError(22, 'Invalid argument')"
              },
              "type": {
                "error": "OSError(22, 'Invalid argument')"
              }
            },
            {
              "index": "872",
              "value": "0000:0000:0000:0000:0000:0000:0000:0000",
              "ndev": {
                "error": "OSError(22, 'Invalid argument')"
              },
              "type": {
                "error": "OSError(22, 'Invalid argument')"
              }
            },
            {
              "index": "240",
              "value": "0000:0000:0000:0000:0000:0000:0000:0000",
              "ndev": {
                "error": "OSError(22, 'Invalid argument')"
              },
              "type": {
                "error": "OSError(22, 'Invalid argument')"
              }
            },
            {
              "index": "806",
              "value": "0000:0000:0000:0000:0000:0000:0000:0000",
              "ndev": {
                "error": "OSError(22, 'Invalid argument')"
              },
              "type": {
                "error": "OSError(22, 'Invalid argument')"
              }
            },
            {
              "index": "184",
              "value": "0000:0000:0000:0000:0000:0000:0000:0000",
              "ndev": {
                "error": "OSError(22, 'Invalid argument')"
              },
              "type": {
                "error": "OSError(22, 'Invalid argument')"
              }
            },
            {
              "index": "118",
              "value": "0000:0000:0000:0000:0000:0000:0000:0000",
              "ndev": {
                "error": "OSError(22, 'Invalid argument')"
              },
              "type": {
                "error": "OSError(22, 'Invalid argument')"
              }
            },
            {
              "index": "693",
              "value": "0000:0000:0000:0000:0000:0000:0000:0000",
              "ndev": {
                "error": "OSError(22, 'Invalid argument')"
              },
              "type": {
                "error": "OSError(22, 'Invalid argument')"
              }
            },
            {
              "index": "627",
              "value": "0000:0000:0000:0000:0000:0000:0000:0000",
              "ndev": {
                "error": "OSError(22, 'Invalid argument')"
              },
              "type": {
                "error": "OSError(22, 'Invalid argument')"
              }
            },
            {
              "index": "570",
              "value": "0000:0000:0000:0000:0000:0000:0000:0000",
              "ndev": {
                "error": "OSError(22, 'Invalid argument')"
              },
              "type": {
                "error": "OSError(22, 'Invalid argument')"
              }
            },
            {
              "index": "65",
              "value": "0000:0000:0000:0000:0000:0000:0000:0000",
              "ndev": {
                "error": "OSError(22, 'Invalid argument')"
              },
              "type": {
                "error": "OSError(22, 'Invalid argument')"
              }
            },
            {
              "index": "504",
              "value": "0000:0000:0000:0000:0000:0000:0000:0000",
              "ndev": {
                "error": "OSError(22, 'Invalid argument')"
              },
              "type": {
                "error": "OSError(22, 'Invalid argument')"
              }
            },
            {
              "index": "448",
              "value": "0000:0000:0000:0000:0000:0000:0000:0000",
              "ndev": {
                "error": "OSError(22, 'Invalid argument')"
              },
              "type": {
                "error": "OSError(22, 'Invalid argument')"
              }
            },
            {
              "index": "391",
              "value": "0000:0000:0000:0000:0000:0000:0000:0000",
              "ndev": {
                "error": "OSError(22, 'Invalid argument')"
              },
              "type": {
                "error": "OSError(22, 'Invalid argument')"
              }
            },
            {
              "index": "957",
              "value": "0000:0000:0000:0000:0000:0000:0000:0000",
              "ndev": {
                "error": "OSError(22, 'Invalid argument')"
              },
              "type": {
                "error": "OSError(22, 'Invalid argument')"
              }
            },
            {
              "index": "325",
              "value": "0000:0000:0000:0000:0000:0000:0000:0000",
              "ndev": {
                "error": "OSError(22, 'Invalid argument')"
              },
              "type": {
                "error": "OSError(22, 'Invalid argument')"
              }
            },
            {
              "index": "269",
              "value": "0000:0000:0000:0000:0000:0000:0000:0000",
              "ndev": {
                "error": "OSError(22, 'Invalid argument')"
              },
              "type": {
                "error": "OSError(22, 'Invalid argument')"
              }
            },
            {
              "index": "834",
              "value": "0000:0000:0000:0000:0000:0000:0000:0000",
              "ndev": {
                "error": "OSError(22, 'Invalid argument')"
              },
              "type": {
                "error": "OSError(22, 'Invalid argument')"
              }
            },
            {
              "index": "202",
              "value": "0000:0000:0000:0000:0000:0000:0000:0000",
              "ndev": {
                "error": "OSError(22, 'Invalid argument')"
              },
              "type": {
                "error": "OSError(22, 'Invalid argument')"
              }
            },
            {
              "index": "778",
              "value": "0000:0000:0000:0000:0000:0000:0000:0000",
              "ndev": {
                "error": "OSError(22, 'Invalid argument')"
              },
              "type": {
                "error": "OSError(22, 'Invalid argument')"
              }
            },
            {
              "index": "146",
              "value": "0000:0000:0000:0000:0000:0000:0000:0000",
              "ndev": {
                "error": "OSError(22, 'Invalid argument')"
              },
              "type": {
                "error": "OSError(22, 'Invalid argument')"
              }
            },
            {
              "index": "711",
              "value": "0000:0000:0000:0000:0000:0000:0000:0000",
              "ndev": {
                "error": "OSError(22, 'Invalid argument')"
              },
              "type": {
                "error": "OSError(22, 'Invalid argument')"
              }
            },
            {
              "index": "1014",
              "value": "0000:0000:0000:0000:0000:0000:0000:0000",
              "ndev": {
                "error": "OSError(22, 'Invalid argument')"
              },
              "type": {
                "error": "OSError(22, 'Invalid argument')"
              }
            },
            {
              "index": "655",
              "value": "0000:0000:0000:0000:0000:0000:0000:0000",
              "ndev": {
                "error": "OSError(22, 'Invalid argument')"
              },
              "type": {
                "error": "OSError(22, 'Invalid argument')"
              }
            },
            {
              "index": "599",
              "value": "0000:0000:0000:0000:0000:0000:0000:0000",
              "ndev": {
                "error": "OSError(22, 'Invalid argument')"
              },
              "type": {
                "error": "OSError(22, 'Invalid argument')"
              }
            },
            {
              "index": "93",
              "value": "0000:0000:0000:0000:0000:0000:0000:0000",
              "ndev": {
                "error": "OSError(22, 'Invalid argument')"
              },
              "type": {
                "error": "OSError(22, 'Invalid argument')"
              }
            },
            {
              "index": "532",
              "value": "0000:0000:0000:0000:0000:0000:0000:0000",
              "ndev": {
                "error": "OSError(22, 'Invalid argument')"
              },
              "type": {
                "error": "OSError(22, 'Invalid argument')"
              }
            },
            {
              "index": "27",
              "value": "0000:0000:0000:0000:0000:0000:0000:0000",
              "ndev": {
                "error": "OSError(22, 'Invalid argument')"
              },
              "type": {
                "error": "OSError(22, 'Invalid argument')"
              }
            },
            {
              "index": "476",
              "value": "0000:0000:0000:0000:0000:0000:0000:0000",
              "ndev": {
                "error": "OSError(22, 'Invalid argument')"
              },
              "type": {
                "error": "OSError(22, 'Invalid argument')"
              }
            }
          ]
        }
      ]
    }
  ],
  "infiniband_devices": [
    {
      "path": "/dev/infiniband/rdma_cm",
      "mode": "0o20666",
      "major": 10,
      "minor": 262,
      "read_write_access": true
    },
    {
      "path": "/dev/infiniband/by-ibdev",
      "mode": "0o40755",
      "major": 0,
      "minor": 0,
      "read_write_access": true
    },
    {
      "path": "/dev/infiniband/uverbs0",
      "mode": "0o20666",
      "major": 231,
      "minor": 192,
      "read_write_access": true
    }
  ],
  "rxe_provider": {
    "driver_config": [
      {
        "path": "/etc/libibverbs.d/rxe.driver",
        "text": "driver rxe\n",
        "sha256": "e859b597a231e03a5a71fe6a61017092fadf9d2531bc9fb3ce0fb8b1f1cbd655"
      }
    ],
    "libraries": [
      {
        "path": "/usr/lib/aarch64-linux-gnu/libibverbs/librxe-rdmav34.so",
        "realpath": "/usr/lib/aarch64-linux-gnu/libibverbs/librxe-rdmav34.so",
        "sha256": "9d4125ef4088b5f13af3ec829fd36ddf7a89af72c623b98e4cb5228cd847f090"
      },
      {
        "path": "/lib/aarch64-linux-gnu/libibverbs/librxe-rdmav34.so",
        "realpath": "/usr/lib/aarch64-linux-gnu/libibverbs/librxe-rdmav34.so",
        "sha256": "9d4125ef4088b5f13af3ec829fd36ddf7a89af72c623b98e4cb5228cd847f090"
      }
    ]
  },
  "status": "PASS_READONLY_ADMISSION",
  "blocked": []
}
