{
  "status": "PASS_B_600_OWNER_PATHS_ABSENT_BEFORE_B_STOP",
  "root": "/mnt/lima-afsbdata/afs-delivery/owner-remote-delete-6d-bhome-20261007-r1/mount/ownerfs/g2-remote-delete-6d-bhome-r1/small-delete-r1",
  "mount": {
    "target": "/mnt/lima-afsbdata/afs-delivery/owner-remote-delete-6d-bhome-20261007-r1/mount/ownerfs",
    "source": "afs-ownerfs",
    "fstype": "fuse",
    "id": 92,
    "options": "rw,nosuid,nodev,noatime,user_id=0,group_id=0,default_permissions,allow_other"
  },
  "checked_count": 600,
  "checked_paths": [
    "/mnt/lima-afsbdata/afs-delivery/owner-remote-delete-6d-bhome-20261007-r1/mount/ownerfs/g2-remote-delete-6d-bhome-r1/small-delete-r1/.afs-owner-remote-small-owner-r00/entry-0000.bin",
    "/mnt/lima-afsbdata/afs-delivery/owner-remote-delete-6d-bhome-20261007-r1/mount/ownerfs/g2-remote-delete-6d-bhome-r1/small-delete-r1/.afs-owner-remote-small-owner-r00/entry-0001.bin",
    "/mnt/lima-afsbdata/afs-delivery/owner-remote-delete-6d-bhome-20261007-r1/mount/ownerfs/g2-remote-delete-6d-bhome-r1/small-delete-r1/.afs-owner-remote-small-owner-r00/entry-0002.bin",
    "/mnt/lima-afsbdata/afs-delivery/owner-remote-delete-6d-bhome-20261007-r1/mount/ownerfs/g2-remote-delete-6d-bhome-r1/small-delete-r1/.afs-owner-remote-small-owner-r00/entry-0003.bin",
    "/mnt/lima-afsbdata/afs-delivery/owner-remote-delete-6d-bhome-20261007-r1/mount/ownerfs/g2-remote-delete-6d-bhome-r1/small-delete-r1/.afs-owner-remote-small-owner-r00/entry-0004.bin",
    "/mnt/lima-afsbdata/afs-delivery/owner-remote-delete-6d-bhome-20261007-r1/mount/ownerfs/g2-remote-delete-6d-bhome-r1/small-delete-r1/.afs-owner-remote-small-owner-r00/entry-0005.bin",
    "/mnt/lima-afsbdata/afs-delivery/owner-remote-delete-6d-bhome-20261007-r1/mount/ownerfs/g2-remote-delete-6d-bhome-r1/small-delete-r1/.afs-owner-remote-small-owner-r00/entry-0006.bin",
    "/mnt/lima-afsbdata/afs-delivery/owner-remote-delete-6d-bhome-20261007-r1/mount/ownerfs/g2-remote-delete-6d-bhome-r1/small-delete-r1/.afs-owner-remote-small-owner-r00/entry-0007.bin",
    "/mnt/lima-afsbdata/afs-delivery/owner-remote-delete-6d-bhome-20261007-r1/mount/ownerfs/g2-remote-delete-6d-bhome-r1/small-delete-r1/.afs-owner-remote-small-owner-r00/entry-0008.bin",
    "/mnt/lima-afsbdata/afs-delivery/owner-remote-delete-6d-bhome-20261007-r1/mount/ownerfs/g2-remote-delete-6d-bhome-r1/small-delete-r1/.afs-owner-remote-small-owner-r00/entry-0009.bin",
    "/mnt/lima-afsbdata/afs-delivery/owner-remote-delete-6d-bhome-20261007-r1/mount/ownerfs/g2-remote-delete-6d-bhome-r1/small-delete-r1/.afs-owner-remote-small-owner-r00/entry-0010.bin",
    "/mnt/lima-afsbdata/afs-delivery/owner-remote-delete-6d-bhome-20261007-r1/mount/ownerfs/g2-remote-delete-6d-bhome-r1/small-delete-r1/.afs-owner-remote-small-owner-r00/entry-0011.bin",
    "/mnt/lima-afsbdata/afs-delivery/owner-remote-delete-6d-bhome-20261007-r1/mount/ownerfs/g2-remote-delete-6d-bhome-r1/small-delete-r1/.afs-owner-remote-small-owner-r00/entry-0012.bin",
    "/mnt/lima-afsbdata/afs-delivery/owner-remote-delete-6d-bhome-20261007-r1/mount/ownerfs/g2-remote-delete-6d-bhome-r1/small-delete-r1/.afs-owner-remote-small-owner-r00/entry-0013.bin",
    "/mnt/lima-afsbdata/afs-delivery/owner-remote-delete-6d-bhome-20261007-r1/mount/ownerfs/g2-remote-delete-6d-bhome-r1/small-delete-r1/.afs-owner-remote-small-owner-r00/entry-0014.bin",
    "/mnt/lima-afsbdata/afs-delivery/owner-remote-delete-6d-bhome-20261007-r1/mount/ownerfs/g2-remote-delete-6d-bhome-r1/small-delete-r1/.afs-owner-remote-small-owner-r00/entry-0015.bin",
    "/mnt/lima-afsbdata/afs-delivery/owner-remote-delete-6d-bhome-20261007-r1/mount/ownerfs/g2-remote-delete-6d-bhome-r1/small-delete-r1/.afs-owner-remote-small-owner-r00/entry-0016.bin",
    "/mnt/lima-afsbdata/afs-delivery/owner-remote-delete-6d-bhome-20261007-r1/mount/ownerfs/g2-remote-delete-6d-bhome-r1/small-delete-r1/.afs-owner-remote-small-owner-r00/entry-0017.bin",
    "/mnt/lima-afsbdata/afs-delivery/owner-remote-delete-6d-bhome-20261007-r1/mount/ownerfs/g2-remote-delete-6d-bhome-r1/small-delete-r1/.afs-owner-remote-small-owner-r00/entry-0018.bin",
    "/mnt/lima-afsbdata/afs-delivery/owner-remote-delete-6d-bhome-20261007-r1/mount/ownerfs/g2-remote-delete-6d-bhome-r1/small-delete-r1/.afs-owner-remote-small-owner-r00/entry-0019.bin",
    "/mnt/lima-afsbdata/afs-delivery/owner-remote-delete-6d-bhome-20261007-r1/mount/ownerfs/g2-remote-delete-6d-bhome-r1/small-delete-r1/.afs-owner-remote-small-owner-r00/entry-0020.bin",
    "/mnt/lima-afsbdata/afs-delivery/owner-remote-delete-6d-bhome-20261007-r1/mount/ownerfs/g2-remote-delete-6d-bhome-r1/small-delete-r1/.afs-owner-remote-small-owner-r00/entry-0021.bin",
    "/mnt/lima-afsbdata/afs-delivery/owner-remote-delete-6d-bhome-20261007-r1/mount/ownerfs/g2-remote-delete-6d-bhome-r1/small-delete-r1/.afs-owner-remote-small-owner-r00/entry-0022.bin",
    "/mnt/lima-afsbdata/afs-delivery/owner-remote-delete-6d-bhome-20261007-r1/mount/ownerfs/g2-remote-delete-6d-bhome-r1/small-delete-r1/.afs-owner-remote-small-owner-r00/entry-0023.bin",
    "/mnt/lima-afsbdata/afs-delivery/owner-remote-delete-6d-bhome-20261007-r1/mount/ownerfs/g2-remote-delete-6d-bhome-r1/small-delete-r1/.afs-owner-remote-small-owner-r00/entry-0024.bin",
    "/mnt/lima-afsbdata/afs-delivery/owner-remote-delete-6d-bhome-20261007-r1/mount/ownerfs/g2-remote-delete-6d-bhome-r1/small-delete-r1/.afs-owner-remote-small-owner-r00/entry-0025.bin",
    "/mnt/lima-afsbdata/afs-delivery/owner-remote-delete-6d-bhome-20261007-r1/mount/ownerfs/g2-remote-delete-6d-bhome-r1/small-delete-r1/.afs-owner-remote-small-owner-r00/entry-0026.bin",
    "/mnt/lima-afsbdata/afs-delivery/owner-remote-delete-6d-bhome-20261007-r1/mount/ownerfs/g2-remote-delete-6d-bhome-r1/small-delete-r1/.afs-owner-remote-small-owner-r00/entry-0027.bin",
    "/mnt/lima-afsbdata/afs-delivery/owner-remote-delete-6d-bhome-20261007-r1/mount/ownerfs/g2-remote-delete-6d-bhome-r1/small-delete-r1/.afs-owner-remote-small-owner-r00/entry-0028.bin",
    "/mnt/lima-afsbdata/afs-delivery/owner-remote-delete-6d-bhome-20261007-r1/mount/ownerfs/g2-remote-delete-6d-bhome-r1/small-delete-r1/.afs-owner-remote-small-owner-r00/entry-0029.bin",
    "/mnt/lima-afsbdata/afs-delivery/owner-remote-delete-6d-bhome-20261007-r1/mount/ownerfs/g2-remote-delete-6d-bhome-r1/small-delete-r1/.afs-owner-remote-small-owner-r00/entry-0030.bin",
    "/mnt/lima-afsbdata/afs-delivery/owner-remote-delete-6d-bhome-20261007-r1/mount/ownerfs/g2-remote-delete-6d-bhome-r1/small-delete-r1/.afs-owner-remote-small-owner-r00/entry-0031.bin",
    "/mnt/lima-afsbdata/afs-delivery/owner-remote-delete-6d-bhome-20261007-r1/mount/ownerfs/g2-remote-delete-6d-bhome-r1/small-delete-r1/.afs-owner-remote-small-owner-r00/entry-0032.bin",
    "/mnt/lima-afsbdata/afs-delivery/owner-remote-delete-6d-bhome-20261007-r1/mount/ownerfs/g2-remote-delete-6d-bhome-r1/small-delete-r1/.afs-owner-remote-small-owner-r00/entry-0033.bin",
    "/mnt/lima-afsbdata/afs-delivery/owner-remote-delete-6d-bhome-20261007-r1/mount/ownerfs/g2-remote-delete-6d-bhome-r1/small-delete-r1/.afs-owner-remote-small-owner-r00/entry-0034.bin",
    "/mnt/lima-afsbdata/afs-delivery/owner-remote-delete-6d-bhome-20261007-r1/mount/ownerfs/g2-remote-delete-6d-bhome-r1/small-delete-r1/.afs-owner-remote-small-owner-r00/entry-0035.bin",
    "/mnt/lima-afsbdata/afs-delivery/owner-remote-delete-6d-bhome-20261007-r1/mount/ownerfs/g2-remote-delete-6d-bhome-r1/small-delete-r1/.afs-owner-remote-small-owner-r00/entry-0036.bin",
    "/mnt/lima-afsbdata/afs-delivery/owner-remote-delete-6d-bhome-20261007-r1/mount/ownerfs/g2-remote-delete-6d-bhome-r1/small-delete-r1/.afs-owner-remote-small-owner-r00/entry-0037.bin",
    "/mnt/lima-afsbdata/afs-delivery/owner-remote-delete-6d-bhome-20261007-r1/mount/ownerfs/g2-remote-delete-6d-bhome-r1/small-delete-r1/.afs-owner-remote-small-owner-r00/entry-0038.bin",
    "/mnt/lima-afsbdata/afs-delivery/owner-remote-delete-6d-bhome-20261007-r1/mount/ownerfs/g2-remote-delete-6d-bhome-r1/small-delete-r1/.afs-owner-remote-small-owner-r00/entry-0039.bin",
    "/mnt/lima-afsbdata/afs-delivery/owner-remote-delete-6d-bhome-20261007-r1/mount/ownerfs/g2-remote-delete-6d-bhome-r1/small-delete-r1/.afs-owner-remote-small-owner-r00/entry-0040.bin",
    "/mnt/lima-afsbdata/afs-delivery/owner-remote-delete-6d-bhome-20261007-r1/mount/ownerfs/g2-remote-delete-6d-bhome-r1/small-delete-r1/.afs-owner-remote-small-owner-r00/entry-0041.bin",
    "/mnt/lima-afsbdata/afs-delivery/owner-remote-delete-6d-bhome-20261007-r1/mount/ownerfs/g2-remote-delete-6d-bhome-r1/small-delete-r1/.afs-owner-remote-small-owner-r00/entry-0042.bin",
    "/mnt/lima-afsbdata/afs-delivery/owner-remote-delete-6d-bhome-20261007-r1/mount/ownerfs/g2-remote-delete-6d-bhome-r1/small-delete-r1/.afs-owner-remote-small-owner-r00/entry-0043.bin",
    "/mnt/lima-afsbdata/afs-delivery/owner-remote-delete-6d-bhome-20261007-r1/mount/ownerfs/g2-remote-delete-6d-bhome-r1/small-delete-r1/.afs-owner-remote-small-owner-r00/entry-0044.bin",
    "/mnt/lima-afsbdata/afs-delivery/owner-remote-delete-6d-bhome-20261007-r1/mount/ownerfs/g2-remote-delete-6d-bhome-r1/small-delete-r1/.afs-owner-remote-small-owner-r00/entry-0045.bin",
    "/mnt/lima-afsbdata/afs-delivery/owner-remote-delete-6d-bhome-20261007-r1/mount/ownerfs/g2-remote-delete-6d-bhome-r1/small-delete-r1/.afs-owner-remote-small-owner-r00/entry-0046.bin",
    "/mnt/lima-afsbdata/afs-delivery/owner-remote-delete-6d-bhome-20261007-r1/mount/ownerfs/g2-remote-delete-6d-bhome-r1/small-delete-r1/.afs-owner-remote-small-owner-r00/entry-0047.bin",
    "/mnt/lima-afsbdata/afs-delivery/owner-remote-delete-6d-bhome-20261007-r1/mount/ownerfs/g2-remote-delete-6d-bhome-r1/small-delete-r1/.afs-owner-remote-small-owner-r00/entry-0048.bin",
    "/mnt/lima-afsbdata/afs-delivery/owner-remote-delete-6d-bhome-20261007-r1/mount/ownerfs/g2-remote-delete-6d-bhome-r1/small-delete-r1/.afs-owner-remote-small-owner-r00/entry-0049.bin",
    "/mnt/lima-afsbdata/afs-delivery/owner-remote-delete-6d-bhome-20261007-r1/mount/ownerfs/g2-remote-delete-6d-bhome-r1/small-delete-r1/.afs-owner-remote-small-owner-r00/entry-0050.bin",
    "/mnt/lima-afsbdata/afs-delivery/owner-remote-delete-6d-bhome-20261007-r1/mount/ownerfs/g2-remote-delete-6d-bhome-r1/small-delete-r1/.afs-owner-remote-small-owner-r00/entry-0051.bin",
    "/mnt/lima-afsbdata/afs-delivery/owner-remote-delete-6d-bhome-20261007-r1/mount/ownerfs/g2-remote-delete-6d-bhome-r1/small-delete-r1/.afs-owner-remote-small-owner-r00/entry-0052.bin",
    "/mnt/lima-afsbdata/afs-delivery/owner-remote-delete-6d-bhome-20261007-r1/mount/ownerfs/g2-remote-delete-6d-bhome-r1/small-delete-r1/.afs-owner-remote-small-owner-r00/entry-0053.bin",
    "/mnt/lima-afsbdata/afs-delivery/owner-remote-delete-6d-bhome-20261007-r1/mount/ownerfs/g2-remote-delete-6d-bhome-r1/small-delete-r1/.afs-owner-remote-small-owner-r00/entry-0054.bin",
    "/mnt/lima-afsbdata/afs-delivery/owner-remote-delete-6d-bhome-20261007-r1/mount/ownerfs/g2-remote-delete-6d-bhome-r1/small-delete-r1/.afs-owner-remote-small-owner-r00/entry-0055.bin",
    "/mnt/lima-afsbdata/afs-delivery/owner-remote-delete-6d-bhome-20261007-r1/mount/ownerfs/g2-remote-delete-6d-bhome-r1/small-delete-r1/.afs-owner-remote-small-owner-r00/entry-0056.bin",
    "/mnt/lima-afsbdata/afs-delivery/owner-remote-delete-6d-bhome-20261007-r1/mount/ownerfs/g2-remote-delete-6d-bhome-r1/small-delete-r1/.afs-owner-remote-small-owner-r00/entry-0057.bin",
    "/mnt/lima-afsbdata/afs-delivery/owner-remote-delete-6d-bhome-20261007-r1/mount/ownerfs/g2-remote-delete-6d-bhome-r1/small-delete-r1/.afs-owner-remote-small-owner-r00/entry-0058.bin",
    "/mnt/lima-afsbdata/afs-delivery/owner-remote-delete-6d-bhome-20261007-r1/mount/ownerfs/g2-remote-delete-6d-bhome-r1/small-delete-r1/.afs-owner-remote-small-owner-r00/entry-0059.bin",
    "/mnt/lima-afsbdata/afs-delivery/owner-remote-delete-6d-bhome-20261007-r1/mount/ownerfs/g2-remote-delete-6d-bhome-r1/small-delete-r1/.afs-owner-remote-small-owner-r00/entry-0060.bin",
    "/mnt/lima-afsbdata/afs-delivery/owner-remote-delete-6d-bhome-20261007-r1/mount/ownerfs/g2-remote-delete-6d-bhome-r1/small-delete-r1/.afs-owner-remote-small-owner-r00/entry-0061.bin",
    "/mnt/lima-afsbdata/afs-delivery/owner-remote-delete-6d-bhome-20261007-r1/mount/ownerfs/g2-remote-delete-6d-bhome-r1/small-delete-r1/.afs-owner-remote-small-owner-r00/entry-0062.bin",
    "/mnt/lima-afsbdata/afs-delivery/owner-remote-delete-6d-bhome-20261007-r1/mount/ownerfs/g2-remote-delete-6d-bhome-r1/small-delete-r1/.afs-owner-remote-small-owner-r00/entry-0063.bin",
    "/mnt/lima-afsbdata/afs-delivery/owner-remote-delete-6d-bhome-20261007-r1/mount/ownerfs/g2-remote-delete-6d-bhome-r1/small-delete-r1/.afs-owner-remote-small-owner-r00/entry-0064.bin",
    "/mnt/lima-afsbdata/afs-delivery/owner-remote-delete-6d-bhome-20261007-r1/mount/ownerfs/g2-remote-delete-6d-bhome-r1/small-delete-r1/.afs-owner-remote-small-owner-r00/entry-0065.bin",
    "/mnt/lima-afsbdata/afs-delivery/owner-remote-delete-6d-bhome-20261007-r1/mount/ownerfs/g2-remote-delete-6d-bhome-r1/small-delete-r1/.afs-owner-remote-small-owner-r00/entry-0066.bin",
    "/mnt/lima-afsbdata/afs-delivery/owner-remote-delete-6d-bhome-20261007-r1/mount/ownerfs/g2-remote-delete-6d-bhome-r1/small-delete-r1/.afs-owner-remote-small-owner-r00/entry-0067.bin",
    "/mnt/lima-afsbdata/afs-delivery/owner-remote-delete-6d-bhome-20261007-r1/mount/ownerfs/g2-remote-delete-6d-bhome-r1/small-delete-r1/.afs-owner-remote-small-owner-r00/entry-0068.bin",
    "/mnt/lima-afsbdata/afs-delivery/owner-remote-delete-6d-bhome-20261007-r1/mount/ownerfs/g2-remote-delete-6d-bhome-r1/small-delete-r1/.afs-owner-remote-small-owner-r00/entry-0069.bin",
    "/mnt/lima-afsbdata/afs-delivery/owner-remote-delete-6d-bhome-20261007-r1/mount/ownerfs/g2-remote-delete-6d-bhome-r1/small-delete-r1/.afs-owner-remote-small-owner-r00/entry-0070.bin",
    "/mnt/lima-afsbdata/afs-delivery/owner-remote-delete-6d-bhome-20261007-r1/mount/ownerfs/g2-remote-delete-6d-bhome-r1/small-delete-r1/.afs-owner-remote-small-owner-r00/entry-0071.bin",
    "/mnt/lima-afsbdata/afs-delivery/owner-remote-delete-6d-bhome-20261007-r1/mount/ownerfs/g2-remote-delete-6d-bhome-r1/small-delete-r1/.afs-owner-remote-small-owner-r00/entry-0072.bin",
    "/mnt/lima-afsbdata/afs-delivery/owner-remote-delete-6d-bhome-20261007-r1/mount/ownerfs/g2-remote-delete-6d-bhome-r1/small-delete-r1/.afs-owner-remote-small-owner-r00/entry-0073.bin",
    "/mnt/lima-afsbdata/afs-delivery/owner-remote-delete-6d-bhome-20261007-r1/mount/ownerfs/g2-remote-delete-6d-bhome-r1/small-delete-r1/.afs-owner-remote-small-owner-r00/entry-0074.bin",
    "/mnt/lima-afsbdata/afs-delivery/owner-remote-delete-6d-bhome-20261007-r1/mount/ownerfs/g2-remote-delete-6d-bhome-r1/small-delete-r1/.afs-owner-remote-small-owner-r00/entry-0075.bin",
    "/mnt/lima-afsbdata/afs-delivery/owner-remote-delete-6d-bhome-20261007-r1/mount/ownerfs/g2-remote-delete-6d-bhome-r1/small-delete-r1/.afs-owner-remote-small-owner-r00/entry-0076.bin",
    "/mnt/lima-afsbdata/afs-delivery/owner-remote-delete-6d-bhome-20261007-r1/mount/ownerfs/g2-remote-delete-6d-bhome-r1/small-delete-r1/.afs-owner-remote-small-owner-r00/entry-0077.bin",
    "/mnt/lima-afsbdata/afs-delivery/owner-remote-delete-6d-bhome-20261007-r1/mount/ownerfs/g2-remote-delete-6d-bhome-r1/small-delete-r1/.afs-owner-remote-small-owner-r00/entry-0078.bin",
    "/mnt/lima-afsbdata/afs-delivery/owner-remote-delete-6d-bhome-20261007-r1/mount/ownerfs/g2-remote-delete-6d-bhome-r1/small-delete-r1/.afs-owner-remote-small-owner-r00/entry-0079.bin",
    "/mnt/lima-afsbdata/afs-delivery/owner-remote-delete-6d-bhome-20261007-r1/mount/ownerfs/g2-remote-delete-6d-bhome-r1/small-delete-r1/.afs-owner-remote-small-owner-r00/entry-0080.bin",
    "/mnt/lima-afsbdata/afs-delivery/owner-remote-delete-6d-bhome-20261007-r1/mount/ownerfs/g2-remote-delete-6d-bhome-r1/small-delete-r1/.afs-owner-remote-small-owner-r00/entry-0081.bin",
    "/mnt/lima-afsbdata/afs-delivery/owner-remote-delete-6d-bhome-20261007-r1/mount/ownerfs/g2-remote-delete-6d-bhome-r1/small-delete-r1/.afs-owner-remote-small-owner-r00/entry-0082.bin",
    "/mnt/lima-afsbdata/afs-delivery/owner-remote-delete-6d-bhome-20261007-r1/mount/ownerfs/g2-remote-delete-6d-bhome-r1/small-delete-r1/.afs-owner-remote-small-owner-r00/entry-0083.bin",
    "/mnt/lima-afsbdata/afs-delivery/owner-remote-delete-6d-bhome-20261007-r1/mount/ownerfs/g2-remote-delete-6d-bhome-r1/small-delete-r1/.afs-owner-remote-small-owner-r00/entry-0084.bin",
    "/mnt/lima-afsbdata/afs-delivery/owner-remote-delete-6d-bhome-20261007-r1/mount/ownerfs/g2-remote-delete-6d-bhome-r1/small-delete-r1/.afs-owner-remote-small-owner-r00/entry-0085.bin",
    "/mnt/lima-afsbdata/afs-delivery/owner-remote-delete-6d-bhome-20261007-r1/mount/ownerfs/g2-remote-delete-6d-bhome-r1/small-delete-r1/.afs-owner-remote-small-owner-r00/entry-0086.bin",
    "/mnt/lima-afsbdata/afs-delivery/owner-remote-delete-6d-bhome-20261007-r1/mount/ownerfs/g2-remote-delete-6d-bhome-r1/small-delete-r1/.afs-owner-remote-small-owner-r00/entry-0087.bin",
    "/mnt/lima-afsbdata/afs-delivery/owner-remote-delete-6d-bhome-20261007-r1/mount/ownerfs/g2-remote-delete-6d-bhome-r1/small-delete-r1/.afs-owner-remote-small-owner-r00/entry-0088.bin",
    "/mnt/lima-afsbdata/afs-delivery/owner-remote-delete-6d-bhome-20261007-r1/mount/ownerfs/g2-remote-delete-6d-bhome-r1/small-delete-r1/.afs-owner-remote-small-owner-r00/entry-0089.bin",
    "/mnt/lima-afsbdata/afs-delivery/owner-remote-delete-6d-bhome-20261007-r1/mount/ownerfs/g2-remote-delete-6d-bhome-r1/small-delete-r1/.afs-owner-remote-small-owner-r00/entry-0090.bin",
    "/mnt/lima-afsbdata/afs-delivery/owner-remote-delete-6d-bhome-20261007-r1/mount/ownerfs/g2-remote-delete-6d-bhome-r1/small-delete-r1/.afs-owner-remote-small-owner-r00/entry-0091.bin",
    "/mnt/lima-afsbdata/afs-delivery/owner-remote-delete-6d-bhome-20261007-r1/mount/ownerfs/g2-remote-delete-6d-bhome-r1/small-delete-r1/.afs-owner-remote-small-owner-r00/entry-0092.bin",
    "/mnt/lima-afsbdata/afs-delivery/owner-remote-delete-6d-bhome-20261007-r1/mount/ownerfs/g2-remote-delete-6d-bhome-r1/small-delete-r1/.afs-owner-remote-small-owner-r00/entry-0093.bin",
    "/mnt/lima-afsbdata/afs-delivery/owner-remote-delete-6d-bhome-20261007-r1/mount/ownerfs/g2-remote-delete-6d-bhome-r1/small-delete-r1/.afs-owner-remote-small-owner-r00/entry-0094.bin",
    "/mnt/lima-afsbdata/afs-delivery/owner-remote-delete-6d-bhome-20261007-r1/mount/ownerfs/g2-remote-delete-6d-bhome-r1/small-delete-r1/.afs-owner-remote-small-owner-r00/entry-0095.bin",
    "/mnt/lima-afsbdata/afs-delivery/owner-remote-delete-6d-bhome-20261007-r1/mount/ownerfs/g2-remote-delete-6d-bhome-r1/small-delete-r1/.afs-owner-remote-small-owner-r00/entry-0096.bin",
    "/mnt/lima-afsbdata/afs-delivery/owner-remote-delete-6d-bhome-20261007-r1/mount/ownerfs/g2-remote-delete-6d-bhome-r1/small-delete-r1/.afs-owner-remote-small-owner-r00/entry-0097.bin",
    "/mnt/lima-afsbdata/afs-delivery/owner-remote-delete-6d-bhome-20261007-r1/mount/ownerfs/g2-remote-delete-6d-bhome-r1/small-delete-r1/.afs-owner-remote-small-owner-r00/entry-0098.bin",
    "/mnt/lima-afsbdata/afs-delivery/owner-remote-delete-6d-bhome-20261007-r1/mount/ownerfs/g2-remote-delete-6d-bhome-r1/small-delete-r1/.afs-owner-remote-small-owner-r00/entry-0099.bin",
    "/mnt/lima-afsbdata/afs-delivery/owner-remote-delete-6d-bhome-20261007-r1/mount/ownerfs/g2-remote-delete-6d-bhome-r1/small-delete-r1/.afs-owner-remote-small-owner-r01/entry-0000.bin",
    "/mnt/lima-afsbdata/afs-delivery/owner-remote-delete-6d-bhome-20261007-r1/mount/ownerfs/g2-remote-delete-6d-bhome-r1/small-delete-r1/.afs-owner-remote-small-owner-r01/entry-0001.bin",
    "/mnt/lima-afsbdata/afs-delivery/owner-remote-delete-6d-bhome-20261007-r1/mount/ownerfs/g2-remote-delete-6d-bhome-r1/small-delete-r1/.afs-owner-remote-small-owner-r01/entry-0002.bin",
    "/mnt/lima-afsbdata/afs-delivery/owner-remote-delete-6d-bhome-20261007-r1/mount/ownerfs/g2-remote-delete-6d-bhome-r1/small-delete-r1/.afs-owner-remote-small-owner-r01/entry-0003.bin",
    "/mnt/lima-afsbdata/afs-delivery/owner-remote-delete-6d-bhome-20261007-r1/mount/ownerfs/g2-remote-delete-6d-bhome-r1/small-delete-r1/.afs-owner-remote-small-owner-r01/entry-0004.bin",
    "/mnt/lima-afsbdata/afs-delivery/owner-remote-delete-6d-bhome-20261007-r1/mount/ownerfs/g2-remote-delete-6d-bhome-r1/small-delete-r1/.afs-owner-remote-small-owner-r01/entry-0005.bin",
    "/mnt/lima-afsbdata/afs-delivery/owner-remote-delete-6d-bhome-20261007-r1/mount/ownerfs/g2-remote-delete-6d-bhome-r1/small-delete-r1/.afs-owner-remote-small-owner-r01/entry-0006.bin",
    "/mnt/lima-afsbdata/afs-delivery/owner-remote-delete-6d-bhome-20261007-r1/mount/ownerfs/g2-remote-delete-6d-bhome-r1/small-delete-r1/.afs-owner-remote-small-owner-r01/entry-0007.bin",
    "/mnt/lima-afsbdata/afs-delivery/owner-remote-delete-6d-bhome-20261007-r1/mount/ownerfs/g2-remote-delete-6d-bhome-r1/small-delete-r1/.afs-owner-remote-small-owner-r01/entry-0008.bin",
    "/mnt/lima-afsbdata/afs-delivery/owner-remote-delete-6d-bhome-20261007-r1/mount/ownerfs/g2-remote-delete-6d-bhome-r1/small-delete-r1/.afs-owner-remote-small-owner-r01/entry-0009.bin",
    "/mnt/lima-afsbdata/afs-delivery/owner-remote-delete-6d-bhome-20261007-r1/mount/ownerfs/g2-remote-delete-6d-bhome-r1/small-delete-r1/.afs-owner-remote-small-owner-r01/entry-0010.bin",
    "/mnt/lima-afsbdata/afs-delivery/owner-remote-delete-6d-bhome-20261007-r1/mount/ownerfs/g2-remote-delete-6d-bhome-r1/small-delete-r1/.afs-owner-remote-small-owner-r01/entry-0011.bin",
    "/mnt/lima-afsbdata/afs-delivery/owner-remote-delete-6d-bhome-20261007-r1/mount/ownerfs/g2-remote-delete-6d-bhome-r1/small-delete-r1/.afs-owner-remote-small-owner-r01/entry-0012.bin",
    "/mnt/lima-afsbdata/afs-delivery/owner-remote-delete-6d-bhome-20261007-r1/mount/ownerfs/g2-remote-delete-6d-bhome-r1/small-delete-r1/.afs-owner-remote-small-owner-r01/entry-0013.bin",
    "/mnt/lima-afsbdata/afs-delivery/owner-remote-delete-6d-bhome-20261007-r1/mount/ownerfs/g2-remote-delete-6d-bhome-r1/small-delete-r1/.afs-owner-remote-small-owner-r01/entry-0014.bin",
    "/mnt/lima-afsbdata/afs-delivery/owner-remote-delete-6d-bhome-20261007-r1/mount/ownerfs/g2-remote-delete-6d-bhome-r1/small-delete-r1/.afs-owner-remote-small-owner-r01/entry-0015.bin",
    "/mnt/lima-afsbdata/afs-delivery/owner-remote-delete-6d-bhome-20261007-r1/mount/ownerfs/g2-remote-delete-6d-bhome-r1/small-delete-r1/.afs-owner-remote-small-owner-r01/entry-0016.bin",
    "/mnt/lima-afsbdata/afs-delivery/owner-remote-delete-6d-bhome-20261007-r1/mount/ownerfs/g2-remote-delete-6d-bhome-r1/small-delete-r1/.afs-owner-remote-small-owner-r01/entry-0017.bin",
    "/mnt/lima-afsbdata/afs-delivery/owner-remote-delete-6d-bhome-20261007-r1/mount/ownerfs/g2-remote-delete-6d-bhome-r1/small-delete-r1/.afs-owner-remote-small-owner-r01/entry-0018.bin",
    "/mnt/lima-afsbdata/afs-delivery/owner-remote-delete-6d-bhome-20261007-r1/mount/ownerfs/g2-remote-delete-6d-bhome-r1/small-delete-r1/.afs-owner-remote-small-owner-r01/entry-0019.bin",
    "/mnt/lima-afsbdata/afs-delivery/owner-remote-delete-6d-bhome-20261007-r1/mount/ownerfs/g2-remote-delete-6d-bhome-r1/small-delete-r1/.afs-owner-remote-small-owner-r01/entry-0020.bin",
    "/mnt/lima-afsbdata/afs-delivery/owner-remote-delete-6d-bhome-20261007-r1/mount/ownerfs/g2-remote-delete-6d-bhome-r1/small-delete-r1/.afs-owner-remote-small-owner-r01/entry-0021.bin",
    "/mnt/lima-afsbdata/afs-delivery/owner-remote-delete-6d-bhome-20261007-r1/mount/ownerfs/g2-remote-delete-6d-bhome-r1/small-delete-r1/.afs-owner-remote-small-owner-r01/entry-0022.bin",
    "/mnt/lima-afsbdata/afs-delivery/owner-remote-delete-6d-bhome-20261007-r1/mount/ownerfs/g2-remote-delete-6d-bhome-r1/small-delete-r1/.afs-owner-remote-small-owner-r01/entry-0023.bin",
    "/mnt/lima-afsbdata/afs-delivery/owner-remote-delete-6d-bhome-20261007-r1/mount/ownerfs/g2-remote-delete-6d-bhome-r1/small-delete-r1/.afs-owner-remote-small-owner-r01/entry-0024.bin",
    "/mnt/lima-afsbdata/afs-delivery/owner-remote-delete-6d-bhome-20261007-r1/mount/ownerfs/g2-remote-delete-6d-bhome-r1/small-delete-r1/.afs-owner-remote-small-owner-r01/entry-0025.bin",
    "/mnt/lima-afsbdata/afs-delivery/owner-remote-delete-6d-bhome-20261007-r1/mount/ownerfs/g2-remote-delete-6d-bhome-r1/small-delete-r1/.afs-owner-remote-small-owner-r01/entry-0026.bin",
    "/mnt/lima-afsbdata/afs-delivery/owner-remote-delete-6d-bhome-20261007-r1/mount/ownerfs/g2-remote-delete-6d-bhome-r1/small-delete-r1/.afs-owner-remote-small-owner-r01/entry-0027.bin",
    "/mnt/lima-afsbdata/afs-delivery/owner-remote-delete-6d-bhome-20261007-r1/mount/ownerfs/g2-remote-delete-6d-bhome-r1/small-delete-r1/.afs-owner-remote-small-owner-r01/entry-0028.bin",
    "/mnt/lima-afsbdata/afs-delivery/owner-remote-delete-6d-bhome-20261007-r1/mount/ownerfs/g2-remote-delete-6d-bhome-r1/small-delete-r1/.afs-owner-remote-small-owner-r01/entry-0029.bin",
    "/mnt/lima-afsbdata/afs-delivery/owner-remote-delete-6d-bhome-20261007-r1/mount/ownerfs/g2-remote-delete-6d-bhome-r1/small-delete-r1/.afs-owner-remote-small-owner-r01/entry-0030.bin",
    "/mnt/lima-afsbdata/afs-delivery/owner-remote-delete-6d-bhome-20261007-r1/mount/ownerfs/g2-remote-delete-6d-bhome-r1/small-delete-r1/.afs-owner-remote-small-owner-r01/entry-0031.bin",
    "/mnt/lima-afsbdata/afs-delivery/owner-remote-delete-6d-bhome-20261007-r1/mount/ownerfs/g2-remote-delete-6d-bhome-r1/small-delete-r1/.afs-owner-remote-small-owner-r01/entry-0032.bin",
    "/mnt/lima-afsbdata/afs-delivery/owner-remote-delete-6d-bhome-20261007-r1/mount/ownerfs/g2-remote-delete-6d-bhome-r1/small-delete-r1/.afs-owner-remote-small-owner-r01/entry-0033.bin",
    "/mnt/lima-afsbdata/afs-delivery/owner-remote-delete-6d-bhome-20261007-r1/mount/ownerfs/g2-remote-delete-6d-bhome-r1/small-delete-r1/.afs-owner-remote-small-owner-r01/entry-0034.bin",
    "/mnt/lima-afsbdata/afs-delivery/owner-remote-delete-6d-bhome-20261007-r1/mount/ownerfs/g2-remote-delete-6d-bhome-r1/small-delete-r1/.afs-owner-remote-small-owner-r01/entry-0035.bin",
    "/mnt/lima-afsbdata/afs-delivery/owner-remote-delete-6d-bhome-20261007-r1/mount/ownerfs/g2-remote-delete-6d-bhome-r1/small-delete-r1/.afs-owner-remote-small-owner-r01/entry-0036.bin",
    "/mnt/lima-afsbdata/afs-delivery/owner-remote-delete-6d-bhome-20261007-r1/mount/ownerfs/g2-remote-delete-6d-bhome-r1/small-delete-r1/.afs-owner-remote-small-owner-r01/entry-0037.bin",
    "/mnt/lima-afsbdata/afs-delivery/owner-remote-delete-6d-bhome-20261007-r1/mount/ownerfs/g2-remote-delete-6d-bhome-r1/small-delete-r1/.afs-owner-remote-small-owner-r01/entry-0038.bin",
    "/mnt/lima-afsbdata/afs-delivery/owner-remote-delete-6d-bhome-20261007-r1/mount/ownerfs/g2-remote-delete-6d-bhome-r1/small-delete-r1/.afs-owner-remote-small-owner-r01/entry-0039.bin",
    "/mnt/lima-afsbdata/afs-delivery/owner-remote-delete-6d-bhome-20261007-r1/mount/ownerfs/g2-remote-delete-6d-bhome-r1/small-delete-r1/.afs-owner-remote-small-owner-r01/entry-0040.bin",
    "/mnt/lima-afsbdata/afs-delivery/owner-remote-delete-6d-bhome-20261007-r1/mount/ownerfs/g2-remote-delete-6d-bhome-r1/small-delete-r1/.afs-owner-remote-small-owner-r01/entry-0041.bin",
    "/mnt/lima-afsbdata/afs-delivery/owner-remote-delete-6d-bhome-20261007-r1/mount/ownerfs/g2-remote-delete-6d-bhome-r1/small-delete-r1/.afs-owner-remote-small-owner-r01/entry-0042.bin",
    "/mnt/lima-afsbdata/afs-delivery/owner-remote-delete-6d-bhome-20261007-r1/mount/ownerfs/g2-remote-delete-6d-bhome-r1/small-delete-r1/.afs-owner-remote-small-owner-r01/entry-0043.bin",
    "/mnt/lima-afsbdata/afs-delivery/owner-remote-delete-6d-bhome-20261007-r1/mount/ownerfs/g2-remote-delete-6d-bhome-r1/small-delete-r1/.afs-owner-remote-small-owner-r01/entry-0044.bin",
    "/mnt/lima-afsbdata/afs-delivery/owner-remote-delete-6d-bhome-20261007-r1/mount/ownerfs/g2-remote-delete-6d-bhome-r1/small-delete-r1/.afs-owner-remote-small-owner-r01/entry-0045.bin",
    "/mnt/lima-afsbdata/afs-delivery/owner-remote-delete-6d-bhome-20261007-r1/mount/ownerfs/g2-remote-delete-6d-bhome-r1/small-delete-r1/.afs-owner-remote-small-owner-r01/entry-0046.bin",
    "/mnt/lima-afsbdata/afs-delivery/owner-remote-delete-6d-bhome-20261007-r1/mount/ownerfs/g2-remote-delete-6d-bhome-r1/small-delete-r1/.afs-owner-remote-small-owner-r01/entry-0047.bin",
    "/mnt/lima-afsbdata/afs-delivery/owner-remote-delete-6d-bhome-20261007-r1/mount/ownerfs/g2-remote-delete-6d-bhome-r1/small-delete-r1/.afs-owner-remote-small-owner-r01/entry-0048.bin",
    "/mnt/lima-afsbdata/afs-delivery/owner-remote-delete-6d-bhome-20261007-r1/mount/ownerfs/g2-remote-delete-6d-bhome-r1/small-delete-r1/.afs-owner-remote-small-owner-r01/entry-0049.bin",
    "/mnt/lima-afsbdata/afs-delivery/owner-remote-delete-6d-bhome-20261007-r1/mount/ownerfs/g2-remote-delete-6d-bhome-r1/small-delete-r1/.afs-owner-remote-small-owner-r01/entry-0050.bin",
    "/mnt/lima-afsbdata/afs-delivery/owner-remote-delete-6d-bhome-20261007-r1/mount/ownerfs/g2-remote-delete-6d-bhome-r1/small-delete-r1/.afs-owner-remote-small-owner-r01/entry-0051.bin",
    "/mnt/lima-afsbdata/afs-delivery/owner-remote-delete-6d-bhome-20261007-r1/mount/ownerfs/g2-remote-delete-6d-bhome-r1/small-delete-r1/.afs-owner-remote-small-owner-r01/entry-0052.bin",
    "/mnt/lima-afsbdata/afs-delivery/owner-remote-delete-6d-bhome-20261007-r1/mount/ownerfs/g2-remote-delete-6d-bhome-r1/small-delete-r1/.afs-owner-remote-small-owner-r01/entry-0053.bin",
    "/mnt/lima-afsbdata/afs-delivery/owner-remote-delete-6d-bhome-20261007-r1/mount/ownerfs/g2-remote-delete-6d-bhome-r1/small-delete-r1/.afs-owner-remote-small-owner-r01/entry-0054.bin",
    "/mnt/lima-afsbdata/afs-delivery/owner-remote-delete-6d-bhome-20261007-r1/mount/ownerfs/g2-remote-delete-6d-bhome-r1/small-delete-r1/.afs-owner-remote-small-owner-r01/entry-0055.bin",
    "/mnt/lima-afsbdata/afs-delivery/owner-remote-delete-6d-bhome-20261007-r1/mount/ownerfs/g2-remote-delete-6d-bhome-r1/small-delete-r1/.afs-owner-remote-small-owner-r01/entry-0056.bin",
    "/mnt/lima-afsbdata/afs-delivery/owner-remote-delete-6d-bhome-20261007-r1/mount/ownerfs/g2-remote-delete-6d-bhome-r1/small-delete-r1/.afs-owner-remote-small-owner-r01/entry-0057.bin",
    "/mnt/lima-afsbdata/afs-delivery/owner-remote-delete-6d-bhome-20261007-r1/mount/ownerfs/g2-remote-delete-6d-bhome-r1/small-delete-r1/.afs-owner-remote-small-owner-r01/entry-0058.bin",
    "/mnt/lima-afsbdata/afs-delivery/owner-remote-delete-6d-bhome-20261007-r1/mount/ownerfs/g2-remote-delete-6d-bhome-r1/small-delete-r1/.afs-owner-remote-small-owner-r01/entry-0059.bin",
    "/mnt/lima-afsbdata/afs-delivery/owner-remote-delete-6d-bhome-20261007-r1/mount/ownerfs/g2-remote-delete-6d-bhome-r1/small-delete-r1/.afs-owner-remote-small-owner-r01/entry-0060.bin",
    "/mnt/lima-afsbdata/afs-delivery/owner-remote-delete-6d-bhome-20261007-r1/mount/ownerfs/g2-remote-delete-6d-bhome-r1/small-delete-r1/.afs-owner-remote-small-owner-r01/entry-0061.bin",
    "/mnt/lima-afsbdata/afs-delivery/owner-remote-delete-6d-bhome-20261007-r1/mount/ownerfs/g2-remote-delete-6d-bhome-r1/small-delete-r1/.afs-owner-remote-small-owner-r01/entry-0062.bin",
    "/mnt/lima-afsbdata/afs-delivery/owner-remote-delete-6d-bhome-20261007-r1/mount/ownerfs/g2-remote-delete-6d-bhome-r1/small-delete-r1/.afs-owner-remote-small-owner-r01/entry-0063.bin",
    "/mnt/lima-afsbdata/afs-delivery/owner-remote-delete-6d-bhome-20261007-r1/mount/ownerfs/g2-remote-delete-6d-bhome-r1/small-delete-r1/.afs-owner-remote-small-owner-r01/entry-0064.bin",
    "/mnt/lima-afsbdata/afs-delivery/owner-remote-delete-6d-bhome-20261007-r1/mount/ownerfs/g2-remote-delete-6d-bhome-r1/small-delete-r1/.afs-owner-remote-small-owner-r01/entry-0065.bin",
    "/mnt/lima-afsbdata/afs-delivery/owner-remote-delete-6d-bhome-20261007-r1/mount/ownerfs/g2-remote-delete-6d-bhome-r1/small-delete-r1/.afs-owner-remote-small-owner-r01/entry-0066.bin",
    "/mnt/lima-afsbdata/afs-delivery/owner-remote-delete-6d-bhome-20261007-r1/mount/ownerfs/g2-remote-delete-6d-bhome-r1/small-delete-r1/.afs-owner-remote-small-owner-r01/entry-0067.bin",
    "/mnt/lima-afsbdata/afs-delivery/owner-remote-delete-6d-bhome-20261007-r1/mount/ownerfs/g2-remote-delete-6d-bhome-r1/small-delete-r1/.afs-owner-remote-small-owner-r01/entry-0068.bin",
    "/mnt/lima-afsbdata/afs-delivery/owner-remote-delete-6d-bhome-20261007-r1/mount/ownerfs/g2-remote-delete-6d-bhome-r1/small-delete-r1/.afs-owner-remote-small-owner-r01/entry-0069.bin",
    "/mnt/lima-afsbdata/afs-delivery/owner-remote-delete-6d-bhome-20261007-r1/mount/ownerfs/g2-remote-delete-6d-bhome-r1/small-delete-r1/.afs-owner-remote-small-owner-r01/entry-0070.bin",
    "/mnt/lima-afsbdata/afs-delivery/owner-remote-delete-6d-bhome-20261007-r1/mount/ownerfs/g2-remote-delete-6d-bhome-r1/small-delete-r1/.afs-owner-remote-small-owner-r01/entry-0071.bin",
    "/mnt/lima-afsbdata/afs-delivery/owner-remote-delete-6d-bhome-20261007-r1/mount/ownerfs/g2-remote-delete-6d-bhome-r1/small-delete-r1/.afs-owner-remote-small-owner-r01/entry-0072.bin",
    "/mnt/lima-afsbdata/afs-delivery/owner-remote-delete-6d-bhome-20261007-r1/mount/ownerfs/g2-remote-delete-6d-bhome-r1/small-delete-r1/.afs-owner-remote-small-owner-r01/entry-0073.bin",
    "/mnt/lima-afsbdata/afs-delivery/owner-remote-delete-6d-bhome-20261007-r1/mount/ownerfs/g2-remote-delete-6d-bhome-r1/small-delete-r1/.afs-owner-remote-small-owner-r01/entry-0074.bin",
    "/mnt/lima-afsbdata/afs-delivery/owner-remote-delete-6d-bhome-20261007-r1/mount/ownerfs/g2-remote-delete-6d-bhome-r1/small-delete-r1/.afs-owner-remote-small-owner-r01/entry-0075.bin",
    "/mnt/lima-afsbdata/afs-delivery/owner-remote-delete-6d-bhome-20261007-r1/mount/ownerfs/g2-remote-delete-6d-bhome-r1/small-delete-r1/.afs-owner-remote-small-owner-r01/entry-0076.bin",
    "/mnt/lima-afsbdata/afs-delivery/owner-remote-delete-6d-bhome-20261007-r1/mount/ownerfs/g2-remote-delete-6d-bhome-r1/small-delete-r1/.afs-owner-remote-small-owner-r01/entry-0077.bin",
    "/mnt/lima-afsbdata/afs-delivery/owner-remote-delete-6d-bhome-20261007-r1/mount/ownerfs/g2-remote-delete-6d-bhome-r1/small-delete-r1/.afs-owner-remote-small-owner-r01/entry-0078.bin",
    "/mnt/lima-afsbdata/afs-delivery/owner-remote-delete-6d-bhome-20261007-r1/mount/ownerfs/g2-remote-delete-6d-bhome-r1/small-delete-r1/.afs-owner-remote-small-owner-r01/entry-0079.bin",
    "/mnt/lima-afsbdata/afs-delivery/owner-remote-delete-6d-bhome-20261007-r1/mount/ownerfs/g2-remote-delete-6d-bhome-r1/small-delete-r1/.afs-owner-remote-small-owner-r01/entry-0080.bin",
    "/mnt/lima-afsbdata/afs-delivery/owner-remote-delete-6d-bhome-20261007-r1/mount/ownerfs/g2-remote-delete-6d-bhome-r1/small-delete-r1/.afs-owner-remote-small-owner-r01/entry-0081.bin",
    "/mnt/lima-afsbdata/afs-delivery/owner-remote-delete-6d-bhome-20261007-r1/mount/ownerfs/g2-remote-delete-6d-bhome-r1/small-delete-r1/.afs-owner-remote-small-owner-r01/entry-0082.bin",
    "/mnt/lima-afsbdata/afs-delivery/owner-remote-delete-6d-bhome-20261007-r1/mount/ownerfs/g2-remote-delete-6d-bhome-r1/small-delete-r1/.afs-owner-remote-small-owner-r01/entry-0083.bin",
    "/mnt/lima-afsbdata/afs-delivery/owner-remote-delete-6d-bhome-20261007-r1/mount/ownerfs/g2-remote-delete-6d-bhome-r1/small-delete-r1/.afs-owner-remote-small-owner-r01/entry-0084.bin",
    "/mnt/lima-afsbdata/afs-delivery/owner-remote-delete-6d-bhome-20261007-r1/mount/ownerfs/g2-remote-delete-6d-bhome-r1/small-delete-r1/.afs-owner-remote-small-owner-r01/entry-0085.bin",
    "/mnt/lima-afsbdata/afs-delivery/owner-remote-delete-6d-bhome-20261007-r1/mount/ownerfs/g2-remote-delete-6d-bhome-r1/small-delete-r1/.afs-owner-remote-small-owner-r01/entry-0086.bin",
    "/mnt/lima-afsbdata/afs-delivery/owner-remote-delete-6d-bhome-20261007-r1/mount/ownerfs/g2-remote-delete-6d-bhome-r1/small-delete-r1/.afs-owner-remote-small-owner-r01/entry-0087.bin",
    "/mnt/lima-afsbdata/afs-delivery/owner-remote-delete-6d-bhome-20261007-r1/mount/ownerfs/g2-remote-delete-6d-bhome-r1/small-delete-r1/.afs-owner-remote-small-owner-r01/entry-0088.bin",
    "/mnt/lima-afsbdata/afs-delivery/owner-remote-delete-6d-bhome-20261007-r1/mount/ownerfs/g2-remote-delete-6d-bhome-r1/small-delete-r1/.afs-owner-remote-small-owner-r01/entry-0089.bin",
    "/mnt/lima-afsbdata/afs-delivery/owner-remote-delete-6d-bhome-20261007-r1/mount/ownerfs/g2-remote-delete-6d-bhome-r1/small-delete-r1/.afs-owner-remote-small-owner-r01/entry-0090.bin",
    "/mnt/lima-afsbdata/afs-delivery/owner-remote-delete-6d-bhome-20261007-r1/mount/ownerfs/g2-remote-delete-6d-bhome-r1/small-delete-r1/.afs-owner-remote-small-owner-r01/entry-0091.bin",
    "/mnt/lima-afsbdata/afs-delivery/owner-remote-delete-6d-bhome-20261007-r1/mount/ownerfs/g2-remote-delete-6d-bhome-r1/small-delete-r1/.afs-owner-remote-small-owner-r01/entry-0092.bin",
    "/mnt/lima-afsbdata/afs-delivery/owner-remote-delete-6d-bhome-20261007-r1/mount/ownerfs/g2-remote-delete-6d-bhome-r1/small-delete-r1/.afs-owner-remote-small-owner-r01/entry-0093.bin",
    "/mnt/lima-afsbdata/afs-delivery/owner-remote-delete-6d-bhome-20261007-r1/mount/ownerfs/g2-remote-delete-6d-bhome-r1/small-delete-r1/.afs-owner-remote-small-owner-r01/entry-0094.bin",
    "/mnt/lima-afsbdata/afs-delivery/owner-remote-delete-6d-bhome-20261007-r1/mount/ownerfs/g2-remote-delete-6d-bhome-r1/small-delete-r1/.afs-owner-remote-small-owner-r01/entry-0095.bin",
    "/mnt/lima-afsbdata/afs-delivery/owner-remote-delete-6d-bhome-20261007-r1/mount/ownerfs/g2-remote-delete-6d-bhome-r1/small-delete-r1/.afs-owner-remote-small-owner-r01/entry-0096.bin",
    "/mnt/lima-afsbdata/afs-delivery/owner-remote-delete-6d-bhome-20261007-r1/mount/ownerfs/g2-remote-delete-6d-bhome-r1/small-delete-r1/.afs-owner-remote-small-owner-r01/entry-0097.bin",
    "/mnt/lima-afsbdata/afs-delivery/owner-remote-delete-6d-bhome-20261007-r1/mount/ownerfs/g2-remote-delete-6d-bhome-r1/small-delete-r1/.afs-owner-remote-small-owner-r01/entry-0098.bin",
    "/mnt/lima-afsbdata/afs-delivery/owner-remote-delete-6d-bhome-20261007-r1/mount/ownerfs/g2-remote-delete-6d-bhome-r1/small-delete-r1/.afs-owner-remote-small-owner-r01/entry-0099.bin",
    "/mnt/lima-afsbdata/afs-delivery/owner-remote-delete-6d-bhome-20261007-r1/mount/ownerfs/g2-remote-delete-6d-bhome-r1/small-delete-r1/.afs-owner-remote-small-owner-r02/entry-0000.bin",
    "/mnt/lima-afsbdata/afs-delivery/owner-remote-delete-6d-bhome-20261007-r1/mount/ownerfs/g2-remote-delete-6d-bhome-r1/small-delete-r1/.afs-owner-remote-small-owner-r02/entry-0001.bin",
    "/mnt/lima-afsbdata/afs-delivery/owner-remote-delete-6d-bhome-20261007-r1/mount/ownerfs/g2-remote-delete-6d-bhome-r1/small-delete-r1/.afs-owner-remote-small-owner-r02/entry-0002.bin",
    "/mnt/lima-afsbdata/afs-delivery/owner-remote-delete-6d-bhome-20261007-r1/mount/ownerfs/g2-remote-delete-6d-bhome-r1/small-delete-r1/.afs-owner-remote-small-owner-r02/entry-0003.bin",
    "/mnt/lima-afsbdata/afs-delivery/owner-remote-delete-6d-bhome-20261007-r1/mount/ownerfs/g2-remote-delete-6d-bhome-r1/small-delete-r1/.afs-owner-remote-small-owner-r02/entry-0004.bin",
    "/mnt/lima-afsbdata/afs-delivery/owner-remote-delete-6d-bhome-20261007-r1/mount/ownerfs/g2-remote-delete-6d-bhome-r1/small-delete-r1/.afs-owner-remote-small-owner-r02/entry-0005.bin",
    "/mnt/lima-afsbdata/afs-delivery/owner-remote-delete-6d-bhome-20261007-r1/mount/ownerfs/g2-remote-delete-6d-bhome-r1/small-delete-r1/.afs-owner-remote-small-owner-r02/entry-0006.bin",
    "/mnt/lima-afsbdata/afs-delivery/owner-remote-delete-6d-bhome-20261007-r1/mount/ownerfs/g2-remote-delete-6d-bhome-r1/small-delete-r1/.afs-owner-remote-small-owner-r02/entry-0007.bin",
    "/mnt/lima-afsbdata/afs-delivery/owner-remote-delete-6d-bhome-20261007-r1/mount/ownerfs/g2-remote-delete-6d-bhome-r1/small-delete-r1/.afs-owner-remote-small-owner-r02/entry-0008.bin",
    "/mnt/lima-afsbdata/afs-delivery/owner-remote-delete-6d-bhome-20261007-r1/mount/ownerfs/g2-remote-delete-6d-bhome-r1/small-delete-r1/.afs-owner-remote-small-owner-r02/entry-0009.bin",
    "/mnt/lima-afsbdata/afs-delivery/owner-remote-delete-6d-bhome-20261007-r1/mount/ownerfs/g2-remote-delete-6d-bhome-r1/small-delete-r1/.afs-owner-remote-small-owner-r02/entry-0010.bin",
    "/mnt/lima-afsbdata/afs-delivery/owner-remote-delete-6d-bhome-20261007-r1/mount/ownerfs/g2-remote-delete-6d-bhome-r1/small-delete-r1/.afs-owner-remote-small-owner-r02/entry-0011.bin",
    "/mnt/lima-afsbdata/afs-delivery/owner-remote-delete-6d-bhome-20261007-r1/mount/ownerfs/g2-remote-delete-6d-bhome-r1/small-delete-r1/.afs-owner-remote-small-owner-r02/entry-0012.bin",
    "/mnt/lima-afsbdata/afs-delivery/owner-remote-delete-6d-bhome-20261007-r1/mount/ownerfs/g2-remote-delete-6d-bhome-r1/small-delete-r1/.afs-owner-remote-small-owner-r02/entry-0013.bin",
    "/mnt/lima-afsbdata/afs-delivery/owner-remote-delete-6d-bhome-20261007-r1/mount/ownerfs/g2-remote-delete-6d-bhome-r1/small-delete-r1/.afs-owner-remote-small-owner-r02/entry-0014.bin",
    "/mnt/lima-afsbdata/afs-delivery/owner-remote-delete-6d-bhome-20261007-r1/mount/ownerfs/g2-remote-delete-6d-bhome-r1/small-delete-r1/.afs-owner-remote-small-owner-r02/entry-0015.bin",
    "/mnt/lima-afsbdata/afs-delivery/owner-remote-delete-6d-bhome-20261007-r1/mount/ownerfs/g2-remote-delete-6d-bhome-r1/small-delete-r1/.afs-owner-remote-small-owner-r02/entry-0016.bin",
    "/mnt/lima-afsbdata/afs-delivery/owner-remote-delete-6d-bhome-20261007-r1/mount/ownerfs/g2-remote-delete-6d-bhome-r1/small-delete-r1/.afs-owner-remote-small-owner-r02/entry-0017.bin",
    "/mnt/lima-afsbdata/afs-delivery/owner-remote-delete-6d-bhome-20261007-r1/mount/ownerfs/g2-remote-delete-6d-bhome-r1/small-delete-r1/.afs-owner-remote-small-owner-r02/entry-0018.bin",
    "/mnt/lima-afsbdata/afs-delivery/owner-remote-delete-6d-bhome-20261007-r1/mount/ownerfs/g2-remote-delete-6d-bhome-r1/small-delete-r1/.afs-owner-remote-small-owner-r02/entry-0019.bin",
    "/mnt/lima-afsbdata/afs-delivery/owner-remote-delete-6d-bhome-20261007-r1/mount/ownerfs/g2-remote-delete-6d-bhome-r1/small-delete-r1/.afs-owner-remote-small-owner-r02/entry-0020.bin",
    "/mnt/lima-afsbdata/afs-delivery/owner-remote-delete-6d-bhome-20261007-r1/mount/ownerfs/g2-remote-delete-6d-bhome-r1/small-delete-r1/.afs-owner-remote-small-owner-r02/entry-0021.bin",
    "/mnt/lima-afsbdata/afs-delivery/owner-remote-delete-6d-bhome-20261007-r1/mount/ownerfs/g2-remote-delete-6d-bhome-r1/small-delete-r1/.afs-owner-remote-small-owner-r02/entry-0022.bin",
    "/mnt/lima-afsbdata/afs-delivery/owner-remote-delete-6d-bhome-20261007-r1/mount/ownerfs/g2-remote-delete-6d-bhome-r1/small-delete-r1/.afs-owner-remote-small-owner-r02/entry-0023.bin",
    "/mnt/lima-afsbdata/afs-delivery/owner-remote-delete-6d-bhome-20261007-r1/mount/ownerfs/g2-remote-delete-6d-bhome-r1/small-delete-r1/.afs-owner-remote-small-owner-r02/entry-0024.bin",
    "/mnt/lima-afsbdata/afs-delivery/owner-remote-delete-6d-bhome-20261007-r1/mount/ownerfs/g2-remote-delete-6d-bhome-r1/small-delete-r1/.afs-owner-remote-small-owner-r02/entry-0025.bin",
    "/mnt/lima-afsbdata/afs-delivery/owner-remote-delete-6d-bhome-20261007-r1/mount/ownerfs/g2-remote-delete-6d-bhome-r1/small-delete-r1/.afs-owner-remote-small-owner-r02/entry-0026.bin",
    "/mnt/lima-afsbdata/afs-delivery/owner-remote-delete-6d-bhome-20261007-r1/mount/ownerfs/g2-remote-delete-6d-bhome-r1/small-delete-r1/.afs-owner-remote-small-owner-r02/entry-0027.bin",
    "/mnt/lima-afsbdata/afs-delivery/owner-remote-delete-6d-bhome-20261007-r1/mount/ownerfs/g2-remote-delete-6d-bhome-r1/small-delete-r1/.afs-owner-remote-small-owner-r02/entry-0028.bin",
    "/mnt/lima-afsbdata/afs-delivery/owner-remote-delete-6d-bhome-20261007-r1/mount/ownerfs/g2-remote-delete-6d-bhome-r1/small-delete-r1/.afs-owner-remote-small-owner-r02/entry-0029.bin",
    "/mnt/lima-afsbdata/afs-delivery/owner-remote-delete-6d-bhome-20261007-r1/mount/ownerfs/g2-remote-delete-6d-bhome-r1/small-delete-r1/.afs-owner-remote-small-owner-r02/entry-0030.bin",
    "/mnt/lima-afsbdata/afs-delivery/owner-remote-delete-6d-bhome-20261007-r1/mount/ownerfs/g2-remote-delete-6d-bhome-r1/small-delete-r1/.afs-owner-remote-small-owner-r02/entry-0031.bin",
    "/mnt/lima-afsbdata/afs-delivery/owner-remote-delete-6d-bhome-20261007-r1/mount/ownerfs/g2-remote-delete-6d-bhome-r1/small-delete-r1/.afs-owner-remote-small-owner-r02/entry-0032.bin",
    "/mnt/lima-afsbdata/afs-delivery/owner-remote-delete-6d-bhome-20261007-r1/mount/ownerfs/g2-remote-delete-6d-bhome-r1/small-delete-r1/.afs-owner-remote-small-owner-r02/entry-0033.bin",
    "/mnt/lima-afsbdata/afs-delivery/owner-remote-delete-6d-bhome-20261007-r1/mount/ownerfs/g2-remote-delete-6d-bhome-r1/small-delete-r1/.afs-owner-remote-small-owner-r02/entry-0034.bin",
    "/mnt/lima-afsbdata/afs-delivery/owner-remote-delete-6d-bhome-20261007-r1/mount/ownerfs/g2-remote-delete-6d-bhome-r1/small-delete-r1/.afs-owner-remote-small-owner-r02/entry-0035.bin",
    "/mnt/lima-afsbdata/afs-delivery/owner-remote-delete-6d-bhome-20261007-r1/mount/ownerfs/g2-remote-delete-6d-bhome-r1/small-delete-r1/.afs-owner-remote-small-owner-r02/entry-0036.bin",
    "/mnt/lima-afsbdata/afs-delivery/owner-remote-delete-6d-bhome-20261007-r1/mount/ownerfs/g2-remote-delete-6d-bhome-r1/small-delete-r1/.afs-owner-remote-small-owner-r02/entry-0037.bin",
    "/mnt/lima-afsbdata/afs-delivery/owner-remote-delete-6d-bhome-20261007-r1/mount/ownerfs/g2-remote-delete-6d-bhome-r1/small-delete-r1/.afs-owner-remote-small-owner-r02/entry-0038.bin",
    "/mnt/lima-afsbdata/afs-delivery/owner-remote-delete-6d-bhome-20261007-r1/mount/ownerfs/g2-remote-delete-6d-bhome-r1/small-delete-r1/.afs-owner-remote-small-owner-r02/entry-0039.bin",
    "/mnt/lima-afsbdata/afs-delivery/owner-remote-delete-6d-bhome-20261007-r1/mount/ownerfs/g2-remote-delete-6d-bhome-r1/small-delete-r1/.afs-owner-remote-small-owner-r02/entry-0040.bin",
    "/mnt/lima-afsbdata/afs-delivery/owner-remote-delete-6d-bhome-20261007-r1/mount/ownerfs/g2-remote-delete-6d-bhome-r1/small-delete-r1/.afs-owner-remote-small-owner-r02/entry-0041.bin",
    "/mnt/lima-afsbdata/afs-delivery/owner-remote-delete-6d-bhome-20261007-r1/mount/ownerfs/g2-remote-delete-6d-bhome-r1/small-delete-r1/.afs-owner-remote-small-owner-r02/entry-0042.bin",
    "/mnt/lima-afsbdata/afs-delivery/owner-remote-delete-6d-bhome-20261007-r1/mount/ownerfs/g2-remote-delete-6d-bhome-r1/small-delete-r1/.afs-owner-remote-small-owner-r02/entry-0043.bin",
    "/mnt/lima-afsbdata/afs-delivery/owner-remote-delete-6d-bhome-20261007-r1/mount/ownerfs/g2-remote-delete-6d-bhome-r1/small-delete-r1/.afs-owner-remote-small-owner-r02/entry-0044.bin",
    "/mnt/lima-afsbdata/afs-delivery/owner-remote-delete-6d-bhome-20261007-r1/mount/ownerfs/g2-remote-delete-6d-bhome-r1/small-delete-r1/.afs-owner-remote-small-owner-r02/entry-0045.bin",
    "/mnt/lima-afsbdata/afs-delivery/owner-remote-delete-6d-bhome-20261007-r1/mount/ownerfs/g2-remote-delete-6d-bhome-r1/small-delete-r1/.afs-owner-remote-small-owner-r02/entry-0046.bin",
    "/mnt/lima-afsbdata/afs-delivery/owner-remote-delete-6d-bhome-20261007-r1/mount/ownerfs/g2-remote-delete-6d-bhome-r1/small-delete-r1/.afs-owner-remote-small-owner-r02/entry-0047.bin",
    "/mnt/lima-afsbdata/afs-delivery/owner-remote-delete-6d-bhome-20261007-r1/mount/ownerfs/g2-remote-delete-6d-bhome-r1/small-delete-r1/.afs-owner-remote-small-owner-r02/entry-0048.bin",
    "/mnt/lima-afsbdata/afs-delivery/owner-remote-delete-6d-bhome-20261007-r1/mount/ownerfs/g2-remote-delete-6d-bhome-r1/small-delete-r1/.afs-owner-remote-small-owner-r02/entry-0049.bin",
    "/mnt/lima-afsbdata/afs-delivery/owner-remote-delete-6d-bhome-20261007-r1/mount/ownerfs/g2-remote-delete-6d-bhome-r1/small-delete-r1/.afs-owner-remote-small-owner-r02/entry-0050.bin",
    "/mnt/lima-afsbdata/afs-delivery/owner-remote-delete-6d-bhome-20261007-r1/mount/ownerfs/g2-remote-delete-6d-bhome-r1/small-delete-r1/.afs-owner-remote-small-owner-r02/entry-0051.bin",
    "/mnt/lima-afsbdata/afs-delivery/owner-remote-delete-6d-bhome-20261007-r1/mount/ownerfs/g2-remote-delete-6d-bhome-r1/small-delete-r1/.afs-owner-remote-small-owner-r02/entry-0052.bin",
    "/mnt/lima-afsbdata/afs-delivery/owner-remote-delete-6d-bhome-20261007-r1/mount/ownerfs/g2-remote-delete-6d-bhome-r1/small-delete-r1/.afs-owner-remote-small-owner-r02/entry-0053.bin",
    "/mnt/lima-afsbdata/afs-delivery/owner-remote-delete-6d-bhome-20261007-r1/mount/ownerfs/g2-remote-delete-6d-bhome-r1/small-delete-r1/.afs-owner-remote-small-owner-r02/entry-0054.bin",
    "/mnt/lima-afsbdata/afs-delivery/owner-remote-delete-6d-bhome-20261007-r1/mount/ownerfs/g2-remote-delete-6d-bhome-r1/small-delete-r1/.afs-owner-remote-small-owner-r02/entry-0055.bin",
    "/mnt/lima-afsbdata/afs-delivery/owner-remote-delete-6d-bhome-20261007-r1/mount/ownerfs/g2-remote-delete-6d-bhome-r1/small-delete-r1/.afs-owner-remote-small-owner-r02/entry-0056.bin",
    "/mnt/lima-afsbdata/afs-delivery/owner-remote-delete-6d-bhome-20261007-r1/mount/ownerfs/g2-remote-delete-6d-bhome-r1/small-delete-r1/.afs-owner-remote-small-owner-r02/entry-0057.bin",
    "/mnt/lima-afsbdata/afs-delivery/owner-remote-delete-6d-bhome-20261007-r1/mount/ownerfs/g2-remote-delete-6d-bhome-r1/small-delete-r1/.afs-owner-remote-small-owner-r02/entry-0058.bin",
    "/mnt/lima-afsbdata/afs-delivery/owner-remote-delete-6d-bhome-20261007-r1/mount/ownerfs/g2-remote-delete-6d-bhome-r1/small-delete-r1/.afs-owner-remote-small-owner-r02/entry-0059.bin",
    "/mnt/lima-afsbdata/afs-delivery/owner-remote-delete-6d-bhome-20261007-r1/mount/ownerfs/g2-remote-delete-6d-bhome-r1/small-delete-r1/.afs-owner-remote-small-owner-r02/entry-0060.bin",
    "/mnt/lima-afsbdata/afs-delivery/owner-remote-delete-6d-bhome-20261007-r1/mount/ownerfs/g2-remote-delete-6d-bhome-r1/small-delete-r1/.afs-owner-remote-small-owner-r02/entry-0061.bin",
    "/mnt/lima-afsbdata/afs-delivery/owner-remote-delete-6d-bhome-20261007-r1/mount/ownerfs/g2-remote-delete-6d-bhome-r1/small-delete-r1/.afs-owner-remote-small-owner-r02/entry-0062.bin",
    "/mnt/lima-afsbdata/afs-delivery/owner-remote-delete-6d-bhome-20261007-r1/mount/ownerfs/g2-remote-delete-6d-bhome-r1/small-delete-r1/.afs-owner-remote-small-owner-r02/entry-0063.bin",
    "/mnt/lima-afsbdata/afs-delivery/owner-remote-delete-6d-bhome-20261007-r1/mount/ownerfs/g2-remote-delete-6d-bhome-r1/small-delete-r1/.afs-owner-remote-small-owner-r02/entry-0064.bin",
    "/mnt/lima-afsbdata/afs-delivery/owner-remote-delete-6d-bhome-20261007-r1/mount/ownerfs/g2-remote-delete-6d-bhome-r1/small-delete-r1/.afs-owner-remote-small-owner-r02/entry-0065.bin",
    "/mnt/lima-afsbdata/afs-delivery/owner-remote-delete-6d-bhome-20261007-r1/mount/ownerfs/g2-remote-delete-6d-bhome-r1/small-delete-r1/.afs-owner-remote-small-owner-r02/entry-0066.bin",
    "/mnt/lima-afsbdata/afs-delivery/owner-remote-delete-6d-bhome-20261007-r1/mount/ownerfs/g2-remote-delete-6d-bhome-r1/small-delete-r1/.afs-owner-remote-small-owner-r02/entry-0067.bin",
    "/mnt/lima-afsbdata/afs-delivery/owner-remote-delete-6d-bhome-20261007-r1/mount/ownerfs/g2-remote-delete-6d-bhome-r1/small-delete-r1/.afs-owner-remote-small-owner-r02/entry-0068.bin",
    "/mnt/lima-afsbdata/afs-delivery/owner-remote-delete-6d-bhome-20261007-r1/mount/ownerfs/g2-remote-delete-6d-bhome-r1/small-delete-r1/.afs-owner-remote-small-owner-r02/entry-0069.bin",
    "/mnt/lima-afsbdata/afs-delivery/owner-remote-delete-6d-bhome-20261007-r1/mount/ownerfs/g2-remote-delete-6d-bhome-r1/small-delete-r1/.afs-owner-remote-small-owner-r02/entry-0070.bin",
    "/mnt/lima-afsbdata/afs-delivery/owner-remote-delete-6d-bhome-20261007-r1/mount/ownerfs/g2-remote-delete-6d-bhome-r1/small-delete-r1/.afs-owner-remote-small-owner-r02/entry-0071.bin",
    "/mnt/lima-afsbdata/afs-delivery/owner-remote-delete-6d-bhome-20261007-r1/mount/ownerfs/g2-remote-delete-6d-bhome-r1/small-delete-r1/.afs-owner-remote-small-owner-r02/entry-0072.bin",
    "/mnt/lima-afsbdata/afs-delivery/owner-remote-delete-6d-bhome-20261007-r1/mount/ownerfs/g2-remote-delete-6d-bhome-r1/small-delete-r1/.afs-owner-remote-small-owner-r02/entry-0073.bin",
    "/mnt/lima-afsbdata/afs-delivery/owner-remote-delete-6d-bhome-20261007-r1/mount/ownerfs/g2-remote-delete-6d-bhome-r1/small-delete-r1/.afs-owner-remote-small-owner-r02/entry-0074.bin",
    "/mnt/lima-afsbdata/afs-delivery/owner-remote-delete-6d-bhome-20261007-r1/mount/ownerfs/g2-remote-delete-6d-bhome-r1/small-delete-r1/.afs-owner-remote-small-owner-r02/entry-0075.bin",
    "/mnt/lima-afsbdata/afs-delivery/owner-remote-delete-6d-bhome-20261007-r1/mount/ownerfs/g2-remote-delete-6d-bhome-r1/small-delete-r1/.afs-owner-remote-small-owner-r02/entry-0076.bin",
    "/mnt/lima-afsbdata/afs-delivery/owner-remote-delete-6d-bhome-20261007-r1/mount/ownerfs/g2-remote-delete-6d-bhome-r1/small-delete-r1/.afs-owner-remote-small-owner-r02/entry-0077.bin",
    "/mnt/lima-afsbdata/afs-delivery/owner-remote-delete-6d-bhome-20261007-r1/mount/ownerfs/g2-remote-delete-6d-bhome-r1/small-delete-r1/.afs-owner-remote-small-owner-r02/entry-0078.bin",
    "/mnt/lima-afsbdata/afs-delivery/owner-remote-delete-6d-bhome-20261007-r1/mount/ownerfs/g2-remote-delete-6d-bhome-r1/small-delete-r1/.afs-owner-remote-small-owner-r02/entry-0079.bin",
    "/mnt/lima-afsbdata/afs-delivery/owner-remote-delete-6d-bhome-20261007-r1/mount/ownerfs/g2-remote-delete-6d-bhome-r1/small-delete-r1/.afs-owner-remote-small-owner-r02/entry-0080.bin",
    "/mnt/lima-afsbdata/afs-delivery/owner-remote-delete-6d-bhome-20261007-r1/mount/ownerfs/g2-remote-delete-6d-bhome-r1/small-delete-r1/.afs-owner-remote-small-owner-r02/entry-0081.bin",
    "/mnt/lima-afsbdata/afs-delivery/owner-remote-delete-6d-bhome-20261007-r1/mount/ownerfs/g2-remote-delete-6d-bhome-r1/small-delete-r1/.afs-owner-remote-small-owner-r02/entry-0082.bin",
    "/mnt/lima-afsbdata/afs-delivery/owner-remote-delete-6d-bhome-20261007-r1/mount/ownerfs/g2-remote-delete-6d-bhome-r1/small-delete-r1/.afs-owner-remote-small-owner-r02/entry-0083.bin",
    "/mnt/lima-afsbdata/afs-delivery/owner-remote-delete-6d-bhome-20261007-r1/mount/ownerfs/g2-remote-delete-6d-bhome-r1/small-delete-r1/.afs-owner-remote-small-owner-r02/entry-0084.bin",
    "/mnt/lima-afsbdata/afs-delivery/owner-remote-delete-6d-bhome-20261007-r1/mount/ownerfs/g2-remote-delete-6d-bhome-r1/small-delete-r1/.afs-owner-remote-small-owner-r02/entry-0085.bin",
    "/mnt/lima-afsbdata/afs-delivery/owner-remote-delete-6d-bhome-20261007-r1/mount/ownerfs/g2-remote-delete-6d-bhome-r1/small-delete-r1/.afs-owner-remote-small-owner-r02/entry-0086.bin",
    "/mnt/lima-afsbdata/afs-delivery/owner-remote-delete-6d-bhome-20261007-r1/mount/ownerfs/g2-remote-delete-6d-bhome-r1/small-delete-r1/.afs-owner-remote-small-owner-r02/entry-0087.bin",
    "/mnt/lima-afsbdata/afs-delivery/owner-remote-delete-6d-bhome-20261007-r1/mount/ownerfs/g2-remote-delete-6d-bhome-r1/small-delete-r1/.afs-owner-remote-small-owner-r02/entry-0088.bin",
    "/mnt/lima-afsbdata/afs-delivery/owner-remote-delete-6d-bhome-20261007-r1/mount/ownerfs/g2-remote-delete-6d-bhome-r1/small-delete-r1/.afs-owner-remote-small-owner-r02/entry-0089.bin",
    "/mnt/lima-afsbdata/afs-delivery/owner-remote-delete-6d-bhome-20261007-r1/mount/ownerfs/g2-remote-delete-6d-bhome-r1/small-delete-r1/.afs-owner-remote-small-owner-r02/entry-0090.bin",
    "/mnt/lima-afsbdata/afs-delivery/owner-remote-delete-6d-bhome-20261007-r1/mount/ownerfs/g2-remote-delete-6d-bhome-r1/small-delete-r1/.afs-owner-remote-small-owner-r02/entry-0091.bin",
    "/mnt/lima-afsbdata/afs-delivery/owner-remote-delete-6d-bhome-20261007-r1/mount/ownerfs/g2-remote-delete-6d-bhome-r1/small-delete-r1/.afs-owner-remote-small-owner-r02/entry-0092.bin",
    "/mnt/lima-afsbdata/afs-delivery/owner-remote-delete-6d-bhome-20261007-r1/mount/ownerfs/g2-remote-delete-6d-bhome-r1/small-delete-r1/.afs-owner-remote-small-owner-r02/entry-0093.bin",
    "/mnt/lima-afsbdata/afs-delivery/owner-remote-delete-6d-bhome-20261007-r1/mount/ownerfs/g2-remote-delete-6d-bhome-r1/small-delete-r1/.afs-owner-remote-small-owner-r02/entry-0094.bin",
    "/mnt/lima-afsbdata/afs-delivery/owner-remote-delete-6d-bhome-20261007-r1/mount/ownerfs/g2-remote-delete-6d-bhome-r1/small-delete-r1/.afs-owner-remote-small-owner-r02/entry-0095.bin",
    "/mnt/lima-afsbdata/afs-delivery/owner-remote-delete-6d-bhome-20261007-r1/mount/ownerfs/g2-remote-delete-6d-bhome-r1/small-delete-r1/.afs-owner-remote-small-owner-r02/entry-0096.bin",
    "/mnt/lima-afsbdata/afs-delivery/owner-remote-delete-6d-bhome-20261007-r1/mount/ownerfs/g2-remote-delete-6d-bhome-r1/small-delete-r1/.afs-owner-remote-small-owner-r02/entry-0097.bin",
    "/mnt/lima-afsbdata/afs-delivery/owner-remote-delete-6d-bhome-20261007-r1/mount/ownerfs/g2-remote-delete-6d-bhome-r1/small-delete-r1/.afs-owner-remote-small-owner-r02/entry-0098.bin",
    "/mnt/lima-afsbdata/afs-delivery/owner-remote-delete-6d-bhome-20261007-r1/mount/ownerfs/g2-remote-delete-6d-bhome-r1/small-delete-r1/.afs-owner-remote-small-owner-r02/entry-0099.bin",
    "/mnt/lima-afsbdata/afs-delivery/owner-remote-delete-6d-bhome-20261007-r1/mount/ownerfs/g2-remote-delete-6d-bhome-r1/small-delete-r1/.afs-owner-remote-small-owner-r03/entry-0000.bin",
    "/mnt/lima-afsbdata/afs-delivery/owner-remote-delete-6d-bhome-20261007-r1/mount/ownerfs/g2-remote-delete-6d-bhome-r1/small-delete-r1/.afs-owner-remote-small-owner-r03/entry-0001.bin",
    "/mnt/lima-afsbdata/afs-delivery/owner-remote-delete-6d-bhome-20261007-r1/mount/ownerfs/g2-remote-delete-6d-bhome-r1/small-delete-r1/.afs-owner-remote-small-owner-r03/entry-0002.bin",
    "/mnt/lima-afsbdata/afs-delivery/owner-remote-delete-6d-bhome-20261007-r1/mount/ownerfs/g2-remote-delete-6d-bhome-r1/small-delete-r1/.afs-owner-remote-small-owner-r03/entry-0003.bin",
    "/mnt/lima-afsbdata/afs-delivery/owner-remote-delete-6d-bhome-20261007-r1/mount/ownerfs/g2-remote-delete-6d-bhome-r1/small-delete-r1/.afs-owner-remote-small-owner-r03/entry-0004.bin",
    "/mnt/lima-afsbdata/afs-delivery/owner-remote-delete-6d-bhome-20261007-r1/mount/ownerfs/g2-remote-delete-6d-bhome-r1/small-delete-r1/.afs-owner-remote-small-owner-r03/entry-0005.bin",
    "/mnt/lima-afsbdata/afs-delivery/owner-remote-delete-6d-bhome-20261007-r1/mount/ownerfs/g2-remote-delete-6d-bhome-r1/small-delete-r1/.afs-owner-remote-small-owner-r03/entry-0006.bin",
    "/mnt/lima-afsbdata/afs-delivery/owner-remote-delete-6d-bhome-20261007-r1/mount/ownerfs/g2-remote-delete-6d-bhome-r1/small-delete-r1/.afs-owner-remote-small-owner-r03/entry-0007.bin",
    "/mnt/lima-afsbdata/afs-delivery/owner-remote-delete-6d-bhome-20261007-r1/mount/ownerfs/g2-remote-delete-6d-bhome-r1/small-delete-r1/.afs-owner-remote-small-owner-r03/entry-0008.bin",
    "/mnt/lima-afsbdata/afs-delivery/owner-remote-delete-6d-bhome-20261007-r1/mount/ownerfs/g2-remote-delete-6d-bhome-r1/small-delete-r1/.afs-owner-remote-small-owner-r03/entry-0009.bin",
    "/mnt/lima-afsbdata/afs-delivery/owner-remote-delete-6d-bhome-20261007-r1/mount/ownerfs/g2-remote-delete-6d-bhome-r1/small-delete-r1/.afs-owner-remote-small-owner-r03/entry-0010.bin",
    "/mnt/lima-afsbdata/afs-delivery/owner-remote-delete-6d-bhome-20261007-r1/mount/ownerfs/g2-remote-delete-6d-bhome-r1/small-delete-r1/.afs-owner-remote-small-owner-r03/entry-0011.bin",
    "/mnt/lima-afsbdata/afs-delivery/owner-remote-delete-6d-bhome-20261007-r1/mount/ownerfs/g2-remote-delete-6d-bhome-r1/small-delete-r1/.afs-owner-remote-small-owner-r03/entry-0012.bin",
    "/mnt/lima-afsbdata/afs-delivery/owner-remote-delete-6d-bhome-20261007-r1/mount/ownerfs/g2-remote-delete-6d-bhome-r1/small-delete-r1/.afs-owner-remote-small-owner-r03/entry-0013.bin",
    "/mnt/lima-afsbdata/afs-delivery/owner-remote-delete-6d-bhome-20261007-r1/mount/ownerfs/g2-remote-delete-6d-bhome-r1/small-delete-r1/.afs-owner-remote-small-owner-r03/entry-0014.bin",
    "/mnt/lima-afsbdata/afs-delivery/owner-remote-delete-6d-bhome-20261007-r1/mount/ownerfs/g2-remote-delete-6d-bhome-r1/small-delete-r1/.afs-owner-remote-small-owner-r03/entry-0015.bin",
    "/mnt/lima-afsbdata/afs-delivery/owner-remote-delete-6d-bhome-20261007-r1/mount/ownerfs/g2-remote-delete-6d-bhome-r1/small-delete-r1/.afs-owner-remote-small-owner-r03/entry-0016.bin",
    "/mnt/lima-afsbdata/afs-delivery/owner-remote-delete-6d-bhome-20261007-r1/mount/ownerfs/g2-remote-delete-6d-bhome-r1/small-delete-r1/.afs-owner-remote-small-owner-r03/entry-0017.bin",
    "/mnt/lima-afsbdata/afs-delivery/owner-remote-delete-6d-bhome-20261007-r1/mount/ownerfs/g2-remote-delete-6d-bhome-r1/small-delete-r1/.afs-owner-remote-small-owner-r03/entry-0018.bin",
    "/mnt/lima-afsbdata/afs-delivery/owner-remote-delete-6d-bhome-20261007-r1/mount/ownerfs/g2-remote-delete-6d-bhome-r1/small-delete-r1/.afs-owner-remote-small-owner-r03/entry-0019.bin",
    "/mnt/lima-afsbdata/afs-delivery/owner-remote-delete-6d-bhome-20261007-r1/mount/ownerfs/g2-remote-delete-6d-bhome-r1/small-delete-r1/.afs-owner-remote-small-owner-r03/entry-0020.bin",
    "/mnt/lima-afsbdata/afs-delivery/owner-remote-delete-6d-bhome-20261007-r1/mount/ownerfs/g2-remote-delete-6d-bhome-r1/small-delete-r1/.afs-owner-remote-small-owner-r03/entry-0021.bin",
    "/mnt/lima-afsbdata/afs-delivery/owner-remote-delete-6d-bhome-20261007-r1/mount/ownerfs/g2-remote-delete-6d-bhome-r1/small-delete-r1/.afs-owner-remote-small-owner-r03/entry-0022.bin",
    "/mnt/lima-afsbdata/afs-delivery/owner-remote-delete-6d-bhome-20261007-r1/mount/ownerfs/g2-remote-delete-6d-bhome-r1/small-delete-r1/.afs-owner-remote-small-owner-r03/entry-0023.bin",
    "/mnt/lima-afsbdata/afs-delivery/owner-remote-delete-6d-bhome-20261007-r1/mount/ownerfs/g2-remote-delete-6d-bhome-r1/small-delete-r1/.afs-owner-remote-small-owner-r03/entry-0024.bin",
    "/mnt/lima-afsbdata/afs-delivery/owner-remote-delete-6d-bhome-20261007-r1/mount/ownerfs/g2-remote-delete-6d-bhome-r1/small-delete-r1/.afs-owner-remote-small-owner-r03/entry-0025.bin",
    "/mnt/lima-afsbdata/afs-delivery/owner-remote-delete-6d-bhome-20261007-r1/mount/ownerfs/g2-remote-delete-6d-bhome-r1/small-delete-r1/.afs-owner-remote-small-owner-r03/entry-0026.bin",
    "/mnt/lima-afsbdata/afs-delivery/owner-remote-delete-6d-bhome-20261007-r1/mount/ownerfs/g2-remote-delete-6d-bhome-r1/small-delete-r1/.afs-owner-remote-small-owner-r03/entry-0027.bin",
    "/mnt/lima-afsbdata/afs-delivery/owner-remote-delete-6d-bhome-20261007-r1/mount/ownerfs/g2-remote-delete-6d-bhome-r1/small-delete-r1/.afs-owner-remote-small-owner-r03/entry-0028.bin",
    "/mnt/lima-afsbdata/afs-delivery/owner-remote-delete-6d-bhome-20261007-r1/mount/ownerfs/g2-remote-delete-6d-bhome-r1/small-delete-r1/.afs-owner-remote-small-owner-r03/entry-0029.bin",
    "/mnt/lima-afsbdata/afs-delivery/owner-remote-delete-6d-bhome-20261007-r1/mount/ownerfs/g2-remote-delete-6d-bhome-r1/small-delete-r1/.afs-owner-remote-small-owner-r03/entry-0030.bin",
    "/mnt/lima-afsbdata/afs-delivery/owner-remote-delete-6d-bhome-20261007-r1/mount/ownerfs/g2-remote-delete-6d-bhome-r1/small-delete-r1/.afs-owner-remote-small-owner-r03/entry-0031.bin",
    "/mnt/lima-afsbdata/afs-delivery/owner-remote-delete-6d-bhome-20261007-r1/mount/ownerfs/g2-remote-delete-6d-bhome-r1/small-delete-r1/.afs-owner-remote-small-owner-r03/entry-0032.bin",
    "/mnt/lima-afsbdata/afs-delivery/owner-remote-delete-6d-bhome-20261007-r1/mount/ownerfs/g2-remote-delete-6d-bhome-r1/small-delete-r1/.afs-owner-remote-small-owner-r03/entry-0033.bin",
    "/mnt/lima-afsbdata/afs-delivery/owner-remote-delete-6d-bhome-20261007-r1/mount/ownerfs/g2-remote-delete-6d-bhome-r1/small-delete-r1/.afs-owner-remote-small-owner-r03/entry-0034.bin",
    "/mnt/lima-afsbdata/afs-delivery/owner-remote-delete-6d-bhome-20261007-r1/mount/ownerfs/g2-remote-delete-6d-bhome-r1/small-delete-r1/.afs-owner-remote-small-owner-r03/entry-0035.bin",
    "/mnt/lima-afsbdata/afs-delivery/owner-remote-delete-6d-bhome-20261007-r1/mount/ownerfs/g2-remote-delete-6d-bhome-r1/small-delete-r1/.afs-owner-remote-small-owner-r03/entry-0036.bin",
    "/mnt/lima-afsbdata/afs-delivery/owner-remote-delete-6d-bhome-20261007-r1/mount/ownerfs/g2-remote-delete-6d-bhome-r1/small-delete-r1/.afs-owner-remote-small-owner-r03/entry-0037.bin",
    "/mnt/lima-afsbdata/afs-delivery/owner-remote-delete-6d-bhome-20261007-r1/mount/ownerfs/g2-remote-delete-6d-bhome-r1/small-delete-r1/.afs-owner-remote-small-owner-r03/entry-0038.bin",
    "/mnt/lima-afsbdata/afs-delivery/owner-remote-delete-6d-bhome-20261007-r1/mount/ownerfs/g2-remote-delete-6d-bhome-r1/small-delete-r1/.afs-owner-remote-small-owner-r03/entry-0039.bin",
    "/mnt/lima-afsbdata/afs-delivery/owner-remote-delete-6d-bhome-20261007-r1/mount/ownerfs/g2-remote-delete-6d-bhome-r1/small-delete-r1/.afs-owner-remote-small-owner-r03/entry-0040.bin",
    "/mnt/lima-afsbdata/afs-delivery/owner-remote-delete-6d-bhome-20261007-r1/mount/ownerfs/g2-remote-delete-6d-bhome-r1/small-delete-r1/.afs-owner-remote-small-owner-r03/entry-0041.bin",
    "/mnt/lima-afsbdata/afs-delivery/owner-remote-delete-6d-bhome-20261007-r1/mount/ownerfs/g2-remote-delete-6d-bhome-r1/small-delete-r1/.afs-owner-remote-small-owner-r03/entry-0042.bin",
    "/mnt/lima-afsbdata/afs-delivery/owner-remote-delete-6d-bhome-20261007-r1/mount/ownerfs/g2-remote-delete-6d-bhome-r1/small-delete-r1/.afs-owner-remote-small-owner-r03/entry-0043.bin",
    "/mnt/lima-afsbdata/afs-delivery/owner-remote-delete-6d-bhome-20261007-r1/mount/ownerfs/g2-remote-delete-6d-bhome-r1/small-delete-r1/.afs-owner-remote-small-owner-r03/entry-0044.bin",
    "/mnt/lima-afsbdata/afs-delivery/owner-remote-delete-6d-bhome-20261007-r1/mount/ownerfs/g2-remote-delete-6d-bhome-r1/small-delete-r1/.afs-owner-remote-small-owner-r03/entry-0045.bin",
    "/mnt/lima-afsbdata/afs-delivery/owner-remote-delete-6d-bhome-20261007-r1/mount/ownerfs/g2-remote-delete-6d-bhome-r1/small-delete-r1/.afs-owner-remote-small-owner-r03/entry-0046.bin",
    "/mnt/lima-afsbdata/afs-delivery/owner-remote-delete-6d-bhome-20261007-r1/mount/ownerfs/g2-remote-delete-6d-bhome-r1/small-delete-r1/.afs-owner-remote-small-owner-r03/entry-0047.bin",
    "/mnt/lima-afsbdata/afs-delivery/owner-remote-delete-6d-bhome-20261007-r1/mount/ownerfs/g2-remote-delete-6d-bhome-r1/small-delete-r1/.afs-owner-remote-small-owner-r03/entry-0048.bin",
    "/mnt/lima-afsbdata/afs-delivery/owner-remote-delete-6d-bhome-20261007-r1/mount/ownerfs/g2-remote-delete-6d-bhome-r1/small-delete-r1/.afs-owner-remote-small-owner-r03/entry-0049.bin",
    "/mnt/lima-afsbdata/afs-delivery/owner-remote-delete-6d-bhome-20261007-r1/mount/ownerfs/g2-remote-delete-6d-bhome-r1/small-delete-r1/.afs-owner-remote-small-owner-r03/entry-0050.bin",
    "/mnt/lima-afsbdata/afs-delivery/owner-remote-delete-6d-bhome-20261007-r1/mount/ownerfs/g2-remote-delete-6d-bhome-r1/small-delete-r1/.afs-owner-remote-small-owner-r03/entry-0051.bin",
    "/mnt/lima-afsbdata/afs-delivery/owner-remote-delete-6d-bhome-20261007-r1/mount/ownerfs/g2-remote-delete-6d-bhome-r1/small-delete-r1/.afs-owner-remote-small-owner-r03/entry-0052.bin",
    "/mnt/lima-afsbdata/afs-delivery/owner-remote-delete-6d-bhome-20261007-r1/mount/ownerfs/g2-remote-delete-6d-bhome-r1/small-delete-r1/.afs-owner-remote-small-owner-r03/entry-0053.bin",
    "/mnt/lima-afsbdata/afs-delivery/owner-remote-delete-6d-bhome-20261007-r1/mount/ownerfs/g2-remote-delete-6d-bhome-r1/small-delete-r1/.afs-owner-remote-small-owner-r03/entry-0054.bin",
    "/mnt/lima-afsbdata/afs-delivery/owner-remote-delete-6d-bhome-20261007-r1/mount/ownerfs/g2-remote-delete-6d-bhome-r1/small-delete-r1/.afs-owner-remote-small-owner-r03/entry-0055.bin",
    "/mnt/lima-afsbdata/afs-delivery/owner-remote-delete-6d-bhome-20261007-r1/mount/ownerfs/g2-remote-delete-6d-bhome-r1/small-delete-r1/.afs-owner-remote-small-owner-r03/entry-0056.bin",
    "/mnt/lima-afsbdata/afs-delivery/owner-remote-delete-6d-bhome-20261007-r1/mount/ownerfs/g2-remote-delete-6d-bhome-r1/small-delete-r1/.afs-owner-remote-small-owner-r03/entry-0057.bin",
    "/mnt/lima-afsbdata/afs-delivery/owner-remote-delete-6d-bhome-20261007-r1/mount/ownerfs/g2-remote-delete-6d-bhome-r1/small-delete-r1/.afs-owner-remote-small-owner-r03/entry-0058.bin",
    "/mnt/lima-afsbdata/afs-delivery/owner-remote-delete-6d-bhome-20261007-r1/mount/ownerfs/g2-remote-delete-6d-bhome-r1/small-delete-r1/.afs-owner-remote-small-owner-r03/entry-0059.bin",
    "/mnt/lima-afsbdata/afs-delivery/owner-remote-delete-6d-bhome-20261007-r1/mount/ownerfs/g2-remote-delete-6d-bhome-r1/small-delete-r1/.afs-owner-remote-small-owner-r03/entry-0060.bin",
    "/mnt/lima-afsbdata/afs-delivery/owner-remote-delete-6d-bhome-20261007-r1/mount/ownerfs/g2-remote-delete-6d-bhome-r1/small-delete-r1/.afs-owner-remote-small-owner-r03/entry-0061.bin",
    "/mnt/lima-afsbdata/afs-delivery/owner-remote-delete-6d-bhome-20261007-r1/mount/ownerfs/g2-remote-delete-6d-bhome-r1/small-delete-r1/.afs-owner-remote-small-owner-r03/entry-0062.bin",
    "/mnt/lima-afsbdata/afs-delivery/owner-remote-delete-6d-bhome-20261007-r1/mount/ownerfs/g2-remote-delete-6d-bhome-r1/small-delete-r1/.afs-owner-remote-small-owner-r03/entry-0063.bin",
    "/mnt/lima-afsbdata/afs-delivery/owner-remote-delete-6d-bhome-20261007-r1/mount/ownerfs/g2-remote-delete-6d-bhome-r1/small-delete-r1/.afs-owner-remote-small-owner-r03/entry-0064.bin",
    "/mnt/lima-afsbdata/afs-delivery/owner-remote-delete-6d-bhome-20261007-r1/mount/ownerfs/g2-remote-delete-6d-bhome-r1/small-delete-r1/.afs-owner-remote-small-owner-r03/entry-0065.bin",
    "/mnt/lima-afsbdata/afs-delivery/owner-remote-delete-6d-bhome-20261007-r1/mount/ownerfs/g2-remote-delete-6d-bhome-r1/small-delete-r1/.afs-owner-remote-small-owner-r03/entry-0066.bin",
    "/mnt/lima-afsbdata/afs-delivery/owner-remote-delete-6d-bhome-20261007-r1/mount/ownerfs/g2-remote-delete-6d-bhome-r1/small-delete-r1/.afs-owner-remote-small-owner-r03/entry-0067.bin",
    "/mnt/lima-afsbdata/afs-delivery/owner-remote-delete-6d-bhome-20261007-r1/mount/ownerfs/g2-remote-delete-6d-bhome-r1/small-delete-r1/.afs-owner-remote-small-owner-r03/entry-0068.bin",
    "/mnt/lima-afsbdata/afs-delivery/owner-remote-delete-6d-bhome-20261007-r1/mount/ownerfs/g2-remote-delete-6d-bhome-r1/small-delete-r1/.afs-owner-remote-small-owner-r03/entry-0069.bin",
    "/mnt/lima-afsbdata/afs-delivery/owner-remote-delete-6d-bhome-20261007-r1/mount/ownerfs/g2-remote-delete-6d-bhome-r1/small-delete-r1/.afs-owner-remote-small-owner-r03/entry-0070.bin",
    "/mnt/lima-afsbdata/afs-delivery/owner-remote-delete-6d-bhome-20261007-r1/mount/ownerfs/g2-remote-delete-6d-bhome-r1/small-delete-r1/.afs-owner-remote-small-owner-r03/entry-0071.bin",
    "/mnt/lima-afsbdata/afs-delivery/owner-remote-delete-6d-bhome-20261007-r1/mount/ownerfs/g2-remote-delete-6d-bhome-r1/small-delete-r1/.afs-owner-remote-small-owner-r03/entry-0072.bin",
    "/mnt/lima-afsbdata/afs-delivery/owner-remote-delete-6d-bhome-20261007-r1/mount/ownerfs/g2-remote-delete-6d-bhome-r1/small-delete-r1/.afs-owner-remote-small-owner-r03/entry-0073.bin",
    "/mnt/lima-afsbdata/afs-delivery/owner-remote-delete-6d-bhome-20261007-r1/mount/ownerfs/g2-remote-delete-6d-bhome-r1/small-delete-r1/.afs-owner-remote-small-owner-r03/entry-0074.bin",
    "/mnt/lima-afsbdata/afs-delivery/owner-remote-delete-6d-bhome-20261007-r1/mount/ownerfs/g2-remote-delete-6d-bhome-r1/small-delete-r1/.afs-owner-remote-small-owner-r03/entry-0075.bin",
    "/mnt/lima-afsbdata/afs-delivery/owner-remote-delete-6d-bhome-20261007-r1/mount/ownerfs/g2-remote-delete-6d-bhome-r1/small-delete-r1/.afs-owner-remote-small-owner-r03/entry-0076.bin",
    "/mnt/lima-afsbdata/afs-delivery/owner-remote-delete-6d-bhome-20261007-r1/mount/ownerfs/g2-remote-delete-6d-bhome-r1/small-delete-r1/.afs-owner-remote-small-owner-r03/entry-0077.bin",
    "/mnt/lima-afsbdata/afs-delivery/owner-remote-delete-6d-bhome-20261007-r1/mount/ownerfs/g2-remote-delete-6d-bhome-r1/small-delete-r1/.afs-owner-remote-small-owner-r03/entry-0078.bin",
    "/mnt/lima-afsbdata/afs-delivery/owner-remote-delete-6d-bhome-20261007-r1/mount/ownerfs/g2-remote-delete-6d-bhome-r1/small-delete-r1/.afs-owner-remote-small-owner-r03/entry-0079.bin",
    "/mnt/lima-afsbdata/afs-delivery/owner-remote-delete-6d-bhome-20261007-r1/mount/ownerfs/g2-remote-delete-6d-bhome-r1/small-delete-r1/.afs-owner-remote-small-owner-r03/entry-0080.bin",
    "/mnt/lima-afsbdata/afs-delivery/owner-remote-delete-6d-bhome-20261007-r1/mount/ownerfs/g2-remote-delete-6d-bhome-r1/small-delete-r1/.afs-owner-remote-small-owner-r03/entry-0081.bin",
    "/mnt/lima-afsbdata/afs-delivery/owner-remote-delete-6d-bhome-20261007-r1/mount/ownerfs/g2-remote-delete-6d-bhome-r1/small-delete-r1/.afs-owner-remote-small-owner-r03/entry-0082.bin",
    "/mnt/lima-afsbdata/afs-delivery/owner-remote-delete-6d-bhome-20261007-r1/mount/ownerfs/g2-remote-delete-6d-bhome-r1/small-delete-r1/.afs-owner-remote-small-owner-r03/entry-0083.bin",
    "/mnt/lima-afsbdata/afs-delivery/owner-remote-delete-6d-bhome-20261007-r1/mount/ownerfs/g2-remote-delete-6d-bhome-r1/small-delete-r1/.afs-owner-remote-small-owner-r03/entry-0084.bin",
    "/mnt/lima-afsbdata/afs-delivery/owner-remote-delete-6d-bhome-20261007-r1/mount/ownerfs/g2-remote-delete-6d-bhome-r1/small-delete-r1/.afs-owner-remote-small-owner-r03/entry-0085.bin",
    "/mnt/lima-afsbdata/afs-delivery/owner-remote-delete-6d-bhome-20261007-r1/mount/ownerfs/g2-remote-delete-6d-bhome-r1/small-delete-r1/.afs-owner-remote-small-owner-r03/entry-0086.bin",
    "/mnt/lima-afsbdata/afs-delivery/owner-remote-delete-6d-bhome-20261007-r1/mount/ownerfs/g2-remote-delete-6d-bhome-r1/small-delete-r1/.afs-owner-remote-small-owner-r03/entry-0087.bin",
    "/mnt/lima-afsbdata/afs-delivery/owner-remote-delete-6d-bhome-20261007-r1/mount/ownerfs/g2-remote-delete-6d-bhome-r1/small-delete-r1/.afs-owner-remote-small-owner-r03/entry-0088.bin",
    "/mnt/lima-afsbdata/afs-delivery/owner-remote-delete-6d-bhome-20261007-r1/mount/ownerfs/g2-remote-delete-6d-bhome-r1/small-delete-r1/.afs-owner-remote-small-owner-r03/entry-0089.bin",
    "/mnt/lima-afsbdata/afs-delivery/owner-remote-delete-6d-bhome-20261007-r1/mount/ownerfs/g2-remote-delete-6d-bhome-r1/small-delete-r1/.afs-owner-remote-small-owner-r03/entry-0090.bin",
    "/mnt/lima-afsbdata/afs-delivery/owner-remote-delete-6d-bhome-20261007-r1/mount/ownerfs/g2-remote-delete-6d-bhome-r1/small-delete-r1/.afs-owner-remote-small-owner-r03/entry-0091.bin",
    "/mnt/lima-afsbdata/afs-delivery/owner-remote-delete-6d-bhome-20261007-r1/mount/ownerfs/g2-remote-delete-6d-bhome-r1/small-delete-r1/.afs-owner-remote-small-owner-r03/entry-0092.bin",
    "/mnt/lima-afsbdata/afs-delivery/owner-remote-delete-6d-bhome-20261007-r1/mount/ownerfs/g2-remote-delete-6d-bhome-r1/small-delete-r1/.afs-owner-remote-small-owner-r03/entry-0093.bin",
    "/mnt/lima-afsbdata/afs-delivery/owner-remote-delete-6d-bhome-20261007-r1/mount/ownerfs/g2-remote-delete-6d-bhome-r1/small-delete-r1/.afs-owner-remote-small-owner-r03/entry-0094.bin",
    "/mnt/lima-afsbdata/afs-delivery/owner-remote-delete-6d-bhome-20261007-r1/mount/ownerfs/g2-remote-delete-6d-bhome-r1/small-delete-r1/.afs-owner-remote-small-owner-r03/entry-0095.bin",
    "/mnt/lima-afsbdata/afs-delivery/owner-remote-delete-6d-bhome-20261007-r1/mount/ownerfs/g2-remote-delete-6d-bhome-r1/small-delete-r1/.afs-owner-remote-small-owner-r03/entry-0096.bin",
    "/mnt/lima-afsbdata/afs-delivery/owner-remote-delete-6d-bhome-20261007-r1/mount/ownerfs/g2-remote-delete-6d-bhome-r1/small-delete-r1/.afs-owner-remote-small-owner-r03/entry-0097.bin",
    "/mnt/lima-afsbdata/afs-delivery/owner-remote-delete-6d-bhome-20261007-r1/mount/ownerfs/g2-remote-delete-6d-bhome-r1/small-delete-r1/.afs-owner-remote-small-owner-r03/entry-0098.bin",
    "/mnt/lima-afsbdata/afs-delivery/owner-remote-delete-6d-bhome-20261007-r1/mount/ownerfs/g2-remote-delete-6d-bhome-r1/small-delete-r1/.afs-owner-remote-small-owner-r03/entry-0099.bin",
    "/mnt/lima-afsbdata/afs-delivery/owner-remote-delete-6d-bhome-20261007-r1/mount/ownerfs/g2-remote-delete-6d-bhome-r1/small-delete-r1/.afs-owner-remote-small-owner-r04/entry-0000.bin",
    "/mnt/lima-afsbdata/afs-delivery/owner-remote-delete-6d-bhome-20261007-r1/mount/ownerfs/g2-remote-delete-6d-bhome-r1/small-delete-r1/.afs-owner-remote-small-owner-r04/entry-0001.bin",
    "/mnt/lima-afsbdata/afs-delivery/owner-remote-delete-6d-bhome-20261007-r1/mount/ownerfs/g2-remote-delete-6d-bhome-r1/small-delete-r1/.afs-owner-remote-small-owner-r04/entry-0002.bin",
    "/mnt/lima-afsbdata/afs-delivery/owner-remote-delete-6d-bhome-20261007-r1/mount/ownerfs/g2-remote-delete-6d-bhome-r1/small-delete-r1/.afs-owner-remote-small-owner-r04/entry-0003.bin",
    "/mnt/lima-afsbdata/afs-delivery/owner-remote-delete-6d-bhome-20261007-r1/mount/ownerfs/g2-remote-delete-6d-bhome-r1/small-delete-r1/.afs-owner-remote-small-owner-r04/entry-0004.bin",
    "/mnt/lima-afsbdata/afs-delivery/owner-remote-delete-6d-bhome-20261007-r1/mount/ownerfs/g2-remote-delete-6d-bhome-r1/small-delete-r1/.afs-owner-remote-small-owner-r04/entry-0005.bin",
    "/mnt/lima-afsbdata/afs-delivery/owner-remote-delete-6d-bhome-20261007-r1/mount/ownerfs/g2-remote-delete-6d-bhome-r1/small-delete-r1/.afs-owner-remote-small-owner-r04/entry-0006.bin",
    "/mnt/lima-afsbdata/afs-delivery/owner-remote-delete-6d-bhome-20261007-r1/mount/ownerfs/g2-remote-delete-6d-bhome-r1/small-delete-r1/.afs-owner-remote-small-owner-r04/entry-0007.bin",
    "/mnt/lima-afsbdata/afs-delivery/owner-remote-delete-6d-bhome-20261007-r1/mount/ownerfs/g2-remote-delete-6d-bhome-r1/small-delete-r1/.afs-owner-remote-small-owner-r04/entry-0008.bin",
    "/mnt/lima-afsbdata/afs-delivery/owner-remote-delete-6d-bhome-20261007-r1/mount/ownerfs/g2-remote-delete-6d-bhome-r1/small-delete-r1/.afs-owner-remote-small-owner-r04/entry-0009.bin",
    "/mnt/lima-afsbdata/afs-delivery/owner-remote-delete-6d-bhome-20261007-r1/mount/ownerfs/g2-remote-delete-6d-bhome-r1/small-delete-r1/.afs-owner-remote-small-owner-r04/entry-0010.bin",
    "/mnt/lima-afsbdata/afs-delivery/owner-remote-delete-6d-bhome-20261007-r1/mount/ownerfs/g2-remote-delete-6d-bhome-r1/small-delete-r1/.afs-owner-remote-small-owner-r04/entry-0011.bin",
    "/mnt/lima-afsbdata/afs-delivery/owner-remote-delete-6d-bhome-20261007-r1/mount/ownerfs/g2-remote-delete-6d-bhome-r1/small-delete-r1/.afs-owner-remote-small-owner-r04/entry-0012.bin",
    "/mnt/lima-afsbdata/afs-delivery/owner-remote-delete-6d-bhome-20261007-r1/mount/ownerfs/g2-remote-delete-6d-bhome-r1/small-delete-r1/.afs-owner-remote-small-owner-r04/entry-0013.bin",
    "/mnt/lima-afsbdata/afs-delivery/owner-remote-delete-6d-bhome-20261007-r1/mount/ownerfs/g2-remote-delete-6d-bhome-r1/small-delete-r1/.afs-owner-remote-small-owner-r04/entry-0014.bin",
    "/mnt/lima-afsbdata/afs-delivery/owner-remote-delete-6d-bhome-20261007-r1/mount/ownerfs/g2-remote-delete-6d-bhome-r1/small-delete-r1/.afs-owner-remote-small-owner-r04/entry-0015.bin",
    "/mnt/lima-afsbdata/afs-delivery/owner-remote-delete-6d-bhome-20261007-r1/mount/ownerfs/g2-remote-delete-6d-bhome-r1/small-delete-r1/.afs-owner-remote-small-owner-r04/entry-0016.bin",
    "/mnt/lima-afsbdata/afs-delivery/owner-remote-delete-6d-bhome-20261007-r1/mount/ownerfs/g2-remote-delete-6d-bhome-r1/small-delete-r1/.afs-owner-remote-small-owner-r04/entry-0017.bin",
    "/mnt/lima-afsbdata/afs-delivery/owner-remote-delete-6d-bhome-20261007-r1/mount/ownerfs/g2-remote-delete-6d-bhome-r1/small-delete-r1/.afs-owner-remote-small-owner-r04/entry-0018.bin",
    "/mnt/lima-afsbdata/afs-delivery/owner-remote-delete-6d-bhome-20261007-r1/mount/ownerfs/g2-remote-delete-6d-bhome-r1/small-delete-r1/.afs-owner-remote-small-owner-r04/entry-0019.bin",
    "/mnt/lima-afsbdata/afs-delivery/owner-remote-delete-6d-bhome-20261007-r1/mount/ownerfs/g2-remote-delete-6d-bhome-r1/small-delete-r1/.afs-owner-remote-small-owner-r04/entry-0020.bin",
    "/mnt/lima-afsbdata/afs-delivery/owner-remote-delete-6d-bhome-20261007-r1/mount/ownerfs/g2-remote-delete-6d-bhome-r1/small-delete-r1/.afs-owner-remote-small-owner-r04/entry-0021.bin",
    "/mnt/lima-afsbdata/afs-delivery/owner-remote-delete-6d-bhome-20261007-r1/mount/ownerfs/g2-remote-delete-6d-bhome-r1/small-delete-r1/.afs-owner-remote-small-owner-r04/entry-0022.bin",
    "/mnt/lima-afsbdata/afs-delivery/owner-remote-delete-6d-bhome-20261007-r1/mount/ownerfs/g2-remote-delete-6d-bhome-r1/small-delete-r1/.afs-owner-remote-small-owner-r04/entry-0023.bin",
    "/mnt/lima-afsbdata/afs-delivery/owner-remote-delete-6d-bhome-20261007-r1/mount/ownerfs/g2-remote-delete-6d-bhome-r1/small-delete-r1/.afs-owner-remote-small-owner-r04/entry-0024.bin",
    "/mnt/lima-afsbdata/afs-delivery/owner-remote-delete-6d-bhome-20261007-r1/mount/ownerfs/g2-remote-delete-6d-bhome-r1/small-delete-r1/.afs-owner-remote-small-owner-r04/entry-0025.bin",
    "/mnt/lima-afsbdata/afs-delivery/owner-remote-delete-6d-bhome-20261007-r1/mount/ownerfs/g2-remote-delete-6d-bhome-r1/small-delete-r1/.afs-owner-remote-small-owner-r04/entry-0026.bin",
    "/mnt/lima-afsbdata/afs-delivery/owner-remote-delete-6d-bhome-20261007-r1/mount/ownerfs/g2-remote-delete-6d-bhome-r1/small-delete-r1/.afs-owner-remote-small-owner-r04/entry-0027.bin",
    "/mnt/lima-afsbdata/afs-delivery/owner-remote-delete-6d-bhome-20261007-r1/mount/ownerfs/g2-remote-delete-6d-bhome-r1/small-delete-r1/.afs-owner-remote-small-owner-r04/entry-0028.bin",
    "/mnt/lima-afsbdata/afs-delivery/owner-remote-delete-6d-bhome-20261007-r1/mount/ownerfs/g2-remote-delete-6d-bhome-r1/small-delete-r1/.afs-owner-remote-small-owner-r04/entry-0029.bin",
    "/mnt/lima-afsbdata/afs-delivery/owner-remote-delete-6d-bhome-20261007-r1/mount/ownerfs/g2-remote-delete-6d-bhome-r1/small-delete-r1/.afs-owner-remote-small-owner-r04/entry-0030.bin",
    "/mnt/lima-afsbdata/afs-delivery/owner-remote-delete-6d-bhome-20261007-r1/mount/ownerfs/g2-remote-delete-6d-bhome-r1/small-delete-r1/.afs-owner-remote-small-owner-r04/entry-0031.bin",
    "/mnt/lima-afsbdata/afs-delivery/owner-remote-delete-6d-bhome-20261007-r1/mount/ownerfs/g2-remote-delete-6d-bhome-r1/small-delete-r1/.afs-owner-remote-small-owner-r04/entry-0032.bin",
    "/mnt/lima-afsbdata/afs-delivery/owner-remote-delete-6d-bhome-20261007-r1/mount/ownerfs/g2-remote-delete-6d-bhome-r1/small-delete-r1/.afs-owner-remote-small-owner-r04/entry-0033.bin",
    "/mnt/lima-afsbdata/afs-delivery/owner-remote-delete-6d-bhome-20261007-r1/mount/ownerfs/g2-remote-delete-6d-bhome-r1/small-delete-r1/.afs-owner-remote-small-owner-r04/entry-0034.bin",
    "/mnt/lima-afsbdata/afs-delivery/owner-remote-delete-6d-bhome-20261007-r1/mount/ownerfs/g2-remote-delete-6d-bhome-r1/small-delete-r1/.afs-owner-remote-small-owner-r04/entry-0035.bin",
    "/mnt/lima-afsbdata/afs-delivery/owner-remote-delete-6d-bhome-20261007-r1/mount/ownerfs/g2-remote-delete-6d-bhome-r1/small-delete-r1/.afs-owner-remote-small-owner-r04/entry-0036.bin",
    "/mnt/lima-afsbdata/afs-delivery/owner-remote-delete-6d-bhome-20261007-r1/mount/ownerfs/g2-remote-delete-6d-bhome-r1/small-delete-r1/.afs-owner-remote-small-owner-r04/entry-0037.bin",
    "/mnt/lima-afsbdata/afs-delivery/owner-remote-delete-6d-bhome-20261007-r1/mount/ownerfs/g2-remote-delete-6d-bhome-r1/small-delete-r1/.afs-owner-remote-small-owner-r04/entry-0038.bin",
    "/mnt/lima-afsbdata/afs-delivery/owner-remote-delete-6d-bhome-20261007-r1/mount/ownerfs/g2-remote-delete-6d-bhome-r1/small-delete-r1/.afs-owner-remote-small-owner-r04/entry-0039.bin",
    "/mnt/lima-afsbdata/afs-delivery/owner-remote-delete-6d-bhome-20261007-r1/mount/ownerfs/g2-remote-delete-6d-bhome-r1/small-delete-r1/.afs-owner-remote-small-owner-r04/entry-0040.bin",
    "/mnt/lima-afsbdata/afs-delivery/owner-remote-delete-6d-bhome-20261007-r1/mount/ownerfs/g2-remote-delete-6d-bhome-r1/small-delete-r1/.afs-owner-remote-small-owner-r04/entry-0041.bin",
    "/mnt/lima-afsbdata/afs-delivery/owner-remote-delete-6d-bhome-20261007-r1/mount/ownerfs/g2-remote-delete-6d-bhome-r1/small-delete-r1/.afs-owner-remote-small-owner-r04/entry-0042.bin",
    "/mnt/lima-afsbdata/afs-delivery/owner-remote-delete-6d-bhome-20261007-r1/mount/ownerfs/g2-remote-delete-6d-bhome-r1/small-delete-r1/.afs-owner-remote-small-owner-r04/entry-0043.bin",
    "/mnt/lima-afsbdata/afs-delivery/owner-remote-delete-6d-bhome-20261007-r1/mount/ownerfs/g2-remote-delete-6d-bhome-r1/small-delete-r1/.afs-owner-remote-small-owner-r04/entry-0044.bin",
    "/mnt/lima-afsbdata/afs-delivery/owner-remote-delete-6d-bhome-20261007-r1/mount/ownerfs/g2-remote-delete-6d-bhome-r1/small-delete-r1/.afs-owner-remote-small-owner-r04/entry-0045.bin",
    "/mnt/lima-afsbdata/afs-delivery/owner-remote-delete-6d-bhome-20261007-r1/mount/ownerfs/g2-remote-delete-6d-bhome-r1/small-delete-r1/.afs-owner-remote-small-owner-r04/entry-0046.bin",
    "/mnt/lima-afsbdata/afs-delivery/owner-remote-delete-6d-bhome-20261007-r1/mount/ownerfs/g2-remote-delete-6d-bhome-r1/small-delete-r1/.afs-owner-remote-small-owner-r04/entry-0047.bin",
    "/mnt/lima-afsbdata/afs-delivery/owner-remote-delete-6d-bhome-20261007-r1/mount/ownerfs/g2-remote-delete-6d-bhome-r1/small-delete-r1/.afs-owner-remote-small-owner-r04/entry-0048.bin",
    "/mnt/lima-afsbdata/afs-delivery/owner-remote-delete-6d-bhome-20261007-r1/mount/ownerfs/g2-remote-delete-6d-bhome-r1/small-delete-r1/.afs-owner-remote-small-owner-r04/entry-0049.bin",
    "/mnt/lima-afsbdata/afs-delivery/owner-remote-delete-6d-bhome-20261007-r1/mount/ownerfs/g2-remote-delete-6d-bhome-r1/small-delete-r1/.afs-owner-remote-small-owner-r04/entry-0050.bin",
    "/mnt/lima-afsbdata/afs-delivery/owner-remote-delete-6d-bhome-20261007-r1/mount/ownerfs/g2-remote-delete-6d-bhome-r1/small-delete-r1/.afs-owner-remote-small-owner-r04/entry-0051.bin",
    "/mnt/lima-afsbdata/afs-delivery/owner-remote-delete-6d-bhome-20261007-r1/mount/ownerfs/g2-remote-delete-6d-bhome-r1/small-delete-r1/.afs-owner-remote-small-owner-r04/entry-0052.bin",
    "/mnt/lima-afsbdata/afs-delivery/owner-remote-delete-6d-bhome-20261007-r1/mount/ownerfs/g2-remote-delete-6d-bhome-r1/small-delete-r1/.afs-owner-remote-small-owner-r04/entry-0053.bin",
    "/mnt/lima-afsbdata/afs-delivery/owner-remote-delete-6d-bhome-20261007-r1/mount/ownerfs/g2-remote-delete-6d-bhome-r1/small-delete-r1/.afs-owner-remote-small-owner-r04/entry-0054.bin",
    "/mnt/lima-afsbdata/afs-delivery/owner-remote-delete-6d-bhome-20261007-r1/mount/ownerfs/g2-remote-delete-6d-bhome-r1/small-delete-r1/.afs-owner-remote-small-owner-r04/entry-0055.bin",
    "/mnt/lima-afsbdata/afs-delivery/owner-remote-delete-6d-bhome-20261007-r1/mount/ownerfs/g2-remote-delete-6d-bhome-r1/small-delete-r1/.afs-owner-remote-small-owner-r04/entry-0056.bin",
    "/mnt/lima-afsbdata/afs-delivery/owner-remote-delete-6d-bhome-20261007-r1/mount/ownerfs/g2-remote-delete-6d-bhome-r1/small-delete-r1/.afs-owner-remote-small-owner-r04/entry-0057.bin",
    "/mnt/lima-afsbdata/afs-delivery/owner-remote-delete-6d-bhome-20261007-r1/mount/ownerfs/g2-remote-delete-6d-bhome-r1/small-delete-r1/.afs-owner-remote-small-owner-r04/entry-0058.bin",
    "/mnt/lima-afsbdata/afs-delivery/owner-remote-delete-6d-bhome-20261007-r1/mount/ownerfs/g2-remote-delete-6d-bhome-r1/small-delete-r1/.afs-owner-remote-small-owner-r04/entry-0059.bin",
    "/mnt/lima-afsbdata/afs-delivery/owner-remote-delete-6d-bhome-20261007-r1/mount/ownerfs/g2-remote-delete-6d-bhome-r1/small-delete-r1/.afs-owner-remote-small-owner-r04/entry-0060.bin",
    "/mnt/lima-afsbdata/afs-delivery/owner-remote-delete-6d-bhome-20261007-r1/mount/ownerfs/g2-remote-delete-6d-bhome-r1/small-delete-r1/.afs-owner-remote-small-owner-r04/entry-0061.bin",
    "/mnt/lima-afsbdata/afs-delivery/owner-remote-delete-6d-bhome-20261007-r1/mount/ownerfs/g2-remote-delete-6d-bhome-r1/small-delete-r1/.afs-owner-remote-small-owner-r04/entry-0062.bin",
    "/mnt/lima-afsbdata/afs-delivery/owner-remote-delete-6d-bhome-20261007-r1/mount/ownerfs/g2-remote-delete-6d-bhome-r1/small-delete-r1/.afs-owner-remote-small-owner-r04/entry-0063.bin",
    "/mnt/lima-afsbdata/afs-delivery/owner-remote-delete-6d-bhome-20261007-r1/mount/ownerfs/g2-remote-delete-6d-bhome-r1/small-delete-r1/.afs-owner-remote-small-owner-r04/entry-0064.bin",
    "/mnt/lima-afsbdata/afs-delivery/owner-remote-delete-6d-bhome-20261007-r1/mount/ownerfs/g2-remote-delete-6d-bhome-r1/small-delete-r1/.afs-owner-remote-small-owner-r04/entry-0065.bin",
    "/mnt/lima-afsbdata/afs-delivery/owner-remote-delete-6d-bhome-20261007-r1/mount/ownerfs/g2-remote-delete-6d-bhome-r1/small-delete-r1/.afs-owner-remote-small-owner-r04/entry-0066.bin",
    "/mnt/lima-afsbdata/afs-delivery/owner-remote-delete-6d-bhome-20261007-r1/mount/ownerfs/g2-remote-delete-6d-bhome-r1/small-delete-r1/.afs-owner-remote-small-owner-r04/entry-0067.bin",
    "/mnt/lima-afsbdata/afs-delivery/owner-remote-delete-6d-bhome-20261007-r1/mount/ownerfs/g2-remote-delete-6d-bhome-r1/small-delete-r1/.afs-owner-remote-small-owner-r04/entry-0068.bin",
    "/mnt/lima-afsbdata/afs-delivery/owner-remote-delete-6d-bhome-20261007-r1/mount/ownerfs/g2-remote-delete-6d-bhome-r1/small-delete-r1/.afs-owner-remote-small-owner-r04/entry-0069.bin",
    "/mnt/lima-afsbdata/afs-delivery/owner-remote-delete-6d-bhome-20261007-r1/mount/ownerfs/g2-remote-delete-6d-bhome-r1/small-delete-r1/.afs-owner-remote-small-owner-r04/entry-0070.bin",
    "/mnt/lima-afsbdata/afs-delivery/owner-remote-delete-6d-bhome-20261007-r1/mount/ownerfs/g2-remote-delete-6d-bhome-r1/small-delete-r1/.afs-owner-remote-small-owner-r04/entry-0071.bin",
    "/mnt/lima-afsbdata/afs-delivery/owner-remote-delete-6d-bhome-20261007-r1/mount/ownerfs/g2-remote-delete-6d-bhome-r1/small-delete-r1/.afs-owner-remote-small-owner-r04/entry-0072.bin",
    "/mnt/lima-afsbdata/afs-delivery/owner-remote-delete-6d-bhome-20261007-r1/mount/ownerfs/g2-remote-delete-6d-bhome-r1/small-delete-r1/.afs-owner-remote-small-owner-r04/entry-0073.bin",
    "/mnt/lima-afsbdata/afs-delivery/owner-remote-delete-6d-bhome-20261007-r1/mount/ownerfs/g2-remote-delete-6d-bhome-r1/small-delete-r1/.afs-owner-remote-small-owner-r04/entry-0074.bin",
    "/mnt/lima-afsbdata/afs-delivery/owner-remote-delete-6d-bhome-20261007-r1/mount/ownerfs/g2-remote-delete-6d-bhome-r1/small-delete-r1/.afs-owner-remote-small-owner-r04/entry-0075.bin",
    "/mnt/lima-afsbdata/afs-delivery/owner-remote-delete-6d-bhome-20261007-r1/mount/ownerfs/g2-remote-delete-6d-bhome-r1/small-delete-r1/.afs-owner-remote-small-owner-r04/entry-0076.bin",
    "/mnt/lima-afsbdata/afs-delivery/owner-remote-delete-6d-bhome-20261007-r1/mount/ownerfs/g2-remote-delete-6d-bhome-r1/small-delete-r1/.afs-owner-remote-small-owner-r04/entry-0077.bin",
    "/mnt/lima-afsbdata/afs-delivery/owner-remote-delete-6d-bhome-20261007-r1/mount/ownerfs/g2-remote-delete-6d-bhome-r1/small-delete-r1/.afs-owner-remote-small-owner-r04/entry-0078.bin",
    "/mnt/lima-afsbdata/afs-delivery/owner-remote-delete-6d-bhome-20261007-r1/mount/ownerfs/g2-remote-delete-6d-bhome-r1/small-delete-r1/.afs-owner-remote-small-owner-r04/entry-0079.bin",
    "/mnt/lima-afsbdata/afs-delivery/owner-remote-delete-6d-bhome-20261007-r1/mount/ownerfs/g2-remote-delete-6d-bhome-r1/small-delete-r1/.afs-owner-remote-small-owner-r04/entry-0080.bin",
    "/mnt/lima-afsbdata/afs-delivery/owner-remote-delete-6d-bhome-20261007-r1/mount/ownerfs/g2-remote-delete-6d-bhome-r1/small-delete-r1/.afs-owner-remote-small-owner-r04/entry-0081.bin",
    "/mnt/lima-afsbdata/afs-delivery/owner-remote-delete-6d-bhome-20261007-r1/mount/ownerfs/g2-remote-delete-6d-bhome-r1/small-delete-r1/.afs-owner-remote-small-owner-r04/entry-0082.bin",
    "/mnt/lima-afsbdata/afs-delivery/owner-remote-delete-6d-bhome-20261007-r1/mount/ownerfs/g2-remote-delete-6d-bhome-r1/small-delete-r1/.afs-owner-remote-small-owner-r04/entry-0083.bin",
    "/mnt/lima-afsbdata/afs-delivery/owner-remote-delete-6d-bhome-20261007-r1/mount/ownerfs/g2-remote-delete-6d-bhome-r1/small-delete-r1/.afs-owner-remote-small-owner-r04/entry-0084.bin",
    "/mnt/lima-afsbdata/afs-delivery/owner-remote-delete-6d-bhome-20261007-r1/mount/ownerfs/g2-remote-delete-6d-bhome-r1/small-delete-r1/.afs-owner-remote-small-owner-r04/entry-0085.bin",
    "/mnt/lima-afsbdata/afs-delivery/owner-remote-delete-6d-bhome-20261007-r1/mount/ownerfs/g2-remote-delete-6d-bhome-r1/small-delete-r1/.afs-owner-remote-small-owner-r04/entry-0086.bin",
    "/mnt/lima-afsbdata/afs-delivery/owner-remote-delete-6d-bhome-20261007-r1/mount/ownerfs/g2-remote-delete-6d-bhome-r1/small-delete-r1/.afs-owner-remote-small-owner-r04/entry-0087.bin",
    "/mnt/lima-afsbdata/afs-delivery/owner-remote-delete-6d-bhome-20261007-r1/mount/ownerfs/g2-remote-delete-6d-bhome-r1/small-delete-r1/.afs-owner-remote-small-owner-r04/entry-0088.bin",
    "/mnt/lima-afsbdata/afs-delivery/owner-remote-delete-6d-bhome-20261007-r1/mount/ownerfs/g2-remote-delete-6d-bhome-r1/small-delete-r1/.afs-owner-remote-small-owner-r04/entry-0089.bin",
    "/mnt/lima-afsbdata/afs-delivery/owner-remote-delete-6d-bhome-20261007-r1/mount/ownerfs/g2-remote-delete-6d-bhome-r1/small-delete-r1/.afs-owner-remote-small-owner-r04/entry-0090.bin",
    "/mnt/lima-afsbdata/afs-delivery/owner-remote-delete-6d-bhome-20261007-r1/mount/ownerfs/g2-remote-delete-6d-bhome-r1/small-delete-r1/.afs-owner-remote-small-owner-r04/entry-0091.bin",
    "/mnt/lima-afsbdata/afs-delivery/owner-remote-delete-6d-bhome-20261007-r1/mount/ownerfs/g2-remote-delete-6d-bhome-r1/small-delete-r1/.afs-owner-remote-small-owner-r04/entry-0092.bin",
    "/mnt/lima-afsbdata/afs-delivery/owner-remote-delete-6d-bhome-20261007-r1/mount/ownerfs/g2-remote-delete-6d-bhome-r1/small-delete-r1/.afs-owner-remote-small-owner-r04/entry-0093.bin",
    "/mnt/lima-afsbdata/afs-delivery/owner-remote-delete-6d-bhome-20261007-r1/mount/ownerfs/g2-remote-delete-6d-bhome-r1/small-delete-r1/.afs-owner-remote-small-owner-r04/entry-0094.bin",
    "/mnt/lima-afsbdata/afs-delivery/owner-remote-delete-6d-bhome-20261007-r1/mount/ownerfs/g2-remote-delete-6d-bhome-r1/small-delete-r1/.afs-owner-remote-small-owner-r04/entry-0095.bin",
    "/mnt/lima-afsbdata/afs-delivery/owner-remote-delete-6d-bhome-20261007-r1/mount/ownerfs/g2-remote-delete-6d-bhome-r1/small-delete-r1/.afs-owner-remote-small-owner-r04/entry-0096.bin",
    "/mnt/lima-afsbdata/afs-delivery/owner-remote-delete-6d-bhome-20261007-r1/mount/ownerfs/g2-remote-delete-6d-bhome-r1/small-delete-r1/.afs-owner-remote-small-owner-r04/entry-0097.bin",
    "/mnt/lima-afsbdata/afs-delivery/owner-remote-delete-6d-bhome-20261007-r1/mount/ownerfs/g2-remote-delete-6d-bhome-r1/small-delete-r1/.afs-owner-remote-small-owner-r04/entry-0098.bin",
    "/mnt/lima-afsbdata/afs-delivery/owner-remote-delete-6d-bhome-20261007-r1/mount/ownerfs/g2-remote-delete-6d-bhome-r1/small-delete-r1/.afs-owner-remote-small-owner-r04/entry-0099.bin",
    "/mnt/lima-afsbdata/afs-delivery/owner-remote-delete-6d-bhome-20261007-r1/mount/ownerfs/g2-remote-delete-6d-bhome-r1/small-delete-r1/.afs-owner-remote-small-owner-r05/entry-0000.bin",
    "/mnt/lima-afsbdata/afs-delivery/owner-remote-delete-6d-bhome-20261007-r1/mount/ownerfs/g2-remote-delete-6d-bhome-r1/small-delete-r1/.afs-owner-remote-small-owner-r05/entry-0001.bin",
    "/mnt/lima-afsbdata/afs-delivery/owner-remote-delete-6d-bhome-20261007-r1/mount/ownerfs/g2-remote-delete-6d-bhome-r1/small-delete-r1/.afs-owner-remote-small-owner-r05/entry-0002.bin",
    "/mnt/lima-afsbdata/afs-delivery/owner-remote-delete-6d-bhome-20261007-r1/mount/ownerfs/g2-remote-delete-6d-bhome-r1/small-delete-r1/.afs-owner-remote-small-owner-r05/entry-0003.bin",
    "/mnt/lima-afsbdata/afs-delivery/owner-remote-delete-6d-bhome-20261007-r1/mount/ownerfs/g2-remote-delete-6d-bhome-r1/small-delete-r1/.afs-owner-remote-small-owner-r05/entry-0004.bin",
    "/mnt/lima-afsbdata/afs-delivery/owner-remote-delete-6d-bhome-20261007-r1/mount/ownerfs/g2-remote-delete-6d-bhome-r1/small-delete-r1/.afs-owner-remote-small-owner-r05/entry-0005.bin",
    "/mnt/lima-afsbdata/afs-delivery/owner-remote-delete-6d-bhome-20261007-r1/mount/ownerfs/g2-remote-delete-6d-bhome-r1/small-delete-r1/.afs-owner-remote-small-owner-r05/entry-0006.bin",
    "/mnt/lima-afsbdata/afs-delivery/owner-remote-delete-6d-bhome-20261007-r1/mount/ownerfs/g2-remote-delete-6d-bhome-r1/small-delete-r1/.afs-owner-remote-small-owner-r05/entry-0007.bin",
    "/mnt/lima-afsbdata/afs-delivery/owner-remote-delete-6d-bhome-20261007-r1/mount/ownerfs/g2-remote-delete-6d-bhome-r1/small-delete-r1/.afs-owner-remote-small-owner-r05/entry-0008.bin",
    "/mnt/lima-afsbdata/afs-delivery/owner-remote-delete-6d-bhome-20261007-r1/mount/ownerfs/g2-remote-delete-6d-bhome-r1/small-delete-r1/.afs-owner-remote-small-owner-r05/entry-0009.bin",
    "/mnt/lima-afsbdata/afs-delivery/owner-remote-delete-6d-bhome-20261007-r1/mount/ownerfs/g2-remote-delete-6d-bhome-r1/small-delete-r1/.afs-owner-remote-small-owner-r05/entry-0010.bin",
    "/mnt/lima-afsbdata/afs-delivery/owner-remote-delete-6d-bhome-20261007-r1/mount/ownerfs/g2-remote-delete-6d-bhome-r1/small-delete-r1/.afs-owner-remote-small-owner-r05/entry-0011.bin",
    "/mnt/lima-afsbdata/afs-delivery/owner-remote-delete-6d-bhome-20261007-r1/mount/ownerfs/g2-remote-delete-6d-bhome-r1/small-delete-r1/.afs-owner-remote-small-owner-r05/entry-0012.bin",
    "/mnt/lima-afsbdata/afs-delivery/owner-remote-delete-6d-bhome-20261007-r1/mount/ownerfs/g2-remote-delete-6d-bhome-r1/small-delete-r1/.afs-owner-remote-small-owner-r05/entry-0013.bin",
    "/mnt/lima-afsbdata/afs-delivery/owner-remote-delete-6d-bhome-20261007-r1/mount/ownerfs/g2-remote-delete-6d-bhome-r1/small-delete-r1/.afs-owner-remote-small-owner-r05/entry-0014.bin",
    "/mnt/lima-afsbdata/afs-delivery/owner-remote-delete-6d-bhome-20261007-r1/mount/ownerfs/g2-remote-delete-6d-bhome-r1/small-delete-r1/.afs-owner-remote-small-owner-r05/entry-0015.bin",
    "/mnt/lima-afsbdata/afs-delivery/owner-remote-delete-6d-bhome-20261007-r1/mount/ownerfs/g2-remote-delete-6d-bhome-r1/small-delete-r1/.afs-owner-remote-small-owner-r05/entry-0016.bin",
    "/mnt/lima-afsbdata/afs-delivery/owner-remote-delete-6d-bhome-20261007-r1/mount/ownerfs/g2-remote-delete-6d-bhome-r1/small-delete-r1/.afs-owner-remote-small-owner-r05/entry-0017.bin",
    "/mnt/lima-afsbdata/afs-delivery/owner-remote-delete-6d-bhome-20261007-r1/mount/ownerfs/g2-remote-delete-6d-bhome-r1/small-delete-r1/.afs-owner-remote-small-owner-r05/entry-0018.bin",
    "/mnt/lima-afsbdata/afs-delivery/owner-remote-delete-6d-bhome-20261007-r1/mount/ownerfs/g2-remote-delete-6d-bhome-r1/small-delete-r1/.afs-owner-remote-small-owner-r05/entry-0019.bin",
    "/mnt/lima-afsbdata/afs-delivery/owner-remote-delete-6d-bhome-20261007-r1/mount/ownerfs/g2-remote-delete-6d-bhome-r1/small-delete-r1/.afs-owner-remote-small-owner-r05/entry-0020.bin",
    "/mnt/lima-afsbdata/afs-delivery/owner-remote-delete-6d-bhome-20261007-r1/mount/ownerfs/g2-remote-delete-6d-bhome-r1/small-delete-r1/.afs-owner-remote-small-owner-r05/entry-0021.bin",
    "/mnt/lima-afsbdata/afs-delivery/owner-remote-delete-6d-bhome-20261007-r1/mount/ownerfs/g2-remote-delete-6d-bhome-r1/small-delete-r1/.afs-owner-remote-small-owner-r05/entry-0022.bin",
    "/mnt/lima-afsbdata/afs-delivery/owner-remote-delete-6d-bhome-20261007-r1/mount/ownerfs/g2-remote-delete-6d-bhome-r1/small-delete-r1/.afs-owner-remote-small-owner-r05/entry-0023.bin",
    "/mnt/lima-afsbdata/afs-delivery/owner-remote-delete-6d-bhome-20261007-r1/mount/ownerfs/g2-remote-delete-6d-bhome-r1/small-delete-r1/.afs-owner-remote-small-owner-r05/entry-0024.bin",
    "/mnt/lima-afsbdata/afs-delivery/owner-remote-delete-6d-bhome-20261007-r1/mount/ownerfs/g2-remote-delete-6d-bhome-r1/small-delete-r1/.afs-owner-remote-small-owner-r05/entry-0025.bin",
    "/mnt/lima-afsbdata/afs-delivery/owner-remote-delete-6d-bhome-20261007-r1/mount/ownerfs/g2-remote-delete-6d-bhome-r1/small-delete-r1/.afs-owner-remote-small-owner-r05/entry-0026.bin",
    "/mnt/lima-afsbdata/afs-delivery/owner-remote-delete-6d-bhome-20261007-r1/mount/ownerfs/g2-remote-delete-6d-bhome-r1/small-delete-r1/.afs-owner-remote-small-owner-r05/entry-0027.bin",
    "/mnt/lima-afsbdata/afs-delivery/owner-remote-delete-6d-bhome-20261007-r1/mount/ownerfs/g2-remote-delete-6d-bhome-r1/small-delete-r1/.afs-owner-remote-small-owner-r05/entry-0028.bin",
    "/mnt/lima-afsbdata/afs-delivery/owner-remote-delete-6d-bhome-20261007-r1/mount/ownerfs/g2-remote-delete-6d-bhome-r1/small-delete-r1/.afs-owner-remote-small-owner-r05/entry-0029.bin",
    "/mnt/lima-afsbdata/afs-delivery/owner-remote-delete-6d-bhome-20261007-r1/mount/ownerfs/g2-remote-delete-6d-bhome-r1/small-delete-r1/.afs-owner-remote-small-owner-r05/entry-0030.bin",
    "/mnt/lima-afsbdata/afs-delivery/owner-remote-delete-6d-bhome-20261007-r1/mount/ownerfs/g2-remote-delete-6d-bhome-r1/small-delete-r1/.afs-owner-remote-small-owner-r05/entry-0031.bin",
    "/mnt/lima-afsbdata/afs-delivery/owner-remote-delete-6d-bhome-20261007-r1/mount/ownerfs/g2-remote-delete-6d-bhome-r1/small-delete-r1/.afs-owner-remote-small-owner-r05/entry-0032.bin",
    "/mnt/lima-afsbdata/afs-delivery/owner-remote-delete-6d-bhome-20261007-r1/mount/ownerfs/g2-remote-delete-6d-bhome-r1/small-delete-r1/.afs-owner-remote-small-owner-r05/entry-0033.bin",
    "/mnt/lima-afsbdata/afs-delivery/owner-remote-delete-6d-bhome-20261007-r1/mount/ownerfs/g2-remote-delete-6d-bhome-r1/small-delete-r1/.afs-owner-remote-small-owner-r05/entry-0034.bin",
    "/mnt/lima-afsbdata/afs-delivery/owner-remote-delete-6d-bhome-20261007-r1/mount/ownerfs/g2-remote-delete-6d-bhome-r1/small-delete-r1/.afs-owner-remote-small-owner-r05/entry-0035.bin",
    "/mnt/lima-afsbdata/afs-delivery/owner-remote-delete-6d-bhome-20261007-r1/mount/ownerfs/g2-remote-delete-6d-bhome-r1/small-delete-r1/.afs-owner-remote-small-owner-r05/entry-0036.bin",
    "/mnt/lima-afsbdata/afs-delivery/owner-remote-delete-6d-bhome-20261007-r1/mount/ownerfs/g2-remote-delete-6d-bhome-r1/small-delete-r1/.afs-owner-remote-small-owner-r05/entry-0037.bin",
    "/mnt/lima-afsbdata/afs-delivery/owner-remote-delete-6d-bhome-20261007-r1/mount/ownerfs/g2-remote-delete-6d-bhome-r1/small-delete-r1/.afs-owner-remote-small-owner-r05/entry-0038.bin",
    "/mnt/lima-afsbdata/afs-delivery/owner-remote-delete-6d-bhome-20261007-r1/mount/ownerfs/g2-remote-delete-6d-bhome-r1/small-delete-r1/.afs-owner-remote-small-owner-r05/entry-0039.bin",
    "/mnt/lima-afsbdata/afs-delivery/owner-remote-delete-6d-bhome-20261007-r1/mount/ownerfs/g2-remote-delete-6d-bhome-r1/small-delete-r1/.afs-owner-remote-small-owner-r05/entry-0040.bin",
    "/mnt/lima-afsbdata/afs-delivery/owner-remote-delete-6d-bhome-20261007-r1/mount/ownerfs/g2-remote-delete-6d-bhome-r1/small-delete-r1/.afs-owner-remote-small-owner-r05/entry-0041.bin",
    "/mnt/lima-afsbdata/afs-delivery/owner-remote-delete-6d-bhome-20261007-r1/mount/ownerfs/g2-remote-delete-6d-bhome-r1/small-delete-r1/.afs-owner-remote-small-owner-r05/entry-0042.bin",
    "/mnt/lima-afsbdata/afs-delivery/owner-remote-delete-6d-bhome-20261007-r1/mount/ownerfs/g2-remote-delete-6d-bhome-r1/small-delete-r1/.afs-owner-remote-small-owner-r05/entry-0043.bin",
    "/mnt/lima-afsbdata/afs-delivery/owner-remote-delete-6d-bhome-20261007-r1/mount/ownerfs/g2-remote-delete-6d-bhome-r1/small-delete-r1/.afs-owner-remote-small-owner-r05/entry-0044.bin",
    "/mnt/lima-afsbdata/afs-delivery/owner-remote-delete-6d-bhome-20261007-r1/mount/ownerfs/g2-remote-delete-6d-bhome-r1/small-delete-r1/.afs-owner-remote-small-owner-r05/entry-0045.bin",
    "/mnt/lima-afsbdata/afs-delivery/owner-remote-delete-6d-bhome-20261007-r1/mount/ownerfs/g2-remote-delete-6d-bhome-r1/small-delete-r1/.afs-owner-remote-small-owner-r05/entry-0046.bin",
    "/mnt/lima-afsbdata/afs-delivery/owner-remote-delete-6d-bhome-20261007-r1/mount/ownerfs/g2-remote-delete-6d-bhome-r1/small-delete-r1/.afs-owner-remote-small-owner-r05/entry-0047.bin",
    "/mnt/lima-afsbdata/afs-delivery/owner-remote-delete-6d-bhome-20261007-r1/mount/ownerfs/g2-remote-delete-6d-bhome-r1/small-delete-r1/.afs-owner-remote-small-owner-r05/entry-0048.bin",
    "/mnt/lima-afsbdata/afs-delivery/owner-remote-delete-6d-bhome-20261007-r1/mount/ownerfs/g2-remote-delete-6d-bhome-r1/small-delete-r1/.afs-owner-remote-small-owner-r05/entry-0049.bin",
    "/mnt/lima-afsbdata/afs-delivery/owner-remote-delete-6d-bhome-20261007-r1/mount/ownerfs/g2-remote-delete-6d-bhome-r1/small-delete-r1/.afs-owner-remote-small-owner-r05/entry-0050.bin",
    "/mnt/lima-afsbdata/afs-delivery/owner-remote-delete-6d-bhome-20261007-r1/mount/ownerfs/g2-remote-delete-6d-bhome-r1/small-delete-r1/.afs-owner-remote-small-owner-r05/entry-0051.bin",
    "/mnt/lima-afsbdata/afs-delivery/owner-remote-delete-6d-bhome-20261007-r1/mount/ownerfs/g2-remote-delete-6d-bhome-r1/small-delete-r1/.afs-owner-remote-small-owner-r05/entry-0052.bin",
    "/mnt/lima-afsbdata/afs-delivery/owner-remote-delete-6d-bhome-20261007-r1/mount/ownerfs/g2-remote-delete-6d-bhome-r1/small-delete-r1/.afs-owner-remote-small-owner-r05/entry-0053.bin",
    "/mnt/lima-afsbdata/afs-delivery/owner-remote-delete-6d-bhome-20261007-r1/mount/ownerfs/g2-remote-delete-6d-bhome-r1/small-delete-r1/.afs-owner-remote-small-owner-r05/entry-0054.bin",
    "/mnt/lima-afsbdata/afs-delivery/owner-remote-delete-6d-bhome-20261007-r1/mount/ownerfs/g2-remote-delete-6d-bhome-r1/small-delete-r1/.afs-owner-remote-small-owner-r05/entry-0055.bin",
    "/mnt/lima-afsbdata/afs-delivery/owner-remote-delete-6d-bhome-20261007-r1/mount/ownerfs/g2-remote-delete-6d-bhome-r1/small-delete-r1/.afs-owner-remote-small-owner-r05/entry-0056.bin",
    "/mnt/lima-afsbdata/afs-delivery/owner-remote-delete-6d-bhome-20261007-r1/mount/ownerfs/g2-remote-delete-6d-bhome-r1/small-delete-r1/.afs-owner-remote-small-owner-r05/entry-0057.bin",
    "/mnt/lima-afsbdata/afs-delivery/owner-remote-delete-6d-bhome-20261007-r1/mount/ownerfs/g2-remote-delete-6d-bhome-r1/small-delete-r1/.afs-owner-remote-small-owner-r05/entry-0058.bin",
    "/mnt/lima-afsbdata/afs-delivery/owner-remote-delete-6d-bhome-20261007-r1/mount/ownerfs/g2-remote-delete-6d-bhome-r1/small-delete-r1/.afs-owner-remote-small-owner-r05/entry-0059.bin",
    "/mnt/lima-afsbdata/afs-delivery/owner-remote-delete-6d-bhome-20261007-r1/mount/ownerfs/g2-remote-delete-6d-bhome-r1/small-delete-r1/.afs-owner-remote-small-owner-r05/entry-0060.bin",
    "/mnt/lima-afsbdata/afs-delivery/owner-remote-delete-6d-bhome-20261007-r1/mount/ownerfs/g2-remote-delete-6d-bhome-r1/small-delete-r1/.afs-owner-remote-small-owner-r05/entry-0061.bin",
    "/mnt/lima-afsbdata/afs-delivery/owner-remote-delete-6d-bhome-20261007-r1/mount/ownerfs/g2-remote-delete-6d-bhome-r1/small-delete-r1/.afs-owner-remote-small-owner-r05/entry-0062.bin",
    "/mnt/lima-afsbdata/afs-delivery/owner-remote-delete-6d-bhome-20261007-r1/mount/ownerfs/g2-remote-delete-6d-bhome-r1/small-delete-r1/.afs-owner-remote-small-owner-r05/entry-0063.bin",
    "/mnt/lima-afsbdata/afs-delivery/owner-remote-delete-6d-bhome-20261007-r1/mount/ownerfs/g2-remote-delete-6d-bhome-r1/small-delete-r1/.afs-owner-remote-small-owner-r05/entry-0064.bin",
    "/mnt/lima-afsbdata/afs-delivery/owner-remote-delete-6d-bhome-20261007-r1/mount/ownerfs/g2-remote-delete-6d-bhome-r1/small-delete-r1/.afs-owner-remote-small-owner-r05/entry-0065.bin",
    "/mnt/lima-afsbdata/afs-delivery/owner-remote-delete-6d-bhome-20261007-r1/mount/ownerfs/g2-remote-delete-6d-bhome-r1/small-delete-r1/.afs-owner-remote-small-owner-r05/entry-0066.bin",
    "/mnt/lima-afsbdata/afs-delivery/owner-remote-delete-6d-bhome-20261007-r1/mount/ownerfs/g2-remote-delete-6d-bhome-r1/small-delete-r1/.afs-owner-remote-small-owner-r05/entry-0067.bin",
    "/mnt/lima-afsbdata/afs-delivery/owner-remote-delete-6d-bhome-20261007-r1/mount/ownerfs/g2-remote-delete-6d-bhome-r1/small-delete-r1/.afs-owner-remote-small-owner-r05/entry-0068.bin",
    "/mnt/lima-afsbdata/afs-delivery/owner-remote-delete-6d-bhome-20261007-r1/mount/ownerfs/g2-remote-delete-6d-bhome-r1/small-delete-r1/.afs-owner-remote-small-owner-r05/entry-0069.bin",
    "/mnt/lima-afsbdata/afs-delivery/owner-remote-delete-6d-bhome-20261007-r1/mount/ownerfs/g2-remote-delete-6d-bhome-r1/small-delete-r1/.afs-owner-remote-small-owner-r05/entry-0070.bin",
    "/mnt/lima-afsbdata/afs-delivery/owner-remote-delete-6d-bhome-20261007-r1/mount/ownerfs/g2-remote-delete-6d-bhome-r1/small-delete-r1/.afs-owner-remote-small-owner-r05/entry-0071.bin",
    "/mnt/lima-afsbdata/afs-delivery/owner-remote-delete-6d-bhome-20261007-r1/mount/ownerfs/g2-remote-delete-6d-bhome-r1/small-delete-r1/.afs-owner-remote-small-owner-r05/entry-0072.bin",
    "/mnt/lima-afsbdata/afs-delivery/owner-remote-delete-6d-bhome-20261007-r1/mount/ownerfs/g2-remote-delete-6d-bhome-r1/small-delete-r1/.afs-owner-remote-small-owner-r05/entry-0073.bin",
    "/mnt/lima-afsbdata/afs-delivery/owner-remote-delete-6d-bhome-20261007-r1/mount/ownerfs/g2-remote-delete-6d-bhome-r1/small-delete-r1/.afs-owner-remote-small-owner-r05/entry-0074.bin",
    "/mnt/lima-afsbdata/afs-delivery/owner-remote-delete-6d-bhome-20261007-r1/mount/ownerfs/g2-remote-delete-6d-bhome-r1/small-delete-r1/.afs-owner-remote-small-owner-r05/entry-0075.bin",
    "/mnt/lima-afsbdata/afs-delivery/owner-remote-delete-6d-bhome-20261007-r1/mount/ownerfs/g2-remote-delete-6d-bhome-r1/small-delete-r1/.afs-owner-remote-small-owner-r05/entry-0076.bin",
    "/mnt/lima-afsbdata/afs-delivery/owner-remote-delete-6d-bhome-20261007-r1/mount/ownerfs/g2-remote-delete-6d-bhome-r1/small-delete-r1/.afs-owner-remote-small-owner-r05/entry-0077.bin",
    "/mnt/lima-afsbdata/afs-delivery/owner-remote-delete-6d-bhome-20261007-r1/mount/ownerfs/g2-remote-delete-6d-bhome-r1/small-delete-r1/.afs-owner-remote-small-owner-r05/entry-0078.bin",
    "/mnt/lima-afsbdata/afs-delivery/owner-remote-delete-6d-bhome-20261007-r1/mount/ownerfs/g2-remote-delete-6d-bhome-r1/small-delete-r1/.afs-owner-remote-small-owner-r05/entry-0079.bin",
    "/mnt/lima-afsbdata/afs-delivery/owner-remote-delete-6d-bhome-20261007-r1/mount/ownerfs/g2-remote-delete-6d-bhome-r1/small-delete-r1/.afs-owner-remote-small-owner-r05/entry-0080.bin",
    "/mnt/lima-afsbdata/afs-delivery/owner-remote-delete-6d-bhome-20261007-r1/mount/ownerfs/g2-remote-delete-6d-bhome-r1/small-delete-r1/.afs-owner-remote-small-owner-r05/entry-0081.bin",
    "/mnt/lima-afsbdata/afs-delivery/owner-remote-delete-6d-bhome-20261007-r1/mount/ownerfs/g2-remote-delete-6d-bhome-r1/small-delete-r1/.afs-owner-remote-small-owner-r05/entry-0082.bin",
    "/mnt/lima-afsbdata/afs-delivery/owner-remote-delete-6d-bhome-20261007-r1/mount/ownerfs/g2-remote-delete-6d-bhome-r1/small-delete-r1/.afs-owner-remote-small-owner-r05/entry-0083.bin",
    "/mnt/lima-afsbdata/afs-delivery/owner-remote-delete-6d-bhome-20261007-r1/mount/ownerfs/g2-remote-delete-6d-bhome-r1/small-delete-r1/.afs-owner-remote-small-owner-r05/entry-0084.bin",
    "/mnt/lima-afsbdata/afs-delivery/owner-remote-delete-6d-bhome-20261007-r1/mount/ownerfs/g2-remote-delete-6d-bhome-r1/small-delete-r1/.afs-owner-remote-small-owner-r05/entry-0085.bin",
    "/mnt/lima-afsbdata/afs-delivery/owner-remote-delete-6d-bhome-20261007-r1/mount/ownerfs/g2-remote-delete-6d-bhome-r1/small-delete-r1/.afs-owner-remote-small-owner-r05/entry-0086.bin",
    "/mnt/lima-afsbdata/afs-delivery/owner-remote-delete-6d-bhome-20261007-r1/mount/ownerfs/g2-remote-delete-6d-bhome-r1/small-delete-r1/.afs-owner-remote-small-owner-r05/entry-0087.bin",
    "/mnt/lima-afsbdata/afs-delivery/owner-remote-delete-6d-bhome-20261007-r1/mount/ownerfs/g2-remote-delete-6d-bhome-r1/small-delete-r1/.afs-owner-remote-small-owner-r05/entry-0088.bin",
    "/mnt/lima-afsbdata/afs-delivery/owner-remote-delete-6d-bhome-20261007-r1/mount/ownerfs/g2-remote-delete-6d-bhome-r1/small-delete-r1/.afs-owner-remote-small-owner-r05/entry-0089.bin",
    "/mnt/lima-afsbdata/afs-delivery/owner-remote-delete-6d-bhome-20261007-r1/mount/ownerfs/g2-remote-delete-6d-bhome-r1/small-delete-r1/.afs-owner-remote-small-owner-r05/entry-0090.bin",
    "/mnt/lima-afsbdata/afs-delivery/owner-remote-delete-6d-bhome-20261007-r1/mount/ownerfs/g2-remote-delete-6d-bhome-r1/small-delete-r1/.afs-owner-remote-small-owner-r05/entry-0091.bin",
    "/mnt/lima-afsbdata/afs-delivery/owner-remote-delete-6d-bhome-20261007-r1/mount/ownerfs/g2-remote-delete-6d-bhome-r1/small-delete-r1/.afs-owner-remote-small-owner-r05/entry-0092.bin",
    "/mnt/lima-afsbdata/afs-delivery/owner-remote-delete-6d-bhome-20261007-r1/mount/ownerfs/g2-remote-delete-6d-bhome-r1/small-delete-r1/.afs-owner-remote-small-owner-r05/entry-0093.bin",
    "/mnt/lima-afsbdata/afs-delivery/owner-remote-delete-6d-bhome-20261007-r1/mount/ownerfs/g2-remote-delete-6d-bhome-r1/small-delete-r1/.afs-owner-remote-small-owner-r05/entry-0094.bin",
    "/mnt/lima-afsbdata/afs-delivery/owner-remote-delete-6d-bhome-20261007-r1/mount/ownerfs/g2-remote-delete-6d-bhome-r1/small-delete-r1/.afs-owner-remote-small-owner-r05/entry-0095.bin",
    "/mnt/lima-afsbdata/afs-delivery/owner-remote-delete-6d-bhome-20261007-r1/mount/ownerfs/g2-remote-delete-6d-bhome-r1/small-delete-r1/.afs-owner-remote-small-owner-r05/entry-0096.bin",
    "/mnt/lima-afsbdata/afs-delivery/owner-remote-delete-6d-bhome-20261007-r1/mount/ownerfs/g2-remote-delete-6d-bhome-r1/small-delete-r1/.afs-owner-remote-small-owner-r05/entry-0097.bin",
    "/mnt/lima-afsbdata/afs-delivery/owner-remote-delete-6d-bhome-20261007-r1/mount/ownerfs/g2-remote-delete-6d-bhome-r1/small-delete-r1/.afs-owner-remote-small-owner-r05/entry-0098.bin",
    "/mnt/lima-afsbdata/afs-delivery/owner-remote-delete-6d-bhome-20261007-r1/mount/ownerfs/g2-remote-delete-6d-bhome-r1/small-delete-r1/.afs-owner-remote-small-owner-r05/entry-0099.bin"
  ],
  "physical_home_empty": "/mnt/lima-afsbdata/afs-delivery/owner-remote-delete-6d-bhome-20261007-r1/state/node/ownerfs/root-67322d72656d6f74652d64656c6574652d36642d62686f6d652d7231-e1/small-delete-r1"
}
